////////////////////////////////////////////////////////////////////////////////
//     _______                       ____________________________________     //
//     \\ .   \            _________/ . . . . . . . . . . . . . . . .   /     //
//      \\ .   \       ___/ . . . . .    ______________________________/      //
//       \\ .   \   __/. . .   _________/     /    // .  __________/          //
//        \\ .   \_//      ___/ .  _____     /    // .  /______               //
//         \\ .   \/     _/ // .  /    \\    |    \\  .        \              //
//          \\ .        /   || .  |    ||    |     \\______     \             //
//           \\ .      /    || .  \____//    |  _________//     /             //
//            \\ .    /     //  .            / // . . . .      /              //
//             \\____/     //_______________/ //______________/               //
//                                                                            //
////////////////////////////////////////////////////////////////////////////////
//   This is free and unencumbered software released into the public domain.  //
//                                                                            //
//   Anyone is free to copy, modify, publish, use, compile, sell, or          //
//   distribute this software, either in source code form or as a compiled    //
//   binary, for any purpose, commercial or non-commercial, and by any        //
//   means.                                                                   //
//                                                                            //
//   In jurisdictions that recognize copyright laws, the author or authors    //
//   of this software dedicate any and all copyright interest in the          //
//   software to the public domain. We make this dedication for the benefit   //
//   of the public at large and to the detriment of our heirs and             //
//   successors. We intend this dedication to be an overt act of              //
//   relinquishment in perpetuity of all present and future rights to this    //
//   software under copyright law.                                            //
//                                                                            //
//   THE SOFTWARE IS PROVIDED "AS IS", WITHOUT WARRANTY OF ANY KIND,          //
//   EXPRESS OR IMPLIED, INCLUDING BUT NOT LIMITED TO THE WARRANTIES OF       //
//   MERCHANTABILITY, FITNESS FOR A PARTICULAR PURPOSE AND NONINFRINGEMENT.   //
//   IN NO EVENT SHALL THE AUTHORS BE LIABLE FOR ANY CLAIM, DAMAGES OR        //
//   OTHER LIABILITY, WHETHER IN AN ACTION OF CONTRACT, TORT OR OTHERWISE,    //
//   ARISING FROM, OUT OF OR IN CONNECTION WITH THE SOFTWARE OR THE USE OR    //
//   OTHER DEALINGS IN THE SOFTWARE.                                          //
//                                                                            //
//   For more information, please refer to <https://unlicense.org>            //
////////////////////////////////////////////////////////////////////////////////
//    VOS : Virtual Operating System                                          //
//     Images/Embedded/ScrollBar.h : ScrollBar embedded image                 //
////////////////////////////////////////////////////////////////////////////////
#ifndef VOS_IMAGES_EMBEDDED_SCROLLBAR_HEADER
#define VOS_IMAGES_EMBEDDED_SCROLLBAR_HEADER

    #include "../../System/System.h"


    ////////////////////////////////////////////////////////////////////////////
    //  ScrollBar embedded image                                              //
    ////////////////////////////////////////////////////////////////////////////
    const unsigned int ScrollBarImageWidth = 128;
    const unsigned int ScrollBarImageHeight = 128;
    const unsigned char ScrollBarImage[128 * 128 * 4] =
    {
        0xFF, 0xFF, 0xFF, 0x00, 0xFF, 0xFF, 0xFF, 0x00, 0xFF, 0xFF, 0xFF, 0x00,
        0xFF, 0xFF, 0xFF, 0x00, 0xFF, 0xFF, 0xFF, 0x00, 0xFF, 0xFF, 0xFF, 0x00,
        0xFF, 0xFF, 0xFF, 0x00, 0xFF, 0xFF, 0xFF, 0x00, 0xFF, 0xFF, 0xFF, 0x00,
        0xFF, 0xFF, 0xFF, 0x00, 0xFF, 0xFF, 0xFF, 0x00, 0xFF, 0xFF, 0xFF, 0x00,
        0xFF, 0xFF, 0xFF, 0x00, 0xFF, 0xFF, 0xFF, 0x00, 0xFF, 0xFF, 0xFF, 0x00,
        0xFF, 0xFF, 0xFF, 0x00, 0xFF, 0xFF, 0xFF, 0x00, 0xFF, 0xFF, 0xFF, 0x00,
        0xFF, 0xFF, 0xFF, 0x00, 0xFF, 0xFF, 0xFF, 0x00, 0xFF, 0xFF, 0xFF, 0x00,
        0xFF, 0xFF, 0xFF, 0x00, 0xFF, 0xFF, 0xFF, 0x00, 0xFF, 0xFF, 0xFF, 0x00,
        0xFF, 0xFF, 0xFF, 0x00, 0xFF, 0xFF, 0xFF, 0x00, 0xFF, 0xFF, 0xFF, 0x00,
        0xFF, 0xFF, 0xFF, 0x00, 0xFF, 0xFF, 0xFF, 0x00, 0xFF, 0xFF, 0xFF, 0x00,
        0xFF, 0xFF, 0xFF, 0x00, 0xFF, 0xFF, 0xFF, 0x00, 0xFF, 0xFF, 0xFF, 0x00,
        0xFF, 0xFF, 0xFF, 0x00, 0xFF, 0xFF, 0xFF, 0x00, 0xFF, 0xFF, 0xFF, 0x00,
        0xFF, 0xFF, 0xFF, 0x00, 0xFF, 0xFF, 0xFF, 0x00, 0xFF, 0xFF, 0xFF, 0x00,
        0xFF, 0xFF, 0xFF, 0x00, 0xFF, 0xFF, 0xFF, 0x00, 0xFF, 0xFF, 0xFF, 0x00,
        0xFF, 0xFF, 0xFF, 0x00, 0xFF, 0xFF, 0xFF, 0x00, 0xFF, 0xFF, 0xFF, 0x00,
        0xFF, 0xFF, 0xFF, 0x00, 0xFF, 0xFF, 0xFF, 0x00, 0xFF, 0xFF, 0xFF, 0x00,
        0xFF, 0xFF, 0xFF, 0x00, 0xFF, 0xFF, 0xFF, 0x00, 0xFF, 0xFF, 0xFF, 0x00,
        0xFF, 0xFF, 0xFF, 0x00, 0xFF, 0xFF, 0xFF, 0x00, 0xFF, 0xFF, 0xFF, 0x00,
        0xFF, 0xFF, 0xFF, 0x00, 0xFF, 0xFF, 0xFF, 0x00, 0xFF, 0xFF, 0xFF, 0x00,
        0xFF, 0xFF, 0xFF, 0x00, 0xFF, 0xFF, 0xFF, 0x00, 0xFF, 0xFF, 0xFF, 0x00,
        0xFF, 0xFF, 0xFF, 0x00, 0xFF, 0xFF, 0xFF, 0x00, 0xFF, 0xFF, 0xFF, 0x00,
        0xFF, 0xFF, 0xFF, 0x00, 0xFF, 0xFF, 0xFF, 0x00, 0xFF, 0xFF, 0xFF, 0x00,
        0xFF, 0xFF, 0xFF, 0x00, 0xFF, 0xFF, 0xFF, 0x00, 0xFF, 0xFF, 0xFF, 0x00,
        0xFF, 0xFF, 0xFF, 0x00, 0xFF, 0xFF, 0xFF, 0x00, 0xFF, 0xFF, 0xFF, 0x00,
        0xFF, 0xFF, 0xFF, 0x00, 0xFF, 0xFF, 0xFF, 0x00, 0xFF, 0xFF, 0xFF, 0x00,
        0xFF, 0xFF, 0xFF, 0x00, 0xFF, 0xFF, 0xFF, 0x00, 0xFF, 0xFF, 0xFF, 0x00,
        0xFF, 0xFF, 0xFF, 0x00, 0xFF, 0xFF, 0xFF, 0x00, 0xFF, 0xFF, 0xFF, 0x00,
        0xFF, 0xFF, 0xFF, 0x00, 0xFF, 0xFF, 0xFF, 0x00, 0xFF, 0xFF, 0xFF, 0x00,
        0xFF, 0xFF, 0xFF, 0x00, 0xFF, 0xFF, 0xFF, 0x00, 0xFF, 0xFF, 0xFF, 0x00,
        0xFF, 0xFF, 0xFF, 0x00, 0xFF, 0xFF, 0xFF, 0x00, 0xFF, 0xFF, 0xFF, 0x00,
        0xFF, 0xFF, 0xFF, 0x00, 0xFF, 0xFF, 0xFF, 0x00, 0xFF, 0xFF, 0xFF, 0x00,
        0xFF, 0xFF, 0xFF, 0x00, 0xFF, 0xFF, 0xFF, 0x00, 0xFF, 0xFF, 0xFF, 0x00,
        0xFF, 0xFF, 0xFF, 0x00, 0xFF, 0xFF, 0xFF, 0x00, 0xFF, 0xFF, 0xFF, 0x00,
        0xFF, 0xFF, 0xFF, 0x00, 0xFF, 0xFF, 0xFF, 0x00, 0xFF, 0xFF, 0xFF, 0x00,
        0xFF, 0xFF, 0xFF, 0x00, 0xFF, 0xFF, 0xFF, 0x00, 0xFF, 0xFF, 0xFF, 0x00,
        0xFF, 0xFF, 0xFF, 0x00, 0xFF, 0xFF, 0xFF, 0x00, 0xFF, 0xFF, 0xFF, 0x00,
        0xFF, 0xFF, 0xFF, 0x00, 0xFF, 0xFF, 0xFF, 0x00, 0xFF, 0xFF, 0xFF, 0x00,
        0xFF, 0xFF, 0xFF, 0x00, 0xFF, 0xFF, 0xFF, 0x00, 0xFF, 0xFF, 0xFF, 0x00,
        0xFF, 0xFF, 0xFF, 0x00, 0xFF, 0xFF, 0xFF, 0x00, 0xFF, 0xFF, 0xFF, 0x00,
        0xFF, 0xFF, 0xFF, 0x00, 0xFF, 0xFF, 0xFF, 0x00, 0xFF, 0xFF, 0xFF, 0x00,
        0xFF, 0xFF, 0xFF, 0x00, 0xFF, 0xFF, 0xFF, 0x00, 0xFF, 0xFF, 0xFF, 0x00,
        0xFF, 0xFF, 0xFF, 0x00, 0xFF, 0xFF, 0xFF, 0x00, 0xFF, 0xFF, 0xFF, 0x00,
        0xFF, 0xFF, 0xFF, 0x00, 0xFF, 0xFF, 0xFF, 0x00, 0xFF, 0xFF, 0xFF, 0x00,
        0xFF, 0xFF, 0xFF, 0x00, 0xFF, 0xFF, 0xFF, 0x00, 0xFF, 0xFF, 0xFF, 0x00,
        0xFF, 0xFF, 0xFF, 0x00, 0xFF, 0xFF, 0xFF, 0x00, 0xFF, 0xFF, 0xFF, 0x00,
        0xFF, 0xFF, 0xFF, 0x00, 0xFF, 0xFF, 0xFF, 0x00, 0xFF, 0xFF, 0xFF, 0x00,
        0xFF, 0xFF, 0xFF, 0x00, 0xFF, 0xFF, 0xFF, 0x00, 0xFF, 0xFF, 0xFF, 0x00,
        0xFF, 0xFF, 0xFF, 0x00, 0xFF, 0xFF, 0xFF, 0x00, 0xFF, 0xFF, 0xFF, 0x00,
        0xFF, 0xFF, 0xFF, 0x00, 0xFF, 0xFF, 0xFF, 0x00, 0xFF, 0xFF, 0xFF, 0x00,
        0xFF, 0xFF, 0xFF, 0x00, 0xFF, 0xFF, 0xFF, 0x00, 0xFF, 0xFF, 0xFF, 0x00,
        0xFF, 0xFF, 0xFF, 0x00, 0xFF, 0xFF, 0xFF, 0x00, 0xFF, 0xFF, 0xFF, 0x00,
        0xFF, 0xFF, 0xFF, 0x00, 0xFF, 0xFF, 0xFF, 0x00, 0xFF, 0xFF, 0xFF, 0x00,
        0xFF, 0xFF, 0xFF, 0x00, 0xFF, 0xFF, 0xFF, 0x00, 0xFF, 0xFF, 0xFF, 0x00,
        0xFF, 0xFF, 0xFF, 0x00, 0xFF, 0xFF, 0xFF, 0x00, 0xFF, 0xFF, 0xFF, 0x00,
        0xFF, 0xFF, 0xFF, 0x00, 0xFF, 0xFF, 0xFF, 0x00, 0xFF, 0xFF, 0xFF, 0x00,
        0xFF, 0xFF, 0xFF, 0x00, 0xFF, 0xFF, 0xFF, 0x00, 0xFF, 0xFF, 0xFF, 0x00,
        0xFF, 0xFF, 0xFF, 0x00, 0xFF, 0xFF, 0xFF, 0x00, 0xFF, 0xFF, 0xFF, 0x00,
        0xFF, 0xFF, 0xFF, 0x00, 0xFF, 0xFF, 0xFF, 0x00, 0xFF, 0xFF, 0xFF, 0x00,
        0xFF, 0xFF, 0xFF, 0x00, 0xFF, 0xFF, 0xFF, 0x00, 0xFF, 0xFF, 0xFF, 0x00,
        0xFF, 0xFF, 0xFF, 0x00, 0xFF, 0xFF, 0xFF, 0x00, 0xFF, 0xFF, 0xFF, 0x00,
        0xFF, 0xFF, 0xFF, 0x00, 0xFF, 0xFF, 0xFF, 0x00, 0xFF, 0xFF, 0xFF, 0x00,
        0xFF, 0xFF, 0xFF, 0x00, 0xFF, 0xFF, 0xFF, 0x00, 0xFF, 0xFF, 0xFF, 0x00,
        0xFF, 0xFF, 0xFF, 0x00, 0xFF, 0xFF, 0xFF, 0x00, 0xFF, 0xFF, 0xFF, 0x00,
        0xFF, 0xFF, 0xFF, 0x00, 0xFF, 0xFF, 0xFF, 0x00, 0xFF, 0xFF, 0xFF, 0x00,
        0xFF, 0xFF, 0xFF, 0x00, 0xFF, 0xFF, 0xFF, 0x00, 0xFF, 0xFF, 0xFF, 0x00,
        0xFF, 0xFF, 0xFF, 0x00, 0xFF, 0xFF, 0xFF, 0x00, 0xFF, 0xFF, 0xFF, 0x00,
        0xFF, 0xFF, 0xFF, 0x00, 0xFF, 0xFF, 0xFF, 0x00, 0xFF, 0xFF, 0xFF, 0x00,
        0xFF, 0xFF, 0xFF, 0x00, 0xFF, 0xFF, 0xFF, 0x00, 0xFF, 0xFF, 0xFF, 0x00,
        0xFF, 0xFF, 0xFF, 0x00, 0xFF, 0xFF, 0xFF, 0x00, 0xFF, 0xFF, 0xFF, 0x00,
        0xFF, 0xFF, 0xFF, 0x00, 0xFF, 0xFF, 0xFF, 0x00, 0xFF, 0xFF, 0xFF, 0x00,
        0xFF, 0xFF, 0xFF, 0x00, 0xFF, 0xFF, 0xFF, 0x00, 0xFF, 0xFF, 0xFF, 0x00,
        0xFF, 0xFF, 0xFF, 0x00, 0xFF, 0xFF, 0xFF, 0x00, 0xFF, 0xFF, 0xFF, 0x00,
        0xFF, 0xFF, 0xFF, 0x00, 0xFF, 0xFF, 0xFF, 0x00, 0xFF, 0xFF, 0xFF, 0x00,
        0xFF, 0xFF, 0xFF, 0x00, 0xFF, 0xFF, 0xFF, 0x00, 0xFF, 0xFF, 0xFF, 0x00,
        0xFF, 0xFF, 0xFF, 0x00, 0xFF, 0xFF, 0xFF, 0x00, 0xFF, 0xFF, 0xFF, 0x00,
        0xFF, 0xFF, 0xFF, 0x00, 0xFF, 0xFF, 0xFF, 0x00, 0xFF, 0xFF, 0xFF, 0x00,
        0xFF, 0xFF, 0xFF, 0x00, 0xFF, 0xFF, 0xFF, 0x00, 0xFF, 0xFF, 0xFF, 0x00,
        0xFF, 0xFF, 0xFF, 0x00, 0xFF, 0xFF, 0xFF, 0x00, 0xFF, 0xFF, 0xFF, 0x00,
        0xFF, 0xFF, 0xFF, 0x00, 0xFF, 0xFF, 0xFF, 0x00, 0xFF, 0xFF, 0xFF, 0x00,
        0xFF, 0xFF, 0xFF, 0x00, 0xFF, 0xFF, 0xFF, 0x00, 0xFF, 0xFF, 0xFF, 0x00,
        0xFF, 0xFF, 0xFF, 0x00, 0xFF, 0xFF, 0xFF, 0x00, 0xFF, 0xFF, 0xFF, 0x00,
        0xFF, 0xFF, 0xFF, 0x00, 0xFF, 0xFF, 0xFF, 0x00, 0xFF, 0xFF, 0xFF, 0x00,
        0xFF, 0xFF, 0xFF, 0x00, 0xFF, 0xFF, 0xFF, 0x00, 0xFF, 0xFF, 0xFF, 0x00,
        0xFF, 0xFF, 0xFF, 0x00, 0xFF, 0xFF, 0xFF, 0x00, 0xFF, 0xFF, 0xFF, 0x00,
        0xFF, 0xFF, 0xFF, 0x00, 0xFF, 0xFF, 0xFF, 0x00, 0xFF, 0xFF, 0xFF, 0x00,
        0xFF, 0xFF, 0xFF, 0x00, 0xFF, 0xFF, 0xFF, 0x00, 0xFF, 0xFF, 0xFF, 0x00,
        0xFF, 0xFF, 0xFF, 0x00, 0xFF, 0xFF, 0xFF, 0x00, 0xFF, 0xFF, 0xFF, 0x00,
        0xFF, 0xFF, 0xFF, 0x00, 0xFF, 0xFF, 0xFF, 0x00, 0xFF, 0xFF, 0xFF, 0x00,
        0xFF, 0xFF, 0xFF, 0x00, 0xFF, 0xFF, 0xFF, 0x00, 0xFF, 0xFF, 0xFF, 0x00,
        0xFF, 0xFF, 0xFF, 0x00, 0xFF, 0xFF, 0xFF, 0x00, 0xFF, 0xFF, 0xFF, 0x00,
        0xFF, 0xFF, 0xFF, 0x00, 0xFF, 0xFF, 0xFF, 0x00, 0xFF, 0xFF, 0xFF, 0x00,
        0xFF, 0xFF, 0xFF, 0x00, 0xFF, 0xFF, 0xFF, 0x00, 0xFF, 0xFF, 0xFF, 0x00,
        0xFF, 0xFF, 0xFF, 0x00, 0xFF, 0xFF, 0xFF, 0x00, 0xFF, 0xFF, 0xFF, 0x00,
        0xFF, 0xFF, 0xFF, 0x00, 0xFF, 0xFF, 0xFF, 0x00, 0xFF, 0xFF, 0xFF, 0x00,
        0xFF, 0xFF, 0xFF, 0x00, 0xFF, 0xFF, 0xFF, 0x00, 0xFF, 0xFF, 0xFF, 0x00,
        0xFF, 0xFF, 0xFF, 0x00, 0xFF, 0xFF, 0xFF, 0x00, 0xFF, 0xFF, 0xFF, 0x00,
        0xFF, 0xFF, 0xFF, 0x00, 0xFF, 0xFF, 0xFF, 0x00, 0xFF, 0xFF, 0xFF, 0x00,
        0xFF, 0xFF, 0xFF, 0x00, 0xFF, 0xFF, 0xFF, 0x00, 0xFF, 0xFF, 0xFF, 0x00,
        0xFF, 0xFF, 0xFF, 0x00, 0xFF, 0xFF, 0xFF, 0x00, 0xFF, 0xFF, 0xFF, 0x00,
        0xFF, 0xFF, 0xFF, 0x00, 0xFF, 0xFF, 0xFF, 0x00, 0xFF, 0xFF, 0xFF, 0x00,
        0xFF, 0xFF, 0xFF, 0x00, 0xFF, 0xFF, 0xFF, 0x00, 0xFF, 0xFF, 0xFF, 0x00,
        0xFF, 0xFF, 0xFF, 0x00, 0xFF, 0xFF, 0xFF, 0x00, 0xFF, 0xFF, 0xFF, 0x00,
        0xFF, 0xFF, 0xFF, 0x00, 0xFF, 0xFF, 0xFF, 0x00, 0xFF, 0xFF, 0xFF, 0x00,
        0xFF, 0xFF, 0xFF, 0x00, 0xFF, 0xFF, 0xFF, 0x00, 0xFF, 0xFF, 0xFF, 0x00,
        0xFF, 0xFF, 0xFF, 0x00, 0xFF, 0xFF, 0xFF, 0x00, 0xFF, 0xFF, 0xFF, 0x00,
        0xFF, 0xFF, 0xFF, 0x00, 0xFF, 0xFF, 0xFF, 0x00, 0xFF, 0xFF, 0xFF, 0x00,
        0xFF, 0xFF, 0xFF, 0x00, 0xFF, 0xFF, 0xFF, 0x00, 0xFF, 0xFF, 0xFF, 0x00,
        0xFF, 0xFF, 0xFF, 0x00, 0xFF, 0xFF, 0xFF, 0x00, 0xFF, 0xFF, 0xFF, 0x00,
        0xFF, 0xFF, 0xFF, 0x00, 0xFF, 0xFF, 0xFF, 0x00, 0xFF, 0xFF, 0xFF, 0x00,
        0xFF, 0xFF, 0xFF, 0x00, 0xFF, 0xFF, 0xFF, 0x00, 0xFF, 0xFF, 0xFF, 0x00,
        0xFF, 0xFF, 0xFF, 0x00, 0xFF, 0xFF, 0xFF, 0x00, 0xFF, 0xFF, 0xFF, 0x00,
        0xFF, 0xFF, 0xFF, 0x00, 0xFF, 0xFF, 0xFF, 0x00, 0xFF, 0xFF, 0xFF, 0x00,
        0xFF, 0xFF, 0xFF, 0x00, 0xFF, 0xFF, 0xFF, 0x00, 0xFF, 0xFF, 0xFF, 0x00,
        0xFF, 0xFF, 0xFF, 0x00, 0xFF, 0xFF, 0xFF, 0x00, 0xFF, 0xFF, 0xFF, 0x00,
        0xFF, 0xFF, 0xFF, 0x00, 0xFF, 0xFF, 0xFF, 0x00, 0xFF, 0xFF, 0xFF, 0x00,
        0xFF, 0xFF, 0xFF, 0x00, 0xFF, 0xFF, 0xFF, 0x00, 0xFF, 0xFF, 0xFF, 0x00,
        0xFF, 0xFF, 0xFF, 0x00, 0xFF, 0xFF, 0xFF, 0x00, 0xFF, 0xFF, 0xFF, 0x00,
        0xFF, 0xFF, 0xFF, 0x00, 0xFF, 0xFF, 0xFF, 0x00, 0xFF, 0xFF, 0xFF, 0x00,
        0xFF, 0xFF, 0xFF, 0x00, 0xFF, 0xFF, 0xFF, 0x00, 0xFF, 0xFF, 0xFF, 0x00,
        0xFF, 0xFF, 0xFF, 0x00, 0xFF, 0xFF, 0xFF, 0x00, 0xFF, 0xFF, 0xFF, 0x00,
        0xFF, 0xFF, 0xFF, 0x00, 0xFF, 0xFF, 0xFF, 0x00, 0xFF, 0xFF, 0xFF, 0x00,
        0xFF, 0xFF, 0xFF, 0x00, 0xFF, 0xFF, 0xFF, 0x00, 0xFF, 0xFF, 0xFF, 0x00,
        0xFF, 0xFF, 0xFF, 0x00, 0xFF, 0xFF, 0xFF, 0x00, 0xFF, 0xFF, 0xFF, 0x00,
        0xFF, 0xFF, 0xFF, 0x00, 0xFF, 0xFF, 0xFF, 0x00, 0xFF, 0xFF, 0xFF, 0x00,
        0xFF, 0xFF, 0xFF, 0x00, 0xFF, 0xFF, 0xFF, 0x00, 0xFF, 0xFF, 0xFF, 0x00,
        0xFF, 0xFF, 0xFF, 0x00, 0xFF, 0xFF, 0xFF, 0x00, 0xFF, 0xFF, 0xFF, 0x00,
        0xFF, 0xFF, 0xFF, 0x00, 0xFF, 0xFF, 0xFF, 0x00, 0xFF, 0xFF, 0xFF, 0x00,
        0xFF, 0xFF, 0xFF, 0x00, 0xFF, 0xFF, 0xFF, 0x00, 0xFF, 0xFF, 0xFF, 0x00,
        0xFF, 0xFF, 0xFF, 0x00, 0xFF, 0xFF, 0xFF, 0x00, 0xFF, 0xFF, 0xFF, 0x00,
        0xFF, 0xFF, 0xFF, 0x00, 0xFF, 0xFF, 0xFF, 0x00, 0xFF, 0xFF, 0xFF, 0x00,
        0xFF, 0xFF, 0xFF, 0x00, 0xFF, 0xFF, 0xFF, 0x00, 0xFF, 0xFF, 0xFF, 0x00,
        0xFF, 0xFF, 0xFF, 0x00, 0xFF, 0xFF, 0xFF, 0x00, 0xFF, 0xFF, 0xFF, 0x00,
        0xFF, 0xFF, 0xFF, 0x00, 0xFF, 0xFF, 0xFF, 0x00, 0xFF, 0xFF, 0xFF, 0x00,
        0xFF, 0xFF, 0xFF, 0x00, 0xFF, 0xFF, 0xFF, 0x00, 0xFF, 0xFF, 0xFF, 0x00,
        0xFF, 0xFF, 0xFF, 0x00, 0xFF, 0xFF, 0xFF, 0x00, 0xFF, 0xFF, 0xFF, 0x00,
        0xFF, 0xFF, 0xFF, 0x00, 0xFF, 0xFF, 0xFF, 0x00, 0xFF, 0xFF, 0xFF, 0x00,
        0xFF, 0xFF, 0xFF, 0x00, 0xFF, 0xFF, 0xFF, 0x00, 0xFF, 0xFF, 0xFF, 0x00,
        0xFF, 0xFF, 0xFF, 0x00, 0xFF, 0xFF, 0xFF, 0x00, 0xFF, 0xFF, 0xFF, 0x00,
        0xFF, 0xFF, 0xFF, 0x00, 0xFF, 0xFF, 0xFF, 0x00, 0xFF, 0xFF, 0xFF, 0x00,
        0xFF, 0xFF, 0xFF, 0x00, 0xFF, 0xFF, 0xFF, 0x00, 0xFF, 0xFF, 0xFF, 0x00,
        0xFF, 0xFF, 0xFF, 0x00, 0xFF, 0xFF, 0xFF, 0x00, 0xFF, 0xFF, 0xFF, 0x00,
        0xFF, 0xFF, 0xFF, 0x00, 0xFF, 0xFF, 0xFF, 0x00, 0xFF, 0xFF, 0xFF, 0x00,
        0xFF, 0xFF, 0xFF, 0x00, 0xFF, 0xFF, 0xFF, 0x00, 0xFF, 0xFF, 0xFF, 0x00,
        0xFF, 0xFF, 0xFF, 0x00, 0xFF, 0xFF, 0xFF, 0x00, 0xFF, 0xFF, 0xFF, 0x00,
        0xFF, 0xFF, 0xFF, 0x00, 0xFF, 0xFF, 0xFF, 0x00, 0xFF, 0xFF, 0xFF, 0x00,
        0xFF, 0xFF, 0xFF, 0x00, 0xFF, 0xFF, 0xFF, 0x00, 0xFF, 0xFF, 0xFF, 0x00,
        0xFF, 0xFF, 0xFF, 0x00, 0xFF, 0xFF, 0xFF, 0x00, 0xFF, 0xFF, 0xFF, 0x00,
        0xFF, 0xFF, 0xFF, 0x00, 0xFF, 0xFF, 0xFF, 0x00, 0xFF, 0xFF, 0xFF, 0x00,
        0xFF, 0xFF, 0xFF, 0x00, 0xFF, 0xFF, 0xFF, 0x00, 0xFF, 0xFF, 0xFF, 0x00,
        0xFF, 0xFF, 0xFF, 0x00, 0xFF, 0xFF, 0xFF, 0x00, 0xFF, 0xFF, 0xFF, 0x00,
        0xFF, 0xFF, 0xFF, 0x00, 0xFF, 0xFF, 0xFF, 0x00, 0xFF, 0xFF, 0xFF, 0x00,
        0xFF, 0xFF, 0xFF, 0x00, 0xFF, 0xFF, 0xFF, 0x00, 0xFF, 0xFF, 0xFF, 0x00,
        0xFF, 0xFF, 0xFF, 0x00, 0xFF, 0xFF, 0xFF, 0x00, 0xFF, 0xFF, 0xFF, 0x00,
        0xFF, 0xFF, 0xFF, 0x00, 0xFF, 0xFF, 0xFF, 0x00, 0xFF, 0xFF, 0xFF, 0x00,
        0xFF, 0xFF, 0xFF, 0x00, 0xFF, 0xFF, 0xFF, 0x00, 0xFF, 0xFF, 0xFF, 0x00,
        0xFF, 0xFF, 0xFF, 0x00, 0xFF, 0xFF, 0xFF, 0x00, 0xFF, 0xFF, 0xFF, 0x00,
        0xFF, 0xFF, 0xFF, 0x00, 0xFF, 0xFF, 0xFF, 0x00, 0xFF, 0xFF, 0xFF, 0x00,
        0xFF, 0xFF, 0xFF, 0x00, 0xFF, 0xFF, 0xFF, 0x00, 0xFF, 0xFF, 0xFF, 0x00,
        0xFF, 0xFF, 0xFF, 0x00, 0xFF, 0xFF, 0xFF, 0x00, 0xFF, 0xFF, 0xFF, 0x00,
        0xFF, 0xFF, 0xFF, 0x00, 0xFF, 0xFF, 0xFF, 0x00, 0xFF, 0xFF, 0xFF, 0x00,
        0xFF, 0xFF, 0xFF, 0x00, 0xFF, 0xFF, 0xFF, 0x00, 0xFF, 0xFF, 0xFF, 0x00,
        0xFF, 0xFF, 0xFF, 0x00, 0xFF, 0xFF, 0xFF, 0x00, 0xFF, 0xFF, 0xFF, 0x00,
        0xFF, 0xFF, 0xFF, 0x00, 0xFF, 0xFF, 0xFF, 0x00, 0xFF, 0xFF, 0xFF, 0x00,
        0xFF, 0xFF, 0xFF, 0x00, 0xFF, 0xFF, 0xFF, 0x00, 0xFF, 0xFF, 0xFF, 0x00,
        0xFF, 0xFF, 0xFF, 0x00, 0xFF, 0xFF, 0xFF, 0x00, 0xFF, 0xFF, 0xFF, 0x00,
        0xFF, 0xFF, 0xFF, 0x00, 0xFF, 0xFF, 0xFF, 0x00, 0xFF, 0xFF, 0xFF, 0x00,
        0xFF, 0xFF, 0xFF, 0x00, 0xFF, 0xFF, 0xFF, 0x00, 0xFF, 0xFF, 0xFF, 0x00,
        0xFF, 0xFF, 0xFF, 0x00, 0xFF, 0xFF, 0xFF, 0x00, 0xFF, 0xFF, 0xFF, 0x00,
        0xFF, 0xFF, 0xFF, 0x00, 0xFF, 0xFF, 0xFF, 0x00, 0xFF, 0xFF, 0xFF, 0x00,
        0xFF, 0xFF, 0xFF, 0x00, 0xFF, 0xFF, 0xFF, 0x00, 0xFF, 0xFF, 0xFF, 0x00,
        0xFF, 0xFF, 0xFF, 0x00, 0xFF, 0xFF, 0xFF, 0x00, 0xFF, 0xFF, 0xFF, 0x00,
        0xFF, 0xFF, 0xFF, 0x00, 0xFF, 0xFF, 0xFF, 0x00, 0xFF, 0xFF, 0xFF, 0x00,
        0xFF, 0xFF, 0xFF, 0x00, 0xFF, 0xFF, 0xFF, 0x00, 0xFF, 0xFF, 0xFF, 0x00,
        0xFF, 0xFF, 0xFF, 0x00, 0xFF, 0xFF, 0xFF, 0x00, 0xFF, 0xFF, 0xFF, 0x00,
        0xFF, 0xFF, 0xFF, 0x00, 0xFF, 0xFF, 0xFF, 0x00, 0xFF, 0xFF, 0xFF, 0x00,
        0xFF, 0xFF, 0xFF, 0x00, 0xFF, 0xFF, 0xFF, 0x00, 0xFF, 0xFF, 0xFF, 0x00,
        0xFF, 0xFF, 0xFF, 0x00, 0xFF, 0xFF, 0xFF, 0x00, 0xFF, 0xFF, 0xFF, 0x00,
        0xFF, 0xFF, 0xFF, 0x00, 0xFF, 0xFF, 0xFF, 0x00, 0xFF, 0xFF, 0xFF, 0x00,
        0xFF, 0xFF, 0xFF, 0x00, 0xFF, 0xFF, 0xFF, 0x00, 0xFF, 0xFF, 0xFF, 0x00,
        0xFF, 0xFF, 0xFF, 0x00, 0xFF, 0xFF, 0xFF, 0x00, 0xFF, 0xFF, 0xFF, 0x00,
        0xFF, 0xFF, 0xFF, 0x00, 0xFF, 0xFF, 0xFF, 0x00, 0xFF, 0xFF, 0xFF, 0x00,
        0xFF, 0xFF, 0xFF, 0x00, 0xFF, 0xFF, 0xFF, 0x00, 0xFF, 0xFF, 0xFF, 0x00,
        0xFF, 0xFF, 0xFF, 0x00, 0xFF, 0xFF, 0xFF, 0x00, 0xFF, 0xFF, 0xFF, 0x00,
        0xFF, 0xFF, 0xFF, 0x00, 0xFF, 0xFF, 0xFF, 0x00, 0xFF, 0xFF, 0xFF, 0x00,
        0xFF, 0xFF, 0xFF, 0x00, 0xFF, 0xFF, 0xFF, 0x00, 0xFF, 0xFF, 0xFF, 0x00,
        0xFF, 0xFF, 0xFF, 0x00, 0xFF, 0xFF, 0xFF, 0x00, 0xFF, 0xFF, 0xFF, 0x00,
        0xFF, 0xFF, 0xFF, 0x00, 0xFF, 0xFF, 0xFF, 0x00, 0xFF, 0xFF, 0xFF, 0x00,
        0xFF, 0xFF, 0xFF, 0x00, 0xFF, 0xFF, 0xFF, 0x00, 0xFF, 0xFF, 0xFF, 0x00,
        0xFF, 0xFF, 0xFF, 0x00, 0xFF, 0xFF, 0xFF, 0x00, 0xFF, 0xFF, 0xFF, 0x00,
        0xFF, 0xFF, 0xFF, 0x00, 0xFF, 0xFF, 0xFF, 0x00, 0xFF, 0xFF, 0xFF, 0x00,
        0xFF, 0xFF, 0xFF, 0x00, 0xFF, 0xFF, 0xFF, 0x00, 0xFF, 0xFF, 0xFF, 0x00,
        0xFF, 0xFF, 0xFF, 0x00, 0xFF, 0xFF, 0xFF, 0x00, 0xFF, 0xFF, 0xFF, 0x00,
        0xFF, 0xFF, 0xFF, 0x00, 0xFF, 0xFF, 0xFF, 0x00, 0xFF, 0xFF, 0xFF, 0x00,
        0xFF, 0xFF, 0xFF, 0x00, 0xFF, 0xFF, 0xFF, 0x00, 0xFF, 0xFF, 0xFF, 0x00,
        0xFF, 0xFF, 0xFF, 0x00, 0xFF, 0xFF, 0xFF, 0x00, 0xFF, 0xFF, 0xFF, 0x00,
        0xFF, 0xFF, 0xFF, 0x00, 0xFF, 0xFF, 0xFF, 0x00, 0xFF, 0xFF, 0xFF, 0x00,
        0xFF, 0xFF, 0xFF, 0x00, 0xFF, 0xFF, 0xFF, 0x00, 0xFF, 0xFF, 0xFF, 0x00,
        0xFF, 0xFF, 0xFF, 0x00, 0xFF, 0xFF, 0xFF, 0x00, 0xFF, 0xFF, 0xFF, 0x00,
        0xFF, 0xFF, 0xFF, 0x00, 0xFF, 0xFF, 0xFF, 0x00, 0xFF, 0xFF, 0xFF, 0x00,
        0xFF, 0xFF, 0xFF, 0x00, 0xFF, 0xFF, 0xFF, 0x00, 0xFF, 0xFF, 0xFF, 0x00,
        0xFF, 0xFF, 0xFF, 0x00, 0xFF, 0xFF, 0xFF, 0x00, 0xFF, 0xFF, 0xFF, 0x00,
        0xFF, 0xFF, 0xFF, 0x00, 0xFF, 0xFF, 0xFF, 0x00, 0xFF, 0xFF, 0xFF, 0x00,
        0xFF, 0xFF, 0xFF, 0x00, 0xFF, 0xFF, 0xFF, 0x00, 0xFF, 0xFF, 0xFF, 0x00,
        0xFF, 0xFF, 0xFF, 0x00, 0xFF, 0xFF, 0xFF, 0x00, 0xFF, 0xFF, 0xFF, 0x00,
        0xFF, 0xFF, 0xFF, 0x00, 0xFF, 0xFF, 0xFF, 0x00, 0xFF, 0xFF, 0xFF, 0x00,
        0xFF, 0xFF, 0xFF, 0x00, 0xFF, 0xFF, 0xFF, 0x00, 0xFF, 0xFF, 0xFF, 0x00,
        0xFF, 0xFF, 0xFF, 0x00, 0xFF, 0xFF, 0xFF, 0x00, 0xFF, 0xFF, 0xFF, 0x00,
        0xFF, 0xFF, 0xFF, 0x00, 0xFF, 0xFF, 0xFF, 0x00, 0xFF, 0xFF, 0xFF, 0x00,
        0xFF, 0xFF, 0xFF, 0x00, 0xFF, 0xFF, 0xFF, 0x00, 0xFF, 0xFF, 0xFF, 0x00,
        0xFF, 0xFF, 0xFF, 0x00, 0xFF, 0xFF, 0xFF, 0x00, 0xFF, 0xFF, 0xFF, 0x00,
        0xFF, 0xFF, 0xFF, 0x00, 0xFF, 0xFF, 0xFF, 0x00, 0xFF, 0xFF, 0xFF, 0x00,
        0xFF, 0xFF, 0xFF, 0x00, 0xFF, 0xFF, 0xFF, 0x00, 0xFF, 0xFF, 0xFF, 0x00,
        0xFF, 0xFF, 0xFF, 0x00, 0xFF, 0xFF, 0xFF, 0x00, 0xFF, 0xFF, 0xFF, 0x00,
        0xFF, 0xFF, 0xFF, 0x00, 0xFF, 0xFF, 0xFF, 0x00, 0xFF, 0xFF, 0xFF, 0x00,
        0xFF, 0xFF, 0xFF, 0x00, 0xFF, 0xFF, 0xFF, 0x00, 0xFF, 0xFF, 0xFF, 0x00,
        0xFF, 0xFF, 0xFF, 0x00, 0xFF, 0xFF, 0xFF, 0x00, 0xFF, 0xFF, 0xFF, 0x00,
        0xFF, 0xFF, 0xFF, 0x00, 0xFF, 0xFF, 0xFF, 0x00, 0xFF, 0xFF, 0xFF, 0x00,
        0xFF, 0xFF, 0xFF, 0x00, 0xFF, 0xFF, 0xFF, 0x00, 0xFF, 0xFF, 0xFF, 0x00,
        0xFF, 0xFF, 0xFF, 0x00, 0xFF, 0xFF, 0xFF, 0x00, 0xFF, 0xFF, 0xFF, 0x00,
        0xFF, 0xFF, 0xFF, 0x00, 0xFF, 0xFF, 0xFF, 0x00, 0xFF, 0xFF, 0xFF, 0x00,
        0xFF, 0xFF, 0xFF, 0x00, 0xFF, 0xFF, 0xFF, 0x00, 0xFF, 0xFF, 0xFF, 0x00,
        0xFF, 0xFF, 0xFF, 0x00, 0xFF, 0xFF, 0xFF, 0x00, 0xFF, 0xFF, 0xFF, 0x00,
        0xFF, 0xFF, 0xFF, 0x00, 0xFF, 0xFF, 0xFF, 0x00, 0xFF, 0xFF, 0xFF, 0x00,
        0xFF, 0xFF, 0xFF, 0x00, 0xFF, 0xFF, 0xFF, 0x00, 0xFF, 0xFF, 0xFF, 0x00,
        0xFF, 0xFF, 0xFF, 0x00, 0xFF, 0xFF, 0xFF, 0x00, 0xFF, 0xFF, 0xFF, 0x00,
        0xFF, 0xFF, 0xFF, 0x00, 0xFF, 0xFF, 0xFF, 0x00, 0xFF, 0xFF, 0xFF, 0x00,
        0xFF, 0xFF, 0xFF, 0x00, 0xFF, 0xFF, 0xFF, 0x00, 0xFF, 0xFF, 0xFF, 0x00,
        0xFF, 0xFF, 0xFF, 0x00, 0xFF, 0xFF, 0xFF, 0x00, 0xFF, 0xFF, 0xFF, 0x00,
        0xFF, 0xFF, 0xFF, 0x00, 0xFF, 0xFF, 0xFF, 0x00, 0xFF, 0xFF, 0xFF, 0x00,
        0xFF, 0xFF, 0xFF, 0x00, 0xFF, 0xFF, 0xFF, 0x00, 0xFF, 0xFF, 0xFF, 0x00,
        0xFF, 0xFF, 0xFF, 0x00, 0xFF, 0xFF, 0xFF, 0x00, 0xFF, 0xFF, 0xFF, 0x00,
        0xFF, 0xFF, 0xFF, 0x00, 0xFF, 0xFF, 0xFF, 0x00, 0xFF, 0xFF, 0xFF, 0x00,
        0xFF, 0xFF, 0xFF, 0x00, 0xFF, 0xFF, 0xFF, 0x00, 0xFF, 0xFF, 0xFF, 0x00,
        0xFF, 0xFF, 0xFF, 0x00, 0xFF, 0xFF, 0xFF, 0x00, 0xFF, 0xFF, 0xFF, 0x00,
        0xFF, 0xFF, 0xFF, 0x00, 0xFF, 0xFF, 0xFF, 0x00, 0xFF, 0xFF, 0xFF, 0x00,
        0xFF, 0xFF, 0xFF, 0x00, 0xFF, 0xFF, 0xFF, 0x00, 0xFF, 0xFF, 0xFF, 0x00,
        0xFF, 0xFF, 0xFF, 0x00, 0xFF, 0xFF, 0xFF, 0x00, 0xFF, 0xFF, 0xFF, 0x00,
        0xFF, 0xFF, 0xFF, 0x00, 0xFF, 0xFF, 0xFF, 0x00, 0xFF, 0xFF, 0xFF, 0x00,
        0xFF, 0xFF, 0xFF, 0x00, 0xFF, 0xFF, 0xFF, 0x00, 0xFF, 0xFF, 0xFF, 0x00,
        0xFF, 0xFF, 0xFF, 0x00, 0xFF, 0xFF, 0xFF, 0x00, 0xFF, 0xFF, 0xFF, 0x00,
        0xFF, 0xFF, 0xFF, 0x00, 0xFF, 0xFF, 0xFF, 0x00, 0xFF, 0xFF, 0xFF, 0x00,
        0xFF, 0xFF, 0xFF, 0x00, 0xFF, 0xFF, 0xFF, 0x00, 0xFF, 0xFF, 0xFF, 0x00,
        0xFF, 0xFF, 0xFF, 0x00, 0xFF, 0xFF, 0xFF, 0x00, 0xFF, 0xFF, 0xFF, 0x00,
        0xFF, 0xFF, 0xFF, 0x00, 0xFF, 0xFF, 0xFF, 0x00, 0xFF, 0xFF, 0xFF, 0x00,
        0xFF, 0xFF, 0xFF, 0x00, 0xFF, 0xFF, 0xFF, 0x00, 0xFF, 0xFF, 0xFF, 0x00,
        0xFF, 0xFF, 0xFF, 0x00, 0xFF, 0xFF, 0xFF, 0x00, 0xFF, 0xFF, 0xFF, 0x00,
        0xFF, 0xFF, 0xFF, 0x00, 0xFF, 0xFF, 0xFF, 0x00, 0xFF, 0xFF, 0xFF, 0x00,
        0xFF, 0xFF, 0xFF, 0x00, 0xFF, 0xFF, 0xFF, 0x00, 0xFF, 0xFF, 0xFF, 0x00,
        0xFF, 0xFF, 0xFF, 0x00, 0xFF, 0xFF, 0xFF, 0x00, 0xFF, 0xFF, 0xFF, 0x00,
        0xFF, 0xFF, 0xFF, 0x00, 0xFF, 0xFF, 0xFF, 0x00, 0xFF, 0xFF, 0xFF, 0x00,
        0xFF, 0xFF, 0xFF, 0x00, 0xFF, 0xFF, 0xFF, 0x00, 0xFF, 0xFF, 0xFF, 0x00,
        0xFF, 0xFF, 0xFF, 0x00, 0xFF, 0xFF, 0xFF, 0x00, 0xFF, 0xFF, 0xFF, 0x00,
        0xFF, 0xFF, 0xFF, 0x00, 0xFF, 0xFF, 0xFF, 0x00, 0xFF, 0xFF, 0xFF, 0x00,
        0xFF, 0xFF, 0xFF, 0x00, 0xFF, 0xFF, 0xFF, 0x00, 0xFF, 0xFF, 0xFF, 0x00,
        0xFF, 0xFF, 0xFF, 0x00, 0xFF, 0xFF, 0xFF, 0x00, 0xFF, 0xFF, 0xFF, 0x00,
        0xFF, 0xFF, 0xFF, 0x00, 0xFF, 0xFF, 0xFF, 0x00, 0xFF, 0xFF, 0xFF, 0x00,
        0xFF, 0xFF, 0xFF, 0x00, 0xFF, 0xFF, 0xFF, 0x00, 0xFF, 0xFF, 0xFF, 0x00,
        0xFF, 0xFF, 0xFF, 0x00, 0xFF, 0xFF, 0xFF, 0x00, 0xFF, 0xFF, 0xFF, 0x00,
        0xFF, 0xFF, 0xFF, 0x00, 0xFF, 0xFF, 0xFF, 0x00, 0xFF, 0xFF, 0xFF, 0x00,
        0xFF, 0xFF, 0xFF, 0x00, 0xFF, 0xFF, 0xFF, 0x00, 0xFF, 0xFF, 0xFF, 0x00,
        0xFF, 0xFF, 0xFF, 0x00, 0xFF, 0xFF, 0xFF, 0x00, 0xFF, 0xFF, 0xFF, 0x00,
        0xFF, 0xFF, 0xFF, 0x00, 0xFF, 0xFF, 0xFF, 0x00, 0xFF, 0xFF, 0xFF, 0x00,
        0xFF, 0xFF, 0xFF, 0x00, 0xFF, 0xFF, 0xFF, 0x00, 0xFF, 0xFF, 0xFF, 0x00,
        0xFF, 0xFF, 0xFF, 0x00, 0xFF, 0xFF, 0xFF, 0x00, 0xFF, 0xFF, 0xFF, 0x00,
        0xFF, 0xFF, 0xFF, 0x00, 0xFF, 0xFF, 0xFF, 0x00, 0xFF, 0xFF, 0xFF, 0x00,
        0xFF, 0xFF, 0xFF, 0x00, 0xFF, 0xFF, 0xFF, 0x00, 0xFF, 0xFF, 0xFF, 0x00,
        0xFF, 0xFF, 0xFF, 0x00, 0xFF, 0xFF, 0xFF, 0x00, 0xFF, 0xFF, 0xFF, 0x00,
        0xFF, 0xFF, 0xFF, 0x00, 0xFF, 0xFF, 0xFF, 0x00, 0xFF, 0xFF, 0xFF, 0x00,
        0xFF, 0xFF, 0xFF, 0x00, 0xFF, 0xFF, 0xFF, 0x00, 0xFF, 0xFF, 0xFF, 0x00,
        0xFF, 0xFF, 0xFF, 0x00, 0xFF, 0xFF, 0xFF, 0x00, 0xFF, 0xFF, 0xFF, 0x00,
        0xFF, 0xFF, 0xFF, 0x00, 0xFF, 0xFF, 0xFF, 0x00, 0xFF, 0xFF, 0xFF, 0x00,
        0xFF, 0xFF, 0xFF, 0x00, 0xFF, 0xFF, 0xFF, 0x00, 0xFF, 0xFF, 0xFF, 0x00,
        0xFF, 0xFF, 0xFF, 0x00, 0xFF, 0xFF, 0xFF, 0x00, 0xFF, 0xFF, 0xFF, 0x00,
        0xFF, 0xFF, 0xFF, 0x00, 0xFF, 0xFF, 0xFF, 0x00, 0xFF, 0xFF, 0xFF, 0x00,
        0xFF, 0xFF, 0xFF, 0x00, 0xFF, 0xFF, 0xFF, 0x00, 0xFF, 0xFF, 0xFF, 0x00,
        0xFF, 0xFF, 0xFF, 0x00, 0xFF, 0xFF, 0xFF, 0x00, 0xFF, 0xFF, 0xFF, 0x00,
        0xFF, 0xFF, 0xFF, 0x00, 0xFF, 0xFF, 0xFF, 0x00, 0xFF, 0xFF, 0xFF, 0x00,
        0xFF, 0xFF, 0xFF, 0x00, 0xFF, 0xFF, 0xFF, 0x00, 0xFF, 0xFF, 0xFF, 0x00,
        0xFF, 0xFF, 0xFF, 0x00, 0xFF, 0xFF, 0xFF, 0x00, 0xFF, 0xFF, 0xFF, 0x00,
        0xFF, 0xFF, 0xFF, 0x00, 0xFF, 0xFF, 0xFF, 0x00, 0xFF, 0xFF, 0xFF, 0x00,
        0xFF, 0xFF, 0xFF, 0x00, 0xFF, 0xFF, 0xFF, 0x00, 0xFF, 0xFF, 0xFF, 0x00,
        0xFF, 0xFF, 0xFF, 0x00, 0xFF, 0xFF, 0xFF, 0x00, 0xFF, 0xFF, 0xFF, 0x00,
        0xFF, 0xFF, 0xFF, 0x00, 0xFF, 0xFF, 0xFF, 0x00, 0xFF, 0xFF, 0xFF, 0x00,
        0xFF, 0xFF, 0xFF, 0x00, 0xFF, 0xFF, 0xFF, 0x00, 0xFF, 0xFF, 0xFF, 0x00,
        0xFF, 0xFF, 0xFF, 0x00, 0xFF, 0xFF, 0xFF, 0x00, 0xFF, 0xFF, 0xFF, 0x00,
        0xFF, 0xFF, 0xFF, 0x00, 0xFF, 0xFF, 0xFF, 0x00, 0xFF, 0xFF, 0xFF, 0x00,
        0xFF, 0xFF, 0xFF, 0x00, 0xFF, 0xFF, 0xFF, 0x00, 0xFF, 0xFF, 0xFF, 0x00,
        0xFF, 0xFF, 0xFF, 0x00, 0xFF, 0xFF, 0xFF, 0x00, 0xFF, 0xFF, 0xFF, 0x00,
        0xFF, 0xFF, 0xFF, 0x00, 0xFF, 0xFF, 0xFF, 0x00, 0xFF, 0xFF, 0xFF, 0x00,
        0xFF, 0xFF, 0xFF, 0x00, 0xFF, 0xFF, 0xFF, 0x00, 0xFF, 0xFF, 0xFF, 0x00,
        0xFF, 0xFF, 0xFF, 0x00, 0xFF, 0xFF, 0xFF, 0x00, 0xFF, 0xFF, 0xFF, 0x00,
        0xFF, 0xFF, 0xFF, 0x00, 0xFF, 0xFF, 0xFF, 0x00, 0xFF, 0xFF, 0xFF, 0x00,
        0xFF, 0xFF, 0xFF, 0x00, 0xFF, 0xFF, 0xFF, 0x00, 0xFF, 0xFF, 0xFF, 0x00,
        0xFF, 0xFF, 0xFF, 0x00, 0xFF, 0xFF, 0xFF, 0x00, 0xFF, 0xFF, 0xFF, 0x00,
        0xFF, 0xFF, 0xFF, 0x00, 0xFF, 0xFF, 0xFF, 0x00, 0xFF, 0xFF, 0xFF, 0x00,
        0xFF, 0xFF, 0xFF, 0x00, 0xFF, 0xFF, 0xFF, 0x00, 0xFF, 0xFF, 0xFF, 0x00,
        0xFF, 0xFF, 0xFF, 0x00, 0xFF, 0xFF, 0xFF, 0x00, 0xFF, 0xFF, 0xFF, 0x00,
        0xFF, 0xFF, 0xFF, 0x00, 0xFF, 0xFF, 0xFF, 0x00, 0xFF, 0xFF, 0xFF, 0x00,
        0xFF, 0xFF, 0xFF, 0x00, 0xFF, 0xFF, 0xFF, 0x00, 0xFF, 0xFF, 0xFF, 0x00,
        0xFF, 0xFF, 0xFF, 0x00, 0xFF, 0xFF, 0xFF, 0x00, 0xFF, 0xFF, 0xFF, 0x00,
        0xFF, 0xFF, 0xFF, 0x00, 0xFF, 0xFF, 0xFF, 0x00, 0xFF, 0xFF, 0xFF, 0x00,
        0xFF, 0xFF, 0xFF, 0x00, 0xFF, 0xFF, 0xFF, 0x00, 0x11, 0x11, 0x11, 0x01,
        0x10, 0x10, 0x10, 0x3E, 0x0F, 0x0F, 0x0F, 0x89, 0x10, 0x10, 0x10, 0xC4,
        0x10, 0x10, 0x10, 0xE8, 0x10, 0x10, 0x10, 0xF9, 0x10, 0x10, 0x10, 0xFF,
        0x10, 0x10, 0x10, 0xFF, 0x10, 0x10, 0x10, 0xFF, 0x10, 0x10, 0x10, 0xFF,
        0x10, 0x10, 0x10, 0xFF, 0x10, 0x10, 0x10, 0xFF, 0x10, 0x10, 0x10, 0xFF,
        0x10, 0x10, 0x10, 0xFF, 0x10, 0x10, 0x10, 0xFF, 0x10, 0x10, 0x10, 0xFF,
        0x10, 0x10, 0x10, 0xFF, 0x10, 0x10, 0x10, 0xFF, 0x10, 0x10, 0x10, 0xFF,
        0x10, 0x10, 0x10, 0xFF, 0x10, 0x10, 0x10, 0xFF, 0x10, 0x10, 0x10, 0xFF,
        0x10, 0x10, 0x10, 0xFF, 0x10, 0x10, 0x10, 0xFF, 0x10, 0x10, 0x10, 0xFF,
        0x10, 0x10, 0x10, 0xFF, 0x10, 0x10, 0x10, 0xFF, 0x10, 0x10, 0x10, 0xFF,
        0x10, 0x10, 0x10, 0xFF, 0x10, 0x10, 0x10, 0xFF, 0x10, 0x10, 0x10, 0xFF,
        0x10, 0x10, 0x10, 0xFF, 0x10, 0x10, 0x10, 0xFF, 0x10, 0x10, 0x10, 0xFF,
        0x10, 0x10, 0x10, 0xFF, 0x10, 0x10, 0x10, 0xFF, 0x10, 0x10, 0x10, 0xFF,
        0x10, 0x10, 0x10, 0xFF, 0x10, 0x10, 0x10, 0xFF, 0x10, 0x10, 0x10, 0xFF,
        0x10, 0x10, 0x10, 0xF9, 0x10, 0x10, 0x10, 0xE8, 0x10, 0x10, 0x10, 0xC4,
        0x0F, 0x0F, 0x0F, 0x8A, 0x10, 0x10, 0x10, 0x3E, 0x11, 0x11, 0x11, 0x01,
        0xFF, 0xFF, 0xFF, 0x00, 0xFF, 0xFF, 0xFF, 0x00, 0xFF, 0xFF, 0xFF, 0x00,
        0xFF, 0xFF, 0xFF, 0x00, 0xFF, 0xFF, 0xFF, 0x00, 0xFF, 0xFF, 0xFF, 0x00,
        0xFF, 0xFF, 0xFF, 0x00, 0xFF, 0xFF, 0xFF, 0x00, 0xFF, 0xFF, 0xFF, 0x00,
        0xFF, 0xFF, 0xFF, 0x00, 0xFF, 0xFF, 0xFF, 0x00, 0xFF, 0xFF, 0xFF, 0x00,
        0xFF, 0xFF, 0xFF, 0x00, 0xFF, 0xFF, 0xFF, 0x00, 0xFF, 0xFF, 0xFF, 0x00,
        0xFF, 0xFF, 0xFF, 0x00, 0xFF, 0xFF, 0xFF, 0x00, 0xFF, 0xFF, 0xFF, 0x00,
        0x20, 0x20, 0x20, 0x01, 0x1E, 0x1E, 0x1E, 0x3E, 0x1D, 0x1D, 0x1D, 0x89,
        0x1D, 0x1D, 0x1D, 0xC4, 0x1C, 0x1C, 0x1C, 0xE8, 0x1C, 0x1C, 0x1C, 0xF9,
        0x1C, 0x1C, 0x1C, 0xFF, 0x1C, 0x1C, 0x1C, 0xFF, 0x1C, 0x1C, 0x1C, 0xFF,
        0x1C, 0x1C, 0x1C, 0xFF, 0x1C, 0x1C, 0x1C, 0xFF, 0x1C, 0x1C, 0x1C, 0xFF,
        0x1C, 0x1C, 0x1C, 0xFF, 0x1C, 0x1C, 0x1C, 0xFF, 0x1C, 0x1C, 0x1C, 0xFF,
        0x1C, 0x1C, 0x1C, 0xFF, 0x1C, 0x1C, 0x1C, 0xFF, 0x1C, 0x1C, 0x1C, 0xFF,
        0x1C, 0x1C, 0x1C, 0xFF, 0x1C, 0x1C, 0x1C, 0xFF, 0x1C, 0x1C, 0x1C, 0xFF,
        0x1C, 0x1C, 0x1C, 0xFF, 0x1C, 0x1C, 0x1C, 0xFF, 0x1C, 0x1C, 0x1C, 0xFF,
        0x1C, 0x1C, 0x1C, 0xFF, 0x1C, 0x1C, 0x1C, 0xFF, 0x1C, 0x1C, 0x1C, 0xFF,
        0x1C, 0x1C, 0x1C, 0xFF, 0x1C, 0x1C, 0x1C, 0xFF, 0x1C, 0x1C, 0x1C, 0xFF,
        0x1C, 0x1C, 0x1C, 0xFF, 0x1C, 0x1C, 0x1C, 0xFF, 0x1C, 0x1C, 0x1C, 0xFF,
        0x1C, 0x1C, 0x1C, 0xFF, 0x1C, 0x1C, 0x1C, 0xFF, 0x1C, 0x1C, 0x1C, 0xFF,
        0x1C, 0x1C, 0x1C, 0xFF, 0x1C, 0x1C, 0x1C, 0xFF, 0x1C, 0x1C, 0x1C, 0xFF,
        0x1C, 0x1C, 0x1C, 0xFF, 0x1C, 0x1C, 0x1C, 0xF9, 0x1C, 0x1C, 0x1C, 0xE8,
        0x1D, 0x1D, 0x1D, 0xC4, 0x1D, 0x1D, 0x1D, 0x8A, 0x1E, 0x1E, 0x1E, 0x3E,
        0x20, 0x20, 0x20, 0x01, 0xFF, 0xFF, 0xFF, 0x00, 0xFF, 0xFF, 0xFF, 0x00,
        0xFF, 0xFF, 0xFF, 0x00, 0xFF, 0xFF, 0xFF, 0x00, 0xFF, 0xFF, 0xFF, 0x00,
        0xFF, 0xFF, 0xFF, 0x00, 0xFF, 0xFF, 0xFF, 0x00, 0xFF, 0xFF, 0xFF, 0x00,
        0xFF, 0xFF, 0xFF, 0x00, 0xFF, 0xFF, 0xFF, 0x00, 0xFF, 0xFF, 0xFF, 0x00,
        0xFF, 0xFF, 0xFF, 0x00, 0xFF, 0xFF, 0xFF, 0x00, 0xFF, 0xFF, 0xFF, 0x00,
        0xFF, 0xFF, 0xFF, 0x00, 0xFF, 0xFF, 0xFF, 0x00, 0x12, 0x12, 0x12, 0x02,
        0x11, 0x11, 0x11, 0x62, 0x11, 0x11, 0x11, 0xDB, 0x13, 0x13, 0x13, 0xFF,
        0x15, 0x15, 0x15, 0xFF, 0x17, 0x17, 0x17, 0xFF, 0x19, 0x19, 0x19, 0xFF,
        0x1A, 0x1A, 0x1A, 0xFF, 0x1B, 0x1B, 0x1B, 0xFF, 0x1B, 0x1B, 0x1B, 0xFF,
        0x1B, 0x1B, 0x1B, 0xFF, 0x1B, 0x1B, 0x1B, 0xFF, 0x1B, 0x1B, 0x1B, 0xFF,
        0x1B, 0x1B, 0x1B, 0xFF, 0x1B, 0x1B, 0x1B, 0xFF, 0x1B, 0x1B, 0x1B, 0xFF,
        0x1B, 0x1B, 0x1B, 0xFF, 0x1B, 0x1B, 0x1B, 0xFF, 0x1B, 0x1B, 0x1B, 0xFF,
        0x1B, 0x1B, 0x1B, 0xFF, 0x1B, 0x1B, 0x1B, 0xFF, 0x1B, 0x1B, 0x1B, 0xFF,
        0x1B, 0x1B, 0x1B, 0xFF, 0x1B, 0x1B, 0x1B, 0xFF, 0x1B, 0x1B, 0x1B, 0xFF,
        0x1B, 0x1B, 0x1B, 0xFF, 0x1B, 0x1B, 0x1B, 0xFF, 0x1B, 0x1B, 0x1B, 0xFF,
        0x1B, 0x1B, 0x1B, 0xFF, 0x1B, 0x1B, 0x1B, 0xFF, 0x1B, 0x1B, 0x1B, 0xFF,
        0x1B, 0x1B, 0x1B, 0xFF, 0x1B, 0x1B, 0x1B, 0xFF, 0x1B, 0x1B, 0x1B, 0xFF,
        0x1B, 0x1B, 0x1B, 0xFF, 0x1B, 0x1B, 0x1B, 0xFF, 0x1B, 0x1B, 0x1B, 0xFF,
        0x1B, 0x1B, 0x1B, 0xFF, 0x1B, 0x1B, 0x1B, 0xFF, 0x1B, 0x1B, 0x1B, 0xFF,
        0x1B, 0x1B, 0x1B, 0xFF, 0x1B, 0x1B, 0x1B, 0xFF, 0x1A, 0x1A, 0x1A, 0xFF,
        0x19, 0x19, 0x19, 0xFF, 0x17, 0x17, 0x17, 0xFF, 0x15, 0x15, 0x15, 0xFF,
        0x13, 0x13, 0x13, 0xFF, 0x11, 0x11, 0x11, 0xDB, 0x11, 0x11, 0x11, 0x62,
        0x12, 0x12, 0x12, 0x02, 0xFF, 0xFF, 0xFF, 0x00, 0xFF, 0xFF, 0xFF, 0x00,
        0xFF, 0xFF, 0xFF, 0x00, 0xFF, 0xFF, 0xFF, 0x00, 0xFF, 0xFF, 0xFF, 0x00,
        0xFF, 0xFF, 0xFF, 0x00, 0xFF, 0xFF, 0xFF, 0x00, 0xFF, 0xFF, 0xFF, 0x00,
        0xFF, 0xFF, 0xFF, 0x00, 0xFF, 0xFF, 0xFF, 0x00, 0xFF, 0xFF, 0xFF, 0x00,
        0xFF, 0xFF, 0xFF, 0x00, 0xFF, 0xFF, 0xFF, 0x00, 0xFF, 0xFF, 0xFF, 0x00,
        0x23, 0x23, 0x23, 0x02, 0x20, 0x20, 0x20, 0x62, 0x1F, 0x1F, 0x1F, 0xDB,
        0x20, 0x20, 0x20, 0xFF, 0x22, 0x22, 0x22, 0xFF, 0x25, 0x25, 0x25, 0xFF,
        0x27, 0x27, 0x27, 0xFF, 0x26, 0x26, 0x26, 0xFF, 0x28, 0x28, 0x28, 0xFF,
        0x27, 0x27, 0x27, 0xFF, 0x27, 0x27, 0x27, 0xFF, 0x27, 0x27, 0x27, 0xFF,
        0x27, 0x27, 0x27, 0xFF, 0x27, 0x27, 0x27, 0xFF, 0x27, 0x27, 0x27, 0xFF,
        0x27, 0x27, 0x27, 0xFF, 0x27, 0x27, 0x27, 0xFF, 0x27, 0x27, 0x27, 0xFF,
        0x27, 0x27, 0x27, 0xFF, 0x27, 0x27, 0x27, 0xFF, 0x27, 0x27, 0x27, 0xFF,
        0x27, 0x27, 0x27, 0xFF, 0x27, 0x27, 0x27, 0xFF, 0x27, 0x27, 0x27, 0xFF,
        0x27, 0x27, 0x27, 0xFF, 0x27, 0x27, 0x27, 0xFF, 0x27, 0x27, 0x27, 0xFF,
        0x27, 0x27, 0x27, 0xFF, 0x27, 0x27, 0x27, 0xFF, 0x27, 0x27, 0x27, 0xFF,
        0x27, 0x27, 0x27, 0xFF, 0x27, 0x27, 0x27, 0xFF, 0x27, 0x27, 0x27, 0xFF,
        0x27, 0x27, 0x27, 0xFF, 0x27, 0x27, 0x27, 0xFF, 0x27, 0x27, 0x27, 0xFF,
        0x27, 0x27, 0x27, 0xFF, 0x27, 0x27, 0x27, 0xFF, 0x27, 0x27, 0x27, 0xFF,
        0x27, 0x27, 0x27, 0xFF, 0x27, 0x27, 0x27, 0xFF, 0x28, 0x28, 0x28, 0xFF,
        0x26, 0x26, 0x26, 0xFF, 0x27, 0x27, 0x27, 0xFF, 0x25, 0x25, 0x25, 0xFF,
        0x22, 0x22, 0x22, 0xFF, 0x20, 0x20, 0x20, 0xFF, 0x1F, 0x1F, 0x1F, 0xDB,
        0x20, 0x20, 0x20, 0x62, 0x23, 0x23, 0x23, 0x02, 0xFF, 0xFF, 0xFF, 0x00,
        0xFF, 0xFF, 0xFF, 0x00, 0xFF, 0xFF, 0xFF, 0x00, 0xFF, 0xFF, 0xFF, 0x00,
        0xFF, 0xFF, 0xFF, 0x00, 0xFF, 0xFF, 0xFF, 0x00, 0xFF, 0xFF, 0xFF, 0x00,
        0xFF, 0xFF, 0xFF, 0x00, 0xFF, 0xFF, 0xFF, 0x00, 0xFF, 0xFF, 0xFF, 0x00,
        0xFF, 0xFF, 0xFF, 0x00, 0xFF, 0xFF, 0xFF, 0x00, 0xFF, 0xFF, 0xFF, 0x00,
        0x12, 0x12, 0x12, 0x21, 0x12, 0x12, 0x12, 0xCA, 0x15, 0x15, 0x15, 0xFF,
        0x19, 0x19, 0x19, 0xFF, 0x1D, 0x1D, 0x1D, 0xFF, 0x20, 0x20, 0x20, 0xFF,
        0x22, 0x22, 0x22, 0xFF, 0x24, 0x24, 0x24, 0xFF, 0x25, 0x25, 0x25, 0xFF,
        0x25, 0x25, 0x25, 0xFF, 0x25, 0x25, 0x25, 0xFF, 0x25, 0x25, 0x25, 0xFF,
        0x25, 0x25, 0x25, 0xFF, 0x25, 0x25, 0x25, 0xFF, 0x25, 0x25, 0x25, 0xFF,
        0x25, 0x25, 0x25, 0xFF, 0x25, 0x25, 0x25, 0xFF, 0x25, 0x25, 0x25, 0xFF,
        0x25, 0x25, 0x25, 0xFF, 0x25, 0x25, 0x25, 0xFF, 0x25, 0x25, 0x25, 0xFF,
        0x25, 0x25, 0x25, 0xFF, 0x25, 0x25, 0x25, 0xFF, 0x25, 0x25, 0x25, 0xFF,
        0x25, 0x25, 0x25, 0xFF, 0x25, 0x25, 0x25, 0xFF, 0x25, 0x25, 0x25, 0xFF,
        0x25, 0x25, 0x25, 0xFF, 0x25, 0x25, 0x25, 0xFF, 0x25, 0x25, 0x25, 0xFF,
        0x25, 0x25, 0x25, 0xFF, 0x25, 0x25, 0x25, 0xFF, 0x25, 0x25, 0x25, 0xFF,
        0x25, 0x25, 0x25, 0xFF, 0x25, 0x25, 0x25, 0xFF, 0x25, 0x25, 0x25, 0xFF,
        0x25, 0x25, 0x25, 0xFF, 0x25, 0x25, 0x25, 0xFF, 0x25, 0x25, 0x25, 0xFF,
        0x25, 0x25, 0x25, 0xFF, 0x25, 0x25, 0x25, 0xFF, 0x25, 0x25, 0x25, 0xFF,
        0x25, 0x25, 0x25, 0xFF, 0x25, 0x25, 0x25, 0xFF, 0x24, 0x24, 0x24, 0xFF,
        0x22, 0x22, 0x22, 0xFF, 0x20, 0x20, 0x20, 0xFF, 0x1D, 0x1D, 0x1D, 0xFF,
        0x19, 0x19, 0x19, 0xFF, 0x15, 0x15, 0x15, 0xFF, 0x12, 0x12, 0x12, 0xCA,
        0x12, 0x12, 0x12, 0x21, 0xFF, 0xFF, 0xFF, 0x00, 0xFF, 0xFF, 0xFF, 0x00,
        0xFF, 0xFF, 0xFF, 0x00, 0xFF, 0xFF, 0xFF, 0x00, 0xFF, 0xFF, 0xFF, 0x00,
        0xFF, 0xFF, 0xFF, 0x00, 0xFF, 0xFF, 0xFF, 0x00, 0xFF, 0xFF, 0xFF, 0x00,
        0xFF, 0xFF, 0xFF, 0x00, 0xFF, 0xFF, 0xFF, 0x00, 0xFF, 0xFF, 0xFF, 0x00,
        0xFF, 0xFF, 0xFF, 0x00, 0x23, 0x23, 0x23, 0x21, 0x21, 0x21, 0x21, 0xCA,
        0x22, 0x22, 0x22, 0xFF, 0x25, 0x25, 0x25, 0xFF, 0x28, 0x28, 0x28, 0xFF,
        0x2B, 0x2B, 0x2B, 0xFF, 0x2C, 0x2C, 0x2C, 0xFF, 0x2E, 0x2E, 0x2E, 0xFF,
        0x2F, 0x2F, 0x2F, 0xFF, 0x2E, 0x2E, 0x2E, 0xFF, 0x2F, 0x2F, 0x2F, 0xFF,
        0x2F, 0x2F, 0x2F, 0xFF, 0x2F, 0x2F, 0x2F, 0xFF, 0x2F, 0x2F, 0x2F, 0xFF,
        0x2F, 0x2F, 0x2F, 0xFF, 0x2F, 0x2F, 0x2F, 0xFF, 0x2F, 0x2F, 0x2F, 0xFF,
        0x2F, 0x2F, 0x2F, 0xFF, 0x2F, 0x2F, 0x2F, 0xFF, 0x2F, 0x2F, 0x2F, 0xFF,
        0x2F, 0x2F, 0x2F, 0xFF, 0x2F, 0x2F, 0x2F, 0xFF, 0x2F, 0x2F, 0x2F, 0xFF,
        0x2F, 0x2F, 0x2F, 0xFF, 0x2F, 0x2F, 0x2F, 0xFF, 0x2F, 0x2F, 0x2F, 0xFF,
        0x2F, 0x2F, 0x2F, 0xFF, 0x2F, 0x2F, 0x2F, 0xFF, 0x2F, 0x2F, 0x2F, 0xFF,
        0x2F, 0x2F, 0x2F, 0xFF, 0x2F, 0x2F, 0x2F, 0xFF, 0x2F, 0x2F, 0x2F, 0xFF,
        0x2F, 0x2F, 0x2F, 0xFF, 0x2F, 0x2F, 0x2F, 0xFF, 0x2F, 0x2F, 0x2F, 0xFF,
        0x2F, 0x2F, 0x2F, 0xFF, 0x2F, 0x2F, 0x2F, 0xFF, 0x2F, 0x2F, 0x2F, 0xFF,
        0x2F, 0x2F, 0x2F, 0xFF, 0x2F, 0x2F, 0x2F, 0xFF, 0x2F, 0x2F, 0x2F, 0xFF,
        0x2F, 0x2F, 0x2F, 0xFF, 0x2E, 0x2E, 0x2E, 0xFF, 0x2F, 0x2F, 0x2F, 0xFF,
        0x2E, 0x2E, 0x2E, 0xFF, 0x2C, 0x2C, 0x2C, 0xFF, 0x2B, 0x2B, 0x2B, 0xFF,
        0x28, 0x28, 0x28, 0xFF, 0x25, 0x25, 0x25, 0xFF, 0x22, 0x22, 0x22, 0xFF,
        0x21, 0x21, 0x21, 0xCA, 0x23, 0x23, 0x23, 0x21, 0xFF, 0xFF, 0xFF, 0x00,
        0xFF, 0xFF, 0xFF, 0x00, 0xFF, 0xFF, 0xFF, 0x00, 0xFF, 0xFF, 0xFF, 0x00,
        0xFF, 0xFF, 0xFF, 0x00, 0xFF, 0xFF, 0xFF, 0x00, 0xFF, 0xFF, 0xFF, 0x00,
        0xFF, 0xFF, 0xFF, 0x00, 0xFF, 0xFF, 0xFF, 0x00, 0xFF, 0xFF, 0xFF, 0x00,
        0xFF, 0xFF, 0xFF, 0x00, 0x13, 0x13, 0x13, 0x40, 0x13, 0x13, 0x13, 0xEB,
        0x17, 0x17, 0x17, 0xFF, 0x1C, 0x1C, 0x1C, 0xFF, 0x21, 0x21, 0x21, 0xFF,
        0x24, 0x24, 0x24, 0xFF, 0x26, 0x26, 0x26, 0xFF, 0x27, 0x27, 0x27, 0xFF,
        0x28, 0x28, 0x28, 0xFF, 0x28, 0x28, 0x28, 0xFF, 0x28, 0x28, 0x28, 0xFF,
        0x28, 0x28, 0x28, 0xFF, 0x28, 0x28, 0x28, 0xFF, 0x28, 0x28, 0x28, 0xFF,
        0x28, 0x28, 0x28, 0xFF, 0x28, 0x28, 0x28, 0xFF, 0x28, 0x28, 0x28, 0xFF,
        0x28, 0x28, 0x28, 0xFF, 0x28, 0x28, 0x28, 0xFF, 0x28, 0x28, 0x28, 0xFF,
        0x28, 0x28, 0x28, 0xFF, 0x28, 0x28, 0x28, 0xFF, 0x28, 0x28, 0x28, 0xFF,
        0x28, 0x28, 0x28, 0xFF, 0x28, 0x28, 0x28, 0xFF, 0x28, 0x28, 0x28, 0xFF,
        0x28, 0x28, 0x28, 0xFF, 0x28, 0x28, 0x28, 0xFF, 0x28, 0x28, 0x28, 0xFF,
        0x28, 0x28, 0x28, 0xFF, 0x28, 0x28, 0x28, 0xFF, 0x28, 0x28, 0x28, 0xFF,
        0x28, 0x28, 0x28, 0xFF, 0x28, 0x28, 0x28, 0xFF, 0x28, 0x28, 0x28, 0xFF,
        0x28, 0x28, 0x28, 0xFF, 0x28, 0x28, 0x28, 0xFF, 0x28, 0x28, 0x28, 0xFF,
        0x28, 0x28, 0x28, 0xFF, 0x28, 0x28, 0x28, 0xFF, 0x28, 0x28, 0x28, 0xFF,
        0x28, 0x28, 0x28, 0xFF, 0x28, 0x28, 0x28, 0xFF, 0x28, 0x28, 0x28, 0xFF,
        0x28, 0x28, 0x28, 0xFF, 0x28, 0x28, 0x28, 0xFF, 0x27, 0x27, 0x27, 0xFF,
        0x26, 0x26, 0x26, 0xFF, 0x24, 0x24, 0x24, 0xFF, 0x21, 0x21, 0x21, 0xFF,
        0x1C, 0x1C, 0x1C, 0xFF, 0x17, 0x17, 0x17, 0xFF, 0x13, 0x13, 0x13, 0xEB,
        0x13, 0x13, 0x13, 0x3E, 0xFF, 0xFF, 0xFF, 0x00, 0xFF, 0xFF, 0xFF, 0x00,
        0xFF, 0xFF, 0xFF, 0x00, 0xFF, 0xFF, 0xFF, 0x00, 0xFF, 0xFF, 0xFF, 0x00,
        0xFF, 0xFF, 0xFF, 0x00, 0xFF, 0xFF, 0xFF, 0x00, 0xFF, 0xFF, 0xFF, 0x00,
        0xFF, 0xFF, 0xFF, 0x00, 0xFF, 0xFF, 0xFF, 0x00, 0x25, 0x25, 0x25, 0x40,
        0x24, 0x24, 0x24, 0xEB, 0x26, 0x26, 0x26, 0xFF, 0x2A, 0x2A, 0x2A, 0xFF,
        0x2C, 0x2C, 0x2C, 0xFF, 0x2F, 0x2F, 0x2F, 0xFF, 0x2F, 0x2F, 0x2F, 0xFF,
        0x30, 0x30, 0x30, 0xFF, 0x30, 0x30, 0x30, 0xFF, 0x30, 0x30, 0x30, 0xFF,
        0x30, 0x30, 0x30, 0xFF, 0x30, 0x30, 0x30, 0xFF, 0x30, 0x30, 0x30, 0xFF,
        0x30, 0x30, 0x30, 0xFF, 0x30, 0x30, 0x30, 0xFF, 0x30, 0x30, 0x30, 0xFF,
        0x30, 0x30, 0x30, 0xFF, 0x30, 0x30, 0x30, 0xFF, 0x30, 0x30, 0x30, 0xFF,
        0x30, 0x30, 0x30, 0xFF, 0x30, 0x30, 0x30, 0xFF, 0x30, 0x30, 0x30, 0xFF,
        0x30, 0x30, 0x30, 0xFF, 0x30, 0x30, 0x30, 0xFF, 0x30, 0x30, 0x30, 0xFF,
        0x30, 0x30, 0x30, 0xFF, 0x30, 0x30, 0x30, 0xFF, 0x30, 0x30, 0x30, 0xFF,
        0x30, 0x30, 0x30, 0xFF, 0x30, 0x30, 0x30, 0xFF, 0x30, 0x30, 0x30, 0xFF,
        0x30, 0x30, 0x30, 0xFF, 0x30, 0x30, 0x30, 0xFF, 0x30, 0x30, 0x30, 0xFF,
        0x30, 0x30, 0x30, 0xFF, 0x30, 0x30, 0x30, 0xFF, 0x30, 0x30, 0x30, 0xFF,
        0x30, 0x30, 0x30, 0xFF, 0x30, 0x30, 0x30, 0xFF, 0x30, 0x30, 0x30, 0xFF,
        0x30, 0x30, 0x30, 0xFF, 0x30, 0x30, 0x30, 0xFF, 0x30, 0x30, 0x30, 0xFF,
        0x30, 0x30, 0x30, 0xFF, 0x30, 0x30, 0x30, 0xFF, 0x30, 0x30, 0x30, 0xFF,
        0x30, 0x30, 0x30, 0xFF, 0x2F, 0x2F, 0x2F, 0xFF, 0x2F, 0x2F, 0x2F, 0xFF,
        0x2C, 0x2C, 0x2C, 0xFF, 0x2A, 0x2A, 0x2A, 0xFF, 0x26, 0x26, 0x26, 0xFF,
        0x24, 0x24, 0x24, 0xEB, 0x25, 0x25, 0x25, 0x3E, 0xFF, 0xFF, 0xFF, 0x00,
        0xFF, 0xFF, 0xFF, 0x00, 0xFF, 0xFF, 0xFF, 0x00, 0xFF, 0xFF, 0xFF, 0x00,
        0xFF, 0xFF, 0xFF, 0x00, 0xFF, 0xFF, 0xFF, 0x00, 0xFF, 0xFF, 0xFF, 0x00,
        0xFF, 0xFF, 0xFF, 0x00, 0xFF, 0xFF, 0xFF, 0x00, 0x14, 0x14, 0x14, 0x46,
        0x15, 0x15, 0x15, 0xF9, 0x1A, 0x1A, 0x1A, 0xFF, 0x1F, 0x1F, 0x1F, 0xFF,
        0x23, 0x23, 0x23, 0xFF, 0x26, 0x26, 0x26, 0xFF, 0x28, 0x28, 0x28, 0xFF,
        0x29, 0x29, 0x29, 0xFF, 0x29, 0x29, 0x29, 0xFF, 0x29, 0x29, 0x29, 0xFF,
        0x29, 0x29, 0x29, 0xFF, 0x29, 0x29, 0x29, 0xFF, 0x29, 0x29, 0x29, 0xFF,
        0x29, 0x29, 0x29, 0xFF, 0x29, 0x29, 0x29, 0xFF, 0x29, 0x29, 0x29, 0xFF,
        0x29, 0x29, 0x29, 0xFF, 0x29, 0x29, 0x29, 0xFF, 0x29, 0x29, 0x29, 0xFF,
        0x29, 0x29, 0x29, 0xFF, 0x29, 0x29, 0x29, 0xFF, 0x29, 0x29, 0x29, 0xFF,
        0x29, 0x29, 0x29, 0xFF, 0x29, 0x29, 0x29, 0xFF, 0x29, 0x29, 0x29, 0xFF,
        0x29, 0x29, 0x29, 0xFF, 0x29, 0x29, 0x29, 0xFF, 0x29, 0x29, 0x29, 0xFF,
        0x29, 0x29, 0x29, 0xFF, 0x29, 0x29, 0x29, 0xFF, 0x29, 0x29, 0x29, 0xFF,
        0x29, 0x29, 0x29, 0xFF, 0x29, 0x29, 0x29, 0xFF, 0x29, 0x29, 0x29, 0xFF,
        0x29, 0x29, 0x29, 0xFF, 0x29, 0x29, 0x29, 0xFF, 0x29, 0x29, 0x29, 0xFF,
        0x29, 0x29, 0x29, 0xFF, 0x29, 0x29, 0x29, 0xFF, 0x29, 0x29, 0x29, 0xFF,
        0x29, 0x29, 0x29, 0xFF, 0x29, 0x29, 0x29, 0xFF, 0x29, 0x29, 0x29, 0xFF,
        0x29, 0x29, 0x29, 0xFF, 0x29, 0x29, 0x29, 0xFF, 0x29, 0x29, 0x29, 0xFF,
        0x29, 0x29, 0x29, 0xFF, 0x29, 0x29, 0x29, 0xFF, 0x29, 0x29, 0x29, 0xFF,
        0x28, 0x28, 0x28, 0xFF, 0x26, 0x26, 0x26, 0xFF, 0x23, 0x23, 0x23, 0xFF,
        0x1F, 0x1F, 0x1F, 0xFF, 0x1A, 0x1A, 0x1A, 0xFF, 0x15, 0x15, 0x15, 0xF9,
        0x14, 0x14, 0x14, 0x47, 0xFF, 0xFF, 0xFF, 0x00, 0xFF, 0xFF, 0xFF, 0x00,
        0xFF, 0xFF, 0xFF, 0x00, 0xFF, 0xFF, 0xFF, 0x00, 0xFF, 0xFF, 0xFF, 0x00,
        0xFF, 0xFF, 0xFF, 0x00, 0xFF, 0xFF, 0xFF, 0x00, 0xFF, 0xFF, 0xFF, 0x00,
        0x27, 0x27, 0x27, 0x46, 0x25, 0x25, 0x25, 0xF9, 0x28, 0x28, 0x28, 0xFF,
        0x2C, 0x2C, 0x2C, 0xFF, 0x30, 0x30, 0x30, 0xFF, 0x30, 0x30, 0x30, 0xFF,
        0x31, 0x31, 0x31, 0xFF, 0x30, 0x30, 0x30, 0xFF, 0x31, 0x31, 0x31, 0xFF,
        0x31, 0x31, 0x31, 0xFF, 0x31, 0x31, 0x31, 0xFF, 0x31, 0x31, 0x31, 0xFF,
        0x31, 0x31, 0x31, 0xFF, 0x31, 0x31, 0x31, 0xFF, 0x31, 0x31, 0x31, 0xFF,
        0x31, 0x31, 0x31, 0xFF, 0x31, 0x31, 0x31, 0xFF, 0x31, 0x31, 0x31, 0xFF,
        0x31, 0x31, 0x31, 0xFF, 0x31, 0x31, 0x31, 0xFF, 0x31, 0x31, 0x31, 0xFF,
        0x31, 0x31, 0x31, 0xFF, 0x31, 0x31, 0x31, 0xFF, 0x31, 0x31, 0x31, 0xFF,
        0x31, 0x31, 0x31, 0xFF, 0x31, 0x31, 0x31, 0xFF, 0x31, 0x31, 0x31, 0xFF,
        0x31, 0x31, 0x31, 0xFF, 0x31, 0x31, 0x31, 0xFF, 0x31, 0x31, 0x31, 0xFF,
        0x31, 0x31, 0x31, 0xFF, 0x31, 0x31, 0x31, 0xFF, 0x31, 0x31, 0x31, 0xFF,
        0x31, 0x31, 0x31, 0xFF, 0x31, 0x31, 0x31, 0xFF, 0x31, 0x31, 0x31, 0xFF,
        0x31, 0x31, 0x31, 0xFF, 0x31, 0x31, 0x31, 0xFF, 0x31, 0x31, 0x31, 0xFF,
        0x31, 0x31, 0x31, 0xFF, 0x31, 0x31, 0x31, 0xFF, 0x31, 0x31, 0x31, 0xFF,
        0x31, 0x31, 0x31, 0xFF, 0x31, 0x31, 0x31, 0xFF, 0x31, 0x31, 0x31, 0xFF,
        0x31, 0x31, 0x31, 0xFF, 0x31, 0x31, 0x31, 0xFF, 0x31, 0x31, 0x31, 0xFF,
        0x30, 0x30, 0x30, 0xFF, 0x31, 0x31, 0x31, 0xFF, 0x30, 0x30, 0x30, 0xFF,
        0x30, 0x30, 0x30, 0xFF, 0x2C, 0x2C, 0x2C, 0xFF, 0x28, 0x28, 0x28, 0xFF,
        0x25, 0x25, 0x25, 0xF9, 0x27, 0x27, 0x27, 0x47, 0xFF, 0xFF, 0xFF, 0x00,
        0xFF, 0xFF, 0xFF, 0x00, 0xFF, 0xFF, 0xFF, 0x00, 0xFF, 0xFF, 0xFF, 0x00,
        0xFF, 0xFF, 0xFF, 0x00, 0xFF, 0xFF, 0xFF, 0x00, 0xFF, 0xFF, 0xFF, 0x00,
        0x15, 0x15, 0x15, 0x27, 0x16, 0x16, 0x16, 0xF2, 0x1B, 0x1B, 0x1B, 0xFF,
        0x20, 0x20, 0x20, 0xFF, 0x25, 0x25, 0x25, 0xFF, 0x28, 0x28, 0x28, 0xFF,
        0x29, 0x29, 0x29, 0xFF, 0x29, 0x29, 0x29, 0xFF, 0x29, 0x29, 0x29, 0xFF,
        0x29, 0x29, 0x29, 0xFF, 0x29, 0x29, 0x29, 0xFF, 0x29, 0x29, 0x29, 0xFF,
        0x29, 0x29, 0x29, 0xFF, 0x29, 0x29, 0x29, 0xFF, 0x29, 0x29, 0x29, 0xFF,
        0x29, 0x29, 0x29, 0xFF, 0x29, 0x29, 0x29, 0xFF, 0x29, 0x29, 0x29, 0xFF,
        0x29, 0x29, 0x29, 0xFF, 0x29, 0x29, 0x29, 0xFF, 0x29, 0x29, 0x29, 0xFF,
        0x29, 0x29, 0x29, 0xFF, 0x29, 0x29, 0x29, 0xFF, 0x29, 0x29, 0x29, 0xFF,
        0x29, 0x29, 0x29, 0xFF, 0x29, 0x29, 0x29, 0xFF, 0x29, 0x29, 0x29, 0xFF,
        0x29, 0x29, 0x29, 0xFF, 0x29, 0x29, 0x29, 0xFF, 0x29, 0x29, 0x29, 0xFF,
        0x29, 0x29, 0x29, 0xFF, 0x29, 0x29, 0x29, 0xFF, 0x29, 0x29, 0x29, 0xFF,
        0x29, 0x29, 0x29, 0xFF, 0x29, 0x29, 0x29, 0xFF, 0x29, 0x29, 0x29, 0xFF,
        0x29, 0x29, 0x29, 0xFF, 0x29, 0x29, 0x29, 0xFF, 0x29, 0x29, 0x29, 0xFF,
        0x29, 0x29, 0x29, 0xFF, 0x29, 0x29, 0x29, 0xFF, 0x29, 0x29, 0x29, 0xFF,
        0x29, 0x29, 0x29, 0xFF, 0x29, 0x29, 0x29, 0xFF, 0x29, 0x29, 0x29, 0xFF,
        0x29, 0x29, 0x29, 0xFF, 0x29, 0x29, 0x29, 0xFF, 0x29, 0x29, 0x29, 0xFF,
        0x29, 0x29, 0x29, 0xFF, 0x29, 0x29, 0x29, 0xFF, 0x29, 0x29, 0x29, 0xFF,
        0x29, 0x29, 0x29, 0xFF, 0x28, 0x28, 0x28, 0xFF, 0x25, 0x25, 0x25, 0xFF,
        0x20, 0x20, 0x20, 0xFF, 0x1B, 0x1B, 0x1B, 0xFF, 0x16, 0x16, 0x16, 0xF3,
        0x15, 0x15, 0x15, 0x27, 0xFF, 0xFF, 0xFF, 0x00, 0xFF, 0xFF, 0xFF, 0x00,
        0xFF, 0xFF, 0xFF, 0x00, 0xFF, 0xFF, 0xFF, 0x00, 0xFF, 0xFF, 0xFF, 0x00,
        0xFF, 0xFF, 0xFF, 0x00, 0x29, 0x29, 0x29, 0x27, 0x27, 0x27, 0x27, 0xF2,
        0x29, 0x29, 0x29, 0xFF, 0x2C, 0x2C, 0x2C, 0xFF, 0x2E, 0x2E, 0x2E, 0xFF,
        0x2F, 0x2F, 0x2F, 0xFF, 0x2F, 0x2F, 0x2F, 0xFF, 0x30, 0x30, 0x30, 0xFF,
        0x30, 0x30, 0x30, 0xFF, 0x30, 0x30, 0x30, 0xFF, 0x30, 0x30, 0x30, 0xFF,
        0x30, 0x30, 0x30, 0xFF, 0x30, 0x30, 0x30, 0xFF, 0x30, 0x30, 0x30, 0xFF,
        0x30, 0x30, 0x30, 0xFF, 0x30, 0x30, 0x30, 0xFF, 0x30, 0x30, 0x30, 0xFF,
        0x30, 0x30, 0x30, 0xFF, 0x30, 0x30, 0x30, 0xFF, 0x30, 0x30, 0x30, 0xFF,
        0x30, 0x30, 0x30, 0xFF, 0x30, 0x30, 0x30, 0xFF, 0x30, 0x30, 0x30, 0xFF,
        0x30, 0x30, 0x30, 0xFF, 0x30, 0x30, 0x30, 0xFF, 0x30, 0x30, 0x30, 0xFF,
        0x30, 0x30, 0x30, 0xFF, 0x30, 0x30, 0x30, 0xFF, 0x30, 0x30, 0x30, 0xFF,
        0x30, 0x30, 0x30, 0xFF, 0x30, 0x30, 0x30, 0xFF, 0x30, 0x30, 0x30, 0xFF,
        0x30, 0x30, 0x30, 0xFF, 0x30, 0x30, 0x30, 0xFF, 0x30, 0x30, 0x30, 0xFF,
        0x30, 0x30, 0x30, 0xFF, 0x30, 0x30, 0x30, 0xFF, 0x30, 0x30, 0x30, 0xFF,
        0x30, 0x30, 0x30, 0xFF, 0x30, 0x30, 0x30, 0xFF, 0x30, 0x30, 0x30, 0xFF,
        0x30, 0x30, 0x30, 0xFF, 0x30, 0x30, 0x30, 0xFF, 0x30, 0x30, 0x30, 0xFF,
        0x30, 0x30, 0x30, 0xFF, 0x30, 0x30, 0x30, 0xFF, 0x30, 0x30, 0x30, 0xFF,
        0x30, 0x30, 0x30, 0xFF, 0x30, 0x30, 0x30, 0xFF, 0x30, 0x30, 0x30, 0xFF,
        0x30, 0x30, 0x30, 0xFF, 0x2F, 0x2F, 0x2F, 0xFF, 0x2F, 0x2F, 0x2F, 0xFF,
        0x2E, 0x2E, 0x2E, 0xFF, 0x2C, 0x2C, 0x2C, 0xFF, 0x29, 0x29, 0x29, 0xFF,
        0x27, 0x27, 0x27, 0xF3, 0x29, 0x29, 0x29, 0x27, 0xFF, 0xFF, 0xFF, 0x00,
        0xFF, 0xFF, 0xFF, 0x00, 0xFF, 0xFF, 0xFF, 0x00, 0xFF, 0xFF, 0xFF, 0x00,
        0xFF, 0xFF, 0xFF, 0x00, 0x16, 0x16, 0x16, 0x03, 0x17, 0x17, 0x17, 0xCA,
        0x1B, 0x1B, 0x1B, 0xFF, 0x21, 0x21, 0x21, 0xFF, 0x25, 0x25, 0x25, 0xFF,
        0x28, 0x28, 0x28, 0xFF, 0x29, 0x29, 0x29, 0xFF, 0x29, 0x29, 0x29, 0xFF,
        0x29, 0x29, 0x29, 0xFF, 0x29, 0x29, 0x29, 0xFF, 0x29, 0x29, 0x29, 0xFF,
        0x29, 0x29, 0x29, 0xFF, 0x29, 0x29, 0x29, 0xFF, 0x29, 0x29, 0x29, 0xFF,
        0x29, 0x29, 0x29, 0xFF, 0x29, 0x29, 0x29, 0xFF, 0x29, 0x29, 0x29, 0xFF,
        0x29, 0x29, 0x29, 0xFF, 0x29, 0x29, 0x29, 0xFF, 0x29, 0x29, 0x29, 0xFF,
        0x29, 0x29, 0x29, 0xFF, 0x29, 0x29, 0x29, 0xFF, 0x29, 0x29, 0x29, 0xFF,
        0x29, 0x29, 0x29, 0xFF, 0x29, 0x29, 0x29, 0xFF, 0x29, 0x29, 0x29, 0xFF,
        0x29, 0x29, 0x29, 0xFF, 0x29, 0x29, 0x29, 0xFF, 0x29, 0x29, 0x29, 0xFF,
        0x29, 0x29, 0x29, 0xFF, 0x29, 0x29, 0x29, 0xFF, 0x29, 0x29, 0x29, 0xFF,
        0x29, 0x29, 0x29, 0xFF, 0x29, 0x29, 0x29, 0xFF, 0x29, 0x29, 0x29, 0xFF,
        0x29, 0x29, 0x29, 0xFF, 0x29, 0x29, 0x29, 0xFF, 0x29, 0x29, 0x29, 0xFF,
        0x29, 0x29, 0x29, 0xFF, 0x29, 0x29, 0x29, 0xFF, 0x29, 0x29, 0x29, 0xFF,
        0x29, 0x29, 0x29, 0xFF, 0x29, 0x29, 0x29, 0xFF, 0x29, 0x29, 0x29, 0xFF,
        0x29, 0x29, 0x29, 0xFF, 0x29, 0x29, 0x29, 0xFF, 0x29, 0x29, 0x29, 0xFF,
        0x29, 0x29, 0x29, 0xFF, 0x29, 0x29, 0x29, 0xFF, 0x29, 0x29, 0x29, 0xFF,
        0x29, 0x29, 0x29, 0xFF, 0x29, 0x29, 0x29, 0xFF, 0x29, 0x29, 0x29, 0xFF,
        0x29, 0x29, 0x29, 0xFF, 0x28, 0x28, 0x28, 0xFF, 0x25, 0x25, 0x25, 0xFF,
        0x21, 0x21, 0x21, 0xFF, 0x1B, 0x1B, 0x1B, 0xFF, 0x17, 0x17, 0x17, 0xCA,
        0x16, 0x16, 0x16, 0x03, 0xFF, 0xFF, 0xFF, 0x00, 0xFF, 0xFF, 0xFF, 0x00,
        0xFF, 0xFF, 0xFF, 0x00, 0xFF, 0xFF, 0xFF, 0x00, 0x2B, 0x2B, 0x2B, 0x03,
        0x2A, 0x2A, 0x2A, 0xCA, 0x2B, 0x2B, 0x2B, 0xFF, 0x2E, 0x2E, 0x2E, 0xFF,
        0x2F, 0x2F, 0x2F, 0xFF, 0x30, 0x30, 0x30, 0xFF, 0x30, 0x30, 0x30, 0xFF,
        0x30, 0x30, 0x30, 0xFF, 0x30, 0x30, 0x30, 0xFF, 0x30, 0x30, 0x30, 0xFF,
        0x30, 0x30, 0x30, 0xFF, 0x30, 0x30, 0x30, 0xFF, 0x30, 0x30, 0x30, 0xFF,
        0x30, 0x30, 0x30, 0xFF, 0x30, 0x30, 0x30, 0xFF, 0x30, 0x30, 0x30, 0xFF,
        0x30, 0x30, 0x30, 0xFF, 0x30, 0x30, 0x30, 0xFF, 0x30, 0x30, 0x30, 0xFF,
        0x30, 0x30, 0x30, 0xFF, 0x30, 0x30, 0x30, 0xFF, 0x30, 0x30, 0x30, 0xFF,
        0x30, 0x30, 0x30, 0xFF, 0x30, 0x30, 0x30, 0xFF, 0x30, 0x30, 0x30, 0xFF,
        0x30, 0x30, 0x30, 0xFF, 0x30, 0x30, 0x30, 0xFF, 0x30, 0x30, 0x30, 0xFF,
        0x30, 0x30, 0x30, 0xFF, 0x30, 0x30, 0x30, 0xFF, 0x30, 0x30, 0x30, 0xFF,
        0x30, 0x30, 0x30, 0xFF, 0x30, 0x30, 0x30, 0xFF, 0x30, 0x30, 0x30, 0xFF,
        0x30, 0x30, 0x30, 0xFF, 0x30, 0x30, 0x30, 0xFF, 0x30, 0x30, 0x30, 0xFF,
        0x30, 0x30, 0x30, 0xFF, 0x30, 0x30, 0x30, 0xFF, 0x30, 0x30, 0x30, 0xFF,
        0x30, 0x30, 0x30, 0xFF, 0x30, 0x30, 0x30, 0xFF, 0x30, 0x30, 0x30, 0xFF,
        0x30, 0x30, 0x30, 0xFF, 0x30, 0x30, 0x30, 0xFF, 0x30, 0x30, 0x30, 0xFF,
        0x30, 0x30, 0x30, 0xFF, 0x30, 0x30, 0x30, 0xFF, 0x30, 0x30, 0x30, 0xFF,
        0x30, 0x30, 0x30, 0xFF, 0x30, 0x30, 0x30, 0xFF, 0x30, 0x30, 0x30, 0xFF,
        0x30, 0x30, 0x30, 0xFF, 0x30, 0x30, 0x30, 0xFF, 0x30, 0x30, 0x30, 0xFF,
        0x2F, 0x2F, 0x2F, 0xFF, 0x2E, 0x2E, 0x2E, 0xFF, 0x2B, 0x2B, 0x2B, 0xFF,
        0x2A, 0x2A, 0x2A, 0xCA, 0x2B, 0x2B, 0x2B, 0x03, 0xFF, 0xFF, 0xFF, 0x00,
        0xFF, 0xFF, 0xFF, 0x00, 0xFF, 0xFF, 0xFF, 0x00, 0xFF, 0xFF, 0xFF, 0x00,
        0x17, 0x17, 0x17, 0x62, 0x1A, 0x1A, 0x1A, 0xFF, 0x1F, 0x1F, 0x1F, 0xFF,
        0x24, 0x24, 0x24, 0xFF, 0x27, 0x27, 0x27, 0xFF, 0x28, 0x28, 0x28, 0xFF,
        0x28, 0x28, 0x28, 0xFF, 0x28, 0x28, 0x28, 0xFF, 0x28, 0x28, 0x28, 0xFF,
        0x28, 0x28, 0x28, 0xFF, 0x28, 0x28, 0x28, 0xFF, 0x28, 0x28, 0x28, 0xFF,
        0x28, 0x28, 0x28, 0xFF, 0x28, 0x28, 0x28, 0xFF, 0x28, 0x28, 0x28, 0xFF,
        0x28, 0x28, 0x28, 0xFF, 0x28, 0x28, 0x28, 0xFF, 0x28, 0x28, 0x28, 0xFF,
        0x28, 0x28, 0x28, 0xFF, 0x28, 0x28, 0x28, 0xFF, 0x28, 0x28, 0x28, 0xFF,
        0x28, 0x28, 0x28, 0xFF, 0x28, 0x28, 0x28, 0xFF, 0x28, 0x28, 0x28, 0xFF,
        0x28, 0x28, 0x28, 0xFF, 0x28, 0x28, 0x28, 0xFF, 0x28, 0x28, 0x28, 0xFF,
        0x28, 0x28, 0x28, 0xFF, 0x28, 0x28, 0x28, 0xFF, 0x28, 0x28, 0x28, 0xFF,
        0x28, 0x28, 0x28, 0xFF, 0x28, 0x28, 0x28, 0xFF, 0x28, 0x28, 0x28, 0xFF,
        0x28, 0x28, 0x28, 0xFF, 0x28, 0x28, 0x28, 0xFF, 0x28, 0x28, 0x28, 0xFF,
        0x28, 0x28, 0x28, 0xFF, 0x28, 0x28, 0x28, 0xFF, 0x28, 0x28, 0x28, 0xFF,
        0x28, 0x28, 0x28, 0xFF, 0x28, 0x28, 0x28, 0xFF, 0x28, 0x28, 0x28, 0xFF,
        0x28, 0x28, 0x28, 0xFF, 0x28, 0x28, 0x28, 0xFF, 0x28, 0x28, 0x28, 0xFF,
        0x28, 0x28, 0x28, 0xFF, 0x28, 0x28, 0x28, 0xFF, 0x28, 0x28, 0x28, 0xFF,
        0x28, 0x28, 0x28, 0xFF, 0x28, 0x28, 0x28, 0xFF, 0x28, 0x28, 0x28, 0xFF,
        0x28, 0x28, 0x28, 0xFF, 0x28, 0x28, 0x28, 0xFF, 0x28, 0x28, 0x28, 0xFF,
        0x28, 0x28, 0x28, 0xFF, 0x27, 0x27, 0x27, 0xFF, 0x24, 0x24, 0x24, 0xFF,
        0x1F, 0x1F, 0x1F, 0xFF, 0x1A, 0x1A, 0x1A, 0xFF, 0x17, 0x17, 0x17, 0x63,
        0xFF, 0xFF, 0xFF, 0x00, 0xFF, 0xFF, 0xFF, 0x00, 0xFF, 0xFF, 0xFF, 0x00,
        0xFF, 0xFF, 0xFF, 0x00, 0x2D, 0x2D, 0x2D, 0x62, 0x2C, 0x2C, 0x2C, 0xFF,
        0x2D, 0x2D, 0x2D, 0xFF, 0x2E, 0x2E, 0x2E, 0xFF, 0x2E, 0x2E, 0x2E, 0xFF,
        0x2F, 0x2F, 0x2F, 0xFF, 0x2F, 0x2F, 0x2F, 0xFF, 0x2F, 0x2F, 0x2F, 0xFF,
        0x2F, 0x2F, 0x2F, 0xFF, 0x2F, 0x2F, 0x2F, 0xFF, 0x2F, 0x2F, 0x2F, 0xFF,
        0x2F, 0x2F, 0x2F, 0xFF, 0x2F, 0x2F, 0x2F, 0xFF, 0x2F, 0x2F, 0x2F, 0xFF,
        0x2F, 0x2F, 0x2F, 0xFF, 0x2F, 0x2F, 0x2F, 0xFF, 0x2F, 0x2F, 0x2F, 0xFF,
        0x2F, 0x2F, 0x2F, 0xFF, 0x2F, 0x2F, 0x2F, 0xFF, 0x2F, 0x2F, 0x2F, 0xFF,
        0x2F, 0x2F, 0x2F, 0xFF, 0x2F, 0x2F, 0x2F, 0xFF, 0x2F, 0x2F, 0x2F, 0xFF,
        0x2F, 0x2F, 0x2F, 0xFF, 0x2F, 0x2F, 0x2F, 0xFF, 0x2F, 0x2F, 0x2F, 0xFF,
        0x2F, 0x2F, 0x2F, 0xFF, 0x2F, 0x2F, 0x2F, 0xFF, 0x2F, 0x2F, 0x2F, 0xFF,
        0x2F, 0x2F, 0x2F, 0xFF, 0x2F, 0x2F, 0x2F, 0xFF, 0x2F, 0x2F, 0x2F, 0xFF,
        0x2F, 0x2F, 0x2F, 0xFF, 0x2F, 0x2F, 0x2F, 0xFF, 0x2F, 0x2F, 0x2F, 0xFF,
        0x2F, 0x2F, 0x2F, 0xFF, 0x2F, 0x2F, 0x2F, 0xFF, 0x2F, 0x2F, 0x2F, 0xFF,
        0x2F, 0x2F, 0x2F, 0xFF, 0x2F, 0x2F, 0x2F, 0xFF, 0x2F, 0x2F, 0x2F, 0xFF,
        0x2F, 0x2F, 0x2F, 0xFF, 0x2F, 0x2F, 0x2F, 0xFF, 0x2F, 0x2F, 0x2F, 0xFF,
        0x2F, 0x2F, 0x2F, 0xFF, 0x2F, 0x2F, 0x2F, 0xFF, 0x2F, 0x2F, 0x2F, 0xFF,
        0x2F, 0x2F, 0x2F, 0xFF, 0x2F, 0x2F, 0x2F, 0xFF, 0x2F, 0x2F, 0x2F, 0xFF,
        0x2F, 0x2F, 0x2F, 0xFF, 0x2F, 0x2F, 0x2F, 0xFF, 0x2F, 0x2F, 0x2F, 0xFF,
        0x2F, 0x2F, 0x2F, 0xFF, 0x2F, 0x2F, 0x2F, 0xFF, 0x2E, 0x2E, 0x2E, 0xFF,
        0x2E, 0x2E, 0x2E, 0xFF, 0x2D, 0x2D, 0x2D, 0xFF, 0x2C, 0x2C, 0x2C, 0xFF,
        0x2D, 0x2D, 0x2D, 0x63, 0xFF, 0xFF, 0xFF, 0x00, 0xFF, 0xFF, 0xFF, 0x00,
        0xFF, 0xFF, 0xFF, 0x00, 0x18, 0x18, 0x18, 0x01, 0x19, 0x19, 0x19, 0xDB,
        0x1D, 0x1D, 0x1D, 0xFF, 0x22, 0x22, 0x22, 0xFF, 0x26, 0x26, 0x26, 0xFF,
        0x28, 0x28, 0x28, 0xFF, 0x28, 0x28, 0x28, 0xFF, 0x28, 0x28, 0x28, 0xFF,
        0x28, 0x28, 0x28, 0xFF, 0x28, 0x28, 0x28, 0xFF, 0x28, 0x28, 0x28, 0xFF,
        0x28, 0x28, 0x28, 0xFF, 0x28, 0x28, 0x28, 0xFF, 0x28, 0x28, 0x28, 0xFF,
        0x28, 0x28, 0x28, 0xFF, 0x28, 0x28, 0x28, 0xFF, 0x28, 0x28, 0x28, 0xFF,
        0x28, 0x28, 0x28, 0xFF, 0x28, 0x28, 0x28, 0xFF, 0x28, 0x28, 0x28, 0xFF,
        0x28, 0x28, 0x28, 0xFF, 0x28, 0x28, 0x28, 0xFF, 0x28, 0x28, 0x28, 0xFF,
        0x28, 0x28, 0x28, 0xFF, 0x28, 0x28, 0x28, 0xFF, 0x28, 0x28, 0x28, 0xFF,
        0x28, 0x28, 0x28, 0xFF, 0x28, 0x28, 0x28, 0xFF, 0x28, 0x28, 0x28, 0xFF,
        0x28, 0x28, 0x28, 0xFF, 0x28, 0x28, 0x28, 0xFF, 0x28, 0x28, 0x28, 0xFF,
        0x28, 0x28, 0x28, 0xFF, 0x28, 0x28, 0x28, 0xFF, 0x28, 0x28, 0x28, 0xFF,
        0x28, 0x28, 0x28, 0xFF, 0x28, 0x28, 0x28, 0xFF, 0x28, 0x28, 0x28, 0xFF,
        0x28, 0x28, 0x28, 0xFF, 0x28, 0x28, 0x28, 0xFF, 0x28, 0x28, 0x28, 0xFF,
        0x28, 0x28, 0x28, 0xFF, 0x28, 0x28, 0x28, 0xFF, 0x28, 0x28, 0x28, 0xFF,
        0x28, 0x28, 0x28, 0xFF, 0x28, 0x28, 0x28, 0xFF, 0x28, 0x28, 0x28, 0xFF,
        0x28, 0x28, 0x28, 0xFF, 0x28, 0x28, 0x28, 0xFF, 0x28, 0x28, 0x28, 0xFF,
        0x28, 0x28, 0x28, 0xFF, 0x28, 0x28, 0x28, 0xFF, 0x28, 0x28, 0x28, 0xFF,
        0x28, 0x28, 0x28, 0xFF, 0x28, 0x28, 0x28, 0xFF, 0x28, 0x28, 0x28, 0xFF,
        0x28, 0x28, 0x28, 0xFF, 0x26, 0x26, 0x26, 0xFF, 0x22, 0x22, 0x22, 0xFF,
        0x1D, 0x1D, 0x1D, 0xFF, 0x19, 0x19, 0x19, 0xDB, 0x18, 0x18, 0x18, 0x01,
        0xFF, 0xFF, 0xFF, 0x00, 0xFF, 0xFF, 0xFF, 0x00, 0x2F, 0x2F, 0x2F, 0x01,
        0x2F, 0x2F, 0x2F, 0xDB, 0x2D, 0x2D, 0x2D, 0xFF, 0x2F, 0x2F, 0x2F, 0xFF,
        0x2F, 0x2F, 0x2F, 0xFF, 0x2F, 0x2F, 0x2F, 0xFF, 0x2F, 0x2F, 0x2F, 0xFF,
        0x2F, 0x2F, 0x2F, 0xFF, 0x2F, 0x2F, 0x2F, 0xFF, 0x2F, 0x2F, 0x2F, 0xFF,
        0x2F, 0x2F, 0x2F, 0xFF, 0x2F, 0x2F, 0x2F, 0xFF, 0x2F, 0x2F, 0x2F, 0xFF,
        0x2F, 0x2F, 0x2F, 0xFF, 0x2F, 0x2F, 0x2F, 0xFF, 0x2F, 0x2F, 0x2F, 0xFF,
        0x2F, 0x2F, 0x2F, 0xFF, 0x2F, 0x2F, 0x2F, 0xFF, 0x2F, 0x2F, 0x2F, 0xFF,
        0x2F, 0x2F, 0x2F, 0xFF, 0x2F, 0x2F, 0x2F, 0xFF, 0x2F, 0x2F, 0x2F, 0xFF,
        0x2F, 0x2F, 0x2F, 0xFF, 0x2F, 0x2F, 0x2F, 0xFF, 0x2F, 0x2F, 0x2F, 0xFF,
        0x2F, 0x2F, 0x2F, 0xFF, 0x2F, 0x2F, 0x2F, 0xFF, 0x2F, 0x2F, 0x2F, 0xFF,
        0x2F, 0x2F, 0x2F, 0xFF, 0x2F, 0x2F, 0x2F, 0xFF, 0x2F, 0x2F, 0x2F, 0xFF,
        0x2F, 0x2F, 0x2F, 0xFF, 0x2F, 0x2F, 0x2F, 0xFF, 0x2F, 0x2F, 0x2F, 0xFF,
        0x2F, 0x2F, 0x2F, 0xFF, 0x2F, 0x2F, 0x2F, 0xFF, 0x2F, 0x2F, 0x2F, 0xFF,
        0x2F, 0x2F, 0x2F, 0xFF, 0x2F, 0x2F, 0x2F, 0xFF, 0x2F, 0x2F, 0x2F, 0xFF,
        0x2F, 0x2F, 0x2F, 0xFF, 0x2F, 0x2F, 0x2F, 0xFF, 0x2F, 0x2F, 0x2F, 0xFF,
        0x2F, 0x2F, 0x2F, 0xFF, 0x2F, 0x2F, 0x2F, 0xFF, 0x2F, 0x2F, 0x2F, 0xFF,
        0x2F, 0x2F, 0x2F, 0xFF, 0x2F, 0x2F, 0x2F, 0xFF, 0x2F, 0x2F, 0x2F, 0xFF,
        0x2F, 0x2F, 0x2F, 0xFF, 0x2F, 0x2F, 0x2F, 0xFF, 0x2F, 0x2F, 0x2F, 0xFF,
        0x2F, 0x2F, 0x2F, 0xFF, 0x2F, 0x2F, 0x2F, 0xFF, 0x2F, 0x2F, 0x2F, 0xFF,
        0x2F, 0x2F, 0x2F, 0xFF, 0x2F, 0x2F, 0x2F, 0xFF, 0x2F, 0x2F, 0x2F, 0xFF,
        0x2F, 0x2F, 0x2F, 0xFF, 0x2D, 0x2D, 0x2D, 0xFF, 0x2F, 0x2F, 0x2F, 0xDB,
        0x2F, 0x2F, 0x2F, 0x01, 0xFF, 0xFF, 0xFF, 0x00, 0xFF, 0xFF, 0xFF, 0x00,
        0x18, 0x18, 0x18, 0x3F, 0x1B, 0x1B, 0x1B, 0xFF, 0x20, 0x20, 0x20, 0xFF,
        0x24, 0x24, 0x24, 0xFF, 0x27, 0x27, 0x27, 0xFF, 0x27, 0x27, 0x27, 0xFF,
        0x27, 0x27, 0x27, 0xFF, 0x27, 0x27, 0x27, 0xFF, 0x27, 0x27, 0x27, 0xFF,
        0x27, 0x27, 0x27, 0xFF, 0x27, 0x27, 0x27, 0xFF, 0x27, 0x27, 0x27, 0xFF,
        0x27, 0x27, 0x27, 0xFF, 0x27, 0x27, 0x27, 0xFF, 0x27, 0x27, 0x27, 0xFF,
        0x27, 0x27, 0x27, 0xFF, 0x27, 0x27, 0x27, 0xFF, 0x27, 0x27, 0x27, 0xFF,
        0x27, 0x27, 0x27, 0xFF, 0x27, 0x27, 0x27, 0xFF, 0x27, 0x27, 0x27, 0xFF,
        0x27, 0x27, 0x27, 0xFF, 0x27, 0x27, 0x27, 0xFF, 0x27, 0x27, 0x27, 0xFF,
        0x27, 0x27, 0x27, 0xFF, 0x27, 0x27, 0x27, 0xFF, 0x27, 0x27, 0x27, 0xFF,
        0x27, 0x27, 0x27, 0xFF, 0x27, 0x27, 0x27, 0xFF, 0x27, 0x27, 0x27, 0xFF,
        0x27, 0x27, 0x27, 0xFF, 0x27, 0x27, 0x27, 0xFF, 0x27, 0x27, 0x27, 0xFF,
        0x27, 0x27, 0x27, 0xFF, 0x27, 0x27, 0x27, 0xFF, 0x27, 0x27, 0x27, 0xFF,
        0x27, 0x27, 0x27, 0xFF, 0x27, 0x27, 0x27, 0xFF, 0x27, 0x27, 0x27, 0xFF,
        0x27, 0x27, 0x27, 0xFF, 0x27, 0x27, 0x27, 0xFF, 0x27, 0x27, 0x27, 0xFF,
        0x27, 0x27, 0x27, 0xFF, 0x27, 0x27, 0x27, 0xFF, 0x27, 0x27, 0x27, 0xFF,
        0x27, 0x27, 0x27, 0xFF, 0x27, 0x27, 0x27, 0xFF, 0x27, 0x27, 0x27, 0xFF,
        0x27, 0x27, 0x27, 0xFF, 0x27, 0x27, 0x27, 0xFF, 0x27, 0x27, 0x27, 0xFF,
        0x27, 0x27, 0x27, 0xFF, 0x27, 0x27, 0x27, 0xFF, 0x27, 0x27, 0x27, 0xFF,
        0x27, 0x27, 0x27, 0xFF, 0x27, 0x27, 0x27, 0xFF, 0x27, 0x27, 0x27, 0xFF,
        0x27, 0x27, 0x27, 0xFF, 0x24, 0x24, 0x24, 0xFF, 0x20, 0x20, 0x20, 0xFF,
        0x1B, 0x1B, 0x1B, 0xFF, 0x18, 0x18, 0x18, 0x3F, 0xFF, 0xFF, 0xFF, 0x00,
        0xFF, 0xFF, 0xFF, 0x00, 0x30, 0x30, 0x30, 0x3F, 0x30, 0x30, 0x30, 0xFF,
        0x2F, 0x2F, 0x2F, 0xFF, 0x2E, 0x2E, 0x2E, 0xFF, 0x2E, 0x2E, 0x2E, 0xFF,
        0x2E, 0x2E, 0x2E, 0xFF, 0x2E, 0x2E, 0x2E, 0xFF, 0x2E, 0x2E, 0x2E, 0xFF,
        0x2E, 0x2E, 0x2E, 0xFF, 0x2E, 0x2E, 0x2E, 0xFF, 0x2E, 0x2E, 0x2E, 0xFF,
        0x2E, 0x2E, 0x2E, 0xFF, 0x2E, 0x2E, 0x2E, 0xFF, 0x2E, 0x2E, 0x2E, 0xFF,
        0x2E, 0x2E, 0x2E, 0xFF, 0x2E, 0x2E, 0x2E, 0xFF, 0x2E, 0x2E, 0x2E, 0xFF,
        0x2E, 0x2E, 0x2E, 0xFF, 0x2E, 0x2E, 0x2E, 0xFF, 0x2E, 0x2E, 0x2E, 0xFF,
        0x2E, 0x2E, 0x2E, 0xFF, 0x2E, 0x2E, 0x2E, 0xFF, 0x2E, 0x2E, 0x2E, 0xFF,
        0x2E, 0x2E, 0x2E, 0xFF, 0x2E, 0x2E, 0x2E, 0xFF, 0x2E, 0x2E, 0x2E, 0xFF,
        0x2E, 0x2E, 0x2E, 0xFF, 0x2E, 0x2E, 0x2E, 0xFF, 0x2E, 0x2E, 0x2E, 0xFF,
        0x2E, 0x2E, 0x2E, 0xFF, 0x2E, 0x2E, 0x2E, 0xFF, 0x2E, 0x2E, 0x2E, 0xFF,
        0x2E, 0x2E, 0x2E, 0xFF, 0x2E, 0x2E, 0x2E, 0xFF, 0x2E, 0x2E, 0x2E, 0xFF,
        0x2E, 0x2E, 0x2E, 0xFF, 0x2E, 0x2E, 0x2E, 0xFF, 0x2E, 0x2E, 0x2E, 0xFF,
        0x2E, 0x2E, 0x2E, 0xFF, 0x2E, 0x2E, 0x2E, 0xFF, 0x2E, 0x2E, 0x2E, 0xFF,
        0x2E, 0x2E, 0x2E, 0xFF, 0x2E, 0x2E, 0x2E, 0xFF, 0x2E, 0x2E, 0x2E, 0xFF,
        0x2E, 0x2E, 0x2E, 0xFF, 0x2E, 0x2E, 0x2E, 0xFF, 0x2E, 0x2E, 0x2E, 0xFF,
        0x2E, 0x2E, 0x2E, 0xFF, 0x2E, 0x2E, 0x2E, 0xFF, 0x2E, 0x2E, 0x2E, 0xFF,
        0x2E, 0x2E, 0x2E, 0xFF, 0x2E, 0x2E, 0x2E, 0xFF, 0x2E, 0x2E, 0x2E, 0xFF,
        0x2E, 0x2E, 0x2E, 0xFF, 0x2E, 0x2E, 0x2E, 0xFF, 0x2E, 0x2E, 0x2E, 0xFF,
        0x2E, 0x2E, 0x2E, 0xFF, 0x2E, 0x2E, 0x2E, 0xFF, 0x2E, 0x2E, 0x2E, 0xFF,
        0x2F, 0x2F, 0x2F, 0xFF, 0x30, 0x30, 0x30, 0xFF, 0x30, 0x30, 0x30, 0x3F,
        0xFF, 0xFF, 0xFF, 0x00, 0xFF, 0xFF, 0xFF, 0x00, 0x1A, 0x1A, 0x1A, 0x89,
        0x1E, 0x1E, 0x1E, 0xFF, 0x23, 0x23, 0x23, 0xFF, 0x25, 0x25, 0x25, 0xFF,
        0x27, 0x27, 0x27, 0xFF, 0x27, 0x27, 0x27, 0xFF, 0x27, 0x27, 0x27, 0xFF,
        0x27, 0x27, 0x27, 0xFF, 0x27, 0x27, 0x27, 0xFF, 0x27, 0x27, 0x27, 0xFF,
        0x27, 0x27, 0x27, 0xFF, 0x27, 0x27, 0x27, 0xFF, 0x27, 0x27, 0x27, 0xFF,
        0x27, 0x27, 0x27, 0xFF, 0x27, 0x27, 0x27, 0xFF, 0x27, 0x27, 0x27, 0xFF,
        0x27, 0x27, 0x27, 0xFF, 0x27, 0x27, 0x27, 0xFF, 0x27, 0x27, 0x27, 0xFF,
        0x27, 0x27, 0x27, 0xFF, 0x27, 0x27, 0x27, 0xFF, 0x27, 0x27, 0x27, 0xFF,
        0x27, 0x27, 0x27, 0xFF, 0x27, 0x27, 0x27, 0xFF, 0x27, 0x27, 0x27, 0xFF,
        0x27, 0x27, 0x27, 0xFF, 0x27, 0x27, 0x27, 0xFF, 0x27, 0x27, 0x27, 0xFF,
        0x27, 0x27, 0x27, 0xFF, 0x27, 0x27, 0x27, 0xFF, 0x27, 0x27, 0x27, 0xFF,
        0x27, 0x27, 0x27, 0xFF, 0x27, 0x27, 0x27, 0xFF, 0x27, 0x27, 0x27, 0xFF,
        0x27, 0x27, 0x27, 0xFF, 0x27, 0x27, 0x27, 0xFF, 0x27, 0x27, 0x27, 0xFF,
        0x27, 0x27, 0x27, 0xFF, 0x27, 0x27, 0x27, 0xFF, 0x27, 0x27, 0x27, 0xFF,
        0x27, 0x27, 0x27, 0xFF, 0x27, 0x27, 0x27, 0xFF, 0x27, 0x27, 0x27, 0xFF,
        0x27, 0x27, 0x27, 0xFF, 0x27, 0x27, 0x27, 0xFF, 0x27, 0x27, 0x27, 0xFF,
        0x27, 0x27, 0x27, 0xFF, 0x27, 0x27, 0x27, 0xFF, 0x27, 0x27, 0x27, 0xFF,
        0x27, 0x27, 0x27, 0xFF, 0x27, 0x27, 0x27, 0xFF, 0x27, 0x27, 0x27, 0xFF,
        0x27, 0x27, 0x27, 0xFF, 0x27, 0x27, 0x27, 0xFF, 0x27, 0x27, 0x27, 0xFF,
        0x27, 0x27, 0x27, 0xFF, 0x27, 0x27, 0x27, 0xFF, 0x27, 0x27, 0x27, 0xFF,
        0x25, 0x25, 0x25, 0xFF, 0x23, 0x23, 0x23, 0xFF, 0x1E, 0x1E, 0x1E, 0xFF,
        0x1A, 0x1A, 0x1A, 0x89, 0xFF, 0xFF, 0xFF, 0x00, 0xFF, 0xFF, 0xFF, 0x00,
        0x33, 0x33, 0x33, 0x89, 0x31, 0x31, 0x31, 0xFF, 0x30, 0x30, 0x30, 0xFF,
        0x2E, 0x2E, 0x2E, 0xFF, 0x2E, 0x2E, 0x2E, 0xFF, 0x2E, 0x2E, 0x2E, 0xFF,
        0x2E, 0x2E, 0x2E, 0xFF, 0x2E, 0x2E, 0x2E, 0xFF, 0x2E, 0x2E, 0x2E, 0xFF,
        0x2E, 0x2E, 0x2E, 0xFF, 0x2E, 0x2E, 0x2E, 0xFF, 0x2E, 0x2E, 0x2E, 0xFF,
        0x2E, 0x2E, 0x2E, 0xFF, 0x2E, 0x2E, 0x2E, 0xFF, 0x2E, 0x2E, 0x2E, 0xFF,
        0x2E, 0x2E, 0x2E, 0xFF, 0x2E, 0x2E, 0x2E, 0xFF, 0x2E, 0x2E, 0x2E, 0xFF,
        0x2E, 0x2E, 0x2E, 0xFF, 0x2E, 0x2E, 0x2E, 0xFF, 0x2E, 0x2E, 0x2E, 0xFF,
        0x2E, 0x2E, 0x2E, 0xFF, 0x2E, 0x2E, 0x2E, 0xFF, 0x2E, 0x2E, 0x2E, 0xFF,
        0x2E, 0x2E, 0x2E, 0xFF, 0x2E, 0x2E, 0x2E, 0xFF, 0x2E, 0x2E, 0x2E, 0xFF,
        0x2E, 0x2E, 0x2E, 0xFF, 0x2E, 0x2E, 0x2E, 0xFF, 0x2E, 0x2E, 0x2E, 0xFF,
        0x2E, 0x2E, 0x2E, 0xFF, 0x2E, 0x2E, 0x2E, 0xFF, 0x2E, 0x2E, 0x2E, 0xFF,
        0x2E, 0x2E, 0x2E, 0xFF, 0x2E, 0x2E, 0x2E, 0xFF, 0x2E, 0x2E, 0x2E, 0xFF,
        0x2E, 0x2E, 0x2E, 0xFF, 0x2E, 0x2E, 0x2E, 0xFF, 0x2E, 0x2E, 0x2E, 0xFF,
        0x2E, 0x2E, 0x2E, 0xFF, 0x2E, 0x2E, 0x2E, 0xFF, 0x2E, 0x2E, 0x2E, 0xFF,
        0x2E, 0x2E, 0x2E, 0xFF, 0x2E, 0x2E, 0x2E, 0xFF, 0x2E, 0x2E, 0x2E, 0xFF,
        0x2E, 0x2E, 0x2E, 0xFF, 0x2E, 0x2E, 0x2E, 0xFF, 0x2E, 0x2E, 0x2E, 0xFF,
        0x2E, 0x2E, 0x2E, 0xFF, 0x2E, 0x2E, 0x2E, 0xFF, 0x2E, 0x2E, 0x2E, 0xFF,
        0x2E, 0x2E, 0x2E, 0xFF, 0x2E, 0x2E, 0x2E, 0xFF, 0x2E, 0x2E, 0x2E, 0xFF,
        0x2E, 0x2E, 0x2E, 0xFF, 0x2E, 0x2E, 0x2E, 0xFF, 0x2E, 0x2E, 0x2E, 0xFF,
        0x2E, 0x2E, 0x2E, 0xFF, 0x2E, 0x2E, 0x2E, 0xFF, 0x30, 0x30, 0x30, 0xFF,
        0x31, 0x31, 0x31, 0xFF, 0x33, 0x33, 0x33, 0x89, 0xFF, 0xFF, 0xFF, 0x00,
        0xFF, 0xFF, 0xFF, 0x00, 0x1C, 0x1C, 0x1C, 0xC3, 0x20, 0x20, 0x20, 0xFF,
        0x24, 0x24, 0x24, 0xFF, 0x27, 0x27, 0x27, 0xFF, 0x27, 0x27, 0x27, 0xFF,
        0x27, 0x27, 0x27, 0xFF, 0x27, 0x27, 0x27, 0xFF, 0x27, 0x27, 0x27, 0xFF,
        0x27, 0x27, 0x27, 0xFF, 0x27, 0x27, 0x27, 0xFF, 0x27, 0x27, 0x27, 0xFF,
        0x27, 0x27, 0x27, 0xFF, 0x27, 0x27, 0x27, 0xFF, 0x27, 0x27, 0x27, 0xFF,
        0x27, 0x27, 0x27, 0xFF, 0x27, 0x27, 0x27, 0xFF, 0x27, 0x27, 0x27, 0xFF,
        0x27, 0x27, 0x27, 0xFF, 0x27, 0x27, 0x27, 0xFF, 0x27, 0x27, 0x27, 0xFF,
        0x27, 0x27, 0x27, 0xFF, 0x27, 0x27, 0x27, 0xFF, 0x27, 0x27, 0x27, 0xFF,
        0x27, 0x27, 0x27, 0xFF, 0x27, 0x27, 0x27, 0xFF, 0x27, 0x27, 0x27, 0xFF,
        0x27, 0x27, 0x27, 0xFF, 0x27, 0x27, 0x27, 0xFF, 0x27, 0x27, 0x27, 0xFF,
        0x27, 0x27, 0x27, 0xFF, 0x27, 0x27, 0x27, 0xFF, 0x27, 0x27, 0x27, 0xFF,
        0x27, 0x27, 0x27, 0xFF, 0x27, 0x27, 0x27, 0xFF, 0x27, 0x27, 0x27, 0xFF,
        0x27, 0x27, 0x27, 0xFF, 0x27, 0x27, 0x27, 0xFF, 0x27, 0x27, 0x27, 0xFF,
        0x27, 0x27, 0x27, 0xFF, 0x27, 0x27, 0x27, 0xFF, 0x27, 0x27, 0x27, 0xFF,
        0x27, 0x27, 0x27, 0xFF, 0x27, 0x27, 0x27, 0xFF, 0x27, 0x27, 0x27, 0xFF,
        0x27, 0x27, 0x27, 0xFF, 0x27, 0x27, 0x27, 0xFF, 0x27, 0x27, 0x27, 0xFF,
        0x27, 0x27, 0x27, 0xFF, 0x27, 0x27, 0x27, 0xFF, 0x27, 0x27, 0x27, 0xFF,
        0x27, 0x27, 0x27, 0xFF, 0x27, 0x27, 0x27, 0xFF, 0x27, 0x27, 0x27, 0xFF,
        0x27, 0x27, 0x27, 0xFF, 0x27, 0x27, 0x27, 0xFF, 0x27, 0x27, 0x27, 0xFF,
        0x27, 0x27, 0x27, 0xFF, 0x27, 0x27, 0x27, 0xFF, 0x27, 0x27, 0x27, 0xFF,
        0x24, 0x24, 0x24, 0xFF, 0x20, 0x20, 0x20, 0xFF, 0x1C, 0x1C, 0x1C, 0xC2,
        0xFF, 0xFF, 0xFF, 0x00, 0xFF, 0xFF, 0xFF, 0x00, 0x35, 0x35, 0x35, 0xC3,
        0x32, 0x32, 0x32, 0xFF, 0x30, 0x30, 0x30, 0xFF, 0x2E, 0x2E, 0x2E, 0xFF,
        0x2D, 0x2D, 0x2D, 0xFF, 0x2D, 0x2D, 0x2D, 0xFF, 0x2D, 0x2D, 0x2D, 0xFF,
        0x2D, 0x2D, 0x2D, 0xFF, 0x2D, 0x2D, 0x2D, 0xFF, 0x2D, 0x2D, 0x2D, 0xFF,
        0x2D, 0x2D, 0x2D, 0xFF, 0x2D, 0x2D, 0x2D, 0xFF, 0x2D, 0x2D, 0x2D, 0xFF,
        0x2D, 0x2D, 0x2D, 0xFF, 0x2D, 0x2D, 0x2D, 0xFF, 0x2D, 0x2D, 0x2D, 0xFF,
        0x2D, 0x2D, 0x2D, 0xFF, 0x2D, 0x2D, 0x2D, 0xFF, 0x2D, 0x2D, 0x2D, 0xFF,
        0x2D, 0x2D, 0x2D, 0xFF, 0x2D, 0x2D, 0x2D, 0xFF, 0x2D, 0x2D, 0x2D, 0xFF,
        0x2D, 0x2D, 0x2D, 0xFF, 0x2D, 0x2D, 0x2D, 0xFF, 0x2D, 0x2D, 0x2D, 0xFF,
        0x2D, 0x2D, 0x2D, 0xFF, 0x2D, 0x2D, 0x2D, 0xFF, 0x2D, 0x2D, 0x2D, 0xFF,
        0x2D, 0x2D, 0x2D, 0xFF, 0x2D, 0x2D, 0x2D, 0xFF, 0x2D, 0x2D, 0x2D, 0xFF,
        0x2D, 0x2D, 0x2D, 0xFF, 0x2D, 0x2D, 0x2D, 0xFF, 0x2D, 0x2D, 0x2D, 0xFF,
        0x2D, 0x2D, 0x2D, 0xFF, 0x2D, 0x2D, 0x2D, 0xFF, 0x2D, 0x2D, 0x2D, 0xFF,
        0x2D, 0x2D, 0x2D, 0xFF, 0x2D, 0x2D, 0x2D, 0xFF, 0x2D, 0x2D, 0x2D, 0xFF,
        0x2D, 0x2D, 0x2D, 0xFF, 0x2D, 0x2D, 0x2D, 0xFF, 0x2D, 0x2D, 0x2D, 0xFF,
        0x2D, 0x2D, 0x2D, 0xFF, 0x2D, 0x2D, 0x2D, 0xFF, 0x2D, 0x2D, 0x2D, 0xFF,
        0x2D, 0x2D, 0x2D, 0xFF, 0x2D, 0x2D, 0x2D, 0xFF, 0x2D, 0x2D, 0x2D, 0xFF,
        0x2D, 0x2D, 0x2D, 0xFF, 0x2D, 0x2D, 0x2D, 0xFF, 0x2D, 0x2D, 0x2D, 0xFF,
        0x2D, 0x2D, 0x2D, 0xFF, 0x2D, 0x2D, 0x2D, 0xFF, 0x2D, 0x2D, 0x2D, 0xFF,
        0x2D, 0x2D, 0x2D, 0xFF, 0x2D, 0x2D, 0x2D, 0xFF, 0x2D, 0x2D, 0x2D, 0xFF,
        0x2E, 0x2E, 0x2E, 0xFF, 0x30, 0x30, 0x30, 0xFF, 0x32, 0x32, 0x32, 0xFF,
        0x35, 0x35, 0x35, 0xC2, 0xFF, 0xFF, 0xFF, 0x00, 0xFF, 0xFF, 0xFF, 0x00,
        0x1D, 0x1D, 0x1D, 0xE8, 0x21, 0x21, 0x21, 0xFF, 0x24, 0x24, 0x24, 0xFF,
        0x26, 0x26, 0x26, 0xFF, 0x26, 0x26, 0x26, 0xFF, 0x26, 0x26, 0x26, 0xFF,
        0x26, 0x26, 0x26, 0xFF, 0x26, 0x26, 0x26, 0xFF, 0x26, 0x26, 0x26, 0xFF,
        0x26, 0x26, 0x26, 0xFF, 0x26, 0x26, 0x26, 0xFF, 0x26, 0x26, 0x26, 0xFF,
        0x26, 0x26, 0x26, 0xFF, 0x26, 0x26, 0x26, 0xFF, 0x26, 0x26, 0x26, 0xFF,
        0x26, 0x26, 0x26, 0xFF, 0x26, 0x26, 0x26, 0xFF, 0x26, 0x26, 0x26, 0xFF,
        0x26, 0x26, 0x26, 0xFF, 0x26, 0x26, 0x26, 0xFF, 0x26, 0x26, 0x26, 0xFF,
        0x26, 0x26, 0x26, 0xFF, 0x26, 0x26, 0x26, 0xFF, 0x26, 0x26, 0x26, 0xFF,
        0x26, 0x26, 0x26, 0xFF, 0x26, 0x26, 0x26, 0xFF, 0x26, 0x26, 0x26, 0xFF,
        0x26, 0x26, 0x26, 0xFF, 0x26, 0x26, 0x26, 0xFF, 0x26, 0x26, 0x26, 0xFF,
        0x26, 0x26, 0x26, 0xFF, 0x26, 0x26, 0x26, 0xFF, 0x26, 0x26, 0x26, 0xFF,
        0x26, 0x26, 0x26, 0xFF, 0x26, 0x26, 0x26, 0xFF, 0x26, 0x26, 0x26, 0xFF,
        0x26, 0x26, 0x26, 0xFF, 0x26, 0x26, 0x26, 0xFF, 0x26, 0x26, 0x26, 0xFF,
        0x26, 0x26, 0x26, 0xFF, 0x26, 0x26, 0x26, 0xFF, 0x26, 0x26, 0x26, 0xFF,
        0x26, 0x26, 0x26, 0xFF, 0x26, 0x26, 0x26, 0xFF, 0x26, 0x26, 0x26, 0xFF,
        0x26, 0x26, 0x26, 0xFF, 0x26, 0x26, 0x26, 0xFF, 0x26, 0x26, 0x26, 0xFF,
        0x26, 0x26, 0x26, 0xFF, 0x26, 0x26, 0x26, 0xFF, 0x26, 0x26, 0x26, 0xFF,
        0x26, 0x26, 0x26, 0xFF, 0x26, 0x26, 0x26, 0xFF, 0x26, 0x26, 0x26, 0xFF,
        0x26, 0x26, 0x26, 0xFF, 0x26, 0x26, 0x26, 0xFF, 0x26, 0x26, 0x26, 0xFF,
        0x26, 0x26, 0x26, 0xFF, 0x26, 0x26, 0x26, 0xFF, 0x24, 0x24, 0x24, 0xFF,
        0x21, 0x21, 0x21, 0xFF, 0x1D, 0x1D, 0x1D, 0xE8, 0xFF, 0xFF, 0xFF, 0x00,
        0xFF, 0xFF, 0xFF, 0x00, 0x36, 0x36, 0x36, 0xE8, 0x33, 0x33, 0x33, 0xFF,
        0x2F, 0x2F, 0x2F, 0xFF, 0x2E, 0x2E, 0x2E, 0xFF, 0x2D, 0x2D, 0x2D, 0xFF,
        0x2D, 0x2D, 0x2D, 0xFF, 0x2D, 0x2D, 0x2D, 0xFF, 0x2D, 0x2D, 0x2D, 0xFF,
        0x2D, 0x2D, 0x2D, 0xFF, 0x2D, 0x2D, 0x2D, 0xFF, 0x2D, 0x2D, 0x2D, 0xFF,
        0x2D, 0x2D, 0x2D, 0xFF, 0x2D, 0x2D, 0x2D, 0xFF, 0x2D, 0x2D, 0x2D, 0xFF,
        0x2D, 0x2D, 0x2D, 0xFF, 0x2D, 0x2D, 0x2D, 0xFF, 0x2D, 0x2D, 0x2D, 0xFF,
        0x2D, 0x2D, 0x2D, 0xFF, 0x2D, 0x2D, 0x2D, 0xFF, 0x2D, 0x2D, 0x2D, 0xFF,
        0x2D, 0x2D, 0x2D, 0xFF, 0x2D, 0x2D, 0x2D, 0xFF, 0x2D, 0x2D, 0x2D, 0xFF,
        0x2D, 0x2D, 0x2D, 0xFF, 0x2D, 0x2D, 0x2D, 0xFF, 0x2D, 0x2D, 0x2D, 0xFF,
        0x2D, 0x2D, 0x2D, 0xFF, 0x2D, 0x2D, 0x2D, 0xFF, 0x2D, 0x2D, 0x2D, 0xFF,
        0x2D, 0x2D, 0x2D, 0xFF, 0x2D, 0x2D, 0x2D, 0xFF, 0x2D, 0x2D, 0x2D, 0xFF,
        0x2D, 0x2D, 0x2D, 0xFF, 0x2D, 0x2D, 0x2D, 0xFF, 0x2D, 0x2D, 0x2D, 0xFF,
        0x2D, 0x2D, 0x2D, 0xFF, 0x2D, 0x2D, 0x2D, 0xFF, 0x2D, 0x2D, 0x2D, 0xFF,
        0x2D, 0x2D, 0x2D, 0xFF, 0x2D, 0x2D, 0x2D, 0xFF, 0x2D, 0x2D, 0x2D, 0xFF,
        0x2D, 0x2D, 0x2D, 0xFF, 0x2D, 0x2D, 0x2D, 0xFF, 0x2D, 0x2D, 0x2D, 0xFF,
        0x2D, 0x2D, 0x2D, 0xFF, 0x2D, 0x2D, 0x2D, 0xFF, 0x2D, 0x2D, 0x2D, 0xFF,
        0x2D, 0x2D, 0x2D, 0xFF, 0x2D, 0x2D, 0x2D, 0xFF, 0x2D, 0x2D, 0x2D, 0xFF,
        0x2D, 0x2D, 0x2D, 0xFF, 0x2D, 0x2D, 0x2D, 0xFF, 0x2D, 0x2D, 0x2D, 0xFF,
        0x2D, 0x2D, 0x2D, 0xFF, 0x2D, 0x2D, 0x2D, 0xFF, 0x2D, 0x2D, 0x2D, 0xFF,
        0x2D, 0x2D, 0x2D, 0xFF, 0x2D, 0x2D, 0x2D, 0xFF, 0x2E, 0x2E, 0x2E, 0xFF,
        0x2F, 0x2F, 0x2F, 0xFF, 0x33, 0x33, 0x33, 0xFF, 0x36, 0x36, 0x36, 0xE8,
        0xFF, 0xFF, 0xFF, 0x00, 0xFF, 0xFF, 0xFF, 0x00, 0x1D, 0x1D, 0x1D, 0xF9,
        0x21, 0x21, 0x21, 0xFF, 0x25, 0x25, 0x25, 0xFF, 0x26, 0x26, 0x26, 0xFF,
        0x26, 0x26, 0x26, 0xFF, 0x26, 0x26, 0x26, 0xFF, 0x26, 0x26, 0x26, 0xFF,
        0x26, 0x26, 0x26, 0xFF, 0x26, 0x26, 0x26, 0xFF, 0x26, 0x26, 0x26, 0xFF,
        0x26, 0x26, 0x26, 0xFF, 0x26, 0x26, 0x26, 0xFF, 0x26, 0x26, 0x26, 0xFF,
        0x26, 0x26, 0x26, 0xFF, 0x26, 0x26, 0x26, 0xFF, 0x26, 0x26, 0x26, 0xFF,
        0x26, 0x26, 0x26, 0xFF, 0x26, 0x26, 0x26, 0xFF, 0x26, 0x26, 0x26, 0xFF,
        0x26, 0x26, 0x26, 0xFF, 0x26, 0x26, 0x26, 0xFF, 0x26, 0x26, 0x26, 0xFF,
        0x26, 0x26, 0x26, 0xFF, 0x26, 0x26, 0x26, 0xFF, 0x26, 0x26, 0x26, 0xFF,
        0x26, 0x26, 0x26, 0xFF, 0x26, 0x26, 0x26, 0xFF, 0x26, 0x26, 0x26, 0xFF,
        0x26, 0x26, 0x26, 0xFF, 0x26, 0x26, 0x26, 0xFF, 0x26, 0x26, 0x26, 0xFF,
        0x26, 0x26, 0x26, 0xFF, 0x26, 0x26, 0x26, 0xFF, 0x26, 0x26, 0x26, 0xFF,
        0x26, 0x26, 0x26, 0xFF, 0x26, 0x26, 0x26, 0xFF, 0x26, 0x26, 0x26, 0xFF,
        0x26, 0x26, 0x26, 0xFF, 0x26, 0x26, 0x26, 0xFF, 0x26, 0x26, 0x26, 0xFF,
        0x26, 0x26, 0x26, 0xFF, 0x26, 0x26, 0x26, 0xFF, 0x26, 0x26, 0x26, 0xFF,
        0x26, 0x26, 0x26, 0xFF, 0x26, 0x26, 0x26, 0xFF, 0x26, 0x26, 0x26, 0xFF,
        0x26, 0x26, 0x26, 0xFF, 0x26, 0x26, 0x26, 0xFF, 0x26, 0x26, 0x26, 0xFF,
        0x26, 0x26, 0x26, 0xFF, 0x26, 0x26, 0x26, 0xFF, 0x26, 0x26, 0x26, 0xFF,
        0x26, 0x26, 0x26, 0xFF, 0x26, 0x26, 0x26, 0xFF, 0x26, 0x26, 0x26, 0xFF,
        0x26, 0x26, 0x26, 0xFF, 0x26, 0x26, 0x26, 0xFF, 0x26, 0x26, 0x26, 0xFF,
        0x26, 0x26, 0x26, 0xFF, 0x25, 0x25, 0x25, 0xFF, 0x21, 0x21, 0x21, 0xFF,
        0x1D, 0x1D, 0x1D, 0xF9, 0xFF, 0xFF, 0xFF, 0x00, 0xFF, 0xFF, 0xFF, 0x00,
        0x36, 0x36, 0x36, 0xF9, 0x32, 0x32, 0x32, 0xFF, 0x2E, 0x2E, 0x2E, 0xFF,
        0x2C, 0x2C, 0x2C, 0xFF, 0x2C, 0x2C, 0x2C, 0xFF, 0x2C, 0x2C, 0x2C, 0xFF,
        0x2C, 0x2C, 0x2C, 0xFF, 0x2C, 0x2C, 0x2C, 0xFF, 0x2C, 0x2C, 0x2C, 0xFF,
        0x2C, 0x2C, 0x2C, 0xFF, 0x2C, 0x2C, 0x2C, 0xFF, 0x2C, 0x2C, 0x2C, 0xFF,
        0x2C, 0x2C, 0x2C, 0xFF, 0x2C, 0x2C, 0x2C, 0xFF, 0x2C, 0x2C, 0x2C, 0xFF,
        0x2C, 0x2C, 0x2C, 0xFF, 0x2C, 0x2C, 0x2C, 0xFF, 0x2C, 0x2C, 0x2C, 0xFF,
        0x2C, 0x2C, 0x2C, 0xFF, 0x2C, 0x2C, 0x2C, 0xFF, 0x2C, 0x2C, 0x2C, 0xFF,
        0x2C, 0x2C, 0x2C, 0xFF, 0x2C, 0x2C, 0x2C, 0xFF, 0x2C, 0x2C, 0x2C, 0xFF,
        0x2C, 0x2C, 0x2C, 0xFF, 0x2C, 0x2C, 0x2C, 0xFF, 0x2C, 0x2C, 0x2C, 0xFF,
        0x2C, 0x2C, 0x2C, 0xFF, 0x2C, 0x2C, 0x2C, 0xFF, 0x2C, 0x2C, 0x2C, 0xFF,
        0x2C, 0x2C, 0x2C, 0xFF, 0x2C, 0x2C, 0x2C, 0xFF, 0x2C, 0x2C, 0x2C, 0xFF,
        0x2C, 0x2C, 0x2C, 0xFF, 0x2C, 0x2C, 0x2C, 0xFF, 0x2C, 0x2C, 0x2C, 0xFF,
        0x2C, 0x2C, 0x2C, 0xFF, 0x2C, 0x2C, 0x2C, 0xFF, 0x2C, 0x2C, 0x2C, 0xFF,
        0x2C, 0x2C, 0x2C, 0xFF, 0x2C, 0x2C, 0x2C, 0xFF, 0x2C, 0x2C, 0x2C, 0xFF,
        0x2C, 0x2C, 0x2C, 0xFF, 0x2C, 0x2C, 0x2C, 0xFF, 0x2C, 0x2C, 0x2C, 0xFF,
        0x2C, 0x2C, 0x2C, 0xFF, 0x2C, 0x2C, 0x2C, 0xFF, 0x2C, 0x2C, 0x2C, 0xFF,
        0x2C, 0x2C, 0x2C, 0xFF, 0x2C, 0x2C, 0x2C, 0xFF, 0x2C, 0x2C, 0x2C, 0xFF,
        0x2C, 0x2C, 0x2C, 0xFF, 0x2C, 0x2C, 0x2C, 0xFF, 0x2C, 0x2C, 0x2C, 0xFF,
        0x2C, 0x2C, 0x2C, 0xFF, 0x2C, 0x2C, 0x2C, 0xFF, 0x2C, 0x2C, 0x2C, 0xFF,
        0x2C, 0x2C, 0x2C, 0xFF, 0x2C, 0x2C, 0x2C, 0xFF, 0x2E, 0x2E, 0x2E, 0xFF,
        0x32, 0x32, 0x32, 0xFF, 0x36, 0x36, 0x36, 0xF9, 0xFF, 0xFF, 0xFF, 0x00,
        0xFF, 0xFF, 0xFF, 0x00, 0x1F, 0x1F, 0x1F, 0xFF, 0x22, 0x22, 0x22, 0xFF,
        0x25, 0x25, 0x25, 0xFF, 0x26, 0x26, 0x26, 0xFF, 0x26, 0x26, 0x26, 0xFF,
        0x26, 0x26, 0x26, 0xFF, 0x26, 0x26, 0x26, 0xFF, 0x26, 0x26, 0x26, 0xFF,
        0x26, 0x26, 0x26, 0xFF, 0x26, 0x26, 0x26, 0xFF, 0x26, 0x26, 0x26, 0xFF,
        0x26, 0x26, 0x26, 0xFF, 0x26, 0x26, 0x26, 0xFF, 0x26, 0x26, 0x26, 0xFF,
        0x26, 0x26, 0x26, 0xFF, 0x26, 0x26, 0x26, 0xFF, 0x26, 0x26, 0x26, 0xFF,
        0x26, 0x26, 0x26, 0xFF, 0x26, 0x26, 0x26, 0xFF, 0x26, 0x26, 0x26, 0xFF,
        0x26, 0x26, 0x26, 0xFF, 0x26, 0x26, 0x26, 0xFF, 0x26, 0x26, 0x26, 0xFF,
        0x26, 0x26, 0x26, 0xFF, 0x26, 0x26, 0x26, 0xFF, 0x26, 0x26, 0x26, 0xFF,
        0x26, 0x26, 0x26, 0xFF, 0x26, 0x26, 0x26, 0xFF, 0x26, 0x26, 0x26, 0xFF,
        0x26, 0x26, 0x26, 0xFF, 0x26, 0x26, 0x26, 0xFF, 0x26, 0x26, 0x26, 0xFF,
        0x26, 0x26, 0x26, 0xFF, 0x26, 0x26, 0x26, 0xFF, 0x26, 0x26, 0x26, 0xFF,
        0x26, 0x26, 0x26, 0xFF, 0x26, 0x26, 0x26, 0xFF, 0x26, 0x26, 0x26, 0xFF,
        0x26, 0x26, 0x26, 0xFF, 0x26, 0x26, 0x26, 0xFF, 0x26, 0x26, 0x26, 0xFF,
        0x26, 0x26, 0x26, 0xFF, 0x26, 0x26, 0x26, 0xFF, 0x26, 0x26, 0x26, 0xFF,
        0x26, 0x26, 0x26, 0xFF, 0x26, 0x26, 0x26, 0xFF, 0x26, 0x26, 0x26, 0xFF,
        0x26, 0x26, 0x26, 0xFF, 0x26, 0x26, 0x26, 0xFF, 0x26, 0x26, 0x26, 0xFF,
        0x26, 0x26, 0x26, 0xFF, 0x26, 0x26, 0x26, 0xFF, 0x26, 0x26, 0x26, 0xFF,
        0x26, 0x26, 0x26, 0xFF, 0x26, 0x26, 0x26, 0xFF, 0x26, 0x26, 0x26, 0xFF,
        0x26, 0x26, 0x26, 0xFF, 0x26, 0x26, 0x26, 0xFF, 0x26, 0x26, 0x26, 0xFF,
        0x25, 0x25, 0x25, 0xFF, 0x22, 0x22, 0x22, 0xFF, 0x1F, 0x1F, 0x1F, 0xFF,
        0xFF, 0xFF, 0xFF, 0x00, 0xFF, 0xFF, 0xFF, 0x00, 0x37, 0x37, 0x37, 0xFF,
        0x33, 0x33, 0x33, 0xFF, 0x2F, 0x2F, 0x2F, 0xFF, 0x2C, 0x2C, 0x2C, 0xFF,
        0x2C, 0x2C, 0x2C, 0xFF, 0x2C, 0x2C, 0x2C, 0xFF, 0x2C, 0x2C, 0x2C, 0xFF,
        0x2C, 0x2C, 0x2C, 0xFF, 0x2C, 0x2C, 0x2C, 0xFF, 0x2C, 0x2C, 0x2C, 0xFF,
        0x2C, 0x2C, 0x2C, 0xFF, 0x2C, 0x2C, 0x2C, 0xFF, 0x2C, 0x2C, 0x2C, 0xFF,
        0x2C, 0x2C, 0x2C, 0xFF, 0x2C, 0x2C, 0x2C, 0xFF, 0x2C, 0x2C, 0x2C, 0xFF,
        0x2C, 0x2C, 0x2C, 0xFF, 0x2C, 0x2C, 0x2C, 0xFF, 0x2C, 0x2C, 0x2C, 0xFF,
        0x2C, 0x2C, 0x2C, 0xFF, 0x2C, 0x2C, 0x2C, 0xFF, 0x2C, 0x2C, 0x2C, 0xFF,
        0x2C, 0x2C, 0x2C, 0xFF, 0x2C, 0x2C, 0x2C, 0xFF, 0x2C, 0x2C, 0x2C, 0xFF,
        0x2C, 0x2C, 0x2C, 0xFF, 0x2C, 0x2C, 0x2C, 0xFF, 0x2C, 0x2C, 0x2C, 0xFF,
        0x2C, 0x2C, 0x2C, 0xFF, 0x2C, 0x2C, 0x2C, 0xFF, 0x2C, 0x2C, 0x2C, 0xFF,
        0x2C, 0x2C, 0x2C, 0xFF, 0x2C, 0x2C, 0x2C, 0xFF, 0x2C, 0x2C, 0x2C, 0xFF,
        0x2C, 0x2C, 0x2C, 0xFF, 0x2C, 0x2C, 0x2C, 0xFF, 0x2C, 0x2C, 0x2C, 0xFF,
        0x2C, 0x2C, 0x2C, 0xFF, 0x2C, 0x2C, 0x2C, 0xFF, 0x2C, 0x2C, 0x2C, 0xFF,
        0x2C, 0x2C, 0x2C, 0xFF, 0x2C, 0x2C, 0x2C, 0xFF, 0x2C, 0x2C, 0x2C, 0xFF,
        0x2C, 0x2C, 0x2C, 0xFF, 0x2C, 0x2C, 0x2C, 0xFF, 0x2C, 0x2C, 0x2C, 0xFF,
        0x2C, 0x2C, 0x2C, 0xFF, 0x2C, 0x2C, 0x2C, 0xFF, 0x2C, 0x2C, 0x2C, 0xFF,
        0x2C, 0x2C, 0x2C, 0xFF, 0x2C, 0x2C, 0x2C, 0xFF, 0x2C, 0x2C, 0x2C, 0xFF,
        0x2C, 0x2C, 0x2C, 0xFF, 0x2C, 0x2C, 0x2C, 0xFF, 0x2C, 0x2C, 0x2C, 0xFF,
        0x2C, 0x2C, 0x2C, 0xFF, 0x2C, 0x2C, 0x2C, 0xFF, 0x2C, 0x2C, 0x2C, 0xFF,
        0x2C, 0x2C, 0x2C, 0xFF, 0x2F, 0x2F, 0x2F, 0xFF, 0x33, 0x33, 0x33, 0xFF,
        0x37, 0x37, 0x37, 0xFF, 0xFF, 0xFF, 0xFF, 0x00, 0xFF, 0xFF, 0xFF, 0x00,
        0x1E, 0x1E, 0x1E, 0xFF, 0x22, 0x22, 0x22, 0xFF, 0x24, 0x24, 0x24, 0xFF,
        0x25, 0x25, 0x25, 0xFF, 0x25, 0x25, 0x25, 0xFF, 0x25, 0x25, 0x25, 0xFF,
        0x25, 0x25, 0x25, 0xFF, 0x25, 0x25, 0x25, 0xFF, 0x25, 0x25, 0x25, 0xFF,
        0x25, 0x25, 0x25, 0xFF, 0x25, 0x25, 0x25, 0xFF, 0x25, 0x25, 0x25, 0xFF,
        0x25, 0x25, 0x25, 0xFF, 0x25, 0x25, 0x25, 0xFF, 0x25, 0x25, 0x25, 0xFF,
        0x25, 0x25, 0x25, 0xFF, 0x25, 0x25, 0x25, 0xFF, 0x25, 0x25, 0x25, 0xFF,
        0x25, 0x25, 0x25, 0xFF, 0x25, 0x25, 0x25, 0xFF, 0x25, 0x25, 0x25, 0xFF,
        0x25, 0x25, 0x25, 0xFF, 0x25, 0x25, 0x25, 0xFF, 0x25, 0x25, 0x25, 0xFF,
        0x25, 0x25, 0x25, 0xFF, 0x25, 0x25, 0x25, 0xFF, 0x25, 0x25, 0x25, 0xFF,
        0x25, 0x25, 0x25, 0xFF, 0x25, 0x25, 0x25, 0xFF, 0x25, 0x25, 0x25, 0xFF,
        0x25, 0x25, 0x25, 0xFF, 0x25, 0x25, 0x25, 0xFF, 0x25, 0x25, 0x25, 0xFF,
        0x25, 0x25, 0x25, 0xFF, 0x25, 0x25, 0x25, 0xFF, 0x25, 0x25, 0x25, 0xFF,
        0x25, 0x25, 0x25, 0xFF, 0x25, 0x25, 0x25, 0xFF, 0x25, 0x25, 0x25, 0xFF,
        0x25, 0x25, 0x25, 0xFF, 0x25, 0x25, 0x25, 0xFF, 0x25, 0x25, 0x25, 0xFF,
        0x25, 0x25, 0x25, 0xFF, 0x25, 0x25, 0x25, 0xFF, 0x25, 0x25, 0x25, 0xFF,
        0x25, 0x25, 0x25, 0xFF, 0x25, 0x25, 0x25, 0xFF, 0x25, 0x25, 0x25, 0xFF,
        0x25, 0x25, 0x25, 0xFF, 0x25, 0x25, 0x25, 0xFF, 0x25, 0x25, 0x25, 0xFF,
        0x25, 0x25, 0x25, 0xFF, 0x25, 0x25, 0x25, 0xFF, 0x25, 0x25, 0x25, 0xFF,
        0x25, 0x25, 0x25, 0xFF, 0x25, 0x25, 0x25, 0xFF, 0x25, 0x25, 0x25, 0xFF,
        0x25, 0x25, 0x25, 0xFF, 0x25, 0x25, 0x25, 0xFF, 0x24, 0x24, 0x24, 0xFF,
        0x22, 0x22, 0x22, 0xFF, 0x1E, 0x1E, 0x1E, 0xFF, 0xFF, 0xFF, 0xFF, 0x00,
        0xFF, 0xFF, 0xFF, 0x00, 0x37, 0x37, 0x37, 0xFF, 0x32, 0x32, 0x32, 0xFF,
        0x2E, 0x2E, 0x2E, 0xFF, 0x2B, 0x2B, 0x2B, 0xFF, 0x2B, 0x2B, 0x2B, 0xFF,
        0x2B, 0x2B, 0x2B, 0xFF, 0x2B, 0x2B, 0x2B, 0xFF, 0x2B, 0x2B, 0x2B, 0xFF,
        0x2B, 0x2B, 0x2B, 0xFF, 0x2B, 0x2B, 0x2B, 0xFF, 0x2B, 0x2B, 0x2B, 0xFF,
        0x2B, 0x2B, 0x2B, 0xFF, 0x2B, 0x2B, 0x2B, 0xFF, 0x2B, 0x2B, 0x2B, 0xFF,
        0x2B, 0x2B, 0x2B, 0xFF, 0x2B, 0x2B, 0x2B, 0xFF, 0x2B, 0x2B, 0x2B, 0xFF,
        0x2B, 0x2B, 0x2B, 0xFF, 0x2B, 0x2B, 0x2B, 0xFF, 0x2B, 0x2B, 0x2B, 0xFF,
        0x2B, 0x2B, 0x2B, 0xFF, 0x2B, 0x2B, 0x2B, 0xFF, 0x2B, 0x2B, 0x2B, 0xFF,
        0x2B, 0x2B, 0x2B, 0xFF, 0x2B, 0x2B, 0x2B, 0xFF, 0x2B, 0x2B, 0x2B, 0xFF,
        0x2B, 0x2B, 0x2B, 0xFF, 0x2B, 0x2B, 0x2B, 0xFF, 0x2B, 0x2B, 0x2B, 0xFF,
        0x2B, 0x2B, 0x2B, 0xFF, 0x2B, 0x2B, 0x2B, 0xFF, 0x2B, 0x2B, 0x2B, 0xFF,
        0x2B, 0x2B, 0x2B, 0xFF, 0x2B, 0x2B, 0x2B, 0xFF, 0x2B, 0x2B, 0x2B, 0xFF,
        0x2B, 0x2B, 0x2B, 0xFF, 0x2B, 0x2B, 0x2B, 0xFF, 0x2B, 0x2B, 0x2B, 0xFF,
        0x2B, 0x2B, 0x2B, 0xFF, 0x2B, 0x2B, 0x2B, 0xFF, 0x2B, 0x2B, 0x2B, 0xFF,
        0x2B, 0x2B, 0x2B, 0xFF, 0x2B, 0x2B, 0x2B, 0xFF, 0x2B, 0x2B, 0x2B, 0xFF,
        0x2B, 0x2B, 0x2B, 0xFF, 0x2B, 0x2B, 0x2B, 0xFF, 0x2B, 0x2B, 0x2B, 0xFF,
        0x2B, 0x2B, 0x2B, 0xFF, 0x2B, 0x2B, 0x2B, 0xFF, 0x2B, 0x2B, 0x2B, 0xFF,
        0x2B, 0x2B, 0x2B, 0xFF, 0x2B, 0x2B, 0x2B, 0xFF, 0x2B, 0x2B, 0x2B, 0xFF,
        0x2B, 0x2B, 0x2B, 0xFF, 0x2B, 0x2B, 0x2B, 0xFF, 0x2B, 0x2B, 0x2B, 0xFF,
        0x2B, 0x2B, 0x2B, 0xFF, 0x2B, 0x2B, 0x2B, 0xFF, 0x2B, 0x2B, 0x2B, 0xFF,
        0x2E, 0x2E, 0x2E, 0xFF, 0x32, 0x32, 0x32, 0xFF, 0x37, 0x37, 0x37, 0xFF,
        0xFF, 0xFF, 0xFF, 0x00, 0xFF, 0xFF, 0xFF, 0x00, 0x1E, 0x1E, 0x1E, 0xFF,
        0x22, 0x22, 0x22, 0xFF, 0x24, 0x24, 0x24, 0xFF, 0x25, 0x25, 0x25, 0xFF,
        0x25, 0x25, 0x25, 0xFF, 0x25, 0x25, 0x25, 0xFF, 0x25, 0x25, 0x25, 0xFF,
        0x25, 0x25, 0x25, 0xFF, 0x25, 0x25, 0x25, 0xFF, 0x25, 0x25, 0x25, 0xFF,
        0x25, 0x25, 0x25, 0xFF, 0x25, 0x25, 0x25, 0xFF, 0x25, 0x25, 0x25, 0xFF,
        0x25, 0x25, 0x25, 0xFF, 0x25, 0x25, 0x25, 0xFF, 0x25, 0x25, 0x25, 0xFF,
        0x25, 0x25, 0x25, 0xFF, 0x25, 0x25, 0x25, 0xFF, 0x25, 0x25, 0x25, 0xFF,
        0x25, 0x25, 0x25, 0xFF, 0x25, 0x25, 0x25, 0xFF, 0x25, 0x25, 0x25, 0xFF,
        0x25, 0x25, 0x25, 0xFF, 0x25, 0x25, 0x25, 0xFF, 0x25, 0x25, 0x25, 0xFF,
        0x25, 0x25, 0x25, 0xFF, 0x25, 0x25, 0x25, 0xFF, 0x25, 0x25, 0x25, 0xFF,
        0x25, 0x25, 0x25, 0xFF, 0x25, 0x25, 0x25, 0xFF, 0x25, 0x25, 0x25, 0xFF,
        0x25, 0x25, 0x25, 0xFF, 0x25, 0x25, 0x25, 0xFF, 0x25, 0x25, 0x25, 0xFF,
        0x25, 0x25, 0x25, 0xFF, 0x25, 0x25, 0x25, 0xFF, 0x25, 0x25, 0x25, 0xFF,
        0x25, 0x25, 0x25, 0xFF, 0x25, 0x25, 0x25, 0xFF, 0x25, 0x25, 0x25, 0xFF,
        0x25, 0x25, 0x25, 0xFF, 0x25, 0x25, 0x25, 0xFF, 0x25, 0x25, 0x25, 0xFF,
        0x25, 0x25, 0x25, 0xFF, 0x25, 0x25, 0x25, 0xFF, 0x25, 0x25, 0x25, 0xFF,
        0x25, 0x25, 0x25, 0xFF, 0x25, 0x25, 0x25, 0xFF, 0x25, 0x25, 0x25, 0xFF,
        0x25, 0x25, 0x25, 0xFF, 0x25, 0x25, 0x25, 0xFF, 0x25, 0x25, 0x25, 0xFF,
        0x25, 0x25, 0x25, 0xFF, 0x25, 0x25, 0x25, 0xFF, 0x25, 0x25, 0x25, 0xFF,
        0x25, 0x25, 0x25, 0xFF, 0x25, 0x25, 0x25, 0xFF, 0x25, 0x25, 0x25, 0xFF,
        0x25, 0x25, 0x25, 0xFF, 0x24, 0x24, 0x24, 0xFF, 0x22, 0x22, 0x22, 0xFF,
        0x1E, 0x1E, 0x1E, 0xFF, 0xFF, 0xFF, 0xFF, 0x00, 0xFF, 0xFF, 0xFF, 0x00,
        0x36, 0x36, 0x36, 0xFF, 0x32, 0x32, 0x32, 0xFF, 0x2E, 0x2E, 0x2E, 0xFF,
        0x2B, 0x2B, 0x2B, 0xFF, 0x2B, 0x2B, 0x2B, 0xFF, 0x2B, 0x2B, 0x2B, 0xFF,
        0x2B, 0x2B, 0x2B, 0xFF, 0x2B, 0x2B, 0x2B, 0xFF, 0x2B, 0x2B, 0x2B, 0xFF,
        0x2B, 0x2B, 0x2B, 0xFF, 0x2B, 0x2B, 0x2B, 0xFF, 0x2B, 0x2B, 0x2B, 0xFF,
        0x2B, 0x2B, 0x2B, 0xFF, 0x2B, 0x2B, 0x2B, 0xFF, 0x2B, 0x2B, 0x2B, 0xFF,
        0x2B, 0x2B, 0x2B, 0xFF, 0x2B, 0x2B, 0x2B, 0xFF, 0x2B, 0x2B, 0x2B, 0xFF,
        0x2B, 0x2B, 0x2B, 0xFF, 0x2B, 0x2B, 0x2B, 0xFF, 0x2B, 0x2B, 0x2B, 0xFF,
        0x2B, 0x2B, 0x2B, 0xFF, 0x2B, 0x2B, 0x2B, 0xFF, 0x2B, 0x2B, 0x2B, 0xFF,
        0x2B, 0x2B, 0x2B, 0xFF, 0x2B, 0x2B, 0x2B, 0xFF, 0x2B, 0x2B, 0x2B, 0xFF,
        0x2B, 0x2B, 0x2B, 0xFF, 0x2B, 0x2B, 0x2B, 0xFF, 0x2B, 0x2B, 0x2B, 0xFF,
        0x2B, 0x2B, 0x2B, 0xFF, 0x2B, 0x2B, 0x2B, 0xFF, 0x2B, 0x2B, 0x2B, 0xFF,
        0x2B, 0x2B, 0x2B, 0xFF, 0x2B, 0x2B, 0x2B, 0xFF, 0x2B, 0x2B, 0x2B, 0xFF,
        0x2B, 0x2B, 0x2B, 0xFF, 0x2B, 0x2B, 0x2B, 0xFF, 0x2B, 0x2B, 0x2B, 0xFF,
        0x2B, 0x2B, 0x2B, 0xFF, 0x2B, 0x2B, 0x2B, 0xFF, 0x2B, 0x2B, 0x2B, 0xFF,
        0x2B, 0x2B, 0x2B, 0xFF, 0x2B, 0x2B, 0x2B, 0xFF, 0x2B, 0x2B, 0x2B, 0xFF,
        0x2B, 0x2B, 0x2B, 0xFF, 0x2B, 0x2B, 0x2B, 0xFF, 0x2B, 0x2B, 0x2B, 0xFF,
        0x2B, 0x2B, 0x2B, 0xFF, 0x2B, 0x2B, 0x2B, 0xFF, 0x2B, 0x2B, 0x2B, 0xFF,
        0x2B, 0x2B, 0x2B, 0xFF, 0x2B, 0x2B, 0x2B, 0xFF, 0x2B, 0x2B, 0x2B, 0xFF,
        0x2B, 0x2B, 0x2B, 0xFF, 0x2B, 0x2B, 0x2B, 0xFF, 0x2B, 0x2B, 0x2B, 0xFF,
        0x2B, 0x2B, 0x2B, 0xFF, 0x2B, 0x2B, 0x2B, 0xFF, 0x2E, 0x2E, 0x2E, 0xFF,
        0x32, 0x32, 0x32, 0xFF, 0x36, 0x36, 0x36, 0xFF, 0xFF, 0xFF, 0xFF, 0x00,
        0xFF, 0xFF, 0xFF, 0x00, 0x1D, 0x1D, 0x1D, 0xFF, 0x21, 0x21, 0x21, 0xFF,
        0x23, 0x23, 0x23, 0xFF, 0x24, 0x24, 0x24, 0xFF, 0x24, 0x24, 0x24, 0xFF,
        0x24, 0x24, 0x24, 0xFF, 0x24, 0x24, 0x24, 0xFF, 0x24, 0x24, 0x24, 0xFF,
        0x24, 0x24, 0x24, 0xFF, 0x24, 0x24, 0x24, 0xFF, 0x24, 0x24, 0x24, 0xFF,
        0x24, 0x24, 0x24, 0xFF, 0x24, 0x24, 0x24, 0xFF, 0x24, 0x24, 0x24, 0xFF,
        0x24, 0x24, 0x24, 0xFF, 0x24, 0x24, 0x24, 0xFF, 0x24, 0x24, 0x24, 0xFF,
        0x24, 0x24, 0x24, 0xFF, 0x24, 0x24, 0x24, 0xFF, 0x24, 0x24, 0x24, 0xFF,
        0x24, 0x24, 0x24, 0xFF, 0x24, 0x24, 0x24, 0xFF, 0x24, 0x24, 0x24, 0xFF,
        0x24, 0x24, 0x24, 0xFF, 0x24, 0x24, 0x24, 0xFF, 0x24, 0x24, 0x24, 0xFF,
        0x24, 0x24, 0x24, 0xFF, 0x24, 0x24, 0x24, 0xFF, 0x24, 0x24, 0x24, 0xFF,
        0x24, 0x24, 0x24, 0xFF, 0x24, 0x24, 0x24, 0xFF, 0x24, 0x24, 0x24, 0xFF,
        0x24, 0x24, 0x24, 0xFF, 0x24, 0x24, 0x24, 0xFF, 0x24, 0x24, 0x24, 0xFF,
        0x24, 0x24, 0x24, 0xFF, 0x24, 0x24, 0x24, 0xFF, 0x24, 0x24, 0x24, 0xFF,
        0x24, 0x24, 0x24, 0xFF, 0x24, 0x24, 0x24, 0xFF, 0x24, 0x24, 0x24, 0xFF,
        0x24, 0x24, 0x24, 0xFF, 0x24, 0x24, 0x24, 0xFF, 0x24, 0x24, 0x24, 0xFF,
        0x24, 0x24, 0x24, 0xFF, 0x24, 0x24, 0x24, 0xFF, 0x24, 0x24, 0x24, 0xFF,
        0x24, 0x24, 0x24, 0xFF, 0x24, 0x24, 0x24, 0xFF, 0x24, 0x24, 0x24, 0xFF,
        0x24, 0x24, 0x24, 0xFF, 0x24, 0x24, 0x24, 0xFF, 0x24, 0x24, 0x24, 0xFF,
        0x24, 0x24, 0x24, 0xFF, 0x24, 0x24, 0x24, 0xFF, 0x24, 0x24, 0x24, 0xFF,
        0x24, 0x24, 0x24, 0xFF, 0x24, 0x24, 0x24, 0xFF, 0x24, 0x24, 0x24, 0xFF,
        0x23, 0x23, 0x23, 0xFF, 0x21, 0x21, 0x21, 0xFF, 0x1D, 0x1D, 0x1D, 0xFF,
        0xFF, 0xFF, 0xFF, 0x00, 0xFF, 0xFF, 0xFF, 0x00, 0x35, 0x35, 0x35, 0xFF,
        0x31, 0x31, 0x31, 0xFF, 0x2D, 0x2D, 0x2D, 0xFF, 0x2A, 0x2A, 0x2A, 0xFF,
        0x2A, 0x2A, 0x2A, 0xFF, 0x2A, 0x2A, 0x2A, 0xFF, 0x2A, 0x2A, 0x2A, 0xFF,
        0x2A, 0x2A, 0x2A, 0xFF, 0x2A, 0x2A, 0x2A, 0xFF, 0x2A, 0x2A, 0x2A, 0xFF,
        0x2A, 0x2A, 0x2A, 0xFF, 0x2A, 0x2A, 0x2A, 0xFF, 0x2A, 0x2A, 0x2A, 0xFF,
        0x2A, 0x2A, 0x2A, 0xFF, 0x2A, 0x2A, 0x2A, 0xFF, 0x2A, 0x2A, 0x2A, 0xFF,
        0x2A, 0x2A, 0x2A, 0xFF, 0x2A, 0x2A, 0x2A, 0xFF, 0x2A, 0x2A, 0x2A, 0xFF,
        0x2A, 0x2A, 0x2A, 0xFF, 0x2A, 0x2A, 0x2A, 0xFF, 0x2A, 0x2A, 0x2A, 0xFF,
        0x2A, 0x2A, 0x2A, 0xFF, 0x2A, 0x2A, 0x2A, 0xFF, 0x2A, 0x2A, 0x2A, 0xFF,
        0x2A, 0x2A, 0x2A, 0xFF, 0x2A, 0x2A, 0x2A, 0xFF, 0x2A, 0x2A, 0x2A, 0xFF,
        0x2A, 0x2A, 0x2A, 0xFF, 0x2A, 0x2A, 0x2A, 0xFF, 0x2A, 0x2A, 0x2A, 0xFF,
        0x2A, 0x2A, 0x2A, 0xFF, 0x2A, 0x2A, 0x2A, 0xFF, 0x2A, 0x2A, 0x2A, 0xFF,
        0x2A, 0x2A, 0x2A, 0xFF, 0x2A, 0x2A, 0x2A, 0xFF, 0x2A, 0x2A, 0x2A, 0xFF,
        0x2A, 0x2A, 0x2A, 0xFF, 0x2A, 0x2A, 0x2A, 0xFF, 0x2A, 0x2A, 0x2A, 0xFF,
        0x2A, 0x2A, 0x2A, 0xFF, 0x2A, 0x2A, 0x2A, 0xFF, 0x2A, 0x2A, 0x2A, 0xFF,
        0x2A, 0x2A, 0x2A, 0xFF, 0x2A, 0x2A, 0x2A, 0xFF, 0x2A, 0x2A, 0x2A, 0xFF,
        0x2A, 0x2A, 0x2A, 0xFF, 0x2A, 0x2A, 0x2A, 0xFF, 0x2A, 0x2A, 0x2A, 0xFF,
        0x2A, 0x2A, 0x2A, 0xFF, 0x2A, 0x2A, 0x2A, 0xFF, 0x2A, 0x2A, 0x2A, 0xFF,
        0x2A, 0x2A, 0x2A, 0xFF, 0x2A, 0x2A, 0x2A, 0xFF, 0x2A, 0x2A, 0x2A, 0xFF,
        0x2A, 0x2A, 0x2A, 0xFF, 0x2A, 0x2A, 0x2A, 0xFF, 0x2A, 0x2A, 0x2A, 0xFF,
        0x2A, 0x2A, 0x2A, 0xFF, 0x2D, 0x2D, 0x2D, 0xFF, 0x31, 0x31, 0x31, 0xFF,
        0x35, 0x35, 0x35, 0xFF, 0xFF, 0xFF, 0xFF, 0x00, 0xFF, 0xFF, 0xFF, 0x00,
        0x1D, 0x1D, 0x1D, 0xFF, 0x21, 0x21, 0x21, 0xFF, 0x23, 0x23, 0x23, 0xFF,
        0x24, 0x24, 0x24, 0xFF, 0x24, 0x24, 0x24, 0xFF, 0x24, 0x24, 0x24, 0xFF,
        0x24, 0x24, 0x24, 0xFF, 0x24, 0x24, 0x24, 0xFF, 0x24, 0x24, 0x24, 0xFF,
        0x24, 0x24, 0x24, 0xFF, 0x24, 0x24, 0x24, 0xFF, 0x24, 0x24, 0x24, 0xFF,
        0x24, 0x24, 0x24, 0xFF, 0x24, 0x24, 0x24, 0xFF, 0x24, 0x24, 0x24, 0xFF,
        0x24, 0x24, 0x24, 0xFF, 0x24, 0x24, 0x24, 0xFF, 0x24, 0x24, 0x24, 0xFF,
        0x24, 0x24, 0x24, 0xFF, 0x24, 0x24, 0x24, 0xFF, 0x24, 0x24, 0x24, 0xFF,
        0x24, 0x24, 0x24, 0xFF, 0x24, 0x24, 0x24, 0xFF, 0x24, 0x24, 0x24, 0xFF,
        0x24, 0x24, 0x24, 0xFF, 0x24, 0x24, 0x24, 0xFF, 0x24, 0x24, 0x24, 0xFF,
        0x24, 0x24, 0x24, 0xFF, 0x24, 0x24, 0x24, 0xFF, 0x24, 0x24, 0x24, 0xFF,
        0x24, 0x24, 0x24, 0xFF, 0x24, 0x24, 0x24, 0xFF, 0x24, 0x24, 0x24, 0xFF,
        0x24, 0x24, 0x24, 0xFF, 0x24, 0x24, 0x24, 0xFF, 0x24, 0x24, 0x24, 0xFF,
        0x24, 0x24, 0x24, 0xFF, 0x24, 0x24, 0x24, 0xFF, 0x24, 0x24, 0x24, 0xFF,
        0x24, 0x24, 0x24, 0xFF, 0x24, 0x24, 0x24, 0xFF, 0x24, 0x24, 0x24, 0xFF,
        0x24, 0x24, 0x24, 0xFF, 0x24, 0x24, 0x24, 0xFF, 0x24, 0x24, 0x24, 0xFF,
        0x24, 0x24, 0x24, 0xFF, 0x24, 0x24, 0x24, 0xFF, 0x24, 0x24, 0x24, 0xFF,
        0x24, 0x24, 0x24, 0xFF, 0x24, 0x24, 0x24, 0xFF, 0x24, 0x24, 0x24, 0xFF,
        0x24, 0x24, 0x24, 0xFF, 0x24, 0x24, 0x24, 0xFF, 0x24, 0x24, 0x24, 0xFF,
        0x24, 0x24, 0x24, 0xFF, 0x24, 0x24, 0x24, 0xFF, 0x24, 0x24, 0x24, 0xFF,
        0x24, 0x24, 0x24, 0xFF, 0x24, 0x24, 0x24, 0xFF, 0x23, 0x23, 0x23, 0xFF,
        0x21, 0x21, 0x21, 0xFF, 0x1D, 0x1D, 0x1D, 0xFF, 0xFF, 0xFF, 0xFF, 0x00,
        0xFF, 0xFF, 0xFF, 0x00, 0x35, 0x35, 0x35, 0xFF, 0x31, 0x31, 0x31, 0xFF,
        0x2D, 0x2D, 0x2D, 0xFF, 0x2A, 0x2A, 0x2A, 0xFF, 0x2A, 0x2A, 0x2A, 0xFF,
        0x2A, 0x2A, 0x2A, 0xFF, 0x2A, 0x2A, 0x2A, 0xFF, 0x2A, 0x2A, 0x2A, 0xFF,
        0x2A, 0x2A, 0x2A, 0xFF, 0x2A, 0x2A, 0x2A, 0xFF, 0x2A, 0x2A, 0x2A, 0xFF,
        0x2A, 0x2A, 0x2A, 0xFF, 0x2A, 0x2A, 0x2A, 0xFF, 0x2A, 0x2A, 0x2A, 0xFF,
        0x2A, 0x2A, 0x2A, 0xFF, 0x2A, 0x2A, 0x2A, 0xFF, 0x2A, 0x2A, 0x2A, 0xFF,
        0x2A, 0x2A, 0x2A, 0xFF, 0x2A, 0x2A, 0x2A, 0xFF, 0x2A, 0x2A, 0x2A, 0xFF,
        0x2A, 0x2A, 0x2A, 0xFF, 0x2A, 0x2A, 0x2A, 0xFF, 0x2A, 0x2A, 0x2A, 0xFF,
        0x2A, 0x2A, 0x2A, 0xFF, 0x2A, 0x2A, 0x2A, 0xFF, 0x2A, 0x2A, 0x2A, 0xFF,
        0x2A, 0x2A, 0x2A, 0xFF, 0x2A, 0x2A, 0x2A, 0xFF, 0x2A, 0x2A, 0x2A, 0xFF,
        0x2A, 0x2A, 0x2A, 0xFF, 0x2A, 0x2A, 0x2A, 0xFF, 0x2A, 0x2A, 0x2A, 0xFF,
        0x2A, 0x2A, 0x2A, 0xFF, 0x2A, 0x2A, 0x2A, 0xFF, 0x2A, 0x2A, 0x2A, 0xFF,
        0x2A, 0x2A, 0x2A, 0xFF, 0x2A, 0x2A, 0x2A, 0xFF, 0x2A, 0x2A, 0x2A, 0xFF,
        0x2A, 0x2A, 0x2A, 0xFF, 0x2A, 0x2A, 0x2A, 0xFF, 0x2A, 0x2A, 0x2A, 0xFF,
        0x2A, 0x2A, 0x2A, 0xFF, 0x2A, 0x2A, 0x2A, 0xFF, 0x2A, 0x2A, 0x2A, 0xFF,
        0x2A, 0x2A, 0x2A, 0xFF, 0x2A, 0x2A, 0x2A, 0xFF, 0x2A, 0x2A, 0x2A, 0xFF,
        0x2A, 0x2A, 0x2A, 0xFF, 0x2A, 0x2A, 0x2A, 0xFF, 0x2A, 0x2A, 0x2A, 0xFF,
        0x2A, 0x2A, 0x2A, 0xFF, 0x2A, 0x2A, 0x2A, 0xFF, 0x2A, 0x2A, 0x2A, 0xFF,
        0x2A, 0x2A, 0x2A, 0xFF, 0x2A, 0x2A, 0x2A, 0xFF, 0x2A, 0x2A, 0x2A, 0xFF,
        0x2A, 0x2A, 0x2A, 0xFF, 0x2A, 0x2A, 0x2A, 0xFF, 0x2A, 0x2A, 0x2A, 0xFF,
        0x2D, 0x2D, 0x2D, 0xFF, 0x31, 0x31, 0x31, 0xFF, 0x35, 0x35, 0x35, 0xFF,
        0xFF, 0xFF, 0xFF, 0x00, 0xFF, 0xFF, 0xFF, 0x00, 0x1D, 0x1D, 0x1D, 0xFF,
        0x21, 0x21, 0x21, 0xFF, 0x23, 0x23, 0x23, 0xFF, 0x24, 0x24, 0x24, 0xFF,
        0x24, 0x24, 0x24, 0xFF, 0x24, 0x24, 0x24, 0xFF, 0x24, 0x24, 0x24, 0xFF,
        0x24, 0x24, 0x24, 0xFF, 0x24, 0x24, 0x24, 0xFF, 0x24, 0x24, 0x24, 0xFF,
        0x24, 0x24, 0x24, 0xFF, 0x24, 0x24, 0x24, 0xFF, 0x24, 0x24, 0x24, 0xFF,
        0x24, 0x24, 0x24, 0xFF, 0x24, 0x24, 0x24, 0xFF, 0x24, 0x24, 0x24, 0xFF,
        0x24, 0x24, 0x24, 0xFF, 0x24, 0x24, 0x24, 0xFF, 0x24, 0x24, 0x24, 0xFF,
        0x24, 0x24, 0x24, 0xFF, 0x24, 0x24, 0x24, 0xFF, 0x24, 0x24, 0x24, 0xFF,
        0x24, 0x24, 0x24, 0xFF, 0x24, 0x24, 0x24, 0xFF, 0x24, 0x24, 0x24, 0xFF,
        0x24, 0x24, 0x24, 0xFF, 0x24, 0x24, 0x24, 0xFF, 0x24, 0x24, 0x24, 0xFF,
        0x24, 0x24, 0x24, 0xFF, 0x24, 0x24, 0x24, 0xFF, 0x24, 0x24, 0x24, 0xFF,
        0x24, 0x24, 0x24, 0xFF, 0x24, 0x24, 0x24, 0xFF, 0x24, 0x24, 0x24, 0xFF,
        0x24, 0x24, 0x24, 0xFF, 0x24, 0x24, 0x24, 0xFF, 0x24, 0x24, 0x24, 0xFF,
        0x24, 0x24, 0x24, 0xFF, 0x24, 0x24, 0x24, 0xFF, 0x24, 0x24, 0x24, 0xFF,
        0x24, 0x24, 0x24, 0xFF, 0x24, 0x24, 0x24, 0xFF, 0x24, 0x24, 0x24, 0xFF,
        0x24, 0x24, 0x24, 0xFF, 0x24, 0x24, 0x24, 0xFF, 0x24, 0x24, 0x24, 0xFF,
        0x24, 0x24, 0x24, 0xFF, 0x24, 0x24, 0x24, 0xFF, 0x24, 0x24, 0x24, 0xFF,
        0x24, 0x24, 0x24, 0xFF, 0x24, 0x24, 0x24, 0xFF, 0x24, 0x24, 0x24, 0xFF,
        0x24, 0x24, 0x24, 0xFF, 0x24, 0x24, 0x24, 0xFF, 0x24, 0x24, 0x24, 0xFF,
        0x24, 0x24, 0x24, 0xFF, 0x24, 0x24, 0x24, 0xFF, 0x24, 0x24, 0x24, 0xFF,
        0x24, 0x24, 0x24, 0xFF, 0x23, 0x23, 0x23, 0xFF, 0x21, 0x21, 0x21, 0xFF,
        0x1D, 0x1D, 0x1D, 0xFF, 0xFF, 0xFF, 0xFF, 0x00, 0xFF, 0xFF, 0xFF, 0x00,
        0x34, 0x34, 0x34, 0xFF, 0x30, 0x30, 0x30, 0xFF, 0x2C, 0x2C, 0x2C, 0xFF,
        0x29, 0x29, 0x29, 0xFF, 0x29, 0x29, 0x29, 0xFF, 0x29, 0x29, 0x29, 0xFF,
        0x29, 0x29, 0x29, 0xFF, 0x29, 0x29, 0x29, 0xFF, 0x29, 0x29, 0x29, 0xFF,
        0x29, 0x29, 0x29, 0xFF, 0x29, 0x29, 0x29, 0xFF, 0x29, 0x29, 0x29, 0xFF,
        0x29, 0x29, 0x29, 0xFF, 0x29, 0x29, 0x29, 0xFF, 0x29, 0x29, 0x29, 0xFF,
        0x29, 0x29, 0x29, 0xFF, 0x29, 0x29, 0x29, 0xFF, 0x29, 0x29, 0x29, 0xFF,
        0x29, 0x29, 0x29, 0xFF, 0x29, 0x29, 0x29, 0xFF, 0x29, 0x29, 0x29, 0xFF,
        0x29, 0x29, 0x29, 0xFF, 0x29, 0x29, 0x29, 0xFF, 0x29, 0x29, 0x29, 0xFF,
        0x29, 0x29, 0x29, 0xFF, 0x29, 0x29, 0x29, 0xFF, 0x29, 0x29, 0x29, 0xFF,
        0x29, 0x29, 0x29, 0xFF, 0x29, 0x29, 0x29, 0xFF, 0x29, 0x29, 0x29, 0xFF,
        0x29, 0x29, 0x29, 0xFF, 0x29, 0x29, 0x29, 0xFF, 0x29, 0x29, 0x29, 0xFF,
        0x29, 0x29, 0x29, 0xFF, 0x29, 0x29, 0x29, 0xFF, 0x29, 0x29, 0x29, 0xFF,
        0x29, 0x29, 0x29, 0xFF, 0x29, 0x29, 0x29, 0xFF, 0x29, 0x29, 0x29, 0xFF,
        0x29, 0x29, 0x29, 0xFF, 0x29, 0x29, 0x29, 0xFF, 0x29, 0x29, 0x29, 0xFF,
        0x29, 0x29, 0x29, 0xFF, 0x29, 0x29, 0x29, 0xFF, 0x29, 0x29, 0x29, 0xFF,
        0x29, 0x29, 0x29, 0xFF, 0x29, 0x29, 0x29, 0xFF, 0x29, 0x29, 0x29, 0xFF,
        0x29, 0x29, 0x29, 0xFF, 0x29, 0x29, 0x29, 0xFF, 0x29, 0x29, 0x29, 0xFF,
        0x29, 0x29, 0x29, 0xFF, 0x29, 0x29, 0x29, 0xFF, 0x29, 0x29, 0x29, 0xFF,
        0x29, 0x29, 0x29, 0xFF, 0x29, 0x29, 0x29, 0xFF, 0x29, 0x29, 0x29, 0xFF,
        0x29, 0x29, 0x29, 0xFF, 0x29, 0x29, 0x29, 0xFF, 0x2C, 0x2C, 0x2C, 0xFF,
        0x30, 0x30, 0x30, 0xFF, 0x34, 0x34, 0x34, 0xFF, 0xFF, 0xFF, 0xFF, 0x00,
        0xFF, 0xFF, 0xFF, 0x00, 0x1D, 0x1D, 0x1D, 0xFF, 0x21, 0x21, 0x21, 0xFF,
        0x23, 0x23, 0x23, 0xFF, 0x24, 0x24, 0x24, 0xFF, 0x24, 0x24, 0x24, 0xFF,
        0x24, 0x24, 0x24, 0xFF, 0x24, 0x24, 0x24, 0xFF, 0x24, 0x24, 0x24, 0xFF,
        0x24, 0x24, 0x24, 0xFF, 0x24, 0x24, 0x24, 0xFF, 0x24, 0x24, 0x24, 0xFF,
        0x24, 0x24, 0x24, 0xFF, 0x24, 0x24, 0x24, 0xFF, 0x24, 0x24, 0x24, 0xFF,
        0x24, 0x24, 0x24, 0xFF, 0x24, 0x24, 0x24, 0xFF, 0x24, 0x24, 0x24, 0xFF,
        0x24, 0x24, 0x24, 0xFF, 0x24, 0x24, 0x24, 0xFF, 0x24, 0x24, 0x24, 0xFF,
        0x24, 0x24, 0x24, 0xFF, 0x24, 0x24, 0x24, 0xFF, 0x24, 0x24, 0x24, 0xFF,
        0x24, 0x24, 0x24, 0xFF, 0x24, 0x24, 0x24, 0xFF, 0x24, 0x24, 0x24, 0xFF,
        0x24, 0x24, 0x24, 0xFF, 0x24, 0x24, 0x24, 0xFF, 0x24, 0x24, 0x24, 0xFF,
        0x24, 0x24, 0x24, 0xFF, 0x24, 0x24, 0x24, 0xFF, 0x24, 0x24, 0x24, 0xFF,
        0x24, 0x24, 0x24, 0xFF, 0x24, 0x24, 0x24, 0xFF, 0x24, 0x24, 0x24, 0xFF,
        0x24, 0x24, 0x24, 0xFF, 0x24, 0x24, 0x24, 0xFF, 0x24, 0x24, 0x24, 0xFF,
        0x24, 0x24, 0x24, 0xFF, 0x24, 0x24, 0x24, 0xFF, 0x24, 0x24, 0x24, 0xFF,
        0x24, 0x24, 0x24, 0xFF, 0x24, 0x24, 0x24, 0xFF, 0x24, 0x24, 0x24, 0xFF,
        0x24, 0x24, 0x24, 0xFF, 0x24, 0x24, 0x24, 0xFF, 0x24, 0x24, 0x24, 0xFF,
        0x24, 0x24, 0x24, 0xFF, 0x24, 0x24, 0x24, 0xFF, 0x24, 0x24, 0x24, 0xFF,
        0x24, 0x24, 0x24, 0xFF, 0x24, 0x24, 0x24, 0xFF, 0x24, 0x24, 0x24, 0xFF,
        0x24, 0x24, 0x24, 0xFF, 0x24, 0x24, 0x24, 0xFF, 0x24, 0x24, 0x24, 0xFF,
        0x24, 0x24, 0x24, 0xFF, 0x24, 0x24, 0x24, 0xFF, 0x24, 0x24, 0x24, 0xFF,
        0x23, 0x23, 0x23, 0xFF, 0x21, 0x21, 0x21, 0xFF, 0x1D, 0x1D, 0x1D, 0xFF,
        0xFF, 0xFF, 0xFF, 0x00, 0xFF, 0xFF, 0xFF, 0x00, 0x34, 0x34, 0x34, 0xFF,
        0x30, 0x30, 0x30, 0xFF, 0x2C, 0x2C, 0x2C, 0xFF, 0x29, 0x29, 0x29, 0xFF,
        0x29, 0x29, 0x29, 0xFF, 0x29, 0x29, 0x29, 0xFF, 0x29, 0x29, 0x29, 0xFF,
        0x29, 0x29, 0x29, 0xFF, 0x29, 0x29, 0x29, 0xFF, 0x29, 0x29, 0x29, 0xFF,
        0x29, 0x29, 0x29, 0xFF, 0x29, 0x29, 0x29, 0xFF, 0x29, 0x29, 0x29, 0xFF,
        0x29, 0x29, 0x29, 0xFF, 0x29, 0x29, 0x29, 0xFF, 0x29, 0x29, 0x29, 0xFF,
        0x29, 0x29, 0x29, 0xFF, 0x29, 0x29, 0x29, 0xFF, 0x29, 0x29, 0x29, 0xFF,
        0x29, 0x29, 0x29, 0xFF, 0x29, 0x29, 0x29, 0xFF, 0x29, 0x29, 0x29, 0xFF,
        0x29, 0x29, 0x29, 0xFF, 0x29, 0x29, 0x29, 0xFF, 0x29, 0x29, 0x29, 0xFF,
        0x29, 0x29, 0x29, 0xFF, 0x29, 0x29, 0x29, 0xFF, 0x29, 0x29, 0x29, 0xFF,
        0x29, 0x29, 0x29, 0xFF, 0x29, 0x29, 0x29, 0xFF, 0x29, 0x29, 0x29, 0xFF,
        0x29, 0x29, 0x29, 0xFF, 0x29, 0x29, 0x29, 0xFF, 0x29, 0x29, 0x29, 0xFF,
        0x29, 0x29, 0x29, 0xFF, 0x29, 0x29, 0x29, 0xFF, 0x29, 0x29, 0x29, 0xFF,
        0x29, 0x29, 0x29, 0xFF, 0x29, 0x29, 0x29, 0xFF, 0x29, 0x29, 0x29, 0xFF,
        0x29, 0x29, 0x29, 0xFF, 0x29, 0x29, 0x29, 0xFF, 0x29, 0x29, 0x29, 0xFF,
        0x29, 0x29, 0x29, 0xFF, 0x29, 0x29, 0x29, 0xFF, 0x29, 0x29, 0x29, 0xFF,
        0x29, 0x29, 0x29, 0xFF, 0x29, 0x29, 0x29, 0xFF, 0x29, 0x29, 0x29, 0xFF,
        0x29, 0x29, 0x29, 0xFF, 0x29, 0x29, 0x29, 0xFF, 0x29, 0x29, 0x29, 0xFF,
        0x29, 0x29, 0x29, 0xFF, 0x29, 0x29, 0x29, 0xFF, 0x29, 0x29, 0x29, 0xFF,
        0x29, 0x29, 0x29, 0xFF, 0x29, 0x29, 0x29, 0xFF, 0x29, 0x29, 0x29, 0xFF,
        0x29, 0x29, 0x29, 0xFF, 0x2C, 0x2C, 0x2C, 0xFF, 0x30, 0x30, 0x30, 0xFF,
        0x34, 0x34, 0x34, 0xFF, 0xFF, 0xFF, 0xFF, 0x00, 0xFF, 0xFF, 0xFF, 0x00,
        0x1C, 0x1C, 0x1C, 0xFF, 0x20, 0x20, 0x20, 0xFF, 0x22, 0x22, 0x22, 0xFF,
        0x23, 0x23, 0x23, 0xFF, 0x23, 0x23, 0x23, 0xFF, 0x23, 0x23, 0x23, 0xFF,
        0x23, 0x23, 0x23, 0xFF, 0x23, 0x23, 0x23, 0xFF, 0x23, 0x23, 0x23, 0xFF,
        0x23, 0x23, 0x23, 0xFF, 0x23, 0x23, 0x23, 0xFF, 0x23, 0x23, 0x23, 0xFF,
        0x23, 0x23, 0x23, 0xFF, 0x23, 0x23, 0x23, 0xFF, 0x23, 0x23, 0x23, 0xFF,
        0x23, 0x23, 0x23, 0xFF, 0x23, 0x23, 0x23, 0xFF, 0x23, 0x23, 0x23, 0xFF,
        0x23, 0x23, 0x23, 0xFF, 0x23, 0x23, 0x23, 0xFF, 0x23, 0x23, 0x23, 0xFF,
        0x23, 0x23, 0x23, 0xFF, 0x23, 0x23, 0x23, 0xFF, 0x23, 0x23, 0x23, 0xFF,
        0x23, 0x23, 0x23, 0xFF, 0x23, 0x23, 0x23, 0xFF, 0x23, 0x23, 0x23, 0xFF,
        0x23, 0x23, 0x23, 0xFF, 0x23, 0x23, 0x23, 0xFF, 0x23, 0x23, 0x23, 0xFF,
        0x23, 0x23, 0x23, 0xFF, 0x23, 0x23, 0x23, 0xFF, 0x23, 0x23, 0x23, 0xFF,
        0x23, 0x23, 0x23, 0xFF, 0x23, 0x23, 0x23, 0xFF, 0x23, 0x23, 0x23, 0xFF,
        0x23, 0x23, 0x23, 0xFF, 0x23, 0x23, 0x23, 0xFF, 0x23, 0x23, 0x23, 0xFF,
        0x23, 0x23, 0x23, 0xFF, 0x23, 0x23, 0x23, 0xFF, 0x23, 0x23, 0x23, 0xFF,
        0x23, 0x23, 0x23, 0xFF, 0x23, 0x23, 0x23, 0xFF, 0x23, 0x23, 0x23, 0xFF,
        0x23, 0x23, 0x23, 0xFF, 0x23, 0x23, 0x23, 0xFF, 0x23, 0x23, 0x23, 0xFF,
        0x23, 0x23, 0x23, 0xFF, 0x23, 0x23, 0x23, 0xFF, 0x23, 0x23, 0x23, 0xFF,
        0x23, 0x23, 0x23, 0xFF, 0x23, 0x23, 0x23, 0xFF, 0x23, 0x23, 0x23, 0xFF,
        0x23, 0x23, 0x23, 0xFF, 0x23, 0x23, 0x23, 0xFF, 0x23, 0x23, 0x23, 0xFF,
        0x23, 0x23, 0x23, 0xFF, 0x23, 0x23, 0x23, 0xFF, 0x22, 0x22, 0x22, 0xFF,
        0x20, 0x20, 0x20, 0xFF, 0x1C, 0x1C, 0x1C, 0xFF, 0xFF, 0xFF, 0xFF, 0x00,
        0xFF, 0xFF, 0xFF, 0x00, 0x34, 0x34, 0x34, 0xFF, 0x30, 0x30, 0x30, 0xFF,
        0x2C, 0x2C, 0x2C, 0xFF, 0x29, 0x29, 0x29, 0xFF, 0x29, 0x29, 0x29, 0xFF,
        0x29, 0x29, 0x29, 0xFF, 0x29, 0x29, 0x29, 0xFF, 0x29, 0x29, 0x29, 0xFF,
        0x29, 0x29, 0x29, 0xFF, 0x29, 0x29, 0x29, 0xFF, 0x29, 0x29, 0x29, 0xFF,
        0x29, 0x29, 0x29, 0xFF, 0x29, 0x29, 0x29, 0xFF, 0x29, 0x29, 0x29, 0xFF,
        0x29, 0x29, 0x29, 0xFF, 0x29, 0x29, 0x29, 0xFF, 0x29, 0x29, 0x29, 0xFF,
        0x29, 0x29, 0x29, 0xFF, 0x29, 0x29, 0x29, 0xFF, 0x29, 0x29, 0x29, 0xFF,
        0x29, 0x29, 0x29, 0xFF, 0x29, 0x29, 0x29, 0xFF, 0x29, 0x29, 0x29, 0xFF,
        0x29, 0x29, 0x29, 0xFF, 0x29, 0x29, 0x29, 0xFF, 0x29, 0x29, 0x29, 0xFF,
        0x29, 0x29, 0x29, 0xFF, 0x29, 0x29, 0x29, 0xFF, 0x29, 0x29, 0x29, 0xFF,
        0x29, 0x29, 0x29, 0xFF, 0x29, 0x29, 0x29, 0xFF, 0x29, 0x29, 0x29, 0xFF,
        0x29, 0x29, 0x29, 0xFF, 0x29, 0x29, 0x29, 0xFF, 0x29, 0x29, 0x29, 0xFF,
        0x29, 0x29, 0x29, 0xFF, 0x29, 0x29, 0x29, 0xFF, 0x29, 0x29, 0x29, 0xFF,
        0x29, 0x29, 0x29, 0xFF, 0x29, 0x29, 0x29, 0xFF, 0x29, 0x29, 0x29, 0xFF,
        0x29, 0x29, 0x29, 0xFF, 0x29, 0x29, 0x29, 0xFF, 0x29, 0x29, 0x29, 0xFF,
        0x29, 0x29, 0x29, 0xFF, 0x29, 0x29, 0x29, 0xFF, 0x29, 0x29, 0x29, 0xFF,
        0x29, 0x29, 0x29, 0xFF, 0x29, 0x29, 0x29, 0xFF, 0x29, 0x29, 0x29, 0xFF,
        0x29, 0x29, 0x29, 0xFF, 0x29, 0x29, 0x29, 0xFF, 0x29, 0x29, 0x29, 0xFF,
        0x29, 0x29, 0x29, 0xFF, 0x29, 0x29, 0x29, 0xFF, 0x29, 0x29, 0x29, 0xFF,
        0x29, 0x29, 0x29, 0xFF, 0x29, 0x29, 0x29, 0xFF, 0x29, 0x29, 0x29, 0xFF,
        0x2C, 0x2C, 0x2C, 0xFF, 0x30, 0x30, 0x30, 0xFF, 0x34, 0x34, 0x34, 0xFF,
        0xFF, 0xFF, 0xFF, 0x00, 0xFF, 0xFF, 0xFF, 0x00, 0x1C, 0x1C, 0x1C, 0xFF,
        0x20, 0x20, 0x20, 0xFF, 0x22, 0x22, 0x22, 0xFF, 0x23, 0x23, 0x23, 0xFF,
        0x23, 0x23, 0x23, 0xFF, 0x23, 0x23, 0x23, 0xFF, 0x23, 0x23, 0x23, 0xFF,
        0x23, 0x23, 0x23, 0xFF, 0x23, 0x23, 0x23, 0xFF, 0x23, 0x23, 0x23, 0xFF,
        0x23, 0x23, 0x23, 0xFF, 0x23, 0x23, 0x23, 0xFF, 0x23, 0x23, 0x23, 0xFF,
        0x23, 0x23, 0x23, 0xFF, 0x23, 0x23, 0x23, 0xFF, 0x23, 0x23, 0x23, 0xFF,
        0x23, 0x23, 0x23, 0xFF, 0x23, 0x23, 0x23, 0xFF, 0x23, 0x23, 0x23, 0xFF,
        0x23, 0x23, 0x23, 0xFF, 0x23, 0x23, 0x23, 0xFF, 0x23, 0x23, 0x23, 0xFF,
        0x23, 0x23, 0x23, 0xFF, 0x23, 0x23, 0x23, 0xFF, 0x23, 0x23, 0x23, 0xFF,
        0x23, 0x23, 0x23, 0xFF, 0x23, 0x23, 0x23, 0xFF, 0x23, 0x23, 0x23, 0xFF,
        0x23, 0x23, 0x23, 0xFF, 0x23, 0x23, 0x23, 0xFF, 0x23, 0x23, 0x23, 0xFF,
        0x23, 0x23, 0x23, 0xFF, 0x23, 0x23, 0x23, 0xFF, 0x23, 0x23, 0x23, 0xFF,
        0x23, 0x23, 0x23, 0xFF, 0x23, 0x23, 0x23, 0xFF, 0x23, 0x23, 0x23, 0xFF,
        0x23, 0x23, 0x23, 0xFF, 0x23, 0x23, 0x23, 0xFF, 0x23, 0x23, 0x23, 0xFF,
        0x23, 0x23, 0x23, 0xFF, 0x23, 0x23, 0x23, 0xFF, 0x23, 0x23, 0x23, 0xFF,
        0x23, 0x23, 0x23, 0xFF, 0x23, 0x23, 0x23, 0xFF, 0x23, 0x23, 0x23, 0xFF,
        0x23, 0x23, 0x23, 0xFF, 0x23, 0x23, 0x23, 0xFF, 0x23, 0x23, 0x23, 0xFF,
        0x23, 0x23, 0x23, 0xFF, 0x23, 0x23, 0x23, 0xFF, 0x23, 0x23, 0x23, 0xFF,
        0x23, 0x23, 0x23, 0xFF, 0x23, 0x23, 0x23, 0xFF, 0x23, 0x23, 0x23, 0xFF,
        0x23, 0x23, 0x23, 0xFF, 0x23, 0x23, 0x23, 0xFF, 0x23, 0x23, 0x23, 0xFF,
        0x23, 0x23, 0x23, 0xFF, 0x22, 0x22, 0x22, 0xFF, 0x20, 0x20, 0x20, 0xFF,
        0x1C, 0x1C, 0x1C, 0xFF, 0xFF, 0xFF, 0xFF, 0x00, 0xFF, 0xFF, 0xFF, 0x00,
        0x34, 0x34, 0x34, 0xFF, 0x30, 0x30, 0x30, 0xFF, 0x2B, 0x2B, 0x2B, 0xFF,
        0x28, 0x28, 0x28, 0xFF, 0x28, 0x28, 0x28, 0xFF, 0x28, 0x28, 0x28, 0xFF,
        0x28, 0x28, 0x28, 0xFF, 0x28, 0x28, 0x28, 0xFF, 0x28, 0x28, 0x28, 0xFF,
        0x28, 0x28, 0x28, 0xFF, 0x28, 0x28, 0x28, 0xFF, 0x28, 0x28, 0x28, 0xFF,
        0x28, 0x28, 0x28, 0xFF, 0x28, 0x28, 0x28, 0xFF, 0x28, 0x28, 0x28, 0xFF,
        0x28, 0x28, 0x28, 0xFF, 0x28, 0x28, 0x28, 0xFF, 0x28, 0x28, 0x28, 0xFF,
        0x28, 0x28, 0x28, 0xFF, 0x28, 0x28, 0x28, 0xFF, 0x28, 0x28, 0x28, 0xFF,
        0x28, 0x28, 0x28, 0xFF, 0x28, 0x28, 0x28, 0xFF, 0x28, 0x28, 0x28, 0xFF,
        0x28, 0x28, 0x28, 0xFF, 0x28, 0x28, 0x28, 0xFF, 0x28, 0x28, 0x28, 0xFF,
        0x28, 0x28, 0x28, 0xFF, 0x28, 0x28, 0x28, 0xFF, 0x28, 0x28, 0x28, 0xFF,
        0x28, 0x28, 0x28, 0xFF, 0x28, 0x28, 0x28, 0xFF, 0x28, 0x28, 0x28, 0xFF,
        0x28, 0x28, 0x28, 0xFF, 0x28, 0x28, 0x28, 0xFF, 0x28, 0x28, 0x28, 0xFF,
        0x28, 0x28, 0x28, 0xFF, 0x28, 0x28, 0x28, 0xFF, 0x28, 0x28, 0x28, 0xFF,
        0x28, 0x28, 0x28, 0xFF, 0x28, 0x28, 0x28, 0xFF, 0x28, 0x28, 0x28, 0xFF,
        0x28, 0x28, 0x28, 0xFF, 0x28, 0x28, 0x28, 0xFF, 0x28, 0x28, 0x28, 0xFF,
        0x28, 0x28, 0x28, 0xFF, 0x28, 0x28, 0x28, 0xFF, 0x28, 0x28, 0x28, 0xFF,
        0x28, 0x28, 0x28, 0xFF, 0x28, 0x28, 0x28, 0xFF, 0x28, 0x28, 0x28, 0xFF,
        0x28, 0x28, 0x28, 0xFF, 0x28, 0x28, 0x28, 0xFF, 0x28, 0x28, 0x28, 0xFF,
        0x28, 0x28, 0x28, 0xFF, 0x28, 0x28, 0x28, 0xFF, 0x28, 0x28, 0x28, 0xFF,
        0x28, 0x28, 0x28, 0xFF, 0x28, 0x28, 0x28, 0xFF, 0x2B, 0x2B, 0x2B, 0xFF,
        0x30, 0x30, 0x30, 0xFF, 0x34, 0x34, 0x34, 0xFF, 0xFF, 0xFF, 0xFF, 0x00,
        0xFF, 0xFF, 0xFF, 0x00, 0x1C, 0x1C, 0x1C, 0xFF, 0x20, 0x20, 0x20, 0xFF,
        0x22, 0x22, 0x22, 0xFF, 0x23, 0x23, 0x23, 0xFF, 0x23, 0x23, 0x23, 0xFF,
        0x23, 0x23, 0x23, 0xFF, 0x23, 0x23, 0x23, 0xFF, 0x23, 0x23, 0x23, 0xFF,
        0x23, 0x23, 0x23, 0xFF, 0x23, 0x23, 0x23, 0xFF, 0x23, 0x23, 0x23, 0xFF,
        0x23, 0x23, 0x23, 0xFF, 0x23, 0x23, 0x23, 0xFF, 0x23, 0x23, 0x23, 0xFF,
        0x23, 0x23, 0x23, 0xFF, 0x23, 0x23, 0x23, 0xFF, 0x23, 0x23, 0x23, 0xFF,
        0x23, 0x23, 0x23, 0xFF, 0x23, 0x23, 0x23, 0xFF, 0x23, 0x23, 0x23, 0xFF,
        0x23, 0x23, 0x23, 0xFF, 0x23, 0x23, 0x23, 0xFF, 0x23, 0x23, 0x23, 0xFF,
        0x23, 0x23, 0x23, 0xFF, 0x23, 0x23, 0x23, 0xFF, 0x23, 0x23, 0x23, 0xFF,
        0x23, 0x23, 0x23, 0xFF, 0x23, 0x23, 0x23, 0xFF, 0x23, 0x23, 0x23, 0xFF,
        0x23, 0x23, 0x23, 0xFF, 0x23, 0x23, 0x23, 0xFF, 0x23, 0x23, 0x23, 0xFF,
        0x23, 0x23, 0x23, 0xFF, 0x23, 0x23, 0x23, 0xFF, 0x23, 0x23, 0x23, 0xFF,
        0x23, 0x23, 0x23, 0xFF, 0x23, 0x23, 0x23, 0xFF, 0x23, 0x23, 0x23, 0xFF,
        0x23, 0x23, 0x23, 0xFF, 0x23, 0x23, 0x23, 0xFF, 0x23, 0x23, 0x23, 0xFF,
        0x23, 0x23, 0x23, 0xFF, 0x23, 0x23, 0x23, 0xFF, 0x23, 0x23, 0x23, 0xFF,
        0x23, 0x23, 0x23, 0xFF, 0x23, 0x23, 0x23, 0xFF, 0x23, 0x23, 0x23, 0xFF,
        0x23, 0x23, 0x23, 0xFF, 0x23, 0x23, 0x23, 0xFF, 0x23, 0x23, 0x23, 0xFF,
        0x23, 0x23, 0x23, 0xFF, 0x23, 0x23, 0x23, 0xFF, 0x23, 0x23, 0x23, 0xFF,
        0x23, 0x23, 0x23, 0xFF, 0x23, 0x23, 0x23, 0xFF, 0x23, 0x23, 0x23, 0xFF,
        0x23, 0x23, 0x23, 0xFF, 0x23, 0x23, 0x23, 0xFF, 0x23, 0x23, 0x23, 0xFF,
        0x22, 0x22, 0x22, 0xFF, 0x20, 0x20, 0x20, 0xFF, 0x1C, 0x1C, 0x1C, 0xFF,
        0xFF, 0xFF, 0xFF, 0x00, 0xFF, 0xFF, 0xFF, 0x00, 0x34, 0x34, 0x34, 0xFF,
        0x30, 0x30, 0x30, 0xFF, 0x2B, 0x2B, 0x2B, 0xFF, 0x28, 0x28, 0x28, 0xFF,
        0x28, 0x28, 0x28, 0xFF, 0x28, 0x28, 0x28, 0xFF, 0x28, 0x28, 0x28, 0xFF,
        0x28, 0x28, 0x28, 0xFF, 0x28, 0x28, 0x28, 0xFF, 0x28, 0x28, 0x28, 0xFF,
        0x28, 0x28, 0x28, 0xFF, 0x28, 0x28, 0x28, 0xFF, 0x28, 0x28, 0x28, 0xFF,
        0x28, 0x28, 0x28, 0xFF, 0x28, 0x28, 0x28, 0xFF, 0x28, 0x28, 0x28, 0xFF,
        0x28, 0x28, 0x28, 0xFF, 0x28, 0x28, 0x28, 0xFF, 0x28, 0x28, 0x28, 0xFF,
        0x28, 0x28, 0x28, 0xFF, 0x28, 0x28, 0x28, 0xFF, 0x28, 0x28, 0x28, 0xFF,
        0x28, 0x28, 0x28, 0xFF, 0x28, 0x28, 0x28, 0xFF, 0x28, 0x28, 0x28, 0xFF,
        0x28, 0x28, 0x28, 0xFF, 0x28, 0x28, 0x28, 0xFF, 0x28, 0x28, 0x28, 0xFF,
        0x28, 0x28, 0x28, 0xFF, 0x28, 0x28, 0x28, 0xFF, 0x28, 0x28, 0x28, 0xFF,
        0x28, 0x28, 0x28, 0xFF, 0x28, 0x28, 0x28, 0xFF, 0x28, 0x28, 0x28, 0xFF,
        0x28, 0x28, 0x28, 0xFF, 0x28, 0x28, 0x28, 0xFF, 0x28, 0x28, 0x28, 0xFF,
        0x28, 0x28, 0x28, 0xFF, 0x28, 0x28, 0x28, 0xFF, 0x28, 0x28, 0x28, 0xFF,
        0x28, 0x28, 0x28, 0xFF, 0x28, 0x28, 0x28, 0xFF, 0x28, 0x28, 0x28, 0xFF,
        0x28, 0x28, 0x28, 0xFF, 0x28, 0x28, 0x28, 0xFF, 0x28, 0x28, 0x28, 0xFF,
        0x28, 0x28, 0x28, 0xFF, 0x28, 0x28, 0x28, 0xFF, 0x28, 0x28, 0x28, 0xFF,
        0x28, 0x28, 0x28, 0xFF, 0x28, 0x28, 0x28, 0xFF, 0x28, 0x28, 0x28, 0xFF,
        0x28, 0x28, 0x28, 0xFF, 0x28, 0x28, 0x28, 0xFF, 0x28, 0x28, 0x28, 0xFF,
        0x28, 0x28, 0x28, 0xFF, 0x28, 0x28, 0x28, 0xFF, 0x28, 0x28, 0x28, 0xFF,
        0x28, 0x28, 0x28, 0xFF, 0x2B, 0x2B, 0x2B, 0xFF, 0x30, 0x30, 0x30, 0xFF,
        0x34, 0x34, 0x34, 0xFF, 0xFF, 0xFF, 0xFF, 0x00, 0xFF, 0xFF, 0xFF, 0x00,
        0x1C, 0x1C, 0x1C, 0xFF, 0x20, 0x20, 0x20, 0xFF, 0x22, 0x22, 0x22, 0xFF,
        0x23, 0x23, 0x23, 0xFF, 0x23, 0x23, 0x23, 0xFF, 0x23, 0x23, 0x23, 0xFF,
        0x23, 0x23, 0x23, 0xFF, 0x23, 0x23, 0x23, 0xFF, 0x23, 0x23, 0x23, 0xFF,
        0x23, 0x23, 0x23, 0xFF, 0x23, 0x23, 0x23, 0xFF, 0x23, 0x23, 0x23, 0xFF,
        0x23, 0x23, 0x23, 0xFF, 0x23, 0x23, 0x23, 0xFF, 0x23, 0x23, 0x23, 0xFF,
        0x23, 0x23, 0x23, 0xFF, 0x23, 0x23, 0x23, 0xFF, 0x23, 0x23, 0x23, 0xFF,
        0x23, 0x23, 0x23, 0xFF, 0x23, 0x23, 0x23, 0xFF, 0x23, 0x23, 0x23, 0xFF,
        0x23, 0x23, 0x23, 0xFF, 0x23, 0x23, 0x23, 0xFF, 0x23, 0x23, 0x23, 0xFF,
        0x23, 0x23, 0x23, 0xFF, 0x23, 0x23, 0x23, 0xFF, 0x23, 0x23, 0x23, 0xFF,
        0x23, 0x23, 0x23, 0xFF, 0x23, 0x23, 0x23, 0xFF, 0x23, 0x23, 0x23, 0xFF,
        0x23, 0x23, 0x23, 0xFF, 0x23, 0x23, 0x23, 0xFF, 0x23, 0x23, 0x23, 0xFF,
        0x23, 0x23, 0x23, 0xFF, 0x23, 0x23, 0x23, 0xFF, 0x23, 0x23, 0x23, 0xFF,
        0x23, 0x23, 0x23, 0xFF, 0x23, 0x23, 0x23, 0xFF, 0x23, 0x23, 0x23, 0xFF,
        0x23, 0x23, 0x23, 0xFF, 0x23, 0x23, 0x23, 0xFF, 0x23, 0x23, 0x23, 0xFF,
        0x23, 0x23, 0x23, 0xFF, 0x23, 0x23, 0x23, 0xFF, 0x23, 0x23, 0x23, 0xFF,
        0x23, 0x23, 0x23, 0xFF, 0x23, 0x23, 0x23, 0xFF, 0x23, 0x23, 0x23, 0xFF,
        0x23, 0x23, 0x23, 0xFF, 0x23, 0x23, 0x23, 0xFF, 0x23, 0x23, 0x23, 0xFF,
        0x23, 0x23, 0x23, 0xFF, 0x23, 0x23, 0x23, 0xFF, 0x23, 0x23, 0x23, 0xFF,
        0x23, 0x23, 0x23, 0xFF, 0x23, 0x23, 0x23, 0xFF, 0x23, 0x23, 0x23, 0xFF,
        0x23, 0x23, 0x23, 0xFF, 0x23, 0x23, 0x23, 0xFF, 0x22, 0x22, 0x22, 0xFF,
        0x20, 0x20, 0x20, 0xFF, 0x1C, 0x1C, 0x1C, 0xFF, 0xFF, 0xFF, 0xFF, 0x00,
        0xFF, 0xFF, 0xFF, 0x00, 0x34, 0x34, 0x34, 0xFF, 0x30, 0x30, 0x30, 0xFF,
        0x2B, 0x2B, 0x2B, 0xFF, 0x28, 0x28, 0x28, 0xFF, 0x28, 0x28, 0x28, 0xFF,
        0x28, 0x28, 0x28, 0xFF, 0x28, 0x28, 0x28, 0xFF, 0x28, 0x28, 0x28, 0xFF,
        0x28, 0x28, 0x28, 0xFF, 0x28, 0x28, 0x28, 0xFF, 0x28, 0x28, 0x28, 0xFF,
        0x28, 0x28, 0x28, 0xFF, 0x28, 0x28, 0x28, 0xFF, 0x28, 0x28, 0x28, 0xFF,
        0x28, 0x28, 0x28, 0xFF, 0x28, 0x28, 0x28, 0xFF, 0x28, 0x28, 0x28, 0xFF,
        0x28, 0x28, 0x28, 0xFF, 0x28, 0x28, 0x28, 0xFF, 0x28, 0x28, 0x28, 0xFF,
        0x28, 0x28, 0x28, 0xFF, 0x28, 0x28, 0x28, 0xFF, 0x28, 0x28, 0x28, 0xFF,
        0x28, 0x28, 0x28, 0xFF, 0x28, 0x28, 0x28, 0xFF, 0x28, 0x28, 0x28, 0xFF,
        0x28, 0x28, 0x28, 0xFF, 0x28, 0x28, 0x28, 0xFF, 0x28, 0x28, 0x28, 0xFF,
        0x28, 0x28, 0x28, 0xFF, 0x28, 0x28, 0x28, 0xFF, 0x28, 0x28, 0x28, 0xFF,
        0x28, 0x28, 0x28, 0xFF, 0x28, 0x28, 0x28, 0xFF, 0x28, 0x28, 0x28, 0xFF,
        0x28, 0x28, 0x28, 0xFF, 0x28, 0x28, 0x28, 0xFF, 0x28, 0x28, 0x28, 0xFF,
        0x28, 0x28, 0x28, 0xFF, 0x28, 0x28, 0x28, 0xFF, 0x28, 0x28, 0x28, 0xFF,
        0x28, 0x28, 0x28, 0xFF, 0x28, 0x28, 0x28, 0xFF, 0x28, 0x28, 0x28, 0xFF,
        0x28, 0x28, 0x28, 0xFF, 0x28, 0x28, 0x28, 0xFF, 0x28, 0x28, 0x28, 0xFF,
        0x28, 0x28, 0x28, 0xFF, 0x28, 0x28, 0x28, 0xFF, 0x28, 0x28, 0x28, 0xFF,
        0x28, 0x28, 0x28, 0xFF, 0x28, 0x28, 0x28, 0xFF, 0x28, 0x28, 0x28, 0xFF,
        0x28, 0x28, 0x28, 0xFF, 0x28, 0x28, 0x28, 0xFF, 0x28, 0x28, 0x28, 0xFF,
        0x28, 0x28, 0x28, 0xFF, 0x28, 0x28, 0x28, 0xFF, 0x28, 0x28, 0x28, 0xFF,
        0x2B, 0x2B, 0x2B, 0xFF, 0x30, 0x30, 0x30, 0xFF, 0x34, 0x34, 0x34, 0xFF,
        0xFF, 0xFF, 0xFF, 0x00, 0xFF, 0xFF, 0xFF, 0x00, 0x1C, 0x1C, 0x1C, 0xFF,
        0x20, 0x20, 0x20, 0xFF, 0x22, 0x22, 0x22, 0xFF, 0x23, 0x23, 0x23, 0xFF,
        0x23, 0x23, 0x23, 0xFF, 0x23, 0x23, 0x23, 0xFF, 0x23, 0x23, 0x23, 0xFF,
        0x23, 0x23, 0x23, 0xFF, 0x23, 0x23, 0x23, 0xFF, 0x23, 0x23, 0x23, 0xFF,
        0x23, 0x23, 0x23, 0xFF, 0x23, 0x23, 0x23, 0xFF, 0x23, 0x23, 0x23, 0xFF,
        0x23, 0x23, 0x23, 0xFF, 0x23, 0x23, 0x23, 0xFF, 0x23, 0x23, 0x23, 0xFF,
        0x23, 0x23, 0x23, 0xFF, 0x23, 0x23, 0x23, 0xFF, 0x23, 0x23, 0x23, 0xFF,
        0x23, 0x23, 0x23, 0xFF, 0x23, 0x23, 0x23, 0xFF, 0x23, 0x23, 0x23, 0xFF,
        0x23, 0x23, 0x23, 0xFF, 0x23, 0x23, 0x23, 0xFF, 0x23, 0x23, 0x23, 0xFF,
        0x23, 0x23, 0x23, 0xFF, 0x23, 0x23, 0x23, 0xFF, 0x23, 0x23, 0x23, 0xFF,
        0x23, 0x23, 0x23, 0xFF, 0x23, 0x23, 0x23, 0xFF, 0x23, 0x23, 0x23, 0xFF,
        0x23, 0x23, 0x23, 0xFF, 0x23, 0x23, 0x23, 0xFF, 0x23, 0x23, 0x23, 0xFF,
        0x23, 0x23, 0x23, 0xFF, 0x23, 0x23, 0x23, 0xFF, 0x23, 0x23, 0x23, 0xFF,
        0x23, 0x23, 0x23, 0xFF, 0x23, 0x23, 0x23, 0xFF, 0x23, 0x23, 0x23, 0xFF,
        0x23, 0x23, 0x23, 0xFF, 0x23, 0x23, 0x23, 0xFF, 0x23, 0x23, 0x23, 0xFF,
        0x23, 0x23, 0x23, 0xFF, 0x23, 0x23, 0x23, 0xFF, 0x23, 0x23, 0x23, 0xFF,
        0x23, 0x23, 0x23, 0xFF, 0x23, 0x23, 0x23, 0xFF, 0x23, 0x23, 0x23, 0xFF,
        0x23, 0x23, 0x23, 0xFF, 0x23, 0x23, 0x23, 0xFF, 0x23, 0x23, 0x23, 0xFF,
        0x23, 0x23, 0x23, 0xFF, 0x23, 0x23, 0x23, 0xFF, 0x23, 0x23, 0x23, 0xFF,
        0x23, 0x23, 0x23, 0xFF, 0x23, 0x23, 0x23, 0xFF, 0x23, 0x23, 0x23, 0xFF,
        0x23, 0x23, 0x23, 0xFF, 0x22, 0x22, 0x22, 0xFF, 0x20, 0x20, 0x20, 0xFF,
        0x1C, 0x1C, 0x1C, 0xFF, 0xFF, 0xFF, 0xFF, 0x00, 0xFF, 0xFF, 0xFF, 0x00,
        0x34, 0x34, 0x34, 0xFF, 0x30, 0x30, 0x30, 0xFF, 0x2B, 0x2B, 0x2B, 0xFF,
        0x28, 0x28, 0x28, 0xFF, 0x28, 0x28, 0x28, 0xFF, 0x28, 0x28, 0x28, 0xFF,
        0x28, 0x28, 0x28, 0xFF, 0x28, 0x28, 0x28, 0xFF, 0x28, 0x28, 0x28, 0xFF,
        0x28, 0x28, 0x28, 0xFF, 0x28, 0x28, 0x28, 0xFF, 0x28, 0x28, 0x28, 0xFF,
        0x28, 0x28, 0x28, 0xFF, 0x28, 0x28, 0x28, 0xFF, 0x28, 0x28, 0x28, 0xFF,
        0x28, 0x28, 0x28, 0xFF, 0x28, 0x28, 0x28, 0xFF, 0x28, 0x28, 0x28, 0xFF,
        0x28, 0x28, 0x28, 0xFF, 0x28, 0x28, 0x28, 0xFF, 0x28, 0x28, 0x28, 0xFF,
        0x28, 0x28, 0x28, 0xFF, 0x28, 0x28, 0x28, 0xFF, 0x28, 0x28, 0x28, 0xFF,
        0x28, 0x28, 0x28, 0xFF, 0x28, 0x28, 0x28, 0xFF, 0x28, 0x28, 0x28, 0xFF,
        0x28, 0x28, 0x28, 0xFF, 0x28, 0x28, 0x28, 0xFF, 0x28, 0x28, 0x28, 0xFF,
        0x28, 0x28, 0x28, 0xFF, 0x28, 0x28, 0x28, 0xFF, 0x28, 0x28, 0x28, 0xFF,
        0x28, 0x28, 0x28, 0xFF, 0x28, 0x28, 0x28, 0xFF, 0x28, 0x28, 0x28, 0xFF,
        0x28, 0x28, 0x28, 0xFF, 0x28, 0x28, 0x28, 0xFF, 0x28, 0x28, 0x28, 0xFF,
        0x28, 0x28, 0x28, 0xFF, 0x28, 0x28, 0x28, 0xFF, 0x28, 0x28, 0x28, 0xFF,
        0x28, 0x28, 0x28, 0xFF, 0x28, 0x28, 0x28, 0xFF, 0x28, 0x28, 0x28, 0xFF,
        0x28, 0x28, 0x28, 0xFF, 0x28, 0x28, 0x28, 0xFF, 0x28, 0x28, 0x28, 0xFF,
        0x28, 0x28, 0x28, 0xFF, 0x28, 0x28, 0x28, 0xFF, 0x28, 0x28, 0x28, 0xFF,
        0x28, 0x28, 0x28, 0xFF, 0x28, 0x28, 0x28, 0xFF, 0x28, 0x28, 0x28, 0xFF,
        0x28, 0x28, 0x28, 0xFF, 0x28, 0x28, 0x28, 0xFF, 0x28, 0x28, 0x28, 0xFF,
        0x28, 0x28, 0x28, 0xFF, 0x28, 0x28, 0x28, 0xFF, 0x2B, 0x2B, 0x2B, 0xFF,
        0x30, 0x30, 0x30, 0xFF, 0x34, 0x34, 0x34, 0xFF, 0xFF, 0xFF, 0xFF, 0x00,
        0xFF, 0xFF, 0xFF, 0x00, 0x1C, 0x1C, 0x1C, 0xFF, 0x20, 0x20, 0x20, 0xFF,
        0x22, 0x22, 0x22, 0xFF, 0x23, 0x23, 0x23, 0xFF, 0x23, 0x23, 0x23, 0xFF,
        0x23, 0x23, 0x23, 0xFF, 0x23, 0x23, 0x23, 0xFF, 0x23, 0x23, 0x23, 0xFF,
        0x23, 0x23, 0x23, 0xFF, 0x23, 0x23, 0x23, 0xFF, 0x23, 0x23, 0x23, 0xFF,
        0x23, 0x23, 0x23, 0xFF, 0x23, 0x23, 0x23, 0xFF, 0x23, 0x23, 0x23, 0xFF,
        0x23, 0x23, 0x23, 0xFF, 0x23, 0x23, 0x23, 0xFF, 0x23, 0x23, 0x23, 0xFF,
        0x23, 0x23, 0x23, 0xFF, 0x23, 0x23, 0x23, 0xFF, 0x23, 0x23, 0x23, 0xFF,
        0x23, 0x23, 0x23, 0xFF, 0x23, 0x23, 0x23, 0xFF, 0x23, 0x23, 0x23, 0xFF,
        0x23, 0x23, 0x23, 0xFF, 0x23, 0x23, 0x23, 0xFF, 0x23, 0x23, 0x23, 0xFF,
        0x23, 0x23, 0x23, 0xFF, 0x23, 0x23, 0x23, 0xFF, 0x23, 0x23, 0x23, 0xFF,
        0x23, 0x23, 0x23, 0xFF, 0x23, 0x23, 0x23, 0xFF, 0x23, 0x23, 0x23, 0xFF,
        0x23, 0x23, 0x23, 0xFF, 0x23, 0x23, 0x23, 0xFF, 0x23, 0x23, 0x23, 0xFF,
        0x23, 0x23, 0x23, 0xFF, 0x23, 0x23, 0x23, 0xFF, 0x23, 0x23, 0x23, 0xFF,
        0x23, 0x23, 0x23, 0xFF, 0x23, 0x23, 0x23, 0xFF, 0x23, 0x23, 0x23, 0xFF,
        0x23, 0x23, 0x23, 0xFF, 0x23, 0x23, 0x23, 0xFF, 0x23, 0x23, 0x23, 0xFF,
        0x23, 0x23, 0x23, 0xFF, 0x23, 0x23, 0x23, 0xFF, 0x23, 0x23, 0x23, 0xFF,
        0x23, 0x23, 0x23, 0xFF, 0x23, 0x23, 0x23, 0xFF, 0x23, 0x23, 0x23, 0xFF,
        0x23, 0x23, 0x23, 0xFF, 0x23, 0x23, 0x23, 0xFF, 0x23, 0x23, 0x23, 0xFF,
        0x23, 0x23, 0x23, 0xFF, 0x23, 0x23, 0x23, 0xFF, 0x23, 0x23, 0x23, 0xFF,
        0x23, 0x23, 0x23, 0xFF, 0x23, 0x23, 0x23, 0xFF, 0x23, 0x23, 0x23, 0xFF,
        0x22, 0x22, 0x22, 0xFF, 0x20, 0x20, 0x20, 0xFF, 0x1C, 0x1C, 0x1C, 0xFF,
        0xFF, 0xFF, 0xFF, 0x00, 0xFF, 0xFF, 0xFF, 0x00, 0x34, 0x34, 0x34, 0xFF,
        0x30, 0x30, 0x30, 0xFF, 0x2B, 0x2B, 0x2B, 0xFF, 0x28, 0x28, 0x28, 0xFF,
        0x28, 0x28, 0x28, 0xFF, 0x28, 0x28, 0x28, 0xFF, 0x28, 0x28, 0x28, 0xFF,
        0x28, 0x28, 0x28, 0xFF, 0x28, 0x28, 0x28, 0xFF, 0x28, 0x28, 0x28, 0xFF,
        0x28, 0x28, 0x28, 0xFF, 0x28, 0x28, 0x28, 0xFF, 0x28, 0x28, 0x28, 0xFF,
        0x28, 0x28, 0x28, 0xFF, 0x28, 0x28, 0x28, 0xFF, 0x28, 0x28, 0x28, 0xFF,
        0x28, 0x28, 0x28, 0xFF, 0x28, 0x28, 0x28, 0xFF, 0x28, 0x28, 0x28, 0xFF,
        0x28, 0x28, 0x28, 0xFF, 0x28, 0x28, 0x28, 0xFF, 0x28, 0x28, 0x28, 0xFF,
        0x28, 0x28, 0x28, 0xFF, 0x28, 0x28, 0x28, 0xFF, 0x28, 0x28, 0x28, 0xFF,
        0x28, 0x28, 0x28, 0xFF, 0x28, 0x28, 0x28, 0xFF, 0x28, 0x28, 0x28, 0xFF,
        0x28, 0x28, 0x28, 0xFF, 0x28, 0x28, 0x28, 0xFF, 0x28, 0x28, 0x28, 0xFF,
        0x28, 0x28, 0x28, 0xFF, 0x28, 0x28, 0x28, 0xFF, 0x28, 0x28, 0x28, 0xFF,
        0x28, 0x28, 0x28, 0xFF, 0x28, 0x28, 0x28, 0xFF, 0x28, 0x28, 0x28, 0xFF,
        0x28, 0x28, 0x28, 0xFF, 0x28, 0x28, 0x28, 0xFF, 0x28, 0x28, 0x28, 0xFF,
        0x28, 0x28, 0x28, 0xFF, 0x28, 0x28, 0x28, 0xFF, 0x28, 0x28, 0x28, 0xFF,
        0x28, 0x28, 0x28, 0xFF, 0x28, 0x28, 0x28, 0xFF, 0x28, 0x28, 0x28, 0xFF,
        0x28, 0x28, 0x28, 0xFF, 0x28, 0x28, 0x28, 0xFF, 0x28, 0x28, 0x28, 0xFF,
        0x28, 0x28, 0x28, 0xFF, 0x28, 0x28, 0x28, 0xFF, 0x28, 0x28, 0x28, 0xFF,
        0x28, 0x28, 0x28, 0xFF, 0x28, 0x28, 0x28, 0xFF, 0x28, 0x28, 0x28, 0xFF,
        0x28, 0x28, 0x28, 0xFF, 0x28, 0x28, 0x28, 0xFF, 0x28, 0x28, 0x28, 0xFF,
        0x28, 0x28, 0x28, 0xFF, 0x2B, 0x2B, 0x2B, 0xFF, 0x30, 0x30, 0x30, 0xFF,
        0x34, 0x34, 0x34, 0xFF, 0xFF, 0xFF, 0xFF, 0x00, 0xFF, 0xFF, 0xFF, 0x00,
        0x1C, 0x1C, 0x1C, 0xFF, 0x20, 0x20, 0x20, 0xFF, 0x22, 0x22, 0x22, 0xFF,
        0x23, 0x23, 0x23, 0xFF, 0x23, 0x23, 0x23, 0xFF, 0x23, 0x23, 0x23, 0xFF,
        0x23, 0x23, 0x23, 0xFF, 0x23, 0x23, 0x23, 0xFF, 0x23, 0x23, 0x23, 0xFF,
        0x23, 0x23, 0x23, 0xFF, 0x23, 0x23, 0x23, 0xFF, 0x23, 0x23, 0x23, 0xFF,
        0x23, 0x23, 0x23, 0xFF, 0x23, 0x23, 0x23, 0xFF, 0x23, 0x23, 0x23, 0xFF,
        0x23, 0x23, 0x23, 0xFF, 0x23, 0x23, 0x23, 0xFF, 0x23, 0x23, 0x23, 0xFF,
        0x23, 0x23, 0x23, 0xFF, 0x23, 0x23, 0x23, 0xFF, 0x23, 0x23, 0x23, 0xFF,
        0x23, 0x23, 0x23, 0xFF, 0x23, 0x23, 0x23, 0xFF, 0x23, 0x23, 0x23, 0xFF,
        0x23, 0x23, 0x23, 0xFF, 0x23, 0x23, 0x23, 0xFF, 0x23, 0x23, 0x23, 0xFF,
        0x23, 0x23, 0x23, 0xFF, 0x23, 0x23, 0x23, 0xFF, 0x23, 0x23, 0x23, 0xFF,
        0x23, 0x23, 0x23, 0xFF, 0x23, 0x23, 0x23, 0xFF, 0x23, 0x23, 0x23, 0xFF,
        0x23, 0x23, 0x23, 0xFF, 0x23, 0x23, 0x23, 0xFF, 0x23, 0x23, 0x23, 0xFF,
        0x23, 0x23, 0x23, 0xFF, 0x23, 0x23, 0x23, 0xFF, 0x23, 0x23, 0x23, 0xFF,
        0x23, 0x23, 0x23, 0xFF, 0x23, 0x23, 0x23, 0xFF, 0x23, 0x23, 0x23, 0xFF,
        0x23, 0x23, 0x23, 0xFF, 0x23, 0x23, 0x23, 0xFF, 0x23, 0x23, 0x23, 0xFF,
        0x23, 0x23, 0x23, 0xFF, 0x23, 0x23, 0x23, 0xFF, 0x23, 0x23, 0x23, 0xFF,
        0x23, 0x23, 0x23, 0xFF, 0x23, 0x23, 0x23, 0xFF, 0x23, 0x23, 0x23, 0xFF,
        0x23, 0x23, 0x23, 0xFF, 0x23, 0x23, 0x23, 0xFF, 0x23, 0x23, 0x23, 0xFF,
        0x23, 0x23, 0x23, 0xFF, 0x23, 0x23, 0x23, 0xFF, 0x23, 0x23, 0x23, 0xFF,
        0x23, 0x23, 0x23, 0xFF, 0x23, 0x23, 0x23, 0xFF, 0x22, 0x22, 0x22, 0xFF,
        0x20, 0x20, 0x20, 0xFF, 0x1C, 0x1C, 0x1C, 0xFF, 0xFF, 0xFF, 0xFF, 0x00,
        0xFF, 0xFF, 0xFF, 0x00, 0x34, 0x34, 0x34, 0xFF, 0x30, 0x30, 0x30, 0xFF,
        0x2B, 0x2B, 0x2B, 0xFF, 0x28, 0x28, 0x28, 0xFF, 0x28, 0x28, 0x28, 0xFF,
        0x28, 0x28, 0x28, 0xFF, 0x28, 0x28, 0x28, 0xFF, 0x28, 0x28, 0x28, 0xFF,
        0x28, 0x28, 0x28, 0xFF, 0x28, 0x28, 0x28, 0xFF, 0x28, 0x28, 0x28, 0xFF,
        0x28, 0x28, 0x28, 0xFF, 0x28, 0x28, 0x28, 0xFF, 0x28, 0x28, 0x28, 0xFF,
        0x28, 0x28, 0x28, 0xFF, 0x28, 0x28, 0x28, 0xFF, 0x28, 0x28, 0x28, 0xFF,
        0x28, 0x28, 0x28, 0xFF, 0x28, 0x28, 0x28, 0xFF, 0x28, 0x28, 0x28, 0xFF,
        0x28, 0x28, 0x28, 0xFF, 0x28, 0x28, 0x28, 0xFF, 0x28, 0x28, 0x28, 0xFF,
        0x28, 0x28, 0x28, 0xFF, 0x28, 0x28, 0x28, 0xFF, 0x28, 0x28, 0x28, 0xFF,
        0x28, 0x28, 0x28, 0xFF, 0x28, 0x28, 0x28, 0xFF, 0x28, 0x28, 0x28, 0xFF,
        0x28, 0x28, 0x28, 0xFF, 0x28, 0x28, 0x28, 0xFF, 0x28, 0x28, 0x28, 0xFF,
        0x28, 0x28, 0x28, 0xFF, 0x28, 0x28, 0x28, 0xFF, 0x28, 0x28, 0x28, 0xFF,
        0x28, 0x28, 0x28, 0xFF, 0x28, 0x28, 0x28, 0xFF, 0x28, 0x28, 0x28, 0xFF,
        0x28, 0x28, 0x28, 0xFF, 0x28, 0x28, 0x28, 0xFF, 0x28, 0x28, 0x28, 0xFF,
        0x28, 0x28, 0x28, 0xFF, 0x28, 0x28, 0x28, 0xFF, 0x28, 0x28, 0x28, 0xFF,
        0x28, 0x28, 0x28, 0xFF, 0x28, 0x28, 0x28, 0xFF, 0x28, 0x28, 0x28, 0xFF,
        0x28, 0x28, 0x28, 0xFF, 0x28, 0x28, 0x28, 0xFF, 0x28, 0x28, 0x28, 0xFF,
        0x28, 0x28, 0x28, 0xFF, 0x28, 0x28, 0x28, 0xFF, 0x28, 0x28, 0x28, 0xFF,
        0x28, 0x28, 0x28, 0xFF, 0x28, 0x28, 0x28, 0xFF, 0x28, 0x28, 0x28, 0xFF,
        0x28, 0x28, 0x28, 0xFF, 0x28, 0x28, 0x28, 0xFF, 0x28, 0x28, 0x28, 0xFF,
        0x2B, 0x2B, 0x2B, 0xFF, 0x30, 0x30, 0x30, 0xFF, 0x34, 0x34, 0x34, 0xFF,
        0xFF, 0xFF, 0xFF, 0x00, 0xFF, 0xFF, 0xFF, 0x00, 0x1C, 0x1C, 0x1C, 0xFF,
        0x20, 0x20, 0x20, 0xFF, 0x22, 0x22, 0x22, 0xFF, 0x23, 0x23, 0x23, 0xFF,
        0x23, 0x23, 0x23, 0xFF, 0x23, 0x23, 0x23, 0xFF, 0x23, 0x23, 0x23, 0xFF,
        0x23, 0x23, 0x23, 0xFF, 0x23, 0x23, 0x23, 0xFF, 0x23, 0x23, 0x23, 0xFF,
        0x23, 0x23, 0x23, 0xFF, 0x23, 0x23, 0x23, 0xFF, 0x23, 0x23, 0x23, 0xFF,
        0x23, 0x23, 0x23, 0xFF, 0x23, 0x23, 0x23, 0xFF, 0x23, 0x23, 0x23, 0xFF,
        0x23, 0x23, 0x23, 0xFF, 0x23, 0x23, 0x23, 0xFF, 0x23, 0x23, 0x23, 0xFF,
        0x23, 0x23, 0x23, 0xFF, 0x23, 0x23, 0x23, 0xFF, 0x23, 0x23, 0x23, 0xFF,
        0x23, 0x23, 0x23, 0xFF, 0x23, 0x23, 0x23, 0xFF, 0x23, 0x23, 0x23, 0xFF,
        0x23, 0x23, 0x23, 0xFF, 0x23, 0x23, 0x23, 0xFF, 0x23, 0x23, 0x23, 0xFF,
        0x23, 0x23, 0x23, 0xFF, 0x23, 0x23, 0x23, 0xFF, 0x23, 0x23, 0x23, 0xFF,
        0x23, 0x23, 0x23, 0xFF, 0x23, 0x23, 0x23, 0xFF, 0x23, 0x23, 0x23, 0xFF,
        0x23, 0x23, 0x23, 0xFF, 0x23, 0x23, 0x23, 0xFF, 0x23, 0x23, 0x23, 0xFF,
        0x23, 0x23, 0x23, 0xFF, 0x23, 0x23, 0x23, 0xFF, 0x23, 0x23, 0x23, 0xFF,
        0x23, 0x23, 0x23, 0xFF, 0x23, 0x23, 0x23, 0xFF, 0x23, 0x23, 0x23, 0xFF,
        0x23, 0x23, 0x23, 0xFF, 0x23, 0x23, 0x23, 0xFF, 0x23, 0x23, 0x23, 0xFF,
        0x23, 0x23, 0x23, 0xFF, 0x23, 0x23, 0x23, 0xFF, 0x23, 0x23, 0x23, 0xFF,
        0x23, 0x23, 0x23, 0xFF, 0x23, 0x23, 0x23, 0xFF, 0x23, 0x23, 0x23, 0xFF,
        0x23, 0x23, 0x23, 0xFF, 0x23, 0x23, 0x23, 0xFF, 0x23, 0x23, 0x23, 0xFF,
        0x23, 0x23, 0x23, 0xFF, 0x23, 0x23, 0x23, 0xFF, 0x23, 0x23, 0x23, 0xFF,
        0x23, 0x23, 0x23, 0xFF, 0x22, 0x22, 0x22, 0xFF, 0x20, 0x20, 0x20, 0xFF,
        0x1C, 0x1C, 0x1C, 0xFF, 0xFF, 0xFF, 0xFF, 0x00, 0xFF, 0xFF, 0xFF, 0x00,
        0x34, 0x34, 0x34, 0xFF, 0x30, 0x30, 0x30, 0xFF, 0x2B, 0x2B, 0x2B, 0xFF,
        0x28, 0x28, 0x28, 0xFF, 0x28, 0x28, 0x28, 0xFF, 0x28, 0x28, 0x28, 0xFF,
        0x28, 0x28, 0x28, 0xFF, 0x28, 0x28, 0x28, 0xFF, 0x28, 0x28, 0x28, 0xFF,
        0x28, 0x28, 0x28, 0xFF, 0x28, 0x28, 0x28, 0xFF, 0x28, 0x28, 0x28, 0xFF,
        0x28, 0x28, 0x28, 0xFF, 0x28, 0x28, 0x28, 0xFF, 0x28, 0x28, 0x28, 0xFF,
        0x28, 0x28, 0x28, 0xFF, 0x28, 0x28, 0x28, 0xFF, 0x28, 0x28, 0x28, 0xFF,
        0x28, 0x28, 0x28, 0xFF, 0x28, 0x28, 0x28, 0xFF, 0x28, 0x28, 0x28, 0xFF,
        0x28, 0x28, 0x28, 0xFF, 0x28, 0x28, 0x28, 0xFF, 0x28, 0x28, 0x28, 0xFF,
        0x28, 0x28, 0x28, 0xFF, 0x28, 0x28, 0x28, 0xFF, 0x28, 0x28, 0x28, 0xFF,
        0x28, 0x28, 0x28, 0xFF, 0x28, 0x28, 0x28, 0xFF, 0x28, 0x28, 0x28, 0xFF,
        0x28, 0x28, 0x28, 0xFF, 0x28, 0x28, 0x28, 0xFF, 0x28, 0x28, 0x28, 0xFF,
        0x28, 0x28, 0x28, 0xFF, 0x28, 0x28, 0x28, 0xFF, 0x28, 0x28, 0x28, 0xFF,
        0x28, 0x28, 0x28, 0xFF, 0x28, 0x28, 0x28, 0xFF, 0x28, 0x28, 0x28, 0xFF,
        0x28, 0x28, 0x28, 0xFF, 0x28, 0x28, 0x28, 0xFF, 0x28, 0x28, 0x28, 0xFF,
        0x28, 0x28, 0x28, 0xFF, 0x28, 0x28, 0x28, 0xFF, 0x28, 0x28, 0x28, 0xFF,
        0x28, 0x28, 0x28, 0xFF, 0x28, 0x28, 0x28, 0xFF, 0x28, 0x28, 0x28, 0xFF,
        0x28, 0x28, 0x28, 0xFF, 0x28, 0x28, 0x28, 0xFF, 0x28, 0x28, 0x28, 0xFF,
        0x28, 0x28, 0x28, 0xFF, 0x28, 0x28, 0x28, 0xFF, 0x28, 0x28, 0x28, 0xFF,
        0x28, 0x28, 0x28, 0xFF, 0x28, 0x28, 0x28, 0xFF, 0x28, 0x28, 0x28, 0xFF,
        0x28, 0x28, 0x28, 0xFF, 0x28, 0x28, 0x28, 0xFF, 0x2B, 0x2B, 0x2B, 0xFF,
        0x30, 0x30, 0x30, 0xFF, 0x34, 0x34, 0x34, 0xFF, 0xFF, 0xFF, 0xFF, 0x00,
        0xFF, 0xFF, 0xFF, 0x00, 0x1C, 0x1C, 0x1C, 0xFF, 0x20, 0x20, 0x20, 0xFF,
        0x22, 0x22, 0x22, 0xFF, 0x23, 0x23, 0x23, 0xFF, 0x23, 0x23, 0x23, 0xFF,
        0x23, 0x23, 0x23, 0xFF, 0x23, 0x23, 0x23, 0xFF, 0x23, 0x23, 0x23, 0xFF,
        0x23, 0x23, 0x23, 0xFF, 0x23, 0x23, 0x23, 0xFF, 0x23, 0x23, 0x23, 0xFF,
        0x23, 0x23, 0x23, 0xFF, 0x23, 0x23, 0x23, 0xFF, 0x23, 0x23, 0x23, 0xFF,
        0x23, 0x23, 0x23, 0xFF, 0x23, 0x23, 0x23, 0xFF, 0x23, 0x23, 0x23, 0xFF,
        0x23, 0x23, 0x23, 0xFF, 0x23, 0x23, 0x23, 0xFF, 0x23, 0x23, 0x23, 0xFF,
        0x23, 0x23, 0x23, 0xFF, 0x23, 0x23, 0x23, 0xFF, 0x23, 0x23, 0x23, 0xFF,
        0x23, 0x23, 0x23, 0xFF, 0x23, 0x23, 0x23, 0xFF, 0x23, 0x23, 0x23, 0xFF,
        0x23, 0x23, 0x23, 0xFF, 0x23, 0x23, 0x23, 0xFF, 0x23, 0x23, 0x23, 0xFF,
        0x23, 0x23, 0x23, 0xFF, 0x23, 0x23, 0x23, 0xFF, 0x23, 0x23, 0x23, 0xFF,
        0x23, 0x23, 0x23, 0xFF, 0x23, 0x23, 0x23, 0xFF, 0x23, 0x23, 0x23, 0xFF,
        0x23, 0x23, 0x23, 0xFF, 0x23, 0x23, 0x23, 0xFF, 0x23, 0x23, 0x23, 0xFF,
        0x23, 0x23, 0x23, 0xFF, 0x23, 0x23, 0x23, 0xFF, 0x23, 0x23, 0x23, 0xFF,
        0x23, 0x23, 0x23, 0xFF, 0x23, 0x23, 0x23, 0xFF, 0x23, 0x23, 0x23, 0xFF,
        0x23, 0x23, 0x23, 0xFF, 0x23, 0x23, 0x23, 0xFF, 0x23, 0x23, 0x23, 0xFF,
        0x23, 0x23, 0x23, 0xFF, 0x23, 0x23, 0x23, 0xFF, 0x23, 0x23, 0x23, 0xFF,
        0x23, 0x23, 0x23, 0xFF, 0x23, 0x23, 0x23, 0xFF, 0x23, 0x23, 0x23, 0xFF,
        0x23, 0x23, 0x23, 0xFF, 0x23, 0x23, 0x23, 0xFF, 0x23, 0x23, 0x23, 0xFF,
        0x23, 0x23, 0x23, 0xFF, 0x23, 0x23, 0x23, 0xFF, 0x23, 0x23, 0x23, 0xFF,
        0x22, 0x22, 0x22, 0xFF, 0x20, 0x20, 0x20, 0xFF, 0x1C, 0x1C, 0x1C, 0xFF,
        0xFF, 0xFF, 0xFF, 0x00, 0xFF, 0xFF, 0xFF, 0x00, 0x34, 0x34, 0x34, 0xFF,
        0x30, 0x30, 0x30, 0xFF, 0x2C, 0x2C, 0x2C, 0xFF, 0x29, 0x29, 0x29, 0xFF,
        0x29, 0x29, 0x29, 0xFF, 0x29, 0x29, 0x29, 0xFF, 0x29, 0x29, 0x29, 0xFF,
        0x29, 0x29, 0x29, 0xFF, 0x29, 0x29, 0x29, 0xFF, 0x29, 0x29, 0x29, 0xFF,
        0x29, 0x29, 0x29, 0xFF, 0x29, 0x29, 0x29, 0xFF, 0x29, 0x29, 0x29, 0xFF,
        0x29, 0x29, 0x29, 0xFF, 0x29, 0x29, 0x29, 0xFF, 0x29, 0x29, 0x29, 0xFF,
        0x29, 0x29, 0x29, 0xFF, 0x29, 0x29, 0x29, 0xFF, 0x29, 0x29, 0x29, 0xFF,
        0x29, 0x29, 0x29, 0xFF, 0x29, 0x29, 0x29, 0xFF, 0x29, 0x29, 0x29, 0xFF,
        0x29, 0x29, 0x29, 0xFF, 0x29, 0x29, 0x29, 0xFF, 0x29, 0x29, 0x29, 0xFF,
        0x29, 0x29, 0x29, 0xFF, 0x29, 0x29, 0x29, 0xFF, 0x29, 0x29, 0x29, 0xFF,
        0x29, 0x29, 0x29, 0xFF, 0x29, 0x29, 0x29, 0xFF, 0x29, 0x29, 0x29, 0xFF,
        0x29, 0x29, 0x29, 0xFF, 0x29, 0x29, 0x29, 0xFF, 0x29, 0x29, 0x29, 0xFF,
        0x29, 0x29, 0x29, 0xFF, 0x29, 0x29, 0x29, 0xFF, 0x29, 0x29, 0x29, 0xFF,
        0x29, 0x29, 0x29, 0xFF, 0x29, 0x29, 0x29, 0xFF, 0x29, 0x29, 0x29, 0xFF,
        0x29, 0x29, 0x29, 0xFF, 0x29, 0x29, 0x29, 0xFF, 0x29, 0x29, 0x29, 0xFF,
        0x29, 0x29, 0x29, 0xFF, 0x29, 0x29, 0x29, 0xFF, 0x29, 0x29, 0x29, 0xFF,
        0x29, 0x29, 0x29, 0xFF, 0x29, 0x29, 0x29, 0xFF, 0x29, 0x29, 0x29, 0xFF,
        0x29, 0x29, 0x29, 0xFF, 0x29, 0x29, 0x29, 0xFF, 0x29, 0x29, 0x29, 0xFF,
        0x29, 0x29, 0x29, 0xFF, 0x29, 0x29, 0x29, 0xFF, 0x29, 0x29, 0x29, 0xFF,
        0x29, 0x29, 0x29, 0xFF, 0x29, 0x29, 0x29, 0xFF, 0x29, 0x29, 0x29, 0xFF,
        0x29, 0x29, 0x29, 0xFF, 0x2C, 0x2C, 0x2C, 0xFF, 0x30, 0x30, 0x30, 0xFF,
        0x34, 0x34, 0x34, 0xFF, 0xFF, 0xFF, 0xFF, 0x00, 0xFF, 0xFF, 0xFF, 0x00,
        0x1D, 0x1D, 0x1D, 0xFF, 0x21, 0x21, 0x21, 0xFF, 0x23, 0x23, 0x23, 0xFF,
        0x24, 0x24, 0x24, 0xFF, 0x24, 0x24, 0x24, 0xFF, 0x24, 0x24, 0x24, 0xFF,
        0x24, 0x24, 0x24, 0xFF, 0x24, 0x24, 0x24, 0xFF, 0x24, 0x24, 0x24, 0xFF,
        0x24, 0x24, 0x24, 0xFF, 0x24, 0x24, 0x24, 0xFF, 0x24, 0x24, 0x24, 0xFF,
        0x24, 0x24, 0x24, 0xFF, 0x24, 0x24, 0x24, 0xFF, 0x24, 0x24, 0x24, 0xFF,
        0x24, 0x24, 0x24, 0xFF, 0x24, 0x24, 0x24, 0xFF, 0x24, 0x24, 0x24, 0xFF,
        0x24, 0x24, 0x24, 0xFF, 0x24, 0x24, 0x24, 0xFF, 0x24, 0x24, 0x24, 0xFF,
        0x24, 0x24, 0x24, 0xFF, 0x24, 0x24, 0x24, 0xFF, 0x24, 0x24, 0x24, 0xFF,
        0x24, 0x24, 0x24, 0xFF, 0x24, 0x24, 0x24, 0xFF, 0x24, 0x24, 0x24, 0xFF,
        0x24, 0x24, 0x24, 0xFF, 0x24, 0x24, 0x24, 0xFF, 0x24, 0x24, 0x24, 0xFF,
        0x24, 0x24, 0x24, 0xFF, 0x24, 0x24, 0x24, 0xFF, 0x24, 0x24, 0x24, 0xFF,
        0x24, 0x24, 0x24, 0xFF, 0x24, 0x24, 0x24, 0xFF, 0x24, 0x24, 0x24, 0xFF,
        0x24, 0x24, 0x24, 0xFF, 0x24, 0x24, 0x24, 0xFF, 0x24, 0x24, 0x24, 0xFF,
        0x24, 0x24, 0x24, 0xFF, 0x24, 0x24, 0x24, 0xFF, 0x24, 0x24, 0x24, 0xFF,
        0x24, 0x24, 0x24, 0xFF, 0x24, 0x24, 0x24, 0xFF, 0x24, 0x24, 0x24, 0xFF,
        0x24, 0x24, 0x24, 0xFF, 0x24, 0x24, 0x24, 0xFF, 0x24, 0x24, 0x24, 0xFF,
        0x24, 0x24, 0x24, 0xFF, 0x24, 0x24, 0x24, 0xFF, 0x24, 0x24, 0x24, 0xFF,
        0x24, 0x24, 0x24, 0xFF, 0x24, 0x24, 0x24, 0xFF, 0x24, 0x24, 0x24, 0xFF,
        0x24, 0x24, 0x24, 0xFF, 0x24, 0x24, 0x24, 0xFF, 0x24, 0x24, 0x24, 0xFF,
        0x24, 0x24, 0x24, 0xFF, 0x24, 0x24, 0x24, 0xFF, 0x23, 0x23, 0x23, 0xFF,
        0x21, 0x21, 0x21, 0xFF, 0x1D, 0x1D, 0x1D, 0xFF, 0xFF, 0xFF, 0xFF, 0x00,
        0xFF, 0xFF, 0xFF, 0x00, 0x34, 0x34, 0x34, 0xFF, 0x30, 0x30, 0x30, 0xFF,
        0x2C, 0x2C, 0x2C, 0xFF, 0x29, 0x29, 0x29, 0xFF, 0x29, 0x29, 0x29, 0xFF,
        0x29, 0x29, 0x29, 0xFF, 0x29, 0x29, 0x29, 0xFF, 0x29, 0x29, 0x29, 0xFF,
        0x29, 0x29, 0x29, 0xFF, 0x29, 0x29, 0x29, 0xFF, 0x29, 0x29, 0x29, 0xFF,
        0x29, 0x29, 0x29, 0xFF, 0x29, 0x29, 0x29, 0xFF, 0x29, 0x29, 0x29, 0xFF,
        0x29, 0x29, 0x29, 0xFF, 0x29, 0x29, 0x29, 0xFF, 0x29, 0x29, 0x29, 0xFF,
        0x29, 0x29, 0x29, 0xFF, 0x29, 0x29, 0x29, 0xFF, 0x29, 0x29, 0x29, 0xFF,
        0x29, 0x29, 0x29, 0xFF, 0x29, 0x29, 0x29, 0xFF, 0x29, 0x29, 0x29, 0xFF,
        0x29, 0x29, 0x29, 0xFF, 0x29, 0x29, 0x29, 0xFF, 0x29, 0x29, 0x29, 0xFF,
        0x29, 0x29, 0x29, 0xFF, 0x29, 0x29, 0x29, 0xFF, 0x29, 0x29, 0x29, 0xFF,
        0x29, 0x29, 0x29, 0xFF, 0x29, 0x29, 0x29, 0xFF, 0x29, 0x29, 0x29, 0xFF,
        0x29, 0x29, 0x29, 0xFF, 0x29, 0x29, 0x29, 0xFF, 0x29, 0x29, 0x29, 0xFF,
        0x29, 0x29, 0x29, 0xFF, 0x29, 0x29, 0x29, 0xFF, 0x29, 0x29, 0x29, 0xFF,
        0x29, 0x29, 0x29, 0xFF, 0x29, 0x29, 0x29, 0xFF, 0x29, 0x29, 0x29, 0xFF,
        0x29, 0x29, 0x29, 0xFF, 0x29, 0x29, 0x29, 0xFF, 0x29, 0x29, 0x29, 0xFF,
        0x29, 0x29, 0x29, 0xFF, 0x29, 0x29, 0x29, 0xFF, 0x29, 0x29, 0x29, 0xFF,
        0x29, 0x29, 0x29, 0xFF, 0x29, 0x29, 0x29, 0xFF, 0x29, 0x29, 0x29, 0xFF,
        0x29, 0x29, 0x29, 0xFF, 0x29, 0x29, 0x29, 0xFF, 0x29, 0x29, 0x29, 0xFF,
        0x29, 0x29, 0x29, 0xFF, 0x29, 0x29, 0x29, 0xFF, 0x29, 0x29, 0x29, 0xFF,
        0x29, 0x29, 0x29, 0xFF, 0x29, 0x29, 0x29, 0xFF, 0x29, 0x29, 0x29, 0xFF,
        0x2C, 0x2C, 0x2C, 0xFF, 0x30, 0x30, 0x30, 0xFF, 0x34, 0x34, 0x34, 0xFF,
        0xFF, 0xFF, 0xFF, 0x00, 0xFF, 0xFF, 0xFF, 0x00, 0x1D, 0x1D, 0x1D, 0xFF,
        0x21, 0x21, 0x21, 0xFF, 0x23, 0x23, 0x23, 0xFF, 0x24, 0x24, 0x24, 0xFF,
        0x24, 0x24, 0x24, 0xFF, 0x24, 0x24, 0x24, 0xFF, 0x24, 0x24, 0x24, 0xFF,
        0x24, 0x24, 0x24, 0xFF, 0x24, 0x24, 0x24, 0xFF, 0x24, 0x24, 0x24, 0xFF,
        0x24, 0x24, 0x24, 0xFF, 0x24, 0x24, 0x24, 0xFF, 0x24, 0x24, 0x24, 0xFF,
        0x24, 0x24, 0x24, 0xFF, 0x24, 0x24, 0x24, 0xFF, 0x24, 0x24, 0x24, 0xFF,
        0x24, 0x24, 0x24, 0xFF, 0x24, 0x24, 0x24, 0xFF, 0x24, 0x24, 0x24, 0xFF,
        0x24, 0x24, 0x24, 0xFF, 0x24, 0x24, 0x24, 0xFF, 0x24, 0x24, 0x24, 0xFF,
        0x24, 0x24, 0x24, 0xFF, 0x24, 0x24, 0x24, 0xFF, 0x24, 0x24, 0x24, 0xFF,
        0x24, 0x24, 0x24, 0xFF, 0x24, 0x24, 0x24, 0xFF, 0x24, 0x24, 0x24, 0xFF,
        0x24, 0x24, 0x24, 0xFF, 0x24, 0x24, 0x24, 0xFF, 0x24, 0x24, 0x24, 0xFF,
        0x24, 0x24, 0x24, 0xFF, 0x24, 0x24, 0x24, 0xFF, 0x24, 0x24, 0x24, 0xFF,
        0x24, 0x24, 0x24, 0xFF, 0x24, 0x24, 0x24, 0xFF, 0x24, 0x24, 0x24, 0xFF,
        0x24, 0x24, 0x24, 0xFF, 0x24, 0x24, 0x24, 0xFF, 0x24, 0x24, 0x24, 0xFF,
        0x24, 0x24, 0x24, 0xFF, 0x24, 0x24, 0x24, 0xFF, 0x24, 0x24, 0x24, 0xFF,
        0x24, 0x24, 0x24, 0xFF, 0x24, 0x24, 0x24, 0xFF, 0x24, 0x24, 0x24, 0xFF,
        0x24, 0x24, 0x24, 0xFF, 0x24, 0x24, 0x24, 0xFF, 0x24, 0x24, 0x24, 0xFF,
        0x24, 0x24, 0x24, 0xFF, 0x24, 0x24, 0x24, 0xFF, 0x24, 0x24, 0x24, 0xFF,
        0x24, 0x24, 0x24, 0xFF, 0x24, 0x24, 0x24, 0xFF, 0x24, 0x24, 0x24, 0xFF,
        0x24, 0x24, 0x24, 0xFF, 0x24, 0x24, 0x24, 0xFF, 0x24, 0x24, 0x24, 0xFF,
        0x24, 0x24, 0x24, 0xFF, 0x23, 0x23, 0x23, 0xFF, 0x21, 0x21, 0x21, 0xFF,
        0x1D, 0x1D, 0x1D, 0xFF, 0xFF, 0xFF, 0xFF, 0x00, 0xFF, 0xFF, 0xFF, 0x00,
        0x34, 0x34, 0x34, 0xFF, 0x30, 0x30, 0x30, 0xFF, 0x2C, 0x2C, 0x2C, 0xFF,
        0x29, 0x29, 0x29, 0xFF, 0x29, 0x29, 0x29, 0xFF, 0x29, 0x29, 0x29, 0xFF,
        0x29, 0x29, 0x29, 0xFF, 0x29, 0x29, 0x29, 0xFF, 0x29, 0x29, 0x29, 0xFF,
        0x29, 0x29, 0x29, 0xFF, 0x29, 0x29, 0x29, 0xFF, 0x29, 0x29, 0x29, 0xFF,
        0x29, 0x29, 0x29, 0xFF, 0x29, 0x29, 0x29, 0xFF, 0x29, 0x29, 0x29, 0xFF,
        0x29, 0x29, 0x29, 0xFF, 0x29, 0x29, 0x29, 0xFF, 0x29, 0x29, 0x29, 0xFF,
        0x29, 0x29, 0x29, 0xFF, 0x29, 0x29, 0x29, 0xFF, 0x29, 0x29, 0x29, 0xFF,
        0x29, 0x29, 0x29, 0xFF, 0x29, 0x29, 0x29, 0xFF, 0x29, 0x29, 0x29, 0xFF,
        0x29, 0x29, 0x29, 0xFF, 0x29, 0x29, 0x29, 0xFF, 0x29, 0x29, 0x29, 0xFF,
        0x29, 0x29, 0x29, 0xFF, 0x29, 0x29, 0x29, 0xFF, 0x29, 0x29, 0x29, 0xFF,
        0x29, 0x29, 0x29, 0xFF, 0x29, 0x29, 0x29, 0xFF, 0x29, 0x29, 0x29, 0xFF,
        0x29, 0x29, 0x29, 0xFF, 0x29, 0x29, 0x29, 0xFF, 0x29, 0x29, 0x29, 0xFF,
        0x29, 0x29, 0x29, 0xFF, 0x29, 0x29, 0x29, 0xFF, 0x29, 0x29, 0x29, 0xFF,
        0x29, 0x29, 0x29, 0xFF, 0x29, 0x29, 0x29, 0xFF, 0x29, 0x29, 0x29, 0xFF,
        0x29, 0x29, 0x29, 0xFF, 0x29, 0x29, 0x29, 0xFF, 0x29, 0x29, 0x29, 0xFF,
        0x29, 0x29, 0x29, 0xFF, 0x29, 0x29, 0x29, 0xFF, 0x29, 0x29, 0x29, 0xFF,
        0x29, 0x29, 0x29, 0xFF, 0x29, 0x29, 0x29, 0xFF, 0x29, 0x29, 0x29, 0xFF,
        0x29, 0x29, 0x29, 0xFF, 0x29, 0x29, 0x29, 0xFF, 0x29, 0x29, 0x29, 0xFF,
        0x29, 0x29, 0x29, 0xFF, 0x29, 0x29, 0x29, 0xFF, 0x29, 0x29, 0x29, 0xFF,
        0x29, 0x29, 0x29, 0xFF, 0x29, 0x29, 0x29, 0xFF, 0x2C, 0x2C, 0x2C, 0xFF,
        0x30, 0x30, 0x30, 0xFF, 0x34, 0x34, 0x34, 0xFF, 0xFF, 0xFF, 0xFF, 0x00,
        0xFF, 0xFF, 0xFF, 0x00, 0x1D, 0x1D, 0x1D, 0xFF, 0x21, 0x21, 0x21, 0xFF,
        0x23, 0x23, 0x23, 0xFF, 0x24, 0x24, 0x24, 0xFF, 0x24, 0x24, 0x24, 0xFF,
        0x24, 0x24, 0x24, 0xFF, 0x24, 0x24, 0x24, 0xFF, 0x24, 0x24, 0x24, 0xFF,
        0x24, 0x24, 0x24, 0xFF, 0x24, 0x24, 0x24, 0xFF, 0x24, 0x24, 0x24, 0xFF,
        0x24, 0x24, 0x24, 0xFF, 0x24, 0x24, 0x24, 0xFF, 0x24, 0x24, 0x24, 0xFF,
        0x24, 0x24, 0x24, 0xFF, 0x24, 0x24, 0x24, 0xFF, 0x24, 0x24, 0x24, 0xFF,
        0x24, 0x24, 0x24, 0xFF, 0x24, 0x24, 0x24, 0xFF, 0x24, 0x24, 0x24, 0xFF,
        0x24, 0x24, 0x24, 0xFF, 0x24, 0x24, 0x24, 0xFF, 0x24, 0x24, 0x24, 0xFF,
        0x24, 0x24, 0x24, 0xFF, 0x24, 0x24, 0x24, 0xFF, 0x24, 0x24, 0x24, 0xFF,
        0x24, 0x24, 0x24, 0xFF, 0x24, 0x24, 0x24, 0xFF, 0x24, 0x24, 0x24, 0xFF,
        0x24, 0x24, 0x24, 0xFF, 0x24, 0x24, 0x24, 0xFF, 0x24, 0x24, 0x24, 0xFF,
        0x24, 0x24, 0x24, 0xFF, 0x24, 0x24, 0x24, 0xFF, 0x24, 0x24, 0x24, 0xFF,
        0x24, 0x24, 0x24, 0xFF, 0x24, 0x24, 0x24, 0xFF, 0x24, 0x24, 0x24, 0xFF,
        0x24, 0x24, 0x24, 0xFF, 0x24, 0x24, 0x24, 0xFF, 0x24, 0x24, 0x24, 0xFF,
        0x24, 0x24, 0x24, 0xFF, 0x24, 0x24, 0x24, 0xFF, 0x24, 0x24, 0x24, 0xFF,
        0x24, 0x24, 0x24, 0xFF, 0x24, 0x24, 0x24, 0xFF, 0x24, 0x24, 0x24, 0xFF,
        0x24, 0x24, 0x24, 0xFF, 0x24, 0x24, 0x24, 0xFF, 0x24, 0x24, 0x24, 0xFF,
        0x24, 0x24, 0x24, 0xFF, 0x24, 0x24, 0x24, 0xFF, 0x24, 0x24, 0x24, 0xFF,
        0x24, 0x24, 0x24, 0xFF, 0x24, 0x24, 0x24, 0xFF, 0x24, 0x24, 0x24, 0xFF,
        0x24, 0x24, 0x24, 0xFF, 0x24, 0x24, 0x24, 0xFF, 0x24, 0x24, 0x24, 0xFF,
        0x23, 0x23, 0x23, 0xFF, 0x21, 0x21, 0x21, 0xFF, 0x1D, 0x1D, 0x1D, 0xFF,
        0xFF, 0xFF, 0xFF, 0x00, 0xFF, 0xFF, 0xFF, 0x00, 0x35, 0x35, 0x35, 0xFF,
        0x31, 0x31, 0x31, 0xFF, 0x2D, 0x2D, 0x2D, 0xFF, 0x2A, 0x2A, 0x2A, 0xFF,
        0x2A, 0x2A, 0x2A, 0xFF, 0x2A, 0x2A, 0x2A, 0xFF, 0x2A, 0x2A, 0x2A, 0xFF,
        0x2A, 0x2A, 0x2A, 0xFF, 0x2A, 0x2A, 0x2A, 0xFF, 0x2A, 0x2A, 0x2A, 0xFF,
        0x2A, 0x2A, 0x2A, 0xFF, 0x2A, 0x2A, 0x2A, 0xFF, 0x2A, 0x2A, 0x2A, 0xFF,
        0x2A, 0x2A, 0x2A, 0xFF, 0x2A, 0x2A, 0x2A, 0xFF, 0x2A, 0x2A, 0x2A, 0xFF,
        0x2A, 0x2A, 0x2A, 0xFF, 0x2A, 0x2A, 0x2A, 0xFF, 0x2A, 0x2A, 0x2A, 0xFF,
        0x2A, 0x2A, 0x2A, 0xFF, 0x2A, 0x2A, 0x2A, 0xFF, 0x2A, 0x2A, 0x2A, 0xFF,
        0x2A, 0x2A, 0x2A, 0xFF, 0x2A, 0x2A, 0x2A, 0xFF, 0x2A, 0x2A, 0x2A, 0xFF,
        0x2A, 0x2A, 0x2A, 0xFF, 0x2A, 0x2A, 0x2A, 0xFF, 0x2A, 0x2A, 0x2A, 0xFF,
        0x2A, 0x2A, 0x2A, 0xFF, 0x2A, 0x2A, 0x2A, 0xFF, 0x2A, 0x2A, 0x2A, 0xFF,
        0x2A, 0x2A, 0x2A, 0xFF, 0x2A, 0x2A, 0x2A, 0xFF, 0x2A, 0x2A, 0x2A, 0xFF,
        0x2A, 0x2A, 0x2A, 0xFF, 0x2A, 0x2A, 0x2A, 0xFF, 0x2A, 0x2A, 0x2A, 0xFF,
        0x2A, 0x2A, 0x2A, 0xFF, 0x2A, 0x2A, 0x2A, 0xFF, 0x2A, 0x2A, 0x2A, 0xFF,
        0x2A, 0x2A, 0x2A, 0xFF, 0x2A, 0x2A, 0x2A, 0xFF, 0x2A, 0x2A, 0x2A, 0xFF,
        0x2A, 0x2A, 0x2A, 0xFF, 0x2A, 0x2A, 0x2A, 0xFF, 0x2A, 0x2A, 0x2A, 0xFF,
        0x2A, 0x2A, 0x2A, 0xFF, 0x2A, 0x2A, 0x2A, 0xFF, 0x2A, 0x2A, 0x2A, 0xFF,
        0x2A, 0x2A, 0x2A, 0xFF, 0x2A, 0x2A, 0x2A, 0xFF, 0x2A, 0x2A, 0x2A, 0xFF,
        0x2A, 0x2A, 0x2A, 0xFF, 0x2A, 0x2A, 0x2A, 0xFF, 0x2A, 0x2A, 0x2A, 0xFF,
        0x2A, 0x2A, 0x2A, 0xFF, 0x2A, 0x2A, 0x2A, 0xFF, 0x2A, 0x2A, 0x2A, 0xFF,
        0x2A, 0x2A, 0x2A, 0xFF, 0x2D, 0x2D, 0x2D, 0xFF, 0x31, 0x31, 0x31, 0xFF,
        0x35, 0x35, 0x35, 0xFF, 0xFF, 0xFF, 0xFF, 0x00, 0xFF, 0xFF, 0xFF, 0x00,
        0x1D, 0x1D, 0x1D, 0xFF, 0x21, 0x21, 0x21, 0xFF, 0x23, 0x23, 0x23, 0xFF,
        0x24, 0x24, 0x24, 0xFF, 0x24, 0x24, 0x24, 0xFF, 0x24, 0x24, 0x24, 0xFF,
        0x24, 0x24, 0x24, 0xFF, 0x24, 0x24, 0x24, 0xFF, 0x24, 0x24, 0x24, 0xFF,
        0x24, 0x24, 0x24, 0xFF, 0x24, 0x24, 0x24, 0xFF, 0x24, 0x24, 0x24, 0xFF,
        0x24, 0x24, 0x24, 0xFF, 0x24, 0x24, 0x24, 0xFF, 0x24, 0x24, 0x24, 0xFF,
        0x24, 0x24, 0x24, 0xFF, 0x24, 0x24, 0x24, 0xFF, 0x24, 0x24, 0x24, 0xFF,
        0x24, 0x24, 0x24, 0xFF, 0x24, 0x24, 0x24, 0xFF, 0x24, 0x24, 0x24, 0xFF,
        0x24, 0x24, 0x24, 0xFF, 0x24, 0x24, 0x24, 0xFF, 0x24, 0x24, 0x24, 0xFF,
        0x24, 0x24, 0x24, 0xFF, 0x24, 0x24, 0x24, 0xFF, 0x24, 0x24, 0x24, 0xFF,
        0x24, 0x24, 0x24, 0xFF, 0x24, 0x24, 0x24, 0xFF, 0x24, 0x24, 0x24, 0xFF,
        0x24, 0x24, 0x24, 0xFF, 0x24, 0x24, 0x24, 0xFF, 0x24, 0x24, 0x24, 0xFF,
        0x24, 0x24, 0x24, 0xFF, 0x24, 0x24, 0x24, 0xFF, 0x24, 0x24, 0x24, 0xFF,
        0x24, 0x24, 0x24, 0xFF, 0x24, 0x24, 0x24, 0xFF, 0x24, 0x24, 0x24, 0xFF,
        0x24, 0x24, 0x24, 0xFF, 0x24, 0x24, 0x24, 0xFF, 0x24, 0x24, 0x24, 0xFF,
        0x24, 0x24, 0x24, 0xFF, 0x24, 0x24, 0x24, 0xFF, 0x24, 0x24, 0x24, 0xFF,
        0x24, 0x24, 0x24, 0xFF, 0x24, 0x24, 0x24, 0xFF, 0x24, 0x24, 0x24, 0xFF,
        0x24, 0x24, 0x24, 0xFF, 0x24, 0x24, 0x24, 0xFF, 0x24, 0x24, 0x24, 0xFF,
        0x24, 0x24, 0x24, 0xFF, 0x24, 0x24, 0x24, 0xFF, 0x24, 0x24, 0x24, 0xFF,
        0x24, 0x24, 0x24, 0xFF, 0x24, 0x24, 0x24, 0xFF, 0x24, 0x24, 0x24, 0xFF,
        0x24, 0x24, 0x24, 0xFF, 0x24, 0x24, 0x24, 0xFF, 0x23, 0x23, 0x23, 0xFF,
        0x21, 0x21, 0x21, 0xFF, 0x1D, 0x1D, 0x1D, 0xFF, 0xFF, 0xFF, 0xFF, 0x00,
        0xFF, 0xFF, 0xFF, 0x00, 0x35, 0x35, 0x35, 0xFF, 0x31, 0x31, 0x31, 0xFF,
        0x2D, 0x2D, 0x2D, 0xFF, 0x2A, 0x2A, 0x2A, 0xFF, 0x2A, 0x2A, 0x2A, 0xFF,
        0x2A, 0x2A, 0x2A, 0xFF, 0x2A, 0x2A, 0x2A, 0xFF, 0x2A, 0x2A, 0x2A, 0xFF,
        0x2A, 0x2A, 0x2A, 0xFF, 0x2A, 0x2A, 0x2A, 0xFF, 0x2A, 0x2A, 0x2A, 0xFF,
        0x2A, 0x2A, 0x2A, 0xFF, 0x2A, 0x2A, 0x2A, 0xFF, 0x2A, 0x2A, 0x2A, 0xFF,
        0x2A, 0x2A, 0x2A, 0xFF, 0x2A, 0x2A, 0x2A, 0xFF, 0x2A, 0x2A, 0x2A, 0xFF,
        0x2A, 0x2A, 0x2A, 0xFF, 0x2A, 0x2A, 0x2A, 0xFF, 0x2A, 0x2A, 0x2A, 0xFF,
        0x2A, 0x2A, 0x2A, 0xFF, 0x2A, 0x2A, 0x2A, 0xFF, 0x2A, 0x2A, 0x2A, 0xFF,
        0x2A, 0x2A, 0x2A, 0xFF, 0x2A, 0x2A, 0x2A, 0xFF, 0x2A, 0x2A, 0x2A, 0xFF,
        0x2A, 0x2A, 0x2A, 0xFF, 0x2A, 0x2A, 0x2A, 0xFF, 0x2A, 0x2A, 0x2A, 0xFF,
        0x2A, 0x2A, 0x2A, 0xFF, 0x2A, 0x2A, 0x2A, 0xFF, 0x2A, 0x2A, 0x2A, 0xFF,
        0x2A, 0x2A, 0x2A, 0xFF, 0x2A, 0x2A, 0x2A, 0xFF, 0x2A, 0x2A, 0x2A, 0xFF,
        0x2A, 0x2A, 0x2A, 0xFF, 0x2A, 0x2A, 0x2A, 0xFF, 0x2A, 0x2A, 0x2A, 0xFF,
        0x2A, 0x2A, 0x2A, 0xFF, 0x2A, 0x2A, 0x2A, 0xFF, 0x2A, 0x2A, 0x2A, 0xFF,
        0x2A, 0x2A, 0x2A, 0xFF, 0x2A, 0x2A, 0x2A, 0xFF, 0x2A, 0x2A, 0x2A, 0xFF,
        0x2A, 0x2A, 0x2A, 0xFF, 0x2A, 0x2A, 0x2A, 0xFF, 0x2A, 0x2A, 0x2A, 0xFF,
        0x2A, 0x2A, 0x2A, 0xFF, 0x2A, 0x2A, 0x2A, 0xFF, 0x2A, 0x2A, 0x2A, 0xFF,
        0x2A, 0x2A, 0x2A, 0xFF, 0x2A, 0x2A, 0x2A, 0xFF, 0x2A, 0x2A, 0x2A, 0xFF,
        0x2A, 0x2A, 0x2A, 0xFF, 0x2A, 0x2A, 0x2A, 0xFF, 0x2A, 0x2A, 0x2A, 0xFF,
        0x2A, 0x2A, 0x2A, 0xFF, 0x2A, 0x2A, 0x2A, 0xFF, 0x2A, 0x2A, 0x2A, 0xFF,
        0x2D, 0x2D, 0x2D, 0xFF, 0x31, 0x31, 0x31, 0xFF, 0x35, 0x35, 0x35, 0xFF,
        0xFF, 0xFF, 0xFF, 0x00, 0xFF, 0xFF, 0xFF, 0x00, 0x1E, 0x1E, 0x1E, 0xFF,
        0x22, 0x22, 0x22, 0xFF, 0x24, 0x24, 0x24, 0xFF, 0x25, 0x25, 0x25, 0xFF,
        0x25, 0x25, 0x25, 0xFF, 0x25, 0x25, 0x25, 0xFF, 0x25, 0x25, 0x25, 0xFF,
        0x25, 0x25, 0x25, 0xFF, 0x25, 0x25, 0x25, 0xFF, 0x25, 0x25, 0x25, 0xFF,
        0x25, 0x25, 0x25, 0xFF, 0x25, 0x25, 0x25, 0xFF, 0x25, 0x25, 0x25, 0xFF,
        0x25, 0x25, 0x25, 0xFF, 0x25, 0x25, 0x25, 0xFF, 0x25, 0x25, 0x25, 0xFF,
        0x25, 0x25, 0x25, 0xFF, 0x25, 0x25, 0x25, 0xFF, 0x25, 0x25, 0x25, 0xFF,
        0x25, 0x25, 0x25, 0xFF, 0x25, 0x25, 0x25, 0xFF, 0x25, 0x25, 0x25, 0xFF,
        0x25, 0x25, 0x25, 0xFF, 0x25, 0x25, 0x25, 0xFF, 0x25, 0x25, 0x25, 0xFF,
        0x25, 0x25, 0x25, 0xFF, 0x25, 0x25, 0x25, 0xFF, 0x25, 0x25, 0x25, 0xFF,
        0x25, 0x25, 0x25, 0xFF, 0x25, 0x25, 0x25, 0xFF, 0x25, 0x25, 0x25, 0xFF,
        0x25, 0x25, 0x25, 0xFF, 0x25, 0x25, 0x25, 0xFF, 0x25, 0x25, 0x25, 0xFF,
        0x25, 0x25, 0x25, 0xFF, 0x25, 0x25, 0x25, 0xFF, 0x25, 0x25, 0x25, 0xFF,
        0x25, 0x25, 0x25, 0xFF, 0x25, 0x25, 0x25, 0xFF, 0x25, 0x25, 0x25, 0xFF,
        0x25, 0x25, 0x25, 0xFF, 0x25, 0x25, 0x25, 0xFF, 0x25, 0x25, 0x25, 0xFF,
        0x25, 0x25, 0x25, 0xFF, 0x25, 0x25, 0x25, 0xFF, 0x25, 0x25, 0x25, 0xFF,
        0x25, 0x25, 0x25, 0xFF, 0x25, 0x25, 0x25, 0xFF, 0x25, 0x25, 0x25, 0xFF,
        0x25, 0x25, 0x25, 0xFF, 0x25, 0x25, 0x25, 0xFF, 0x25, 0x25, 0x25, 0xFF,
        0x25, 0x25, 0x25, 0xFF, 0x25, 0x25, 0x25, 0xFF, 0x25, 0x25, 0x25, 0xFF,
        0x25, 0x25, 0x25, 0xFF, 0x25, 0x25, 0x25, 0xFF, 0x25, 0x25, 0x25, 0xFF,
        0x25, 0x25, 0x25, 0xFF, 0x24, 0x24, 0x24, 0xFF, 0x22, 0x22, 0x22, 0xFF,
        0x1E, 0x1E, 0x1E, 0xFF, 0xFF, 0xFF, 0xFF, 0x00, 0xFF, 0xFF, 0xFF, 0x00,
        0x36, 0x36, 0x36, 0xFF, 0x31, 0x31, 0x31, 0xFF, 0x2D, 0x2D, 0x2D, 0xFF,
        0x2A, 0x2A, 0x2A, 0xFF, 0x2A, 0x2A, 0x2A, 0xFF, 0x2A, 0x2A, 0x2A, 0xFF,
        0x2A, 0x2A, 0x2A, 0xFF, 0x2A, 0x2A, 0x2A, 0xFF, 0x2A, 0x2A, 0x2A, 0xFF,
        0x2A, 0x2A, 0x2A, 0xFF, 0x2A, 0x2A, 0x2A, 0xFF, 0x2A, 0x2A, 0x2A, 0xFF,
        0x2A, 0x2A, 0x2A, 0xFF, 0x2A, 0x2A, 0x2A, 0xFF, 0x2A, 0x2A, 0x2A, 0xFF,
        0x2A, 0x2A, 0x2A, 0xFF, 0x2A, 0x2A, 0x2A, 0xFF, 0x2A, 0x2A, 0x2A, 0xFF,
        0x2A, 0x2A, 0x2A, 0xFF, 0x2A, 0x2A, 0x2A, 0xFF, 0x2A, 0x2A, 0x2A, 0xFF,
        0x2A, 0x2A, 0x2A, 0xFF, 0x2A, 0x2A, 0x2A, 0xFF, 0x2A, 0x2A, 0x2A, 0xFF,
        0x2A, 0x2A, 0x2A, 0xFF, 0x2A, 0x2A, 0x2A, 0xFF, 0x2A, 0x2A, 0x2A, 0xFF,
        0x2A, 0x2A, 0x2A, 0xFF, 0x2A, 0x2A, 0x2A, 0xFF, 0x2A, 0x2A, 0x2A, 0xFF,
        0x2A, 0x2A, 0x2A, 0xFF, 0x2A, 0x2A, 0x2A, 0xFF, 0x2A, 0x2A, 0x2A, 0xFF,
        0x2A, 0x2A, 0x2A, 0xFF, 0x2A, 0x2A, 0x2A, 0xFF, 0x2A, 0x2A, 0x2A, 0xFF,
        0x2A, 0x2A, 0x2A, 0xFF, 0x2A, 0x2A, 0x2A, 0xFF, 0x2A, 0x2A, 0x2A, 0xFF,
        0x2A, 0x2A, 0x2A, 0xFF, 0x2A, 0x2A, 0x2A, 0xFF, 0x2A, 0x2A, 0x2A, 0xFF,
        0x2A, 0x2A, 0x2A, 0xFF, 0x2A, 0x2A, 0x2A, 0xFF, 0x2A, 0x2A, 0x2A, 0xFF,
        0x2A, 0x2A, 0x2A, 0xFF, 0x2A, 0x2A, 0x2A, 0xFF, 0x2A, 0x2A, 0x2A, 0xFF,
        0x2A, 0x2A, 0x2A, 0xFF, 0x2A, 0x2A, 0x2A, 0xFF, 0x2A, 0x2A, 0x2A, 0xFF,
        0x2A, 0x2A, 0x2A, 0xFF, 0x2A, 0x2A, 0x2A, 0xFF, 0x2A, 0x2A, 0x2A, 0xFF,
        0x2A, 0x2A, 0x2A, 0xFF, 0x2A, 0x2A, 0x2A, 0xFF, 0x2A, 0x2A, 0x2A, 0xFF,
        0x2A, 0x2A, 0x2A, 0xFF, 0x2A, 0x2A, 0x2A, 0xFF, 0x2D, 0x2D, 0x2D, 0xFF,
        0x31, 0x31, 0x31, 0xFF, 0x36, 0x36, 0x36, 0xFF, 0xFF, 0xFF, 0xFF, 0x00,
        0xFF, 0xFF, 0xFF, 0x00, 0x1F, 0x1F, 0x1F, 0xFF, 0x22, 0x22, 0x22, 0xFF,
        0x24, 0x24, 0x24, 0xFF, 0x25, 0x25, 0x25, 0xFF, 0x25, 0x25, 0x25, 0xFF,
        0x25, 0x25, 0x25, 0xFF, 0x25, 0x25, 0x25, 0xFF, 0x25, 0x25, 0x25, 0xFF,
        0x25, 0x25, 0x25, 0xFF, 0x25, 0x25, 0x25, 0xFF, 0x25, 0x25, 0x25, 0xFF,
        0x25, 0x25, 0x25, 0xFF, 0x25, 0x25, 0x25, 0xFF, 0x25, 0x25, 0x25, 0xFF,
        0x25, 0x25, 0x25, 0xFF, 0x25, 0x25, 0x25, 0xFF, 0x25, 0x25, 0x25, 0xFF,
        0x25, 0x25, 0x25, 0xFF, 0x25, 0x25, 0x25, 0xFF, 0x25, 0x25, 0x25, 0xFF,
        0x25, 0x25, 0x25, 0xFF, 0x25, 0x25, 0x25, 0xFF, 0x25, 0x25, 0x25, 0xFF,
        0x25, 0x25, 0x25, 0xFF, 0x25, 0x25, 0x25, 0xFF, 0x25, 0x25, 0x25, 0xFF,
        0x25, 0x25, 0x25, 0xFF, 0x25, 0x25, 0x25, 0xFF, 0x25, 0x25, 0x25, 0xFF,
        0x25, 0x25, 0x25, 0xFF, 0x25, 0x25, 0x25, 0xFF, 0x25, 0x25, 0x25, 0xFF,
        0x25, 0x25, 0x25, 0xFF, 0x25, 0x25, 0x25, 0xFF, 0x25, 0x25, 0x25, 0xFF,
        0x25, 0x25, 0x25, 0xFF, 0x25, 0x25, 0x25, 0xFF, 0x25, 0x25, 0x25, 0xFF,
        0x25, 0x25, 0x25, 0xFF, 0x25, 0x25, 0x25, 0xFF, 0x25, 0x25, 0x25, 0xFF,
        0x25, 0x25, 0x25, 0xFF, 0x25, 0x25, 0x25, 0xFF, 0x25, 0x25, 0x25, 0xFF,
        0x25, 0x25, 0x25, 0xFF, 0x25, 0x25, 0x25, 0xFF, 0x25, 0x25, 0x25, 0xFF,
        0x25, 0x25, 0x25, 0xFF, 0x25, 0x25, 0x25, 0xFF, 0x25, 0x25, 0x25, 0xFF,
        0x25, 0x25, 0x25, 0xFF, 0x25, 0x25, 0x25, 0xFF, 0x25, 0x25, 0x25, 0xFF,
        0x25, 0x25, 0x25, 0xFF, 0x25, 0x25, 0x25, 0xFF, 0x25, 0x25, 0x25, 0xFF,
        0x25, 0x25, 0x25, 0xFF, 0x25, 0x25, 0x25, 0xFF, 0x25, 0x25, 0x25, 0xFF,
        0x24, 0x24, 0x24, 0xFF, 0x22, 0x22, 0x22, 0xFF, 0x1F, 0x1F, 0x1F, 0xFF,
        0xFF, 0xFF, 0xFF, 0x00, 0xFF, 0xFF, 0xFF, 0x00, 0x37, 0x37, 0x37, 0xFF,
        0x32, 0x32, 0x32, 0xFF, 0x2E, 0x2E, 0x2E, 0xFF, 0x2B, 0x2B, 0x2B, 0xFF,
        0x2B, 0x2B, 0x2B, 0xFF, 0x2B, 0x2B, 0x2B, 0xFF, 0x2B, 0x2B, 0x2B, 0xFF,
        0x2B, 0x2B, 0x2B, 0xFF, 0x2B, 0x2B, 0x2B, 0xFF, 0x2B, 0x2B, 0x2B, 0xFF,
        0x2B, 0x2B, 0x2B, 0xFF, 0x2B, 0x2B, 0x2B, 0xFF, 0x2B, 0x2B, 0x2B, 0xFF,
        0x2B, 0x2B, 0x2B, 0xFF, 0x2B, 0x2B, 0x2B, 0xFF, 0x2B, 0x2B, 0x2B, 0xFF,
        0x2B, 0x2B, 0x2B, 0xFF, 0x2B, 0x2B, 0x2B, 0xFF, 0x2B, 0x2B, 0x2B, 0xFF,
        0x2B, 0x2B, 0x2B, 0xFF, 0x2B, 0x2B, 0x2B, 0xFF, 0x2B, 0x2B, 0x2B, 0xFF,
        0x2B, 0x2B, 0x2B, 0xFF, 0x2B, 0x2B, 0x2B, 0xFF, 0x2B, 0x2B, 0x2B, 0xFF,
        0x2B, 0x2B, 0x2B, 0xFF, 0x2B, 0x2B, 0x2B, 0xFF, 0x2B, 0x2B, 0x2B, 0xFF,
        0x2B, 0x2B, 0x2B, 0xFF, 0x2B, 0x2B, 0x2B, 0xFF, 0x2B, 0x2B, 0x2B, 0xFF,
        0x2B, 0x2B, 0x2B, 0xFF, 0x2B, 0x2B, 0x2B, 0xFF, 0x2B, 0x2B, 0x2B, 0xFF,
        0x2B, 0x2B, 0x2B, 0xFF, 0x2B, 0x2B, 0x2B, 0xFF, 0x2B, 0x2B, 0x2B, 0xFF,
        0x2B, 0x2B, 0x2B, 0xFF, 0x2B, 0x2B, 0x2B, 0xFF, 0x2B, 0x2B, 0x2B, 0xFF,
        0x2B, 0x2B, 0x2B, 0xFF, 0x2B, 0x2B, 0x2B, 0xFF, 0x2B, 0x2B, 0x2B, 0xFF,
        0x2B, 0x2B, 0x2B, 0xFF, 0x2B, 0x2B, 0x2B, 0xFF, 0x2B, 0x2B, 0x2B, 0xFF,
        0x2B, 0x2B, 0x2B, 0xFF, 0x2B, 0x2B, 0x2B, 0xFF, 0x2B, 0x2B, 0x2B, 0xFF,
        0x2B, 0x2B, 0x2B, 0xFF, 0x2B, 0x2B, 0x2B, 0xFF, 0x2B, 0x2B, 0x2B, 0xFF,
        0x2B, 0x2B, 0x2B, 0xFF, 0x2B, 0x2B, 0x2B, 0xFF, 0x2B, 0x2B, 0x2B, 0xFF,
        0x2B, 0x2B, 0x2B, 0xFF, 0x2B, 0x2B, 0x2B, 0xFF, 0x2B, 0x2B, 0x2B, 0xFF,
        0x2B, 0x2B, 0x2B, 0xFF, 0x2E, 0x2E, 0x2E, 0xFF, 0x32, 0x32, 0x32, 0xFF,
        0x37, 0x37, 0x37, 0xFF, 0xFF, 0xFF, 0xFF, 0x00, 0xFF, 0xFF, 0xFF, 0x00,
        0x1F, 0x1F, 0x1F, 0xF9, 0x23, 0x23, 0x23, 0xFF, 0x24, 0x24, 0x24, 0xFF,
        0x25, 0x25, 0x25, 0xFF, 0x25, 0x25, 0x25, 0xFF, 0x25, 0x25, 0x25, 0xFF,
        0x25, 0x25, 0x25, 0xFF, 0x25, 0x25, 0x25, 0xFF, 0x25, 0x25, 0x25, 0xFF,
        0x25, 0x25, 0x25, 0xFF, 0x25, 0x25, 0x25, 0xFF, 0x25, 0x25, 0x25, 0xFF,
        0x25, 0x25, 0x25, 0xFF, 0x25, 0x25, 0x25, 0xFF, 0x25, 0x25, 0x25, 0xFF,
        0x25, 0x25, 0x25, 0xFF, 0x25, 0x25, 0x25, 0xFF, 0x25, 0x25, 0x25, 0xFF,
        0x25, 0x25, 0x25, 0xFF, 0x25, 0x25, 0x25, 0xFF, 0x25, 0x25, 0x25, 0xFF,
        0x25, 0x25, 0x25, 0xFF, 0x25, 0x25, 0x25, 0xFF, 0x25, 0x25, 0x25, 0xFF,
        0x25, 0x25, 0x25, 0xFF, 0x25, 0x25, 0x25, 0xFF, 0x25, 0x25, 0x25, 0xFF,
        0x25, 0x25, 0x25, 0xFF, 0x25, 0x25, 0x25, 0xFF, 0x25, 0x25, 0x25, 0xFF,
        0x25, 0x25, 0x25, 0xFF, 0x25, 0x25, 0x25, 0xFF, 0x25, 0x25, 0x25, 0xFF,
        0x25, 0x25, 0x25, 0xFF, 0x25, 0x25, 0x25, 0xFF, 0x25, 0x25, 0x25, 0xFF,
        0x25, 0x25, 0x25, 0xFF, 0x25, 0x25, 0x25, 0xFF, 0x25, 0x25, 0x25, 0xFF,
        0x25, 0x25, 0x25, 0xFF, 0x25, 0x25, 0x25, 0xFF, 0x25, 0x25, 0x25, 0xFF,
        0x25, 0x25, 0x25, 0xFF, 0x25, 0x25, 0x25, 0xFF, 0x25, 0x25, 0x25, 0xFF,
        0x25, 0x25, 0x25, 0xFF, 0x25, 0x25, 0x25, 0xFF, 0x25, 0x25, 0x25, 0xFF,
        0x25, 0x25, 0x25, 0xFF, 0x25, 0x25, 0x25, 0xFF, 0x25, 0x25, 0x25, 0xFF,
        0x25, 0x25, 0x25, 0xFF, 0x25, 0x25, 0x25, 0xFF, 0x25, 0x25, 0x25, 0xFF,
        0x25, 0x25, 0x25, 0xFF, 0x25, 0x25, 0x25, 0xFF, 0x25, 0x25, 0x25, 0xFF,
        0x25, 0x25, 0x25, 0xFF, 0x25, 0x25, 0x25, 0xFF, 0x24, 0x24, 0x24, 0xFF,
        0x23, 0x23, 0x23, 0xFF, 0x1F, 0x1F, 0x1F, 0xF9, 0xFF, 0xFF, 0xFF, 0x00,
        0xFF, 0xFF, 0xFF, 0x00, 0x3A, 0x3A, 0x3A, 0xF9, 0x34, 0x34, 0x34, 0xFF,
        0x30, 0x30, 0x30, 0xFF, 0x2C, 0x2C, 0x2C, 0xFF, 0x2C, 0x2C, 0x2C, 0xFF,
        0x2C, 0x2C, 0x2C, 0xFF, 0x2C, 0x2C, 0x2C, 0xFF, 0x2C, 0x2C, 0x2C, 0xFF,
        0x2C, 0x2C, 0x2C, 0xFF, 0x2C, 0x2C, 0x2C, 0xFF, 0x2C, 0x2C, 0x2C, 0xFF,
        0x2C, 0x2C, 0x2C, 0xFF, 0x2C, 0x2C, 0x2C, 0xFF, 0x2C, 0x2C, 0x2C, 0xFF,
        0x2C, 0x2C, 0x2C, 0xFF, 0x2C, 0x2C, 0x2C, 0xFF, 0x2C, 0x2C, 0x2C, 0xFF,
        0x2C, 0x2C, 0x2C, 0xFF, 0x2C, 0x2C, 0x2C, 0xFF, 0x2C, 0x2C, 0x2C, 0xFF,
        0x2C, 0x2C, 0x2C, 0xFF, 0x2C, 0x2C, 0x2C, 0xFF, 0x2C, 0x2C, 0x2C, 0xFF,
        0x2C, 0x2C, 0x2C, 0xFF, 0x2C, 0x2C, 0x2C, 0xFF, 0x2C, 0x2C, 0x2C, 0xFF,
        0x2C, 0x2C, 0x2C, 0xFF, 0x2C, 0x2C, 0x2C, 0xFF, 0x2C, 0x2C, 0x2C, 0xFF,
        0x2C, 0x2C, 0x2C, 0xFF, 0x2C, 0x2C, 0x2C, 0xFF, 0x2C, 0x2C, 0x2C, 0xFF,
        0x2C, 0x2C, 0x2C, 0xFF, 0x2C, 0x2C, 0x2C, 0xFF, 0x2C, 0x2C, 0x2C, 0xFF,
        0x2C, 0x2C, 0x2C, 0xFF, 0x2C, 0x2C, 0x2C, 0xFF, 0x2C, 0x2C, 0x2C, 0xFF,
        0x2C, 0x2C, 0x2C, 0xFF, 0x2C, 0x2C, 0x2C, 0xFF, 0x2C, 0x2C, 0x2C, 0xFF,
        0x2C, 0x2C, 0x2C, 0xFF, 0x2C, 0x2C, 0x2C, 0xFF, 0x2C, 0x2C, 0x2C, 0xFF,
        0x2C, 0x2C, 0x2C, 0xFF, 0x2C, 0x2C, 0x2C, 0xFF, 0x2C, 0x2C, 0x2C, 0xFF,
        0x2C, 0x2C, 0x2C, 0xFF, 0x2C, 0x2C, 0x2C, 0xFF, 0x2C, 0x2C, 0x2C, 0xFF,
        0x2C, 0x2C, 0x2C, 0xFF, 0x2C, 0x2C, 0x2C, 0xFF, 0x2C, 0x2C, 0x2C, 0xFF,
        0x2C, 0x2C, 0x2C, 0xFF, 0x2C, 0x2C, 0x2C, 0xFF, 0x2C, 0x2C, 0x2C, 0xFF,
        0x2C, 0x2C, 0x2C, 0xFF, 0x2C, 0x2C, 0x2C, 0xFF, 0x2C, 0x2C, 0x2C, 0xFF,
        0x30, 0x30, 0x30, 0xFF, 0x34, 0x34, 0x34, 0xFF, 0x3A, 0x3A, 0x3A, 0xF9,
        0xFF, 0xFF, 0xFF, 0x00, 0xFF, 0xFF, 0xFF, 0x00, 0x21, 0x21, 0x21, 0xE8,
        0x23, 0x23, 0x23, 0xFF, 0x25, 0x25, 0x25, 0xFF, 0x26, 0x26, 0x26, 0xFF,
        0x26, 0x26, 0x26, 0xFF, 0x26, 0x26, 0x26, 0xFF, 0x26, 0x26, 0x26, 0xFF,
        0x26, 0x26, 0x26, 0xFF, 0x26, 0x26, 0x26, 0xFF, 0x26, 0x26, 0x26, 0xFF,
        0x26, 0x26, 0x26, 0xFF, 0x26, 0x26, 0x26, 0xFF, 0x26, 0x26, 0x26, 0xFF,
        0x26, 0x26, 0x26, 0xFF, 0x26, 0x26, 0x26, 0xFF, 0x26, 0x26, 0x26, 0xFF,
        0x26, 0x26, 0x26, 0xFF, 0x26, 0x26, 0x26, 0xFF, 0x26, 0x26, 0x26, 0xFF,
        0x26, 0x26, 0x26, 0xFF, 0x26, 0x26, 0x26, 0xFF, 0x26, 0x26, 0x26, 0xFF,
        0x26, 0x26, 0x26, 0xFF, 0x26, 0x26, 0x26, 0xFF, 0x26, 0x26, 0x26, 0xFF,
        0x26, 0x26, 0x26, 0xFF, 0x26, 0x26, 0x26, 0xFF, 0x26, 0x26, 0x26, 0xFF,
        0x26, 0x26, 0x26, 0xFF, 0x26, 0x26, 0x26, 0xFF, 0x26, 0x26, 0x26, 0xFF,
        0x26, 0x26, 0x26, 0xFF, 0x26, 0x26, 0x26, 0xFF, 0x26, 0x26, 0x26, 0xFF,
        0x26, 0x26, 0x26, 0xFF, 0x26, 0x26, 0x26, 0xFF, 0x26, 0x26, 0x26, 0xFF,
        0x26, 0x26, 0x26, 0xFF, 0x26, 0x26, 0x26, 0xFF, 0x26, 0x26, 0x26, 0xFF,
        0x26, 0x26, 0x26, 0xFF, 0x26, 0x26, 0x26, 0xFF, 0x26, 0x26, 0x26, 0xFF,
        0x26, 0x26, 0x26, 0xFF, 0x26, 0x26, 0x26, 0xFF, 0x26, 0x26, 0x26, 0xFF,
        0x26, 0x26, 0x26, 0xFF, 0x26, 0x26, 0x26, 0xFF, 0x26, 0x26, 0x26, 0xFF,
        0x26, 0x26, 0x26, 0xFF, 0x26, 0x26, 0x26, 0xFF, 0x26, 0x26, 0x26, 0xFF,
        0x26, 0x26, 0x26, 0xFF, 0x26, 0x26, 0x26, 0xFF, 0x26, 0x26, 0x26, 0xFF,
        0x26, 0x26, 0x26, 0xFF, 0x26, 0x26, 0x26, 0xFF, 0x26, 0x26, 0x26, 0xFF,
        0x26, 0x26, 0x26, 0xFF, 0x25, 0x25, 0x25, 0xFF, 0x23, 0x23, 0x23, 0xFF,
        0x21, 0x21, 0x21, 0xE8, 0xFF, 0xFF, 0xFF, 0x00, 0xFF, 0xFF, 0xFF, 0x00,
        0x3C, 0x3C, 0x3C, 0xE8, 0x36, 0x36, 0x36, 0xFF, 0x30, 0x30, 0x30, 0xFF,
        0x2D, 0x2D, 0x2D, 0xFF, 0x2C, 0x2C, 0x2C, 0xFF, 0x2C, 0x2C, 0x2C, 0xFF,
        0x2C, 0x2C, 0x2C, 0xFF, 0x2C, 0x2C, 0x2C, 0xFF, 0x2C, 0x2C, 0x2C, 0xFF,
        0x2C, 0x2C, 0x2C, 0xFF, 0x2C, 0x2C, 0x2C, 0xFF, 0x2C, 0x2C, 0x2C, 0xFF,
        0x2C, 0x2C, 0x2C, 0xFF, 0x2C, 0x2C, 0x2C, 0xFF, 0x2C, 0x2C, 0x2C, 0xFF,
        0x2C, 0x2C, 0x2C, 0xFF, 0x2C, 0x2C, 0x2C, 0xFF, 0x2C, 0x2C, 0x2C, 0xFF,
        0x2C, 0x2C, 0x2C, 0xFF, 0x2C, 0x2C, 0x2C, 0xFF, 0x2C, 0x2C, 0x2C, 0xFF,
        0x2C, 0x2C, 0x2C, 0xFF, 0x2C, 0x2C, 0x2C, 0xFF, 0x2C, 0x2C, 0x2C, 0xFF,
        0x2C, 0x2C, 0x2C, 0xFF, 0x2C, 0x2C, 0x2C, 0xFF, 0x2C, 0x2C, 0x2C, 0xFF,
        0x2C, 0x2C, 0x2C, 0xFF, 0x2C, 0x2C, 0x2C, 0xFF, 0x2C, 0x2C, 0x2C, 0xFF,
        0x2C, 0x2C, 0x2C, 0xFF, 0x2C, 0x2C, 0x2C, 0xFF, 0x2C, 0x2C, 0x2C, 0xFF,
        0x2C, 0x2C, 0x2C, 0xFF, 0x2C, 0x2C, 0x2C, 0xFF, 0x2C, 0x2C, 0x2C, 0xFF,
        0x2C, 0x2C, 0x2C, 0xFF, 0x2C, 0x2C, 0x2C, 0xFF, 0x2C, 0x2C, 0x2C, 0xFF,
        0x2C, 0x2C, 0x2C, 0xFF, 0x2C, 0x2C, 0x2C, 0xFF, 0x2C, 0x2C, 0x2C, 0xFF,
        0x2C, 0x2C, 0x2C, 0xFF, 0x2C, 0x2C, 0x2C, 0xFF, 0x2C, 0x2C, 0x2C, 0xFF,
        0x2C, 0x2C, 0x2C, 0xFF, 0x2C, 0x2C, 0x2C, 0xFF, 0x2C, 0x2C, 0x2C, 0xFF,
        0x2C, 0x2C, 0x2C, 0xFF, 0x2C, 0x2C, 0x2C, 0xFF, 0x2C, 0x2C, 0x2C, 0xFF,
        0x2C, 0x2C, 0x2C, 0xFF, 0x2C, 0x2C, 0x2C, 0xFF, 0x2C, 0x2C, 0x2C, 0xFF,
        0x2C, 0x2C, 0x2C, 0xFF, 0x2C, 0x2C, 0x2C, 0xFF, 0x2C, 0x2C, 0x2C, 0xFF,
        0x2C, 0x2C, 0x2C, 0xFF, 0x2D, 0x2D, 0x2D, 0xFF, 0x30, 0x30, 0x30, 0xFF,
        0x36, 0x36, 0x36, 0xFF, 0x3C, 0x3C, 0x3C, 0xE8, 0xFF, 0xFF, 0xFF, 0x00,
        0xFF, 0xFF, 0xFF, 0x00, 0x21, 0x21, 0x21, 0xC3, 0x24, 0x24, 0x24, 0xFF,
        0x26, 0x26, 0x26, 0xFF, 0x26, 0x26, 0x26, 0xFF, 0x26, 0x26, 0x26, 0xFF,
        0x26, 0x26, 0x26, 0xFF, 0x26, 0x26, 0x26, 0xFF, 0x26, 0x26, 0x26, 0xFF,
        0x26, 0x26, 0x26, 0xFF, 0x26, 0x26, 0x26, 0xFF, 0x26, 0x26, 0x26, 0xFF,
        0x26, 0x26, 0x26, 0xFF, 0x26, 0x26, 0x26, 0xFF, 0x26, 0x26, 0x26, 0xFF,
        0x26, 0x26, 0x26, 0xFF, 0x26, 0x26, 0x26, 0xFF, 0x26, 0x26, 0x26, 0xFF,
        0x26, 0x26, 0x26, 0xFF, 0x26, 0x26, 0x26, 0xFF, 0x26, 0x26, 0x26, 0xFF,
        0x26, 0x26, 0x26, 0xFF, 0x26, 0x26, 0x26, 0xFF, 0x26, 0x26, 0x26, 0xFF,
        0x26, 0x26, 0x26, 0xFF, 0x26, 0x26, 0x26, 0xFF, 0x26, 0x26, 0x26, 0xFF,
        0x26, 0x26, 0x26, 0xFF, 0x26, 0x26, 0x26, 0xFF, 0x26, 0x26, 0x26, 0xFF,
        0x26, 0x26, 0x26, 0xFF, 0x26, 0x26, 0x26, 0xFF, 0x26, 0x26, 0x26, 0xFF,
        0x26, 0x26, 0x26, 0xFF, 0x26, 0x26, 0x26, 0xFF, 0x26, 0x26, 0x26, 0xFF,
        0x26, 0x26, 0x26, 0xFF, 0x26, 0x26, 0x26, 0xFF, 0x26, 0x26, 0x26, 0xFF,
        0x26, 0x26, 0x26, 0xFF, 0x26, 0x26, 0x26, 0xFF, 0x26, 0x26, 0x26, 0xFF,
        0x26, 0x26, 0x26, 0xFF, 0x26, 0x26, 0x26, 0xFF, 0x26, 0x26, 0x26, 0xFF,
        0x26, 0x26, 0x26, 0xFF, 0x26, 0x26, 0x26, 0xFF, 0x26, 0x26, 0x26, 0xFF,
        0x26, 0x26, 0x26, 0xFF, 0x26, 0x26, 0x26, 0xFF, 0x26, 0x26, 0x26, 0xFF,
        0x26, 0x26, 0x26, 0xFF, 0x26, 0x26, 0x26, 0xFF, 0x26, 0x26, 0x26, 0xFF,
        0x26, 0x26, 0x26, 0xFF, 0x26, 0x26, 0x26, 0xFF, 0x26, 0x26, 0x26, 0xFF,
        0x26, 0x26, 0x26, 0xFF, 0x26, 0x26, 0x26, 0xFF, 0x26, 0x26, 0x26, 0xFF,
        0x26, 0x26, 0x26, 0xFF, 0x24, 0x24, 0x24, 0xFF, 0x21, 0x21, 0x21, 0xC2,
        0xFF, 0xFF, 0xFF, 0x00, 0xFF, 0xFF, 0xFF, 0x00, 0x40, 0x40, 0x40, 0xC3,
        0x39, 0x39, 0x39, 0xFF, 0x33, 0x33, 0x33, 0xFF, 0x2F, 0x2F, 0x2F, 0xFF,
        0x2D, 0x2D, 0x2D, 0xFF, 0x2D, 0x2D, 0x2D, 0xFF, 0x2D, 0x2D, 0x2D, 0xFF,
        0x2D, 0x2D, 0x2D, 0xFF, 0x2D, 0x2D, 0x2D, 0xFF, 0x2D, 0x2D, 0x2D, 0xFF,
        0x2D, 0x2D, 0x2D, 0xFF, 0x2D, 0x2D, 0x2D, 0xFF, 0x2D, 0x2D, 0x2D, 0xFF,
        0x2D, 0x2D, 0x2D, 0xFF, 0x2D, 0x2D, 0x2D, 0xFF, 0x2D, 0x2D, 0x2D, 0xFF,
        0x2D, 0x2D, 0x2D, 0xFF, 0x2D, 0x2D, 0x2D, 0xFF, 0x2D, 0x2D, 0x2D, 0xFF,
        0x2D, 0x2D, 0x2D, 0xFF, 0x2D, 0x2D, 0x2D, 0xFF, 0x2D, 0x2D, 0x2D, 0xFF,
        0x2D, 0x2D, 0x2D, 0xFF, 0x2D, 0x2D, 0x2D, 0xFF, 0x2D, 0x2D, 0x2D, 0xFF,
        0x2D, 0x2D, 0x2D, 0xFF, 0x2D, 0x2D, 0x2D, 0xFF, 0x2D, 0x2D, 0x2D, 0xFF,
        0x2D, 0x2D, 0x2D, 0xFF, 0x2D, 0x2D, 0x2D, 0xFF, 0x2D, 0x2D, 0x2D, 0xFF,
        0x2D, 0x2D, 0x2D, 0xFF, 0x2D, 0x2D, 0x2D, 0xFF, 0x2D, 0x2D, 0x2D, 0xFF,
        0x2D, 0x2D, 0x2D, 0xFF, 0x2D, 0x2D, 0x2D, 0xFF, 0x2D, 0x2D, 0x2D, 0xFF,
        0x2D, 0x2D, 0x2D, 0xFF, 0x2D, 0x2D, 0x2D, 0xFF, 0x2D, 0x2D, 0x2D, 0xFF,
        0x2D, 0x2D, 0x2D, 0xFF, 0x2D, 0x2D, 0x2D, 0xFF, 0x2D, 0x2D, 0x2D, 0xFF,
        0x2D, 0x2D, 0x2D, 0xFF, 0x2D, 0x2D, 0x2D, 0xFF, 0x2D, 0x2D, 0x2D, 0xFF,
        0x2D, 0x2D, 0x2D, 0xFF, 0x2D, 0x2D, 0x2D, 0xFF, 0x2D, 0x2D, 0x2D, 0xFF,
        0x2D, 0x2D, 0x2D, 0xFF, 0x2D, 0x2D, 0x2D, 0xFF, 0x2D, 0x2D, 0x2D, 0xFF,
        0x2D, 0x2D, 0x2D, 0xFF, 0x2D, 0x2D, 0x2D, 0xFF, 0x2D, 0x2D, 0x2D, 0xFF,
        0x2D, 0x2D, 0x2D, 0xFF, 0x2D, 0x2D, 0x2D, 0xFF, 0x2D, 0x2D, 0x2D, 0xFF,
        0x2F, 0x2F, 0x2F, 0xFF, 0x33, 0x33, 0x33, 0xFF, 0x39, 0x39, 0x39, 0xFF,
        0x40, 0x40, 0x40, 0xC2, 0xFF, 0xFF, 0xFF, 0x00, 0xFF, 0xFF, 0xFF, 0x00,
        0x23, 0x23, 0x23, 0x8A, 0x26, 0x26, 0x26, 0xFF, 0x27, 0x27, 0x27, 0xFF,
        0x27, 0x27, 0x27, 0xFF, 0x27, 0x27, 0x27, 0xFF, 0x27, 0x27, 0x27, 0xFF,
        0x27, 0x27, 0x27, 0xFF, 0x27, 0x27, 0x27, 0xFF, 0x27, 0x27, 0x27, 0xFF,
        0x27, 0x27, 0x27, 0xFF, 0x27, 0x27, 0x27, 0xFF, 0x27, 0x27, 0x27, 0xFF,
        0x27, 0x27, 0x27, 0xFF, 0x27, 0x27, 0x27, 0xFF, 0x27, 0x27, 0x27, 0xFF,
        0x27, 0x27, 0x27, 0xFF, 0x27, 0x27, 0x27, 0xFF, 0x27, 0x27, 0x27, 0xFF,
        0x27, 0x27, 0x27, 0xFF, 0x27, 0x27, 0x27, 0xFF, 0x27, 0x27, 0x27, 0xFF,
        0x27, 0x27, 0x27, 0xFF, 0x27, 0x27, 0x27, 0xFF, 0x27, 0x27, 0x27, 0xFF,
        0x27, 0x27, 0x27, 0xFF, 0x27, 0x27, 0x27, 0xFF, 0x27, 0x27, 0x27, 0xFF,
        0x27, 0x27, 0x27, 0xFF, 0x27, 0x27, 0x27, 0xFF, 0x27, 0x27, 0x27, 0xFF,
        0x27, 0x27, 0x27, 0xFF, 0x27, 0x27, 0x27, 0xFF, 0x27, 0x27, 0x27, 0xFF,
        0x27, 0x27, 0x27, 0xFF, 0x27, 0x27, 0x27, 0xFF, 0x27, 0x27, 0x27, 0xFF,
        0x27, 0x27, 0x27, 0xFF, 0x27, 0x27, 0x27, 0xFF, 0x27, 0x27, 0x27, 0xFF,
        0x27, 0x27, 0x27, 0xFF, 0x27, 0x27, 0x27, 0xFF, 0x27, 0x27, 0x27, 0xFF,
        0x27, 0x27, 0x27, 0xFF, 0x27, 0x27, 0x27, 0xFF, 0x27, 0x27, 0x27, 0xFF,
        0x27, 0x27, 0x27, 0xFF, 0x27, 0x27, 0x27, 0xFF, 0x27, 0x27, 0x27, 0xFF,
        0x27, 0x27, 0x27, 0xFF, 0x27, 0x27, 0x27, 0xFF, 0x27, 0x27, 0x27, 0xFF,
        0x27, 0x27, 0x27, 0xFF, 0x27, 0x27, 0x27, 0xFF, 0x27, 0x27, 0x27, 0xFF,
        0x27, 0x27, 0x27, 0xFF, 0x27, 0x27, 0x27, 0xFF, 0x27, 0x27, 0x27, 0xFF,
        0x27, 0x27, 0x27, 0xFF, 0x27, 0x27, 0x27, 0xFF, 0x27, 0x27, 0x27, 0xFF,
        0x26, 0x26, 0x26, 0xFF, 0x23, 0x23, 0x23, 0x89, 0xFF, 0xFF, 0xFF, 0x00,
        0xFF, 0xFF, 0xFF, 0x00, 0x41, 0x41, 0x41, 0x8A, 0x3C, 0x3C, 0x3C, 0xFF,
        0x34, 0x34, 0x34, 0xFF, 0x2F, 0x2F, 0x2F, 0xFF, 0x2D, 0x2D, 0x2D, 0xFF,
        0x2D, 0x2D, 0x2D, 0xFF, 0x2D, 0x2D, 0x2D, 0xFF, 0x2D, 0x2D, 0x2D, 0xFF,
        0x2D, 0x2D, 0x2D, 0xFF, 0x2D, 0x2D, 0x2D, 0xFF, 0x2D, 0x2D, 0x2D, 0xFF,
        0x2D, 0x2D, 0x2D, 0xFF, 0x2D, 0x2D, 0x2D, 0xFF, 0x2D, 0x2D, 0x2D, 0xFF,
        0x2D, 0x2D, 0x2D, 0xFF, 0x2D, 0x2D, 0x2D, 0xFF, 0x2D, 0x2D, 0x2D, 0xFF,
        0x2D, 0x2D, 0x2D, 0xFF, 0x2D, 0x2D, 0x2D, 0xFF, 0x2D, 0x2D, 0x2D, 0xFF,
        0x2D, 0x2D, 0x2D, 0xFF, 0x2D, 0x2D, 0x2D, 0xFF, 0x2D, 0x2D, 0x2D, 0xFF,
        0x2D, 0x2D, 0x2D, 0xFF, 0x2D, 0x2D, 0x2D, 0xFF, 0x2D, 0x2D, 0x2D, 0xFF,
        0x2D, 0x2D, 0x2D, 0xFF, 0x2D, 0x2D, 0x2D, 0xFF, 0x2D, 0x2D, 0x2D, 0xFF,
        0x2D, 0x2D, 0x2D, 0xFF, 0x2D, 0x2D, 0x2D, 0xFF, 0x2D, 0x2D, 0x2D, 0xFF,
        0x2D, 0x2D, 0x2D, 0xFF, 0x2D, 0x2D, 0x2D, 0xFF, 0x2D, 0x2D, 0x2D, 0xFF,
        0x2D, 0x2D, 0x2D, 0xFF, 0x2D, 0x2D, 0x2D, 0xFF, 0x2D, 0x2D, 0x2D, 0xFF,
        0x2D, 0x2D, 0x2D, 0xFF, 0x2D, 0x2D, 0x2D, 0xFF, 0x2D, 0x2D, 0x2D, 0xFF,
        0x2D, 0x2D, 0x2D, 0xFF, 0x2D, 0x2D, 0x2D, 0xFF, 0x2D, 0x2D, 0x2D, 0xFF,
        0x2D, 0x2D, 0x2D, 0xFF, 0x2D, 0x2D, 0x2D, 0xFF, 0x2D, 0x2D, 0x2D, 0xFF,
        0x2D, 0x2D, 0x2D, 0xFF, 0x2D, 0x2D, 0x2D, 0xFF, 0x2D, 0x2D, 0x2D, 0xFF,
        0x2D, 0x2D, 0x2D, 0xFF, 0x2D, 0x2D, 0x2D, 0xFF, 0x2D, 0x2D, 0x2D, 0xFF,
        0x2D, 0x2D, 0x2D, 0xFF, 0x2D, 0x2D, 0x2D, 0xFF, 0x2D, 0x2D, 0x2D, 0xFF,
        0x2D, 0x2D, 0x2D, 0xFF, 0x2D, 0x2D, 0x2D, 0xFF, 0x2F, 0x2F, 0x2F, 0xFF,
        0x34, 0x34, 0x34, 0xFF, 0x3C, 0x3C, 0x3C, 0xFF, 0x41, 0x41, 0x41, 0x89,
        0xFF, 0xFF, 0xFF, 0x00, 0xFF, 0xFF, 0xFF, 0x00, 0x23, 0x23, 0x23, 0x3F,
        0x26, 0x26, 0x26, 0xFF, 0x27, 0x27, 0x27, 0xFF, 0x28, 0x28, 0x28, 0xFF,
        0x27, 0x27, 0x27, 0xFF, 0x27, 0x27, 0x27, 0xFF, 0x27, 0x27, 0x27, 0xFF,
        0x27, 0x27, 0x27, 0xFF, 0x27, 0x27, 0x27, 0xFF, 0x27, 0x27, 0x27, 0xFF,
        0x27, 0x27, 0x27, 0xFF, 0x27, 0x27, 0x27, 0xFF, 0x27, 0x27, 0x27, 0xFF,
        0x27, 0x27, 0x27, 0xFF, 0x27, 0x27, 0x27, 0xFF, 0x27, 0x27, 0x27, 0xFF,
        0x27, 0x27, 0x27, 0xFF, 0x27, 0x27, 0x27, 0xFF, 0x27, 0x27, 0x27, 0xFF,
        0x27, 0x27, 0x27, 0xFF, 0x27, 0x27, 0x27, 0xFF, 0x27, 0x27, 0x27, 0xFF,
        0x27, 0x27, 0x27, 0xFF, 0x27, 0x27, 0x27, 0xFF, 0x27, 0x27, 0x27, 0xFF,
        0x27, 0x27, 0x27, 0xFF, 0x27, 0x27, 0x27, 0xFF, 0x27, 0x27, 0x27, 0xFF,
        0x27, 0x27, 0x27, 0xFF, 0x27, 0x27, 0x27, 0xFF, 0x27, 0x27, 0x27, 0xFF,
        0x27, 0x27, 0x27, 0xFF, 0x27, 0x27, 0x27, 0xFF, 0x27, 0x27, 0x27, 0xFF,
        0x27, 0x27, 0x27, 0xFF, 0x27, 0x27, 0x27, 0xFF, 0x27, 0x27, 0x27, 0xFF,
        0x27, 0x27, 0x27, 0xFF, 0x27, 0x27, 0x27, 0xFF, 0x27, 0x27, 0x27, 0xFF,
        0x27, 0x27, 0x27, 0xFF, 0x27, 0x27, 0x27, 0xFF, 0x27, 0x27, 0x27, 0xFF,
        0x27, 0x27, 0x27, 0xFF, 0x27, 0x27, 0x27, 0xFF, 0x27, 0x27, 0x27, 0xFF,
        0x27, 0x27, 0x27, 0xFF, 0x27, 0x27, 0x27, 0xFF, 0x27, 0x27, 0x27, 0xFF,
        0x27, 0x27, 0x27, 0xFF, 0x27, 0x27, 0x27, 0xFF, 0x27, 0x27, 0x27, 0xFF,
        0x27, 0x27, 0x27, 0xFF, 0x27, 0x27, 0x27, 0xFF, 0x27, 0x27, 0x27, 0xFF,
        0x27, 0x27, 0x27, 0xFF, 0x27, 0x27, 0x27, 0xFF, 0x27, 0x27, 0x27, 0xFF,
        0x28, 0x28, 0x28, 0xFF, 0x27, 0x27, 0x27, 0xFF, 0x26, 0x26, 0x26, 0xFF,
        0x23, 0x23, 0x23, 0x3F, 0xFF, 0xFF, 0xFF, 0x00, 0xFF, 0xFF, 0xFF, 0x00,
        0x41, 0x41, 0x41, 0x3F, 0x3F, 0x3F, 0x3F, 0xFF, 0x38, 0x38, 0x38, 0xFF,
        0x32, 0x32, 0x32, 0xFF, 0x2F, 0x2F, 0x2F, 0xFF, 0x2E, 0x2E, 0x2E, 0xFF,
        0x2E, 0x2E, 0x2E, 0xFF, 0x2E, 0x2E, 0x2E, 0xFF, 0x2E, 0x2E, 0x2E, 0xFF,
        0x2E, 0x2E, 0x2E, 0xFF, 0x2E, 0x2E, 0x2E, 0xFF, 0x2E, 0x2E, 0x2E, 0xFF,
        0x2E, 0x2E, 0x2E, 0xFF, 0x2E, 0x2E, 0x2E, 0xFF, 0x2E, 0x2E, 0x2E, 0xFF,
        0x2E, 0x2E, 0x2E, 0xFF, 0x2E, 0x2E, 0x2E, 0xFF, 0x2E, 0x2E, 0x2E, 0xFF,
        0x2E, 0x2E, 0x2E, 0xFF, 0x2E, 0x2E, 0x2E, 0xFF, 0x2E, 0x2E, 0x2E, 0xFF,
        0x2E, 0x2E, 0x2E, 0xFF, 0x2E, 0x2E, 0x2E, 0xFF, 0x2E, 0x2E, 0x2E, 0xFF,
        0x2E, 0x2E, 0x2E, 0xFF, 0x2E, 0x2E, 0x2E, 0xFF, 0x2E, 0x2E, 0x2E, 0xFF,
        0x2E, 0x2E, 0x2E, 0xFF, 0x2E, 0x2E, 0x2E, 0xFF, 0x2E, 0x2E, 0x2E, 0xFF,
        0x2E, 0x2E, 0x2E, 0xFF, 0x2E, 0x2E, 0x2E, 0xFF, 0x2E, 0x2E, 0x2E, 0xFF,
        0x2E, 0x2E, 0x2E, 0xFF, 0x2E, 0x2E, 0x2E, 0xFF, 0x2E, 0x2E, 0x2E, 0xFF,
        0x2E, 0x2E, 0x2E, 0xFF, 0x2E, 0x2E, 0x2E, 0xFF, 0x2E, 0x2E, 0x2E, 0xFF,
        0x2E, 0x2E, 0x2E, 0xFF, 0x2E, 0x2E, 0x2E, 0xFF, 0x2E, 0x2E, 0x2E, 0xFF,
        0x2E, 0x2E, 0x2E, 0xFF, 0x2E, 0x2E, 0x2E, 0xFF, 0x2E, 0x2E, 0x2E, 0xFF,
        0x2E, 0x2E, 0x2E, 0xFF, 0x2E, 0x2E, 0x2E, 0xFF, 0x2E, 0x2E, 0x2E, 0xFF,
        0x2E, 0x2E, 0x2E, 0xFF, 0x2E, 0x2E, 0x2E, 0xFF, 0x2E, 0x2E, 0x2E, 0xFF,
        0x2E, 0x2E, 0x2E, 0xFF, 0x2E, 0x2E, 0x2E, 0xFF, 0x2E, 0x2E, 0x2E, 0xFF,
        0x2E, 0x2E, 0x2E, 0xFF, 0x2E, 0x2E, 0x2E, 0xFF, 0x2E, 0x2E, 0x2E, 0xFF,
        0x2F, 0x2F, 0x2F, 0xFF, 0x32, 0x32, 0x32, 0xFF, 0x38, 0x38, 0x38, 0xFF,
        0x3F, 0x3F, 0x3F, 0xFF, 0x41, 0x41, 0x41, 0x3F, 0xFF, 0xFF, 0xFF, 0x00,
        0xFF, 0xFF, 0xFF, 0x00, 0x22, 0x22, 0x22, 0x01, 0x25, 0x25, 0x25, 0xDB,
        0x28, 0x28, 0x28, 0xFF, 0x28, 0x28, 0x28, 0xFF, 0x28, 0x28, 0x28, 0xFF,
        0x27, 0x27, 0x27, 0xFF, 0x27, 0x27, 0x27, 0xFF, 0x27, 0x27, 0x27, 0xFF,
        0x27, 0x27, 0x27, 0xFF, 0x27, 0x27, 0x27, 0xFF, 0x27, 0x27, 0x27, 0xFF,
        0x27, 0x27, 0x27, 0xFF, 0x27, 0x27, 0x27, 0xFF, 0x27, 0x27, 0x27, 0xFF,
        0x27, 0x27, 0x27, 0xFF, 0x27, 0x27, 0x27, 0xFF, 0x27, 0x27, 0x27, 0xFF,
        0x27, 0x27, 0x27, 0xFF, 0x27, 0x27, 0x27, 0xFF, 0x27, 0x27, 0x27, 0xFF,
        0x27, 0x27, 0x27, 0xFF, 0x27, 0x27, 0x27, 0xFF, 0x27, 0x27, 0x27, 0xFF,
        0x27, 0x27, 0x27, 0xFF, 0x27, 0x27, 0x27, 0xFF, 0x27, 0x27, 0x27, 0xFF,
        0x27, 0x27, 0x27, 0xFF, 0x27, 0x27, 0x27, 0xFF, 0x27, 0x27, 0x27, 0xFF,
        0x27, 0x27, 0x27, 0xFF, 0x27, 0x27, 0x27, 0xFF, 0x27, 0x27, 0x27, 0xFF,
        0x27, 0x27, 0x27, 0xFF, 0x27, 0x27, 0x27, 0xFF, 0x27, 0x27, 0x27, 0xFF,
        0x27, 0x27, 0x27, 0xFF, 0x27, 0x27, 0x27, 0xFF, 0x27, 0x27, 0x27, 0xFF,
        0x27, 0x27, 0x27, 0xFF, 0x27, 0x27, 0x27, 0xFF, 0x27, 0x27, 0x27, 0xFF,
        0x27, 0x27, 0x27, 0xFF, 0x27, 0x27, 0x27, 0xFF, 0x27, 0x27, 0x27, 0xFF,
        0x27, 0x27, 0x27, 0xFF, 0x27, 0x27, 0x27, 0xFF, 0x27, 0x27, 0x27, 0xFF,
        0x27, 0x27, 0x27, 0xFF, 0x27, 0x27, 0x27, 0xFF, 0x27, 0x27, 0x27, 0xFF,
        0x27, 0x27, 0x27, 0xFF, 0x27, 0x27, 0x27, 0xFF, 0x27, 0x27, 0x27, 0xFF,
        0x27, 0x27, 0x27, 0xFF, 0x27, 0x27, 0x27, 0xFF, 0x27, 0x27, 0x27, 0xFF,
        0x27, 0x27, 0x27, 0xFF, 0x28, 0x28, 0x28, 0xFF, 0x28, 0x28, 0x28, 0xFF,
        0x28, 0x28, 0x28, 0xFF, 0x25, 0x25, 0x25, 0xDB, 0x22, 0x22, 0x22, 0x02,
        0xFF, 0xFF, 0xFF, 0x00, 0xFF, 0xFF, 0xFF, 0x00, 0x40, 0x40, 0x40, 0x01,
        0x44, 0x44, 0x44, 0xDB, 0x3C, 0x3C, 0x3C, 0xFF, 0x36, 0x36, 0x36, 0xFF,
        0x31, 0x31, 0x31, 0xFF, 0x2E, 0x2E, 0x2E, 0xFF, 0x2E, 0x2E, 0x2E, 0xFF,
        0x2E, 0x2E, 0x2E, 0xFF, 0x2E, 0x2E, 0x2E, 0xFF, 0x2E, 0x2E, 0x2E, 0xFF,
        0x2E, 0x2E, 0x2E, 0xFF, 0x2E, 0x2E, 0x2E, 0xFF, 0x2E, 0x2E, 0x2E, 0xFF,
        0x2E, 0x2E, 0x2E, 0xFF, 0x2E, 0x2E, 0x2E, 0xFF, 0x2E, 0x2E, 0x2E, 0xFF,
        0x2E, 0x2E, 0x2E, 0xFF, 0x2E, 0x2E, 0x2E, 0xFF, 0x2E, 0x2E, 0x2E, 0xFF,
        0x2E, 0x2E, 0x2E, 0xFF, 0x2E, 0x2E, 0x2E, 0xFF, 0x2E, 0x2E, 0x2E, 0xFF,
        0x2E, 0x2E, 0x2E, 0xFF, 0x2E, 0x2E, 0x2E, 0xFF, 0x2E, 0x2E, 0x2E, 0xFF,
        0x2E, 0x2E, 0x2E, 0xFF, 0x2E, 0x2E, 0x2E, 0xFF, 0x2E, 0x2E, 0x2E, 0xFF,
        0x2E, 0x2E, 0x2E, 0xFF, 0x2E, 0x2E, 0x2E, 0xFF, 0x2E, 0x2E, 0x2E, 0xFF,
        0x2E, 0x2E, 0x2E, 0xFF, 0x2E, 0x2E, 0x2E, 0xFF, 0x2E, 0x2E, 0x2E, 0xFF,
        0x2E, 0x2E, 0x2E, 0xFF, 0x2E, 0x2E, 0x2E, 0xFF, 0x2E, 0x2E, 0x2E, 0xFF,
        0x2E, 0x2E, 0x2E, 0xFF, 0x2E, 0x2E, 0x2E, 0xFF, 0x2E, 0x2E, 0x2E, 0xFF,
        0x2E, 0x2E, 0x2E, 0xFF, 0x2E, 0x2E, 0x2E, 0xFF, 0x2E, 0x2E, 0x2E, 0xFF,
        0x2E, 0x2E, 0x2E, 0xFF, 0x2E, 0x2E, 0x2E, 0xFF, 0x2E, 0x2E, 0x2E, 0xFF,
        0x2E, 0x2E, 0x2E, 0xFF, 0x2E, 0x2E, 0x2E, 0xFF, 0x2E, 0x2E, 0x2E, 0xFF,
        0x2E, 0x2E, 0x2E, 0xFF, 0x2E, 0x2E, 0x2E, 0xFF, 0x2E, 0x2E, 0x2E, 0xFF,
        0x2E, 0x2E, 0x2E, 0xFF, 0x2E, 0x2E, 0x2E, 0xFF, 0x2E, 0x2E, 0x2E, 0xFF,
        0x2E, 0x2E, 0x2E, 0xFF, 0x2E, 0x2E, 0x2E, 0xFF, 0x31, 0x31, 0x31, 0xFF,
        0x36, 0x36, 0x36, 0xFF, 0x3C, 0x3C, 0x3C, 0xFF, 0x44, 0x44, 0x44, 0xDB,
        0x3F, 0x3F, 0x3F, 0x02, 0xFF, 0xFF, 0xFF, 0x00, 0xFF, 0xFF, 0xFF, 0x00,
        0xFF, 0xFF, 0xFF, 0x00, 0x26, 0x26, 0x26, 0x63, 0x29, 0x29, 0x29, 0xFF,
        0x29, 0x29, 0x29, 0xFF, 0x29, 0x29, 0x29, 0xFF, 0x28, 0x28, 0x28, 0xFF,
        0x28, 0x28, 0x28, 0xFF, 0x28, 0x28, 0x28, 0xFF, 0x28, 0x28, 0x28, 0xFF,
        0x28, 0x28, 0x28, 0xFF, 0x28, 0x28, 0x28, 0xFF, 0x28, 0x28, 0x28, 0xFF,
        0x28, 0x28, 0x28, 0xFF, 0x28, 0x28, 0x28, 0xFF, 0x28, 0x28, 0x28, 0xFF,
        0x28, 0x28, 0x28, 0xFF, 0x28, 0x28, 0x28, 0xFF, 0x28, 0x28, 0x28, 0xFF,
        0x28, 0x28, 0x28, 0xFF, 0x28, 0x28, 0x28, 0xFF, 0x28, 0x28, 0x28, 0xFF,
        0x28, 0x28, 0x28, 0xFF, 0x28, 0x28, 0x28, 0xFF, 0x28, 0x28, 0x28, 0xFF,
        0x28, 0x28, 0x28, 0xFF, 0x28, 0x28, 0x28, 0xFF, 0x28, 0x28, 0x28, 0xFF,
        0x28, 0x28, 0x28, 0xFF, 0x28, 0x28, 0x28, 0xFF, 0x28, 0x28, 0x28, 0xFF,
        0x28, 0x28, 0x28, 0xFF, 0x28, 0x28, 0x28, 0xFF, 0x28, 0x28, 0x28, 0xFF,
        0x28, 0x28, 0x28, 0xFF, 0x28, 0x28, 0x28, 0xFF, 0x28, 0x28, 0x28, 0xFF,
        0x28, 0x28, 0x28, 0xFF, 0x28, 0x28, 0x28, 0xFF, 0x28, 0x28, 0x28, 0xFF,
        0x28, 0x28, 0x28, 0xFF, 0x28, 0x28, 0x28, 0xFF, 0x28, 0x28, 0x28, 0xFF,
        0x28, 0x28, 0x28, 0xFF, 0x28, 0x28, 0x28, 0xFF, 0x28, 0x28, 0x28, 0xFF,
        0x28, 0x28, 0x28, 0xFF, 0x28, 0x28, 0x28, 0xFF, 0x28, 0x28, 0x28, 0xFF,
        0x28, 0x28, 0x28, 0xFF, 0x28, 0x28, 0x28, 0xFF, 0x28, 0x28, 0x28, 0xFF,
        0x28, 0x28, 0x28, 0xFF, 0x28, 0x28, 0x28, 0xFF, 0x28, 0x28, 0x28, 0xFF,
        0x28, 0x28, 0x28, 0xFF, 0x28, 0x28, 0x28, 0xFF, 0x28, 0x28, 0x28, 0xFF,
        0x29, 0x29, 0x29, 0xFF, 0x29, 0x29, 0x29, 0xFF, 0x29, 0x29, 0x29, 0xFF,
        0x26, 0x26, 0x26, 0x63, 0xFF, 0xFF, 0xFF, 0x00, 0xFF, 0xFF, 0xFF, 0x00,
        0xFF, 0xFF, 0xFF, 0x00, 0xFF, 0xFF, 0xFF, 0x00, 0x46, 0x46, 0x46, 0x63,
        0x42, 0x42, 0x42, 0xFF, 0x3A, 0x3A, 0x3A, 0xFF, 0x33, 0x33, 0x33, 0xFF,
        0x30, 0x30, 0x30, 0xFF, 0x2F, 0x2F, 0x2F, 0xFF, 0x2F, 0x2F, 0x2F, 0xFF,
        0x2F, 0x2F, 0x2F, 0xFF, 0x2F, 0x2F, 0x2F, 0xFF, 0x2F, 0x2F, 0x2F, 0xFF,
        0x2F, 0x2F, 0x2F, 0xFF, 0x2F, 0x2F, 0x2F, 0xFF, 0x2F, 0x2F, 0x2F, 0xFF,
        0x2F, 0x2F, 0x2F, 0xFF, 0x2F, 0x2F, 0x2F, 0xFF, 0x2F, 0x2F, 0x2F, 0xFF,
        0x2F, 0x2F, 0x2F, 0xFF, 0x2F, 0x2F, 0x2F, 0xFF, 0x2F, 0x2F, 0x2F, 0xFF,
        0x2F, 0x2F, 0x2F, 0xFF, 0x2F, 0x2F, 0x2F, 0xFF, 0x2F, 0x2F, 0x2F, 0xFF,
        0x2F, 0x2F, 0x2F, 0xFF, 0x2F, 0x2F, 0x2F, 0xFF, 0x2F, 0x2F, 0x2F, 0xFF,
        0x2F, 0x2F, 0x2F, 0xFF, 0x2F, 0x2F, 0x2F, 0xFF, 0x2F, 0x2F, 0x2F, 0xFF,
        0x2F, 0x2F, 0x2F, 0xFF, 0x2F, 0x2F, 0x2F, 0xFF, 0x2F, 0x2F, 0x2F, 0xFF,
        0x2F, 0x2F, 0x2F, 0xFF, 0x2F, 0x2F, 0x2F, 0xFF, 0x2F, 0x2F, 0x2F, 0xFF,
        0x2F, 0x2F, 0x2F, 0xFF, 0x2F, 0x2F, 0x2F, 0xFF, 0x2F, 0x2F, 0x2F, 0xFF,
        0x2F, 0x2F, 0x2F, 0xFF, 0x2F, 0x2F, 0x2F, 0xFF, 0x2F, 0x2F, 0x2F, 0xFF,
        0x2F, 0x2F, 0x2F, 0xFF, 0x2F, 0x2F, 0x2F, 0xFF, 0x2F, 0x2F, 0x2F, 0xFF,
        0x2F, 0x2F, 0x2F, 0xFF, 0x2F, 0x2F, 0x2F, 0xFF, 0x2F, 0x2F, 0x2F, 0xFF,
        0x2F, 0x2F, 0x2F, 0xFF, 0x2F, 0x2F, 0x2F, 0xFF, 0x2F, 0x2F, 0x2F, 0xFF,
        0x2F, 0x2F, 0x2F, 0xFF, 0x2F, 0x2F, 0x2F, 0xFF, 0x2F, 0x2F, 0x2F, 0xFF,
        0x2F, 0x2F, 0x2F, 0xFF, 0x2F, 0x2F, 0x2F, 0xFF, 0x2F, 0x2F, 0x2F, 0xFF,
        0x30, 0x30, 0x30, 0xFF, 0x33, 0x33, 0x33, 0xFF, 0x3A, 0x3A, 0x3A, 0xFF,
        0x42, 0x42, 0x42, 0xFF, 0x46, 0x46, 0x46, 0x63, 0xFF, 0xFF, 0xFF, 0x00,
        0xFF, 0xFF, 0xFF, 0x00, 0xFF, 0xFF, 0xFF, 0x00, 0xFF, 0xFF, 0xFF, 0x00,
        0x24, 0x24, 0x24, 0x03, 0x28, 0x28, 0x28, 0xCB, 0x29, 0x29, 0x29, 0xFF,
        0x2A, 0x2A, 0x2A, 0xFF, 0x29, 0x29, 0x29, 0xFF, 0x28, 0x28, 0x28, 0xFF,
        0x28, 0x28, 0x28, 0xFF, 0x28, 0x28, 0x28, 0xFF, 0x28, 0x28, 0x28, 0xFF,
        0x28, 0x28, 0x28, 0xFF, 0x28, 0x28, 0x28, 0xFF, 0x28, 0x28, 0x28, 0xFF,
        0x28, 0x28, 0x28, 0xFF, 0x28, 0x28, 0x28, 0xFF, 0x28, 0x28, 0x28, 0xFF,
        0x28, 0x28, 0x28, 0xFF, 0x28, 0x28, 0x28, 0xFF, 0x28, 0x28, 0x28, 0xFF,
        0x28, 0x28, 0x28, 0xFF, 0x28, 0x28, 0x28, 0xFF, 0x28, 0x28, 0x28, 0xFF,
        0x28, 0x28, 0x28, 0xFF, 0x28, 0x28, 0x28, 0xFF, 0x28, 0x28, 0x28, 0xFF,
        0x28, 0x28, 0x28, 0xFF, 0x28, 0x28, 0x28, 0xFF, 0x28, 0x28, 0x28, 0xFF,
        0x28, 0x28, 0x28, 0xFF, 0x28, 0x28, 0x28, 0xFF, 0x28, 0x28, 0x28, 0xFF,
        0x28, 0x28, 0x28, 0xFF, 0x28, 0x28, 0x28, 0xFF, 0x28, 0x28, 0x28, 0xFF,
        0x28, 0x28, 0x28, 0xFF, 0x28, 0x28, 0x28, 0xFF, 0x28, 0x28, 0x28, 0xFF,
        0x28, 0x28, 0x28, 0xFF, 0x28, 0x28, 0x28, 0xFF, 0x28, 0x28, 0x28, 0xFF,
        0x28, 0x28, 0x28, 0xFF, 0x28, 0x28, 0x28, 0xFF, 0x28, 0x28, 0x28, 0xFF,
        0x28, 0x28, 0x28, 0xFF, 0x28, 0x28, 0x28, 0xFF, 0x28, 0x28, 0x28, 0xFF,
        0x28, 0x28, 0x28, 0xFF, 0x28, 0x28, 0x28, 0xFF, 0x28, 0x28, 0x28, 0xFF,
        0x28, 0x28, 0x28, 0xFF, 0x28, 0x28, 0x28, 0xFF, 0x28, 0x28, 0x28, 0xFF,
        0x28, 0x28, 0x28, 0xFF, 0x28, 0x28, 0x28, 0xFF, 0x28, 0x28, 0x28, 0xFF,
        0x28, 0x28, 0x28, 0xFF, 0x29, 0x29, 0x29, 0xFF, 0x2A, 0x2A, 0x2A, 0xFF,
        0x29, 0x29, 0x29, 0xFF, 0x28, 0x28, 0x28, 0xCC, 0x24, 0x24, 0x24, 0x03,
        0xFF, 0xFF, 0xFF, 0x00, 0xFF, 0xFF, 0xFF, 0x00, 0xFF, 0xFF, 0xFF, 0x00,
        0xFF, 0xFF, 0xFF, 0x00, 0x43, 0x43, 0x43, 0x03, 0x47, 0x47, 0x47, 0xCB,
        0x40, 0x40, 0x40, 0xFF, 0x39, 0x39, 0x39, 0xFF, 0x33, 0x33, 0x33, 0xFF,
        0x30, 0x30, 0x30, 0xFF, 0x2F, 0x2F, 0x2F, 0xFF, 0x2F, 0x2F, 0x2F, 0xFF,
        0x2F, 0x2F, 0x2F, 0xFF, 0x2F, 0x2F, 0x2F, 0xFF, 0x2F, 0x2F, 0x2F, 0xFF,
        0x2F, 0x2F, 0x2F, 0xFF, 0x2F, 0x2F, 0x2F, 0xFF, 0x2F, 0x2F, 0x2F, 0xFF,
        0x2F, 0x2F, 0x2F, 0xFF, 0x2F, 0x2F, 0x2F, 0xFF, 0x2F, 0x2F, 0x2F, 0xFF,
        0x2F, 0x2F, 0x2F, 0xFF, 0x2F, 0x2F, 0x2F, 0xFF, 0x2F, 0x2F, 0x2F, 0xFF,
        0x2F, 0x2F, 0x2F, 0xFF, 0x2F, 0x2F, 0x2F, 0xFF, 0x2F, 0x2F, 0x2F, 0xFF,
        0x2F, 0x2F, 0x2F, 0xFF, 0x2F, 0x2F, 0x2F, 0xFF, 0x2F, 0x2F, 0x2F, 0xFF,
        0x2F, 0x2F, 0x2F, 0xFF, 0x2F, 0x2F, 0x2F, 0xFF, 0x2F, 0x2F, 0x2F, 0xFF,
        0x2F, 0x2F, 0x2F, 0xFF, 0x2F, 0x2F, 0x2F, 0xFF, 0x2F, 0x2F, 0x2F, 0xFF,
        0x2F, 0x2F, 0x2F, 0xFF, 0x2F, 0x2F, 0x2F, 0xFF, 0x2F, 0x2F, 0x2F, 0xFF,
        0x2F, 0x2F, 0x2F, 0xFF, 0x2F, 0x2F, 0x2F, 0xFF, 0x2F, 0x2F, 0x2F, 0xFF,
        0x2F, 0x2F, 0x2F, 0xFF, 0x2F, 0x2F, 0x2F, 0xFF, 0x2F, 0x2F, 0x2F, 0xFF,
        0x2F, 0x2F, 0x2F, 0xFF, 0x2F, 0x2F, 0x2F, 0xFF, 0x2F, 0x2F, 0x2F, 0xFF,
        0x2F, 0x2F, 0x2F, 0xFF, 0x2F, 0x2F, 0x2F, 0xFF, 0x2F, 0x2F, 0x2F, 0xFF,
        0x2F, 0x2F, 0x2F, 0xFF, 0x2F, 0x2F, 0x2F, 0xFF, 0x2F, 0x2F, 0x2F, 0xFF,
        0x2F, 0x2F, 0x2F, 0xFF, 0x2F, 0x2F, 0x2F, 0xFF, 0x2F, 0x2F, 0x2F, 0xFF,
        0x2F, 0x2F, 0x2F, 0xFF, 0x30, 0x30, 0x30, 0xFF, 0x33, 0x33, 0x33, 0xFF,
        0x39, 0x39, 0x39, 0xFF, 0x40, 0x40, 0x40, 0xFF, 0x47, 0x47, 0x47, 0xCC,
        0x43, 0x43, 0x43, 0x03, 0xFF, 0xFF, 0xFF, 0x00, 0xFF, 0xFF, 0xFF, 0x00,
        0xFF, 0xFF, 0xFF, 0x00, 0xFF, 0xFF, 0xFF, 0x00, 0xFF, 0xFF, 0xFF, 0x00,
        0x27, 0x27, 0x27, 0x28, 0x2A, 0x2A, 0x2A, 0xF3, 0x2B, 0x2B, 0x2B, 0xFF,
        0x2A, 0x2A, 0x2A, 0xFF, 0x29, 0x29, 0x29, 0xFF, 0x28, 0x28, 0x28, 0xFF,
        0x28, 0x28, 0x28, 0xFF, 0x28, 0x28, 0x28, 0xFF, 0x28, 0x28, 0x28, 0xFF,
        0x28, 0x28, 0x28, 0xFF, 0x28, 0x28, 0x28, 0xFF, 0x28, 0x28, 0x28, 0xFF,
        0x28, 0x28, 0x28, 0xFF, 0x28, 0x28, 0x28, 0xFF, 0x28, 0x28, 0x28, 0xFF,
        0x28, 0x28, 0x28, 0xFF, 0x28, 0x28, 0x28, 0xFF, 0x28, 0x28, 0x28, 0xFF,
        0x28, 0x28, 0x28, 0xFF, 0x28, 0x28, 0x28, 0xFF, 0x28, 0x28, 0x28, 0xFF,
        0x28, 0x28, 0x28, 0xFF, 0x28, 0x28, 0x28, 0xFF, 0x28, 0x28, 0x28, 0xFF,
        0x28, 0x28, 0x28, 0xFF, 0x28, 0x28, 0x28, 0xFF, 0x28, 0x28, 0x28, 0xFF,
        0x28, 0x28, 0x28, 0xFF, 0x28, 0x28, 0x28, 0xFF, 0x28, 0x28, 0x28, 0xFF,
        0x28, 0x28, 0x28, 0xFF, 0x28, 0x28, 0x28, 0xFF, 0x28, 0x28, 0x28, 0xFF,
        0x28, 0x28, 0x28, 0xFF, 0x28, 0x28, 0x28, 0xFF, 0x28, 0x28, 0x28, 0xFF,
        0x28, 0x28, 0x28, 0xFF, 0x28, 0x28, 0x28, 0xFF, 0x28, 0x28, 0x28, 0xFF,
        0x28, 0x28, 0x28, 0xFF, 0x28, 0x28, 0x28, 0xFF, 0x28, 0x28, 0x28, 0xFF,
        0x28, 0x28, 0x28, 0xFF, 0x28, 0x28, 0x28, 0xFF, 0x28, 0x28, 0x28, 0xFF,
        0x28, 0x28, 0x28, 0xFF, 0x28, 0x28, 0x28, 0xFF, 0x28, 0x28, 0x28, 0xFF,
        0x28, 0x28, 0x28, 0xFF, 0x28, 0x28, 0x28, 0xFF, 0x28, 0x28, 0x28, 0xFF,
        0x28, 0x28, 0x28, 0xFF, 0x28, 0x28, 0x28, 0xFF, 0x29, 0x29, 0x29, 0xFF,
        0x2A, 0x2A, 0x2A, 0xFF, 0x2B, 0x2B, 0x2B, 0xFF, 0x2A, 0x2A, 0x2A, 0xF3,
        0x28, 0x28, 0x28, 0x28, 0xFF, 0xFF, 0xFF, 0x00, 0xFF, 0xFF, 0xFF, 0x00,
        0xFF, 0xFF, 0xFF, 0x00, 0xFF, 0xFF, 0xFF, 0x00, 0xFF, 0xFF, 0xFF, 0x00,
        0xFF, 0xFF, 0xFF, 0x00, 0x46, 0x46, 0x46, 0x28, 0x47, 0x47, 0x47, 0xF3,
        0x41, 0x41, 0x41, 0xFF, 0x39, 0x39, 0x39, 0xFF, 0x34, 0x34, 0x34, 0xFF,
        0x31, 0x31, 0x31, 0xFF, 0x30, 0x30, 0x30, 0xFF, 0x30, 0x30, 0x30, 0xFF,
        0x30, 0x30, 0x30, 0xFF, 0x30, 0x30, 0x30, 0xFF, 0x30, 0x30, 0x30, 0xFF,
        0x30, 0x30, 0x30, 0xFF, 0x30, 0x30, 0x30, 0xFF, 0x30, 0x30, 0x30, 0xFF,
        0x30, 0x30, 0x30, 0xFF, 0x30, 0x30, 0x30, 0xFF, 0x30, 0x30, 0x30, 0xFF,
        0x30, 0x30, 0x30, 0xFF, 0x30, 0x30, 0x30, 0xFF, 0x30, 0x30, 0x30, 0xFF,
        0x30, 0x30, 0x30, 0xFF, 0x30, 0x30, 0x30, 0xFF, 0x30, 0x30, 0x30, 0xFF,
        0x30, 0x30, 0x30, 0xFF, 0x30, 0x30, 0x30, 0xFF, 0x30, 0x30, 0x30, 0xFF,
        0x30, 0x30, 0x30, 0xFF, 0x30, 0x30, 0x30, 0xFF, 0x30, 0x30, 0x30, 0xFF,
        0x30, 0x30, 0x30, 0xFF, 0x30, 0x30, 0x30, 0xFF, 0x30, 0x30, 0x30, 0xFF,
        0x30, 0x30, 0x30, 0xFF, 0x30, 0x30, 0x30, 0xFF, 0x30, 0x30, 0x30, 0xFF,
        0x30, 0x30, 0x30, 0xFF, 0x30, 0x30, 0x30, 0xFF, 0x30, 0x30, 0x30, 0xFF,
        0x30, 0x30, 0x30, 0xFF, 0x30, 0x30, 0x30, 0xFF, 0x30, 0x30, 0x30, 0xFF,
        0x30, 0x30, 0x30, 0xFF, 0x30, 0x30, 0x30, 0xFF, 0x30, 0x30, 0x30, 0xFF,
        0x30, 0x30, 0x30, 0xFF, 0x30, 0x30, 0x30, 0xFF, 0x30, 0x30, 0x30, 0xFF,
        0x30, 0x30, 0x30, 0xFF, 0x30, 0x30, 0x30, 0xFF, 0x30, 0x30, 0x30, 0xFF,
        0x30, 0x30, 0x30, 0xFF, 0x30, 0x30, 0x30, 0xFF, 0x31, 0x31, 0x31, 0xFF,
        0x34, 0x34, 0x34, 0xFF, 0x39, 0x39, 0x39, 0xFF, 0x41, 0x41, 0x41, 0xFF,
        0x47, 0x47, 0x47, 0xF3, 0x47, 0x47, 0x47, 0x28, 0xFF, 0xFF, 0xFF, 0x00,
        0xFF, 0xFF, 0xFF, 0x00, 0xFF, 0xFF, 0xFF, 0x00, 0xFF, 0xFF, 0xFF, 0x00,
        0xFF, 0xFF, 0xFF, 0x00, 0xFF, 0xFF, 0xFF, 0x00, 0xFF, 0xFF, 0xFF, 0x00,
        0x2A, 0x2A, 0x2A, 0x49, 0x2C, 0x2C, 0x2C, 0xF9, 0x2C, 0x2C, 0x2C, 0xFF,
        0x2B, 0x2B, 0x2B, 0xFF, 0x2B, 0x2B, 0x2B, 0xFF, 0x2A, 0x2A, 0x2A, 0xFF,
        0x29, 0x29, 0x29, 0xFF, 0x29, 0x29, 0x29, 0xFF, 0x29, 0x29, 0x29, 0xFF,
        0x29, 0x29, 0x29, 0xFF, 0x29, 0x29, 0x29, 0xFF, 0x29, 0x29, 0x29, 0xFF,
        0x29, 0x29, 0x29, 0xFF, 0x29, 0x29, 0x29, 0xFF, 0x29, 0x29, 0x29, 0xFF,
        0x29, 0x29, 0x29, 0xFF, 0x29, 0x29, 0x29, 0xFF, 0x29, 0x29, 0x29, 0xFF,
        0x29, 0x29, 0x29, 0xFF, 0x29, 0x29, 0x29, 0xFF, 0x29, 0x29, 0x29, 0xFF,
        0x29, 0x29, 0x29, 0xFF, 0x29, 0x29, 0x29, 0xFF, 0x29, 0x29, 0x29, 0xFF,
        0x29, 0x29, 0x29, 0xFF, 0x29, 0x29, 0x29, 0xFF, 0x29, 0x29, 0x29, 0xFF,
        0x29, 0x29, 0x29, 0xFF, 0x29, 0x29, 0x29, 0xFF, 0x29, 0x29, 0x29, 0xFF,
        0x29, 0x29, 0x29, 0xFF, 0x29, 0x29, 0x29, 0xFF, 0x29, 0x29, 0x29, 0xFF,
        0x29, 0x29, 0x29, 0xFF, 0x29, 0x29, 0x29, 0xFF, 0x29, 0x29, 0x29, 0xFF,
        0x29, 0x29, 0x29, 0xFF, 0x29, 0x29, 0x29, 0xFF, 0x29, 0x29, 0x29, 0xFF,
        0x29, 0x29, 0x29, 0xFF, 0x29, 0x29, 0x29, 0xFF, 0x29, 0x29, 0x29, 0xFF,
        0x29, 0x29, 0x29, 0xFF, 0x29, 0x29, 0x29, 0xFF, 0x29, 0x29, 0x29, 0xFF,
        0x29, 0x29, 0x29, 0xFF, 0x29, 0x29, 0x29, 0xFF, 0x29, 0x29, 0x29, 0xFF,
        0x29, 0x29, 0x29, 0xFF, 0x29, 0x29, 0x29, 0xFF, 0x2A, 0x2A, 0x2A, 0xFF,
        0x2B, 0x2B, 0x2B, 0xFF, 0x2B, 0x2B, 0x2B, 0xFF, 0x2C, 0x2C, 0x2C, 0xFF,
        0x2C, 0x2C, 0x2C, 0xF9, 0x2A, 0x2A, 0x2A, 0x49, 0xFF, 0xFF, 0xFF, 0x00,
        0xFF, 0xFF, 0xFF, 0x00, 0xFF, 0xFF, 0xFF, 0x00, 0xFF, 0xFF, 0xFF, 0x00,
        0xFF, 0xFF, 0xFF, 0x00, 0xFF, 0xFF, 0xFF, 0x00, 0xFF, 0xFF, 0xFF, 0x00,
        0xFF, 0xFF, 0xFF, 0x00, 0x4A, 0x4A, 0x4A, 0x49, 0x48, 0x48, 0x48, 0xF9,
        0x41, 0x41, 0x41, 0xFF, 0x3B, 0x3B, 0x3B, 0xFF, 0x36, 0x36, 0x36, 0xFF,
        0x33, 0x33, 0x33, 0xFF, 0x31, 0x31, 0x31, 0xFF, 0x30, 0x30, 0x30, 0xFF,
        0x30, 0x30, 0x30, 0xFF, 0x30, 0x30, 0x30, 0xFF, 0x30, 0x30, 0x30, 0xFF,
        0x30, 0x30, 0x30, 0xFF, 0x30, 0x30, 0x30, 0xFF, 0x30, 0x30, 0x30, 0xFF,
        0x30, 0x30, 0x30, 0xFF, 0x30, 0x30, 0x30, 0xFF, 0x30, 0x30, 0x30, 0xFF,
        0x30, 0x30, 0x30, 0xFF, 0x30, 0x30, 0x30, 0xFF, 0x30, 0x30, 0x30, 0xFF,
        0x30, 0x30, 0x30, 0xFF, 0x30, 0x30, 0x30, 0xFF, 0x30, 0x30, 0x30, 0xFF,
        0x30, 0x30, 0x30, 0xFF, 0x30, 0x30, 0x30, 0xFF, 0x30, 0x30, 0x30, 0xFF,
        0x30, 0x30, 0x30, 0xFF, 0x30, 0x30, 0x30, 0xFF, 0x30, 0x30, 0x30, 0xFF,
        0x30, 0x30, 0x30, 0xFF, 0x30, 0x30, 0x30, 0xFF, 0x30, 0x30, 0x30, 0xFF,
        0x30, 0x30, 0x30, 0xFF, 0x30, 0x30, 0x30, 0xFF, 0x30, 0x30, 0x30, 0xFF,
        0x30, 0x30, 0x30, 0xFF, 0x30, 0x30, 0x30, 0xFF, 0x30, 0x30, 0x30, 0xFF,
        0x30, 0x30, 0x30, 0xFF, 0x30, 0x30, 0x30, 0xFF, 0x30, 0x30, 0x30, 0xFF,
        0x30, 0x30, 0x30, 0xFF, 0x30, 0x30, 0x30, 0xFF, 0x30, 0x30, 0x30, 0xFF,
        0x30, 0x30, 0x30, 0xFF, 0x30, 0x30, 0x30, 0xFF, 0x30, 0x30, 0x30, 0xFF,
        0x30, 0x30, 0x30, 0xFF, 0x30, 0x30, 0x30, 0xFF, 0x31, 0x31, 0x31, 0xFF,
        0x33, 0x33, 0x33, 0xFF, 0x36, 0x36, 0x36, 0xFF, 0x3B, 0x3B, 0x3B, 0xFF,
        0x41, 0x41, 0x41, 0xFF, 0x48, 0x48, 0x48, 0xF9, 0x4A, 0x4A, 0x4A, 0x49,
        0xFF, 0xFF, 0xFF, 0x00, 0xFF, 0xFF, 0xFF, 0x00, 0xFF, 0xFF, 0xFF, 0x00,
        0xFF, 0xFF, 0xFF, 0x00, 0xFF, 0xFF, 0xFF, 0x00, 0xFF, 0xFF, 0xFF, 0x00,
        0xFF, 0xFF, 0xFF, 0x00, 0xFF, 0xFF, 0xFF, 0x00, 0xFF, 0xFF, 0xFF, 0x00,
        0x2B, 0x2B, 0x2B, 0x49, 0x2D, 0x2D, 0x2D, 0xF3, 0x2E, 0x2E, 0x2E, 0xFF,
        0x2C, 0x2C, 0x2C, 0xFF, 0x2C, 0x2C, 0x2C, 0xFF, 0x2B, 0x2B, 0x2B, 0xFF,
        0x2A, 0x2A, 0x2A, 0xFF, 0x29, 0x29, 0x29, 0xFF, 0x29, 0x29, 0x29, 0xFF,
        0x29, 0x29, 0x29, 0xFF, 0x29, 0x29, 0x29, 0xFF, 0x29, 0x29, 0x29, 0xFF,
        0x29, 0x29, 0x29, 0xFF, 0x29, 0x29, 0x29, 0xFF, 0x29, 0x29, 0x29, 0xFF,
        0x29, 0x29, 0x29, 0xFF, 0x29, 0x29, 0x29, 0xFF, 0x29, 0x29, 0x29, 0xFF,
        0x29, 0x29, 0x29, 0xFF, 0x29, 0x29, 0x29, 0xFF, 0x29, 0x29, 0x29, 0xFF,
        0x29, 0x29, 0x29, 0xFF, 0x29, 0x29, 0x29, 0xFF, 0x29, 0x29, 0x29, 0xFF,
        0x29, 0x29, 0x29, 0xFF, 0x29, 0x29, 0x29, 0xFF, 0x29, 0x29, 0x29, 0xFF,
        0x29, 0x29, 0x29, 0xFF, 0x29, 0x29, 0x29, 0xFF, 0x29, 0x29, 0x29, 0xFF,
        0x29, 0x29, 0x29, 0xFF, 0x29, 0x29, 0x29, 0xFF, 0x29, 0x29, 0x29, 0xFF,
        0x29, 0x29, 0x29, 0xFF, 0x29, 0x29, 0x29, 0xFF, 0x29, 0x29, 0x29, 0xFF,
        0x29, 0x29, 0x29, 0xFF, 0x29, 0x29, 0x29, 0xFF, 0x29, 0x29, 0x29, 0xFF,
        0x29, 0x29, 0x29, 0xFF, 0x29, 0x29, 0x29, 0xFF, 0x29, 0x29, 0x29, 0xFF,
        0x29, 0x29, 0x29, 0xFF, 0x29, 0x29, 0x29, 0xFF, 0x29, 0x29, 0x29, 0xFF,
        0x29, 0x29, 0x29, 0xFF, 0x29, 0x29, 0x29, 0xFF, 0x2A, 0x2A, 0x2A, 0xFF,
        0x2B, 0x2B, 0x2B, 0xFF, 0x2C, 0x2C, 0x2C, 0xFF, 0x2C, 0x2C, 0x2C, 0xFF,
        0x2E, 0x2E, 0x2E, 0xFF, 0x2D, 0x2D, 0x2D, 0xF3, 0x2B, 0x2B, 0x2B, 0x49,
        0xFF, 0xFF, 0xFF, 0x00, 0xFF, 0xFF, 0xFF, 0x00, 0xFF, 0xFF, 0xFF, 0x00,
        0xFF, 0xFF, 0xFF, 0x00, 0xFF, 0xFF, 0xFF, 0x00, 0xFF, 0xFF, 0xFF, 0x00,
        0xFF, 0xFF, 0xFF, 0x00, 0xFF, 0xFF, 0xFF, 0x00, 0xFF, 0xFF, 0xFF, 0x00,
        0xFF, 0xFF, 0xFF, 0x00, 0x4C, 0x4C, 0x4C, 0x49, 0x4B, 0x4B, 0x4B, 0xF3,
        0x45, 0x45, 0x45, 0xFF, 0x3F, 0x3F, 0x3F, 0xFF, 0x38, 0x38, 0x38, 0xFF,
        0x37, 0x37, 0x37, 0xFF, 0x34, 0x34, 0x34, 0xFF, 0x33, 0x33, 0x33, 0xFF,
        0x32, 0x32, 0x32, 0xFF, 0x31, 0x31, 0x31, 0xFF, 0x31, 0x31, 0x31, 0xFF,
        0x31, 0x31, 0x31, 0xFF, 0x31, 0x31, 0x31, 0xFF, 0x31, 0x31, 0x31, 0xFF,
        0x31, 0x31, 0x31, 0xFF, 0x31, 0x31, 0x31, 0xFF, 0x31, 0x31, 0x31, 0xFF,
        0x31, 0x31, 0x31, 0xFF, 0x31, 0x31, 0x31, 0xFF, 0x31, 0x31, 0x31, 0xFF,
        0x31, 0x31, 0x31, 0xFF, 0x31, 0x31, 0x31, 0xFF, 0x31, 0x31, 0x31, 0xFF,
        0x31, 0x31, 0x31, 0xFF, 0x31, 0x31, 0x31, 0xFF, 0x31, 0x31, 0x31, 0xFF,
        0x31, 0x31, 0x31, 0xFF, 0x31, 0x31, 0x31, 0xFF, 0x31, 0x31, 0x31, 0xFF,
        0x31, 0x31, 0x31, 0xFF, 0x31, 0x31, 0x31, 0xFF, 0x31, 0x31, 0x31, 0xFF,
        0x31, 0x31, 0x31, 0xFF, 0x31, 0x31, 0x31, 0xFF, 0x31, 0x31, 0x31, 0xFF,
        0x31, 0x31, 0x31, 0xFF, 0x31, 0x31, 0x31, 0xFF, 0x31, 0x31, 0x31, 0xFF,
        0x31, 0x31, 0x31, 0xFF, 0x31, 0x31, 0x31, 0xFF, 0x31, 0x31, 0x31, 0xFF,
        0x31, 0x31, 0x31, 0xFF, 0x31, 0x31, 0x31, 0xFF, 0x31, 0x31, 0x31, 0xFF,
        0x31, 0x31, 0x31, 0xFF, 0x32, 0x32, 0x32, 0xFF, 0x33, 0x33, 0x33, 0xFF,
        0x34, 0x34, 0x34, 0xFF, 0x37, 0x37, 0x37, 0xFF, 0x38, 0x38, 0x38, 0xFF,
        0x3F, 0x3F, 0x3F, 0xFF, 0x45, 0x45, 0x45, 0xFF, 0x4B, 0x4B, 0x4B, 0xF3,
        0x4C, 0x4C, 0x4C, 0x49, 0xFF, 0xFF, 0xFF, 0x00, 0xFF, 0xFF, 0xFF, 0x00,
        0xFF, 0xFF, 0xFF, 0x00, 0xFF, 0xFF, 0xFF, 0x00, 0xFF, 0xFF, 0xFF, 0x00,
        0xFF, 0xFF, 0xFF, 0x00, 0xFF, 0xFF, 0xFF, 0x00, 0xFF, 0xFF, 0xFF, 0x00,
        0xFF, 0xFF, 0xFF, 0x00, 0xFF, 0xFF, 0xFF, 0x00, 0xFF, 0xFF, 0xFF, 0x00,
        0x2C, 0x2C, 0x2C, 0x28, 0x2E, 0x2E, 0x2E, 0xCC, 0x2F, 0x2F, 0x2F, 0xFF,
        0x2E, 0x2E, 0x2E, 0xFF, 0x2D, 0x2D, 0x2D, 0xFF, 0x2C, 0x2C, 0x2C, 0xFF,
        0x2C, 0x2C, 0x2C, 0xFF, 0x2B, 0x2B, 0x2B, 0xFF, 0x2B, 0x2B, 0x2B, 0xFF,
        0x2B, 0x2B, 0x2B, 0xFF, 0x2A, 0x2A, 0x2A, 0xFF, 0x2A, 0x2A, 0x2A, 0xFF,
        0x2A, 0x2A, 0x2A, 0xFF, 0x2A, 0x2A, 0x2A, 0xFF, 0x2A, 0x2A, 0x2A, 0xFF,
        0x2A, 0x2A, 0x2A, 0xFF, 0x2A, 0x2A, 0x2A, 0xFF, 0x2A, 0x2A, 0x2A, 0xFF,
        0x2A, 0x2A, 0x2A, 0xFF, 0x2A, 0x2A, 0x2A, 0xFF, 0x2A, 0x2A, 0x2A, 0xFF,
        0x2A, 0x2A, 0x2A, 0xFF, 0x2A, 0x2A, 0x2A, 0xFF, 0x2A, 0x2A, 0x2A, 0xFF,
        0x2A, 0x2A, 0x2A, 0xFF, 0x2A, 0x2A, 0x2A, 0xFF, 0x2A, 0x2A, 0x2A, 0xFF,
        0x2A, 0x2A, 0x2A, 0xFF, 0x2A, 0x2A, 0x2A, 0xFF, 0x2A, 0x2A, 0x2A, 0xFF,
        0x2A, 0x2A, 0x2A, 0xFF, 0x2A, 0x2A, 0x2A, 0xFF, 0x2A, 0x2A, 0x2A, 0xFF,
        0x2A, 0x2A, 0x2A, 0xFF, 0x2A, 0x2A, 0x2A, 0xFF, 0x2A, 0x2A, 0x2A, 0xFF,
        0x2A, 0x2A, 0x2A, 0xFF, 0x2A, 0x2A, 0x2A, 0xFF, 0x2A, 0x2A, 0x2A, 0xFF,
        0x2A, 0x2A, 0x2A, 0xFF, 0x2A, 0x2A, 0x2A, 0xFF, 0x2A, 0x2A, 0x2A, 0xFF,
        0x2B, 0x2B, 0x2B, 0xFF, 0x2B, 0x2B, 0x2B, 0xFF, 0x2B, 0x2B, 0x2B, 0xFF,
        0x2C, 0x2C, 0x2C, 0xFF, 0x2C, 0x2C, 0x2C, 0xFF, 0x2D, 0x2D, 0x2D, 0xFF,
        0x2E, 0x2E, 0x2E, 0xFF, 0x2F, 0x2F, 0x2F, 0xFF, 0x2E, 0x2E, 0x2E, 0xCC,
        0x2C, 0x2C, 0x2C, 0x28, 0xFF, 0xFF, 0xFF, 0x00, 0xFF, 0xFF, 0xFF, 0x00,
        0xFF, 0xFF, 0xFF, 0x00, 0xFF, 0xFF, 0xFF, 0x00, 0xFF, 0xFF, 0xFF, 0x00,
        0xFF, 0xFF, 0xFF, 0x00, 0xFF, 0xFF, 0xFF, 0x00, 0xFF, 0xFF, 0xFF, 0x00,
        0xFF, 0xFF, 0xFF, 0x00, 0xFF, 0xFF, 0xFF, 0x00, 0xFF, 0xFF, 0xFF, 0x00,
        0xFF, 0xFF, 0xFF, 0x00, 0x4B, 0x4B, 0x4B, 0x28, 0x4C, 0x4C, 0x4C, 0xCC,
        0x49, 0x49, 0x49, 0xFF, 0x43, 0x43, 0x43, 0xFF, 0x40, 0x40, 0x40, 0xFF,
        0x3B, 0x3B, 0x3B, 0xFF, 0x39, 0x39, 0x39, 0xFF, 0x38, 0x38, 0x38, 0xFF,
        0x38, 0x38, 0x38, 0xFF, 0x37, 0x37, 0x37, 0xFF, 0x36, 0x36, 0x36, 0xFF,
        0x36, 0x36, 0x36, 0xFF, 0x36, 0x36, 0x36, 0xFF, 0x36, 0x36, 0x36, 0xFF,
        0x36, 0x36, 0x36, 0xFF, 0x36, 0x36, 0x36, 0xFF, 0x36, 0x36, 0x36, 0xFF,
        0x36, 0x36, 0x36, 0xFF, 0x36, 0x36, 0x36, 0xFF, 0x36, 0x36, 0x36, 0xFF,
        0x36, 0x36, 0x36, 0xFF, 0x36, 0x36, 0x36, 0xFF, 0x36, 0x36, 0x36, 0xFF,
        0x36, 0x36, 0x36, 0xFF, 0x36, 0x36, 0x36, 0xFF, 0x36, 0x36, 0x36, 0xFF,
        0x36, 0x36, 0x36, 0xFF, 0x36, 0x36, 0x36, 0xFF, 0x36, 0x36, 0x36, 0xFF,
        0x36, 0x36, 0x36, 0xFF, 0x36, 0x36, 0x36, 0xFF, 0x36, 0x36, 0x36, 0xFF,
        0x36, 0x36, 0x36, 0xFF, 0x36, 0x36, 0x36, 0xFF, 0x36, 0x36, 0x36, 0xFF,
        0x36, 0x36, 0x36, 0xFF, 0x36, 0x36, 0x36, 0xFF, 0x36, 0x36, 0x36, 0xFF,
        0x36, 0x36, 0x36, 0xFF, 0x36, 0x36, 0x36, 0xFF, 0x36, 0x36, 0x36, 0xFF,
        0x36, 0x36, 0x36, 0xFF, 0x37, 0x37, 0x37, 0xFF, 0x38, 0x38, 0x38, 0xFF,
        0x38, 0x38, 0x38, 0xFF, 0x39, 0x39, 0x39, 0xFF, 0x3B, 0x3B, 0x3B, 0xFF,
        0x40, 0x40, 0x40, 0xFF, 0x43, 0x43, 0x43, 0xFF, 0x49, 0x49, 0x49, 0xFF,
        0x4C, 0x4C, 0x4C, 0xCC, 0x4B, 0x4B, 0x4B, 0x28, 0xFF, 0xFF, 0xFF, 0x00,
        0xFF, 0xFF, 0xFF, 0x00, 0xFF, 0xFF, 0xFF, 0x00, 0xFF, 0xFF, 0xFF, 0x00,
        0xFF, 0xFF, 0xFF, 0x00, 0xFF, 0xFF, 0xFF, 0x00, 0xFF, 0xFF, 0xFF, 0x00,
        0xFF, 0xFF, 0xFF, 0x00, 0xFF, 0xFF, 0xFF, 0x00, 0xFF, 0xFF, 0xFF, 0x00,
        0xFF, 0xFF, 0xFF, 0x00, 0xFF, 0xFF, 0xFF, 0x00, 0xFF, 0xFF, 0xFF, 0x00,
        0x2C, 0x2C, 0x2C, 0x02, 0x2E, 0x2E, 0x2E, 0x62, 0x30, 0x30, 0x30, 0xDC,
        0x30, 0x30, 0x30, 0xFF, 0x30, 0x30, 0x30, 0xFF, 0x30, 0x30, 0x30, 0xFF,
        0x30, 0x30, 0x30, 0xFF, 0x2F, 0x2F, 0x2F, 0xFF, 0x2F, 0x2F, 0x2F, 0xFF,
        0x2F, 0x2F, 0x2F, 0xFF, 0x2F, 0x2F, 0x2F, 0xFF, 0x2F, 0x2F, 0x2F, 0xFF,
        0x2F, 0x2F, 0x2F, 0xFF, 0x2F, 0x2F, 0x2F, 0xFF, 0x2F, 0x2F, 0x2F, 0xFF,
        0x2F, 0x2F, 0x2F, 0xFF, 0x2F, 0x2F, 0x2F, 0xFF, 0x2F, 0x2F, 0x2F, 0xFF,
        0x2F, 0x2F, 0x2F, 0xFF, 0x2F, 0x2F, 0x2F, 0xFF, 0x2F, 0x2F, 0x2F, 0xFF,
        0x2F, 0x2F, 0x2F, 0xFF, 0x2F, 0x2F, 0x2F, 0xFF, 0x2F, 0x2F, 0x2F, 0xFF,
        0x2F, 0x2F, 0x2F, 0xFF, 0x2F, 0x2F, 0x2F, 0xFF, 0x2F, 0x2F, 0x2F, 0xFF,
        0x2F, 0x2F, 0x2F, 0xFF, 0x2F, 0x2F, 0x2F, 0xFF, 0x2F, 0x2F, 0x2F, 0xFF,
        0x2F, 0x2F, 0x2F, 0xFF, 0x2F, 0x2F, 0x2F, 0xFF, 0x2F, 0x2F, 0x2F, 0xFF,
        0x2F, 0x2F, 0x2F, 0xFF, 0x2F, 0x2F, 0x2F, 0xFF, 0x2F, 0x2F, 0x2F, 0xFF,
        0x2F, 0x2F, 0x2F, 0xFF, 0x2F, 0x2F, 0x2F, 0xFF, 0x2F, 0x2F, 0x2F, 0xFF,
        0x2F, 0x2F, 0x2F, 0xFF, 0x2F, 0x2F, 0x2F, 0xFF, 0x2F, 0x2F, 0x2F, 0xFF,
        0x2F, 0x2F, 0x2F, 0xFF, 0x30, 0x30, 0x30, 0xFF, 0x30, 0x30, 0x30, 0xFF,
        0x30, 0x30, 0x30, 0xFF, 0x30, 0x30, 0x30, 0xFF, 0x30, 0x30, 0x30, 0xDC,
        0x2E, 0x2E, 0x2E, 0x62, 0x2C, 0x2C, 0x2C, 0x02, 0xFF, 0xFF, 0xFF, 0x00,
        0xFF, 0xFF, 0xFF, 0x00, 0xFF, 0xFF, 0xFF, 0x00, 0xFF, 0xFF, 0xFF, 0x00,
        0xFF, 0xFF, 0xFF, 0x00, 0xFF, 0xFF, 0xFF, 0x00, 0xFF, 0xFF, 0xFF, 0x00,
        0xFF, 0xFF, 0xFF, 0x00, 0xFF, 0xFF, 0xFF, 0x00, 0xFF, 0xFF, 0xFF, 0x00,
        0xFF, 0xFF, 0xFF, 0x00, 0xFF, 0xFF, 0xFF, 0x00, 0xFF, 0xFF, 0xFF, 0x00,
        0xFF, 0xFF, 0xFF, 0x00, 0x4A, 0x4A, 0x4A, 0x02, 0x4E, 0x4E, 0x4E, 0x62,
        0x4E, 0x4E, 0x4E, 0xDC, 0x4B, 0x4B, 0x4B, 0xFF, 0x47, 0x47, 0x47, 0xFF,
        0x44, 0x44, 0x44, 0xFF, 0x43, 0x43, 0x43, 0xFF, 0x41, 0x41, 0x41, 0xFF,
        0x41, 0x41, 0x41, 0xFF, 0x40, 0x40, 0x40, 0xFF, 0x40, 0x40, 0x40, 0xFF,
        0x40, 0x40, 0x40, 0xFF, 0x40, 0x40, 0x40, 0xFF, 0x40, 0x40, 0x40, 0xFF,
        0x40, 0x40, 0x40, 0xFF, 0x40, 0x40, 0x40, 0xFF, 0x40, 0x40, 0x40, 0xFF,
        0x40, 0x40, 0x40, 0xFF, 0x40, 0x40, 0x40, 0xFF, 0x40, 0x40, 0x40, 0xFF,
        0x40, 0x40, 0x40, 0xFF, 0x40, 0x40, 0x40, 0xFF, 0x40, 0x40, 0x40, 0xFF,
        0x40, 0x40, 0x40, 0xFF, 0x40, 0x40, 0x40, 0xFF, 0x40, 0x40, 0x40, 0xFF,
        0x40, 0x40, 0x40, 0xFF, 0x40, 0x40, 0x40, 0xFF, 0x40, 0x40, 0x40, 0xFF,
        0x40, 0x40, 0x40, 0xFF, 0x40, 0x40, 0x40, 0xFF, 0x40, 0x40, 0x40, 0xFF,
        0x40, 0x40, 0x40, 0xFF, 0x40, 0x40, 0x40, 0xFF, 0x40, 0x40, 0x40, 0xFF,
        0x40, 0x40, 0x40, 0xFF, 0x40, 0x40, 0x40, 0xFF, 0x40, 0x40, 0x40, 0xFF,
        0x40, 0x40, 0x40, 0xFF, 0x40, 0x40, 0x40, 0xFF, 0x40, 0x40, 0x40, 0xFF,
        0x41, 0x41, 0x41, 0xFF, 0x41, 0x41, 0x41, 0xFF, 0x43, 0x43, 0x43, 0xFF,
        0x44, 0x44, 0x44, 0xFF, 0x47, 0x47, 0x47, 0xFF, 0x4B, 0x4B, 0x4B, 0xFF,
        0x4E, 0x4E, 0x4E, 0xDC, 0x4E, 0x4E, 0x4E, 0x62, 0x4A, 0x4A, 0x4A, 0x02,
        0xFF, 0xFF, 0xFF, 0x00, 0xFF, 0xFF, 0xFF, 0x00, 0xFF, 0xFF, 0xFF, 0x00,
        0xFF, 0xFF, 0xFF, 0x00, 0xFF, 0xFF, 0xFF, 0x00, 0xFF, 0xFF, 0xFF, 0x00,
        0xFF, 0xFF, 0xFF, 0x00, 0xFF, 0xFF, 0xFF, 0x00, 0xFF, 0xFF, 0xFF, 0x00,
        0xFF, 0xFF, 0xFF, 0x00, 0xFF, 0xFF, 0xFF, 0x00, 0xFF, 0xFF, 0xFF, 0x00,
        0xFF, 0xFF, 0xFF, 0x00, 0xFF, 0xFF, 0xFF, 0x00, 0xFF, 0xFF, 0xFF, 0x00,
        0xFF, 0xFF, 0xFF, 0x00, 0x2D, 0x2D, 0x2D, 0x02, 0x2F, 0x2F, 0x2F, 0x3E,
        0x30, 0x30, 0x30, 0x8B, 0x31, 0x31, 0x31, 0xC5, 0x32, 0x32, 0x32, 0xE8,
        0x32, 0x32, 0x32, 0xF9, 0x32, 0x32, 0x32, 0xFF, 0x32, 0x32, 0x32, 0xFF,
        0x32, 0x32, 0x32, 0xFF, 0x32, 0x32, 0x32, 0xFF, 0x32, 0x32, 0x32, 0xFF,
        0x32, 0x32, 0x32, 0xFF, 0x32, 0x32, 0x32, 0xFF, 0x32, 0x32, 0x32, 0xFF,
        0x32, 0x32, 0x32, 0xFF, 0x32, 0x32, 0x32, 0xFF, 0x32, 0x32, 0x32, 0xFF,
        0x32, 0x32, 0x32, 0xFF, 0x32, 0x32, 0x32, 0xFF, 0x32, 0x32, 0x32, 0xFF,
        0x32, 0x32, 0x32, 0xFF, 0x32, 0x32, 0x32, 0xFF, 0x32, 0x32, 0x32, 0xFF,
        0x32, 0x32, 0x32, 0xFF, 0x32, 0x32, 0x32, 0xFF, 0x32, 0x32, 0x32, 0xFF,
        0x32, 0x32, 0x32, 0xFF, 0x32, 0x32, 0x32, 0xFF, 0x32, 0x32, 0x32, 0xFF,
        0x32, 0x32, 0x32, 0xFF, 0x32, 0x32, 0x32, 0xFF, 0x32, 0x32, 0x32, 0xFF,
        0x32, 0x32, 0x32, 0xFF, 0x32, 0x32, 0x32, 0xFF, 0x32, 0x32, 0x32, 0xFF,
        0x32, 0x32, 0x32, 0xFF, 0x32, 0x32, 0x32, 0xFF, 0x32, 0x32, 0x32, 0xFF,
        0x32, 0x32, 0x32, 0xFF, 0x32, 0x32, 0x32, 0xFF, 0x32, 0x32, 0x32, 0xF9,
        0x32, 0x32, 0x32, 0xE8, 0x31, 0x31, 0x31, 0xC5, 0x30, 0x30, 0x30, 0x8B,
        0x2F, 0x2F, 0x2F, 0x3E, 0x2D, 0x2D, 0x2D, 0x02, 0xFF, 0xFF, 0xFF, 0x00,
        0xFF, 0xFF, 0xFF, 0x00, 0xFF, 0xFF, 0xFF, 0x00, 0xFF, 0xFF, 0xFF, 0x00,
        0xFF, 0xFF, 0xFF, 0x00, 0xFF, 0xFF, 0xFF, 0x00, 0xFF, 0xFF, 0xFF, 0x00,
        0xFF, 0xFF, 0xFF, 0x00, 0xFF, 0xFF, 0xFF, 0x00, 0xFF, 0xFF, 0xFF, 0x00,
        0xFF, 0xFF, 0xFF, 0x00, 0xFF, 0xFF, 0xFF, 0x00, 0xFF, 0xFF, 0xFF, 0x00,
        0xFF, 0xFF, 0xFF, 0x00, 0xFF, 0xFF, 0xFF, 0x00, 0xFF, 0xFF, 0xFF, 0x00,
        0xFF, 0xFF, 0xFF, 0x00, 0xFF, 0xFF, 0xFF, 0x00, 0x4D, 0x4D, 0x4D, 0x02,
        0x50, 0x50, 0x50, 0x3E, 0x52, 0x52, 0x52, 0x8B, 0x50, 0x50, 0x50, 0xC5,
        0x4F, 0x4F, 0x4F, 0xE8, 0x4E, 0x4E, 0x4E, 0xF9, 0x4E, 0x4E, 0x4E, 0xFF,
        0x4E, 0x4E, 0x4E, 0xFF, 0x4E, 0x4E, 0x4E, 0xFF, 0x4E, 0x4E, 0x4E, 0xFF,
        0x4E, 0x4E, 0x4E, 0xFF, 0x4E, 0x4E, 0x4E, 0xFF, 0x4E, 0x4E, 0x4E, 0xFF,
        0x4E, 0x4E, 0x4E, 0xFF, 0x4E, 0x4E, 0x4E, 0xFF, 0x4E, 0x4E, 0x4E, 0xFF,
        0x4E, 0x4E, 0x4E, 0xFF, 0x4E, 0x4E, 0x4E, 0xFF, 0x4E, 0x4E, 0x4E, 0xFF,
        0x4E, 0x4E, 0x4E, 0xFF, 0x4E, 0x4E, 0x4E, 0xFF, 0x4E, 0x4E, 0x4E, 0xFF,
        0x4E, 0x4E, 0x4E, 0xFF, 0x4E, 0x4E, 0x4E, 0xFF, 0x4E, 0x4E, 0x4E, 0xFF,
        0x4E, 0x4E, 0x4E, 0xFF, 0x4E, 0x4E, 0x4E, 0xFF, 0x4E, 0x4E, 0x4E, 0xFF,
        0x4E, 0x4E, 0x4E, 0xFF, 0x4E, 0x4E, 0x4E, 0xFF, 0x4E, 0x4E, 0x4E, 0xFF,
        0x4E, 0x4E, 0x4E, 0xFF, 0x4E, 0x4E, 0x4E, 0xFF, 0x4E, 0x4E, 0x4E, 0xFF,
        0x4E, 0x4E, 0x4E, 0xFF, 0x4E, 0x4E, 0x4E, 0xFF, 0x4E, 0x4E, 0x4E, 0xFF,
        0x4E, 0x4E, 0x4E, 0xFF, 0x4E, 0x4E, 0x4E, 0xFF, 0x4E, 0x4E, 0x4E, 0xFF,
        0x4E, 0x4E, 0x4E, 0xF9, 0x4F, 0x4F, 0x4F, 0xE8, 0x50, 0x50, 0x50, 0xC5,
        0x52, 0x52, 0x52, 0x8B, 0x50, 0x50, 0x50, 0x3E, 0x4D, 0x4D, 0x4D, 0x02,
        0xFF, 0xFF, 0xFF, 0x00, 0xFF, 0xFF, 0xFF, 0x00, 0xFF, 0xFF, 0xFF, 0x00,
        0xFF, 0xFF, 0xFF, 0x00, 0xFF, 0xFF, 0xFF, 0x00, 0xFF, 0xFF, 0xFF, 0x00,
        0xFF, 0xFF, 0xFF, 0x00, 0xFF, 0xFF, 0xFF, 0x00, 0xFF, 0xFF, 0xFF, 0x00,
        0xFF, 0xFF, 0xFF, 0x00, 0xFF, 0xFF, 0xFF, 0x00, 0xFF, 0xFF, 0xFF, 0x00,
        0xFF, 0xFF, 0xFF, 0x00, 0xFF, 0xFF, 0xFF, 0x00, 0xFF, 0xFF, 0xFF, 0x00,
        0xFF, 0xFF, 0xFF, 0x00, 0xFF, 0xFF, 0xFF, 0x00, 0xFF, 0xFF, 0xFF, 0x00,
        0xFF, 0xFF, 0xFF, 0x00, 0xFF, 0xFF, 0xFF, 0x00, 0xFF, 0xFF, 0xFF, 0x00,
        0xFF, 0xFF, 0xFF, 0x00, 0xFF, 0xFF, 0xFF, 0x00, 0xFF, 0xFF, 0xFF, 0x00,
        0xFF, 0xFF, 0xFF, 0x00, 0xFF, 0xFF, 0xFF, 0x00, 0xFF, 0xFF, 0xFF, 0x00,
        0xFF, 0xFF, 0xFF, 0x00, 0xFF, 0xFF, 0xFF, 0x00, 0xFF, 0xFF, 0xFF, 0x00,
        0xFF, 0xFF, 0xFF, 0x00, 0xFF, 0xFF, 0xFF, 0x00, 0xFF, 0xFF, 0xFF, 0x00,
        0xFF, 0xFF, 0xFF, 0x00, 0xFF, 0xFF, 0xFF, 0x00, 0xFF, 0xFF, 0xFF, 0x00,
        0xFF, 0xFF, 0xFF, 0x00, 0xFF, 0xFF, 0xFF, 0x00, 0xFF, 0xFF, 0xFF, 0x00,
        0xFF, 0xFF, 0xFF, 0x00, 0xFF, 0xFF, 0xFF, 0x00, 0xFF, 0xFF, 0xFF, 0x00,
        0xFF, 0xFF, 0xFF, 0x00, 0xFF, 0xFF, 0xFF, 0x00, 0xFF, 0xFF, 0xFF, 0x00,
        0xFF, 0xFF, 0xFF, 0x00, 0xFF, 0xFF, 0xFF, 0x00, 0xFF, 0xFF, 0xFF, 0x00,
        0xFF, 0xFF, 0xFF, 0x00, 0xFF, 0xFF, 0xFF, 0x00, 0xFF, 0xFF, 0xFF, 0x00,
        0xFF, 0xFF, 0xFF, 0x00, 0xFF, 0xFF, 0xFF, 0x00, 0xFF, 0xFF, 0xFF, 0x00,
        0xFF, 0xFF, 0xFF, 0x00, 0xFF, 0xFF, 0xFF, 0x00, 0xFF, 0xFF, 0xFF, 0x00,
        0xFF, 0xFF, 0xFF, 0x00, 0xFF, 0xFF, 0xFF, 0x00, 0xFF, 0xFF, 0xFF, 0x00,
        0xFF, 0xFF, 0xFF, 0x00, 0xFF, 0xFF, 0xFF, 0x00, 0xFF, 0xFF, 0xFF, 0x00,
        0xFF, 0xFF, 0xFF, 0x00, 0xFF, 0xFF, 0xFF, 0x00, 0xFF, 0xFF, 0xFF, 0x00,
        0xFF, 0xFF, 0xFF, 0x00, 0xFF, 0xFF, 0xFF, 0x00, 0xFF, 0xFF, 0xFF, 0x00,
        0xFF, 0xFF, 0xFF, 0x00, 0xFF, 0xFF, 0xFF, 0x00, 0xFF, 0xFF, 0xFF, 0x00,
        0xFF, 0xFF, 0xFF, 0x00, 0xFF, 0xFF, 0xFF, 0x00, 0xFF, 0xFF, 0xFF, 0x00,
        0xFF, 0xFF, 0xFF, 0x00, 0xFF, 0xFF, 0xFF, 0x00, 0xFF, 0xFF, 0xFF, 0x00,
        0xFF, 0xFF, 0xFF, 0x00, 0xFF, 0xFF, 0xFF, 0x00, 0xFF, 0xFF, 0xFF, 0x00,
        0xFF, 0xFF, 0xFF, 0x00, 0xFF, 0xFF, 0xFF, 0x00, 0xFF, 0xFF, 0xFF, 0x00,
        0xFF, 0xFF, 0xFF, 0x00, 0xFF, 0xFF, 0xFF, 0x00, 0xFF, 0xFF, 0xFF, 0x00,
        0xFF, 0xFF, 0xFF, 0x00, 0xFF, 0xFF, 0xFF, 0x00, 0xFF, 0xFF, 0xFF, 0x00,
        0xFF, 0xFF, 0xFF, 0x00, 0xFF, 0xFF, 0xFF, 0x00, 0xFF, 0xFF, 0xFF, 0x00,
        0xFF, 0xFF, 0xFF, 0x00, 0xFF, 0xFF, 0xFF, 0x00, 0xFF, 0xFF, 0xFF, 0x00,
        0xFF, 0xFF, 0xFF, 0x00, 0xFF, 0xFF, 0xFF, 0x00, 0xFF, 0xFF, 0xFF, 0x00,
        0xFF, 0xFF, 0xFF, 0x00, 0xFF, 0xFF, 0xFF, 0x00, 0xFF, 0xFF, 0xFF, 0x00,
        0xFF, 0xFF, 0xFF, 0x00, 0xFF, 0xFF, 0xFF, 0x00, 0xFF, 0xFF, 0xFF, 0x00,
        0xFF, 0xFF, 0xFF, 0x00, 0xFF, 0xFF, 0xFF, 0x00, 0xFF, 0xFF, 0xFF, 0x00,
        0xFF, 0xFF, 0xFF, 0x00, 0xFF, 0xFF, 0xFF, 0x00, 0xFF, 0xFF, 0xFF, 0x00,
        0xFF, 0xFF, 0xFF, 0x00, 0xFF, 0xFF, 0xFF, 0x00, 0xFF, 0xFF, 0xFF, 0x00,
        0xFF, 0xFF, 0xFF, 0x00, 0xFF, 0xFF, 0xFF, 0x00, 0xFF, 0xFF, 0xFF, 0x00,
        0xFF, 0xFF, 0xFF, 0x00, 0xFF, 0xFF, 0xFF, 0x00, 0xFF, 0xFF, 0xFF, 0x00,
        0xFF, 0xFF, 0xFF, 0x00, 0xFF, 0xFF, 0xFF, 0x00, 0xFF, 0xFF, 0xFF, 0x00,
        0xFF, 0xFF, 0xFF, 0x00, 0xFF, 0xFF, 0xFF, 0x00, 0xFF, 0xFF, 0xFF, 0x00,
        0xFF, 0xFF, 0xFF, 0x00, 0xFF, 0xFF, 0xFF, 0x00, 0xFF, 0xFF, 0xFF, 0x00,
        0xFF, 0xFF, 0xFF, 0x00, 0xFF, 0xFF, 0xFF, 0x00, 0xFF, 0xFF, 0xFF, 0x00,
        0xFF, 0xFF, 0xFF, 0x00, 0xFF, 0xFF, 0xFF, 0x00, 0xFF, 0xFF, 0xFF, 0x00,
        0xFF, 0xFF, 0xFF, 0x00, 0xFF, 0xFF, 0xFF, 0x00, 0xFF, 0xFF, 0xFF, 0x00,
        0xFF, 0xFF, 0xFF, 0x00, 0xFF, 0xFF, 0xFF, 0x00, 0xFF, 0xFF, 0xFF, 0x00,
        0xFF, 0xFF, 0xFF, 0x00, 0xFF, 0xFF, 0xFF, 0x00, 0xFF, 0xFF, 0xFF, 0x00,
        0xFF, 0xFF, 0xFF, 0x00, 0xFF, 0xFF, 0xFF, 0x00, 0xFF, 0xFF, 0xFF, 0x00,
        0xFF, 0xFF, 0xFF, 0x00, 0xFF, 0xFF, 0xFF, 0x00, 0xFF, 0xFF, 0xFF, 0x00,
        0xFF, 0xFF, 0xFF, 0x00, 0xFF, 0xFF, 0xFF, 0x00, 0xFF, 0xFF, 0xFF, 0x00,
        0xFF, 0xFF, 0xFF, 0x00, 0xFF, 0xFF, 0xFF, 0x00, 0xFF, 0xFF, 0xFF, 0x00,
        0xFF, 0xFF, 0xFF, 0x00, 0xFF, 0xFF, 0xFF, 0x00, 0xFF, 0xFF, 0xFF, 0x00,
        0xFF, 0xFF, 0xFF, 0x00, 0xFF, 0xFF, 0xFF, 0x00, 0xFF, 0xFF, 0xFF, 0x00,
        0xFF, 0xFF, 0xFF, 0x00, 0xFF, 0xFF, 0xFF, 0x00, 0xFF, 0xFF, 0xFF, 0x00,
        0xFF, 0xFF, 0xFF, 0x00, 0xFF, 0xFF, 0xFF, 0x00, 0xFF, 0xFF, 0xFF, 0x00,
        0xFF, 0xFF, 0xFF, 0x00, 0xFF, 0xFF, 0xFF, 0x00, 0xFF, 0xFF, 0xFF, 0x00,
        0xFF, 0xFF, 0xFF, 0x00, 0xFF, 0xFF, 0xFF, 0x00, 0xFF, 0xFF, 0xFF, 0x00,
        0xFF, 0xFF, 0xFF, 0x00, 0xFF, 0xFF, 0xFF, 0x00, 0xFF, 0xFF, 0xFF, 0x00,
        0xFF, 0xFF, 0xFF, 0x00, 0xFF, 0xFF, 0xFF, 0x00, 0xFF, 0xFF, 0xFF, 0x00,
        0xFF, 0xFF, 0xFF, 0x00, 0xFF, 0xFF, 0xFF, 0x00, 0xFF, 0xFF, 0xFF, 0x00,
        0xFF, 0xFF, 0xFF, 0x00, 0xFF, 0xFF, 0xFF, 0x00, 0xFF, 0xFF, 0xFF, 0x00,
        0xFF, 0xFF, 0xFF, 0x00, 0xFF, 0xFF, 0xFF, 0x00, 0xFF, 0xFF, 0xFF, 0x00,
        0xFF, 0xFF, 0xFF, 0x00, 0xFF, 0xFF, 0xFF, 0x00, 0xFF, 0xFF, 0xFF, 0x00,
        0xFF, 0xFF, 0xFF, 0x00, 0xFF, 0xFF, 0xFF, 0x00, 0xFF, 0xFF, 0xFF, 0x00,
        0xFF, 0xFF, 0xFF, 0x00, 0xFF, 0xFF, 0xFF, 0x00, 0xFF, 0xFF, 0xFF, 0x00,
        0xFF, 0xFF, 0xFF, 0x00, 0xFF, 0xFF, 0xFF, 0x00, 0xFF, 0xFF, 0xFF, 0x00,
        0xFF, 0xFF, 0xFF, 0x00, 0xFF, 0xFF, 0xFF, 0x00, 0xFF, 0xFF, 0xFF, 0x00,
        0xFF, 0xFF, 0xFF, 0x00, 0xFF, 0xFF, 0xFF, 0x00, 0xFF, 0xFF, 0xFF, 0x00,
        0xFF, 0xFF, 0xFF, 0x00, 0xFF, 0xFF, 0xFF, 0x00, 0xFF, 0xFF, 0xFF, 0x00,
        0xFF, 0xFF, 0xFF, 0x00, 0xFF, 0xFF, 0xFF, 0x00, 0xFF, 0xFF, 0xFF, 0x00,
        0xFF, 0xFF, 0xFF, 0x00, 0xFF, 0xFF, 0xFF, 0x00, 0xFF, 0xFF, 0xFF, 0x00,
        0xFF, 0xFF, 0xFF, 0x00, 0xFF, 0xFF, 0xFF, 0x00, 0xFF, 0xFF, 0xFF, 0x00,
        0xFF, 0xFF, 0xFF, 0x00, 0xFF, 0xFF, 0xFF, 0x00, 0xFF, 0xFF, 0xFF, 0x00,
        0xFF, 0xFF, 0xFF, 0x00, 0xFF, 0xFF, 0xFF, 0x00, 0xFF, 0xFF, 0xFF, 0x00,
        0xFF, 0xFF, 0xFF, 0x00, 0xFF, 0xFF, 0xFF, 0x00, 0xFF, 0xFF, 0xFF, 0x00,
        0xFF, 0xFF, 0xFF, 0x00, 0xFF, 0xFF, 0xFF, 0x00, 0xFF, 0xFF, 0xFF, 0x00,
        0xFF, 0xFF, 0xFF, 0x00, 0xFF, 0xFF, 0xFF, 0x00, 0xFF, 0xFF, 0xFF, 0x00,
        0xFF, 0xFF, 0xFF, 0x00, 0xFF, 0xFF, 0xFF, 0x00, 0xFF, 0xFF, 0xFF, 0x00,
        0xFF, 0xFF, 0xFF, 0x00, 0xFF, 0xFF, 0xFF, 0x00, 0xFF, 0xFF, 0xFF, 0x00,
        0xFF, 0xFF, 0xFF, 0x00, 0xFF, 0xFF, 0xFF, 0x00, 0xFF, 0xFF, 0xFF, 0x00,
        0xFF, 0xFF, 0xFF, 0x00, 0xFF, 0xFF, 0xFF, 0x00, 0xFF, 0xFF, 0xFF, 0x00,
        0xFF, 0xFF, 0xFF, 0x00, 0xFF, 0xFF, 0xFF, 0x00, 0xFF, 0xFF, 0xFF, 0x00,
        0xFF, 0xFF, 0xFF, 0x00, 0xFF, 0xFF, 0xFF, 0x00, 0xFF, 0xFF, 0xFF, 0x00,
        0xFF, 0xFF, 0xFF, 0x00, 0xFF, 0xFF, 0xFF, 0x00, 0xFF, 0xFF, 0xFF, 0x00,
        0xFF, 0xFF, 0xFF, 0x00, 0xFF, 0xFF, 0xFF, 0x00, 0xFF, 0xFF, 0xFF, 0x00,
        0xFF, 0xFF, 0xFF, 0x00, 0xFF, 0xFF, 0xFF, 0x00, 0xFF, 0xFF, 0xFF, 0x00,
        0xFF, 0xFF, 0xFF, 0x00, 0xFF, 0xFF, 0xFF, 0x00, 0xFF, 0xFF, 0xFF, 0x00,
        0xFF, 0xFF, 0xFF, 0x00, 0xFF, 0xFF, 0xFF, 0x00, 0xFF, 0xFF, 0xFF, 0x00,
        0xFF, 0xFF, 0xFF, 0x00, 0xFF, 0xFF, 0xFF, 0x00, 0xFF, 0xFF, 0xFF, 0x00,
        0xFF, 0xFF, 0xFF, 0x00, 0xFF, 0xFF, 0xFF, 0x00, 0xFF, 0xFF, 0xFF, 0x00,
        0xFF, 0xFF, 0xFF, 0x00, 0xFF, 0xFF, 0xFF, 0x00, 0xFF, 0xFF, 0xFF, 0x00,
        0xFF, 0xFF, 0xFF, 0x00, 0xFF, 0xFF, 0xFF, 0x00, 0xFF, 0xFF, 0xFF, 0x00,
        0xFF, 0xFF, 0xFF, 0x00, 0xFF, 0xFF, 0xFF, 0x00, 0xFF, 0xFF, 0xFF, 0x00,
        0xFF, 0xFF, 0xFF, 0x00, 0xFF, 0xFF, 0xFF, 0x00, 0xFF, 0xFF, 0xFF, 0x00,
        0xFF, 0xFF, 0xFF, 0x00, 0xFF, 0xFF, 0xFF, 0x00, 0xFF, 0xFF, 0xFF, 0x00,
        0xFF, 0xFF, 0xFF, 0x00, 0xFF, 0xFF, 0xFF, 0x00, 0xFF, 0xFF, 0xFF, 0x00,
        0xFF, 0xFF, 0xFF, 0x00, 0xFF, 0xFF, 0xFF, 0x00, 0xFF, 0xFF, 0xFF, 0x00,
        0xFF, 0xFF, 0xFF, 0x00, 0xFF, 0xFF, 0xFF, 0x00, 0xFF, 0xFF, 0xFF, 0x00,
        0xFF, 0xFF, 0xFF, 0x00, 0xFF, 0xFF, 0xFF, 0x00, 0xFF, 0xFF, 0xFF, 0x00,
        0xFF, 0xFF, 0xFF, 0x00, 0xFF, 0xFF, 0xFF, 0x00, 0xFF, 0xFF, 0xFF, 0x00,
        0xFF, 0xFF, 0xFF, 0x00, 0xFF, 0xFF, 0xFF, 0x00, 0xFF, 0xFF, 0xFF, 0x00,
        0xFF, 0xFF, 0xFF, 0x00, 0xFF, 0xFF, 0xFF, 0x00, 0xFF, 0xFF, 0xFF, 0x00,
        0xFF, 0xFF, 0xFF, 0x00, 0xFF, 0xFF, 0xFF, 0x00, 0xFF, 0xFF, 0xFF, 0x00,
        0xFF, 0xFF, 0xFF, 0x00, 0xFF, 0xFF, 0xFF, 0x00, 0xFF, 0xFF, 0xFF, 0x00,
        0xFF, 0xFF, 0xFF, 0x00, 0xFF, 0xFF, 0xFF, 0x00, 0xFF, 0xFF, 0xFF, 0x00,
        0xFF, 0xFF, 0xFF, 0x00, 0xFF, 0xFF, 0xFF, 0x00, 0xFF, 0xFF, 0xFF, 0x00,
        0xFF, 0xFF, 0xFF, 0x00, 0xFF, 0xFF, 0xFF, 0x00, 0xFF, 0xFF, 0xFF, 0x00,
        0xFF, 0xFF, 0xFF, 0x00, 0xFF, 0xFF, 0xFF, 0x00, 0xFF, 0xFF, 0xFF, 0x00,
        0xFF, 0xFF, 0xFF, 0x00, 0xFF, 0xFF, 0xFF, 0x00, 0xFF, 0xFF, 0xFF, 0x00,
        0xFF, 0xFF, 0xFF, 0x00, 0xFF, 0xFF, 0xFF, 0x00, 0xFF, 0xFF, 0xFF, 0x00,
        0xFF, 0xFF, 0xFF, 0x00, 0xFF, 0xFF, 0xFF, 0x00, 0xFF, 0xFF, 0xFF, 0x00,
        0xFF, 0xFF, 0xFF, 0x00, 0xFF, 0xFF, 0xFF, 0x00, 0xFF, 0xFF, 0xFF, 0x00,
        0xFF, 0xFF, 0xFF, 0x00, 0xFF, 0xFF, 0xFF, 0x00, 0xFF, 0xFF, 0xFF, 0x00,
        0xFF, 0xFF, 0xFF, 0x00, 0xFF, 0xFF, 0xFF, 0x00, 0xFF, 0xFF, 0xFF, 0x00,
        0xFF, 0xFF, 0xFF, 0x00, 0xFF, 0xFF, 0xFF, 0x00, 0xFF, 0xFF, 0xFF, 0x00,
        0xFF, 0xFF, 0xFF, 0x00, 0xFF, 0xFF, 0xFF, 0x00, 0xFF, 0xFF, 0xFF, 0x00,
        0xFF, 0xFF, 0xFF, 0x00, 0xFF, 0xFF, 0xFF, 0x00, 0xFF, 0xFF, 0xFF, 0x00,
        0xFF, 0xFF, 0xFF, 0x00, 0xFF, 0xFF, 0xFF, 0x00, 0xFF, 0xFF, 0xFF, 0x00,
        0xFF, 0xFF, 0xFF, 0x00, 0xFF, 0xFF, 0xFF, 0x00, 0xFF, 0xFF, 0xFF, 0x00,
        0xFF, 0xFF, 0xFF, 0x00, 0xFF, 0xFF, 0xFF, 0x00, 0xFF, 0xFF, 0xFF, 0x00,
        0xFF, 0xFF, 0xFF, 0x00, 0xFF, 0xFF, 0xFF, 0x00, 0xFF, 0xFF, 0xFF, 0x00,
        0xFF, 0xFF, 0xFF, 0x00, 0xFF, 0xFF, 0xFF, 0x00, 0xFF, 0xFF, 0xFF, 0x00,
        0xFF, 0xFF, 0xFF, 0x00, 0xFF, 0xFF, 0xFF, 0x00, 0xFF, 0xFF, 0xFF, 0x00,
        0xFF, 0xFF, 0xFF, 0x00, 0xFF, 0xFF, 0xFF, 0x00, 0xFF, 0xFF, 0xFF, 0x00,
        0xFF, 0xFF, 0xFF, 0x00, 0xFF, 0xFF, 0xFF, 0x00, 0xFF, 0xFF, 0xFF, 0x00,
        0xFF, 0xFF, 0xFF, 0x00, 0xFF, 0xFF, 0xFF, 0x00, 0xFF, 0xFF, 0xFF, 0x00,
        0xFF, 0xFF, 0xFF, 0x00, 0xFF, 0xFF, 0xFF, 0x00, 0xFF, 0xFF, 0xFF, 0x00,
        0xFF, 0xFF, 0xFF, 0x00, 0xFF, 0xFF, 0xFF, 0x00, 0xFF, 0xFF, 0xFF, 0x00,
        0xFF, 0xFF, 0xFF, 0x00, 0xFF, 0xFF, 0xFF, 0x00, 0xFF, 0xFF, 0xFF, 0x00,
        0xFF, 0xFF, 0xFF, 0x00, 0xFF, 0xFF, 0xFF, 0x00, 0xFF, 0xFF, 0xFF, 0x00,
        0xFF, 0xFF, 0xFF, 0x00, 0xFF, 0xFF, 0xFF, 0x00, 0xFF, 0xFF, 0xFF, 0x00,
        0xFF, 0xFF, 0xFF, 0x00, 0xFF, 0xFF, 0xFF, 0x00, 0xFF, 0xFF, 0xFF, 0x00,
        0xFF, 0xFF, 0xFF, 0x00, 0xFF, 0xFF, 0xFF, 0x00, 0xFF, 0xFF, 0xFF, 0x00,
        0xFF, 0xFF, 0xFF, 0x00, 0xFF, 0xFF, 0xFF, 0x00, 0xFF, 0xFF, 0xFF, 0x00,
        0xFF, 0xFF, 0xFF, 0x00, 0xFF, 0xFF, 0xFF, 0x00, 0xFF, 0xFF, 0xFF, 0x00,
        0xFF, 0xFF, 0xFF, 0x00, 0xFF, 0xFF, 0xFF, 0x00, 0xFF, 0xFF, 0xFF, 0x00,
        0xFF, 0xFF, 0xFF, 0x00, 0xFF, 0xFF, 0xFF, 0x00, 0xFF, 0xFF, 0xFF, 0x00,
        0xFF, 0xFF, 0xFF, 0x00, 0xFF, 0xFF, 0xFF, 0x00, 0xFF, 0xFF, 0xFF, 0x00,
        0xFF, 0xFF, 0xFF, 0x00, 0xFF, 0xFF, 0xFF, 0x00, 0xFF, 0xFF, 0xFF, 0x00,
        0xFF, 0xFF, 0xFF, 0x00, 0xFF, 0xFF, 0xFF, 0x00, 0xFF, 0xFF, 0xFF, 0x00,
        0xFF, 0xFF, 0xFF, 0x00, 0xFF, 0xFF, 0xFF, 0x00, 0xFF, 0xFF, 0xFF, 0x00,
        0xFF, 0xFF, 0xFF, 0x00, 0xFF, 0xFF, 0xFF, 0x00, 0xFF, 0xFF, 0xFF, 0x00,
        0xFF, 0xFF, 0xFF, 0x00, 0xFF, 0xFF, 0xFF, 0x00, 0xFF, 0xFF, 0xFF, 0x00,
        0xFF, 0xFF, 0xFF, 0x00, 0xFF, 0xFF, 0xFF, 0x00, 0xFF, 0xFF, 0xFF, 0x00,
        0xFF, 0xFF, 0xFF, 0x00, 0xFF, 0xFF, 0xFF, 0x00, 0xFF, 0xFF, 0xFF, 0x00,
        0xFF, 0xFF, 0xFF, 0x00, 0xFF, 0xFF, 0xFF, 0x00, 0xFF, 0xFF, 0xFF, 0x00,
        0xFF, 0xFF, 0xFF, 0x00, 0xFF, 0xFF, 0xFF, 0x00, 0xFF, 0xFF, 0xFF, 0x00,
        0xFF, 0xFF, 0xFF, 0x00, 0xFF, 0xFF, 0xFF, 0x00, 0xFF, 0xFF, 0xFF, 0x00,
        0xFF, 0xFF, 0xFF, 0x00, 0xFF, 0xFF, 0xFF, 0x00, 0xFF, 0xFF, 0xFF, 0x00,
        0xFF, 0xFF, 0xFF, 0x00, 0xFF, 0xFF, 0xFF, 0x00, 0xFF, 0xFF, 0xFF, 0x00,
        0xFF, 0xFF, 0xFF, 0x00, 0xFF, 0xFF, 0xFF, 0x00, 0xFF, 0xFF, 0xFF, 0x00,
        0xFF, 0xFF, 0xFF, 0x00, 0xFF, 0xFF, 0xFF, 0x00, 0xFF, 0xFF, 0xFF, 0x00,
        0xFF, 0xFF, 0xFF, 0x00, 0xFF, 0xFF, 0xFF, 0x00, 0xFF, 0xFF, 0xFF, 0x00,
        0xFF, 0xFF, 0xFF, 0x00, 0xFF, 0xFF, 0xFF, 0x00, 0xFF, 0xFF, 0xFF, 0x00,
        0xFF, 0xFF, 0xFF, 0x00, 0xFF, 0xFF, 0xFF, 0x00, 0xFF, 0xFF, 0xFF, 0x00,
        0xFF, 0xFF, 0xFF, 0x00, 0xFF, 0xFF, 0xFF, 0x00, 0xFF, 0xFF, 0xFF, 0x00,
        0xFF, 0xFF, 0xFF, 0x00, 0xFF, 0xFF, 0xFF, 0x00, 0xFF, 0xFF, 0xFF, 0x00,
        0xFF, 0xFF, 0xFF, 0x00, 0xFF, 0xFF, 0xFF, 0x00, 0xFF, 0xFF, 0xFF, 0x00,
        0xFF, 0xFF, 0xFF, 0x00, 0xFF, 0xFF, 0xFF, 0x00, 0xFF, 0xFF, 0xFF, 0x00,
        0xFF, 0xFF, 0xFF, 0x00, 0xFF, 0xFF, 0xFF, 0x00, 0xFF, 0xFF, 0xFF, 0x00,
        0xFF, 0xFF, 0xFF, 0x00, 0xFF, 0xFF, 0xFF, 0x00, 0xFF, 0xFF, 0xFF, 0x00,
        0xFF, 0xFF, 0xFF, 0x00, 0xFF, 0xFF, 0xFF, 0x00, 0xFF, 0xFF, 0xFF, 0x00,
        0xFF, 0xFF, 0xFF, 0x00, 0xFF, 0xFF, 0xFF, 0x00, 0xFF, 0xFF, 0xFF, 0x00,
        0xFF, 0xFF, 0xFF, 0x00, 0xFF, 0xFF, 0xFF, 0x00, 0xFF, 0xFF, 0xFF, 0x00,
        0xFF, 0xFF, 0xFF, 0x00, 0xFF, 0xFF, 0xFF, 0x00, 0xFF, 0xFF, 0xFF, 0x00,
        0xFF, 0xFF, 0xFF, 0x00, 0xFF, 0xFF, 0xFF, 0x00, 0xFF, 0xFF, 0xFF, 0x00,
        0xFF, 0xFF, 0xFF, 0x00, 0xFF, 0xFF, 0xFF, 0x00, 0xFF, 0xFF, 0xFF, 0x00,
        0xFF, 0xFF, 0xFF, 0x00, 0xFF, 0xFF, 0xFF, 0x00, 0xFF, 0xFF, 0xFF, 0x00,
        0xFF, 0xFF, 0xFF, 0x00, 0xFF, 0xFF, 0xFF, 0x00, 0xFF, 0xFF, 0xFF, 0x00,
        0xFF, 0xFF, 0xFF, 0x00, 0xFF, 0xFF, 0xFF, 0x00, 0xFF, 0xFF, 0xFF, 0x00,
        0xFF, 0xFF, 0xFF, 0x00, 0xFF, 0xFF, 0xFF, 0x00, 0xFF, 0xFF, 0xFF, 0x00,
        0xFF, 0xFF, 0xFF, 0x00, 0xFF, 0xFF, 0xFF, 0x00, 0xFF, 0xFF, 0xFF, 0x00,
        0xFF, 0xFF, 0xFF, 0x00, 0xFF, 0xFF, 0xFF, 0x00, 0xFF, 0xFF, 0xFF, 0x00,
        0xFF, 0xFF, 0xFF, 0x00, 0xFF, 0xFF, 0xFF, 0x00, 0xFF, 0xFF, 0xFF, 0x00,
        0xFF, 0xFF, 0xFF, 0x00, 0xFF, 0xFF, 0xFF, 0x00, 0xFF, 0xFF, 0xFF, 0x00,
        0xFF, 0xFF, 0xFF, 0x00, 0xFF, 0xFF, 0xFF, 0x00, 0xFF, 0xFF, 0xFF, 0x00,
        0xFF, 0xFF, 0xFF, 0x00, 0xFF, 0xFF, 0xFF, 0x00, 0xFF, 0xFF, 0xFF, 0x00,
        0xFF, 0xFF, 0xFF, 0x00, 0xFF, 0xFF, 0xFF, 0x00, 0xFF, 0xFF, 0xFF, 0x00,
        0xFF, 0xFF, 0xFF, 0x00, 0xFF, 0xFF, 0xFF, 0x00, 0xFF, 0xFF, 0xFF, 0x00,
        0xFF, 0xFF, 0xFF, 0x00, 0xFF, 0xFF, 0xFF, 0x00, 0xFF, 0xFF, 0xFF, 0x00,
        0xFF, 0xFF, 0xFF, 0x00, 0xFF, 0xFF, 0xFF, 0x00, 0xFF, 0xFF, 0xFF, 0x00,
        0xFF, 0xFF, 0xFF, 0x00, 0xFF, 0xFF, 0xFF, 0x00, 0xFF, 0xFF, 0xFF, 0x00,
        0xFF, 0xFF, 0xFF, 0x00, 0xFF, 0xFF, 0xFF, 0x00, 0xFF, 0xFF, 0xFF, 0x00,
        0xFF, 0xFF, 0xFF, 0x00, 0xFF, 0xFF, 0xFF, 0x00, 0xFF, 0xFF, 0xFF, 0x00,
        0xFF, 0xFF, 0xFF, 0x00, 0xFF, 0xFF, 0xFF, 0x00, 0xFF, 0xFF, 0xFF, 0x00,
        0xFF, 0xFF, 0xFF, 0x00, 0xFF, 0xFF, 0xFF, 0x00, 0xFF, 0xFF, 0xFF, 0x00,
        0xFF, 0xFF, 0xFF, 0x00, 0xFF, 0xFF, 0xFF, 0x00, 0xFF, 0xFF, 0xFF, 0x00,
        0xFF, 0xFF, 0xFF, 0x00, 0xFF, 0xFF, 0xFF, 0x00, 0xFF, 0xFF, 0xFF, 0x00,
        0xFF, 0xFF, 0xFF, 0x00, 0xFF, 0xFF, 0xFF, 0x00, 0xFF, 0xFF, 0xFF, 0x00,
        0xFF, 0xFF, 0xFF, 0x00, 0xFF, 0xFF, 0xFF, 0x00, 0xFF, 0xFF, 0xFF, 0x00,
        0xFF, 0xFF, 0xFF, 0x00, 0xFF, 0xFF, 0xFF, 0x00, 0xFF, 0xFF, 0xFF, 0x00,
        0xFF, 0xFF, 0xFF, 0x00, 0xFF, 0xFF, 0xFF, 0x00, 0xFF, 0xFF, 0xFF, 0x00,
        0xFF, 0xFF, 0xFF, 0x00, 0xFF, 0xFF, 0xFF, 0x00, 0xFF, 0xFF, 0xFF, 0x00,
        0xFF, 0xFF, 0xFF, 0x00, 0xFF, 0xFF, 0xFF, 0x00, 0xFF, 0xFF, 0xFF, 0x00,
        0xFF, 0xFF, 0xFF, 0x00, 0xFF, 0xFF, 0xFF, 0x00, 0xFF, 0xFF, 0xFF, 0x00,
        0xFF, 0xFF, 0xFF, 0x00, 0xFF, 0xFF, 0xFF, 0x00, 0xFF, 0xFF, 0xFF, 0x00,
        0xFF, 0xFF, 0xFF, 0x00, 0xFF, 0xFF, 0xFF, 0x00, 0xFF, 0xFF, 0xFF, 0x00,
        0xFF, 0xFF, 0xFF, 0x00, 0xFF, 0xFF, 0xFF, 0x00, 0xFF, 0xFF, 0xFF, 0x00,
        0xFF, 0xFF, 0xFF, 0x00, 0xFF, 0xFF, 0xFF, 0x00, 0xFF, 0xFF, 0xFF, 0x00,
        0xFF, 0xFF, 0xFF, 0x00, 0xFF, 0xFF, 0xFF, 0x00, 0xFF, 0xFF, 0xFF, 0x00,
        0xFF, 0xFF, 0xFF, 0x00, 0xFF, 0xFF, 0xFF, 0x00, 0xFF, 0xFF, 0xFF, 0x00,
        0xFF, 0xFF, 0xFF, 0x00, 0xFF, 0xFF, 0xFF, 0x00, 0xFF, 0xFF, 0xFF, 0x00,
        0xFF, 0xFF, 0xFF, 0x00, 0xFF, 0xFF, 0xFF, 0x00, 0xFF, 0xFF, 0xFF, 0x00,
        0xFF, 0xFF, 0xFF, 0x00, 0xFF, 0xFF, 0xFF, 0x00, 0xFF, 0xFF, 0xFF, 0x00,
        0xFF, 0xFF, 0xFF, 0x00, 0xFF, 0xFF, 0xFF, 0x00, 0xFF, 0xFF, 0xFF, 0x00,
        0xFF, 0xFF, 0xFF, 0x00, 0xFF, 0xFF, 0xFF, 0x00, 0xFF, 0xFF, 0xFF, 0x00,
        0xFF, 0xFF, 0xFF, 0x00, 0xFF, 0xFF, 0xFF, 0x00, 0xFF, 0xFF, 0xFF, 0x00,
        0xFF, 0xFF, 0xFF, 0x00, 0xFF, 0xFF, 0xFF, 0x00, 0xFF, 0xFF, 0xFF, 0x00,
        0xFF, 0xFF, 0xFF, 0x00, 0xFF, 0xFF, 0xFF, 0x00, 0xFF, 0xFF, 0xFF, 0x00,
        0xFF, 0xFF, 0xFF, 0x00, 0xFF, 0xFF, 0xFF, 0x00, 0xFF, 0xFF, 0xFF, 0x00,
        0xFF, 0xFF, 0xFF, 0x00, 0xFF, 0xFF, 0xFF, 0x00, 0xFF, 0xFF, 0xFF, 0x00,
        0xFF, 0xFF, 0xFF, 0x00, 0xFF, 0xFF, 0xFF, 0x00, 0xFF, 0xFF, 0xFF, 0x00,
        0xFF, 0xFF, 0xFF, 0x00, 0xFF, 0xFF, 0xFF, 0x00, 0xFF, 0xFF, 0xFF, 0x00,
        0xFF, 0xFF, 0xFF, 0x00, 0xFF, 0xFF, 0xFF, 0x00, 0xFF, 0xFF, 0xFF, 0x00,
        0xFF, 0xFF, 0xFF, 0x00, 0xFF, 0xFF, 0xFF, 0x00, 0xFF, 0xFF, 0xFF, 0x00,
        0xFF, 0xFF, 0xFF, 0x00, 0xFF, 0xFF, 0xFF, 0x00, 0xFF, 0xFF, 0xFF, 0x00,
        0xFF, 0xFF, 0xFF, 0x00, 0xFF, 0xFF, 0xFF, 0x00, 0xFF, 0xFF, 0xFF, 0x00,
        0xFF, 0xFF, 0xFF, 0x00, 0xFF, 0xFF, 0xFF, 0x00, 0xFF, 0xFF, 0xFF, 0x00,
        0xFF, 0xFF, 0xFF, 0x00, 0xFF, 0xFF, 0xFF, 0x00, 0xFF, 0xFF, 0xFF, 0x00,
        0xFF, 0xFF, 0xFF, 0x00, 0xFF, 0xFF, 0xFF, 0x00, 0xFF, 0xFF, 0xFF, 0x00,
        0xFF, 0xFF, 0xFF, 0x00, 0xFF, 0xFF, 0xFF, 0x00, 0xFF, 0xFF, 0xFF, 0x00,
        0xFF, 0xFF, 0xFF, 0x00, 0xFF, 0xFF, 0xFF, 0x00, 0xFF, 0xFF, 0xFF, 0x00,
        0xFF, 0xFF, 0xFF, 0x00, 0xFF, 0xFF, 0xFF, 0x00, 0xFF, 0xFF, 0xFF, 0x00,
        0xFF, 0xFF, 0xFF, 0x00, 0xFF, 0xFF, 0xFF, 0x00, 0xFF, 0xFF, 0xFF, 0x00,
        0xFF, 0xFF, 0xFF, 0x00, 0xFF, 0xFF, 0xFF, 0x00, 0xFF, 0xFF, 0xFF, 0x00,
        0xFF, 0xFF, 0xFF, 0x00, 0xFF, 0xFF, 0xFF, 0x00, 0xFF, 0xFF, 0xFF, 0x00,
        0xFF, 0xFF, 0xFF, 0x00, 0xFF, 0xFF, 0xFF, 0x00, 0xFF, 0xFF, 0xFF, 0x00,
        0xFF, 0xFF, 0xFF, 0x00, 0xFF, 0xFF, 0xFF, 0x00, 0xFF, 0xFF, 0xFF, 0x00,
        0xFF, 0xFF, 0xFF, 0x00, 0xFF, 0xFF, 0xFF, 0x00, 0xFF, 0xFF, 0xFF, 0x00,
        0xFF, 0xFF, 0xFF, 0x00, 0xFF, 0xFF, 0xFF, 0x00, 0xFF, 0xFF, 0xFF, 0x00,
        0xFF, 0xFF, 0xFF, 0x00, 0xFF, 0xFF, 0xFF, 0x00, 0xFF, 0xFF, 0xFF, 0x00,
        0xFF, 0xFF, 0xFF, 0x00, 0xFF, 0xFF, 0xFF, 0x00, 0xFF, 0xFF, 0xFF, 0x00,
        0xFF, 0xFF, 0xFF, 0x00, 0xFF, 0xFF, 0xFF, 0x00, 0xFF, 0xFF, 0xFF, 0x00,
        0xFF, 0xFF, 0xFF, 0x00, 0xFF, 0xFF, 0xFF, 0x00, 0xFF, 0xFF, 0xFF, 0x00,
        0xFF, 0xFF, 0xFF, 0x00, 0xFF, 0xFF, 0xFF, 0x00, 0xFF, 0xFF, 0xFF, 0x00,
        0xFF, 0xFF, 0xFF, 0x00, 0xFF, 0xFF, 0xFF, 0x00, 0xFF, 0xFF, 0xFF, 0x00,
        0xFF, 0xFF, 0xFF, 0x00, 0xFF, 0xFF, 0xFF, 0x00, 0xFF, 0xFF, 0xFF, 0x00,
        0xFF, 0xFF, 0xFF, 0x00, 0xFF, 0xFF, 0xFF, 0x00, 0xFF, 0xFF, 0xFF, 0x00,
        0xFF, 0xFF, 0xFF, 0x00, 0xFF, 0xFF, 0xFF, 0x00, 0xFF, 0xFF, 0xFF, 0x00,
        0xFF, 0xFF, 0xFF, 0x00, 0xFF, 0xFF, 0xFF, 0x00, 0xFF, 0xFF, 0xFF, 0x00,
        0xFF, 0xFF, 0xFF, 0x00, 0xFF, 0xFF, 0xFF, 0x00, 0xFF, 0xFF, 0xFF, 0x00,
        0xFF, 0xFF, 0xFF, 0x00, 0xFF, 0xFF, 0xFF, 0x00, 0xFF, 0xFF, 0xFF, 0x00,
        0xFF, 0xFF, 0xFF, 0x00, 0xFF, 0xFF, 0xFF, 0x00, 0xFF, 0xFF, 0xFF, 0x00,
        0xFF, 0xFF, 0xFF, 0x00, 0xFF, 0xFF, 0xFF, 0x00, 0xFF, 0xFF, 0xFF, 0x00,
        0xFF, 0xFF, 0xFF, 0x00, 0xFF, 0xFF, 0xFF, 0x00, 0xFF, 0xFF, 0xFF, 0x00,
        0xFF, 0xFF, 0xFF, 0x00, 0xFF, 0xFF, 0xFF, 0x00, 0xFF, 0xFF, 0xFF, 0x00,
        0xFF, 0xFF, 0xFF, 0x00, 0xFF, 0xFF, 0xFF, 0x00, 0xFF, 0xFF, 0xFF, 0x00,
        0xFF, 0xFF, 0xFF, 0x00, 0xFF, 0xFF, 0xFF, 0x00, 0xFF, 0xFF, 0xFF, 0x00,
        0xFF, 0xFF, 0xFF, 0x00, 0xFF, 0xFF, 0xFF, 0x00, 0xFF, 0xFF, 0xFF, 0x00,
        0xFF, 0xFF, 0xFF, 0x00, 0xFF, 0xFF, 0xFF, 0x00, 0xFF, 0xFF, 0xFF, 0x00,
        0xFF, 0xFF, 0xFF, 0x00, 0xFF, 0xFF, 0xFF, 0x00, 0xFF, 0xFF, 0xFF, 0x00,
        0xFF, 0xFF, 0xFF, 0x00, 0xFF, 0xFF, 0xFF, 0x00, 0xFF, 0xFF, 0xFF, 0x00,
        0xFF, 0xFF, 0xFF, 0x00, 0xFF, 0xFF, 0xFF, 0x00, 0xFF, 0xFF, 0xFF, 0x00,
        0xFF, 0xFF, 0xFF, 0x00, 0xFF, 0xFF, 0xFF, 0x00, 0xFF, 0xFF, 0xFF, 0x00,
        0xFF, 0xFF, 0xFF, 0x00, 0xFF, 0xFF, 0xFF, 0x00, 0xFF, 0xFF, 0xFF, 0x00,
        0xFF, 0xFF, 0xFF, 0x00, 0xFF, 0xFF, 0xFF, 0x00, 0xFF, 0xFF, 0xFF, 0x00,
        0xFF, 0xFF, 0xFF, 0x00, 0xFF, 0xFF, 0xFF, 0x00, 0xFF, 0xFF, 0xFF, 0x00,
        0xFF, 0xFF, 0xFF, 0x00, 0xFF, 0xFF, 0xFF, 0x00, 0xFF, 0xFF, 0xFF, 0x00,
        0xFF, 0xFF, 0xFF, 0x00, 0xFF, 0xFF, 0xFF, 0x00, 0xFF, 0xFF, 0xFF, 0x00,
        0xFF, 0xFF, 0xFF, 0x00, 0xFF, 0xFF, 0xFF, 0x00, 0xFF, 0xFF, 0xFF, 0x00,
        0xFF, 0xFF, 0xFF, 0x00, 0xFF, 0xFF, 0xFF, 0x00, 0xFF, 0xFF, 0xFF, 0x00,
        0xFF, 0xFF, 0xFF, 0x00, 0xFF, 0xFF, 0xFF, 0x00, 0xFF, 0xFF, 0xFF, 0x00,
        0xFF, 0xFF, 0xFF, 0x00, 0xFF, 0xFF, 0xFF, 0x00, 0xFF, 0xFF, 0xFF, 0x00,
        0xFF, 0xFF, 0xFF, 0x00, 0xFF, 0xFF, 0xFF, 0x00, 0xFF, 0xFF, 0xFF, 0x00,
        0xFF, 0xFF, 0xFF, 0x00, 0xFF, 0xFF, 0xFF, 0x00, 0xFF, 0xFF, 0xFF, 0x00,
        0xFF, 0xFF, 0xFF, 0x00, 0xFF, 0xFF, 0xFF, 0x00, 0xFF, 0xFF, 0xFF, 0x00,
        0xFF, 0xFF, 0xFF, 0x00, 0xFF, 0xFF, 0xFF, 0x00, 0xFF, 0xFF, 0xFF, 0x00,
        0xFF, 0xFF, 0xFF, 0x00, 0xFF, 0xFF, 0xFF, 0x00, 0xFF, 0xFF, 0xFF, 0x00,
        0xFF, 0xFF, 0xFF, 0x00, 0xFF, 0xFF, 0xFF, 0x00, 0xFF, 0xFF, 0xFF, 0x00,
        0xFF, 0xFF, 0xFF, 0x00, 0xFF, 0xFF, 0xFF, 0x00, 0xFF, 0xFF, 0xFF, 0x00,
        0xFF, 0xFF, 0xFF, 0x00, 0xFF, 0xFF, 0xFF, 0x00, 0xFF, 0xFF, 0xFF, 0x00,
        0xFF, 0xFF, 0xFF, 0x00, 0xFF, 0xFF, 0xFF, 0x00, 0xFF, 0xFF, 0xFF, 0x00,
        0xFF, 0xFF, 0xFF, 0x00, 0xFF, 0xFF, 0xFF, 0x00, 0xFF, 0xFF, 0xFF, 0x00,
        0xFF, 0xFF, 0xFF, 0x00, 0xFF, 0xFF, 0xFF, 0x00, 0xFF, 0xFF, 0xFF, 0x00,
        0xFF, 0xFF, 0xFF, 0x00, 0xFF, 0xFF, 0xFF, 0x00, 0xFF, 0xFF, 0xFF, 0x00,
        0xFF, 0xFF, 0xFF, 0x00, 0xFF, 0xFF, 0xFF, 0x00, 0xFF, 0xFF, 0xFF, 0x00,
        0xFF, 0xFF, 0xFF, 0x00, 0xFF, 0xFF, 0xFF, 0x00, 0xFF, 0xFF, 0xFF, 0x00,
        0xFF, 0xFF, 0xFF, 0x00, 0xFF, 0xFF, 0xFF, 0x00, 0xFF, 0xFF, 0xFF, 0x00,
        0xFF, 0xFF, 0xFF, 0x00, 0xFF, 0xFF, 0xFF, 0x00, 0xFF, 0xFF, 0xFF, 0x00,
        0xFF, 0xFF, 0xFF, 0x00, 0xFF, 0xFF, 0xFF, 0x00, 0xFF, 0xFF, 0xFF, 0x00,
        0xFF, 0xFF, 0xFF, 0x00, 0xFF, 0xFF, 0xFF, 0x00, 0xFF, 0xFF, 0xFF, 0x00,
        0xFF, 0xFF, 0xFF, 0x00, 0xFF, 0xFF, 0xFF, 0x00, 0xFF, 0xFF, 0xFF, 0x00,
        0xFF, 0xFF, 0xFF, 0x00, 0xFF, 0xFF, 0xFF, 0x00, 0xFF, 0xFF, 0xFF, 0x00,
        0xFF, 0xFF, 0xFF, 0x00, 0xFF, 0xFF, 0xFF, 0x00, 0xFF, 0xFF, 0xFF, 0x00,
        0xFF, 0xFF, 0xFF, 0x00, 0xFF, 0xFF, 0xFF, 0x00, 0xFF, 0xFF, 0xFF, 0x00,
        0xFF, 0xFF, 0xFF, 0x00, 0xFF, 0xFF, 0xFF, 0x00, 0xFF, 0xFF, 0xFF, 0x00,
        0xFF, 0xFF, 0xFF, 0x00, 0xFF, 0xFF, 0xFF, 0x00, 0xFF, 0xFF, 0xFF, 0x00,
        0xFF, 0xFF, 0xFF, 0x00, 0xFF, 0xFF, 0xFF, 0x00, 0xFF, 0xFF, 0xFF, 0x00,
        0xFF, 0xFF, 0xFF, 0x00, 0xFF, 0xFF, 0xFF, 0x00, 0xFF, 0xFF, 0xFF, 0x00,
        0xFF, 0xFF, 0xFF, 0x00, 0xFF, 0xFF, 0xFF, 0x00, 0xFF, 0xFF, 0xFF, 0x00,
        0xFF, 0xFF, 0xFF, 0x00, 0xFF, 0xFF, 0xFF, 0x00, 0xFF, 0xFF, 0xFF, 0x00,
        0xFF, 0xFF, 0xFF, 0x00, 0xFF, 0xFF, 0xFF, 0x00, 0xFF, 0xFF, 0xFF, 0x00,
        0xFF, 0xFF, 0xFF, 0x00, 0xFF, 0xFF, 0xFF, 0x00, 0xFF, 0xFF, 0xFF, 0x00,
        0xFF, 0xFF, 0xFF, 0x00, 0xFF, 0xFF, 0xFF, 0x00, 0xFF, 0xFF, 0xFF, 0x00,
        0xFF, 0xFF, 0xFF, 0x00, 0xFF, 0xFF, 0xFF, 0x00, 0xFF, 0xFF, 0xFF, 0x00,
        0xFF, 0xFF, 0xFF, 0x00, 0xFF, 0xFF, 0xFF, 0x00, 0xFF, 0xFF, 0xFF, 0x00,
        0xFF, 0xFF, 0xFF, 0x00, 0xFF, 0xFF, 0xFF, 0x00, 0xFF, 0xFF, 0xFF, 0x00,
        0xFF, 0xFF, 0xFF, 0x00, 0xFF, 0xFF, 0xFF, 0x00, 0xFF, 0xFF, 0xFF, 0x00,
        0xFF, 0xFF, 0xFF, 0x00, 0xFF, 0xFF, 0xFF, 0x00, 0xFF, 0xFF, 0xFF, 0x00,
        0xFF, 0xFF, 0xFF, 0x00, 0xFF, 0xFF, 0xFF, 0x00, 0xFF, 0xFF, 0xFF, 0x00,
        0xFF, 0xFF, 0xFF, 0x00, 0xFF, 0xFF, 0xFF, 0x00, 0xFF, 0xFF, 0xFF, 0x00,
        0xFF, 0xFF, 0xFF, 0x00, 0xFF, 0xFF, 0xFF, 0x00, 0xFF, 0xFF, 0xFF, 0x00,
        0xFF, 0xFF, 0xFF, 0x00, 0xFF, 0xFF, 0xFF, 0x00, 0xFF, 0xFF, 0xFF, 0x00,
        0xFF, 0xFF, 0xFF, 0x00, 0xFF, 0xFF, 0xFF, 0x00, 0xFF, 0xFF, 0xFF, 0x00,
        0xFF, 0xFF, 0xFF, 0x00, 0xFF, 0xFF, 0xFF, 0x00, 0xFF, 0xFF, 0xFF, 0x00,
        0xFF, 0xFF, 0xFF, 0x00, 0xFF, 0xFF, 0xFF, 0x00, 0xFF, 0xFF, 0xFF, 0x00,
        0xFF, 0xFF, 0xFF, 0x00, 0xFF, 0xFF, 0xFF, 0x00, 0xFF, 0xFF, 0xFF, 0x00,
        0xFF, 0xFF, 0xFF, 0x00, 0xFF, 0xFF, 0xFF, 0x00, 0xFF, 0xFF, 0xFF, 0x00,
        0xFF, 0xFF, 0xFF, 0x00, 0xFF, 0xFF, 0xFF, 0x00, 0xFF, 0xFF, 0xFF, 0x00,
        0xFF, 0xFF, 0xFF, 0x00, 0xFF, 0xFF, 0xFF, 0x00, 0xFF, 0xFF, 0xFF, 0x00,
        0xFF, 0xFF, 0xFF, 0x00, 0xFF, 0xFF, 0xFF, 0x00, 0xFF, 0xFF, 0xFF, 0x00,
        0xFF, 0xFF, 0xFF, 0x00, 0xFF, 0xFF, 0xFF, 0x00, 0xFF, 0xFF, 0xFF, 0x00,
        0xFF, 0xFF, 0xFF, 0x00, 0xFF, 0xFF, 0xFF, 0x00, 0xFF, 0xFF, 0xFF, 0x00,
        0xFF, 0xFF, 0xFF, 0x00, 0xFF, 0xFF, 0xFF, 0x00, 0xFF, 0xFF, 0xFF, 0x00,
        0xFF, 0xFF, 0xFF, 0x00, 0xFF, 0xFF, 0xFF, 0x00, 0xFF, 0xFF, 0xFF, 0x00,
        0xFF, 0xFF, 0xFF, 0x00, 0xFF, 0xFF, 0xFF, 0x00, 0xFF, 0xFF, 0xFF, 0x00,
        0xFF, 0xFF, 0xFF, 0x00, 0xFF, 0xFF, 0xFF, 0x00, 0xFF, 0xFF, 0xFF, 0x00,
        0xFF, 0xFF, 0xFF, 0x00, 0xFF, 0xFF, 0xFF, 0x00, 0xFF, 0xFF, 0xFF, 0x00,
        0xFF, 0xFF, 0xFF, 0x00, 0xFF, 0xFF, 0xFF, 0x00, 0xFF, 0xFF, 0xFF, 0x00,
        0xFF, 0xFF, 0xFF, 0x00, 0xFF, 0xFF, 0xFF, 0x00, 0xFF, 0xFF, 0xFF, 0x00,
        0xFF, 0xFF, 0xFF, 0x00, 0xFF, 0xFF, 0xFF, 0x00, 0xFF, 0xFF, 0xFF, 0x00,
        0xFF, 0xFF, 0xFF, 0x00, 0xFF, 0xFF, 0xFF, 0x00, 0xFF, 0xFF, 0xFF, 0x00,
        0xFF, 0xFF, 0xFF, 0x00, 0xFF, 0xFF, 0xFF, 0x00, 0xFF, 0xFF, 0xFF, 0x00,
        0xFF, 0xFF, 0xFF, 0x00, 0xFF, 0xFF, 0xFF, 0x00, 0xFF, 0xFF, 0xFF, 0x00,
        0xFF, 0xFF, 0xFF, 0x00, 0xFF, 0xFF, 0xFF, 0x00, 0xFF, 0xFF, 0xFF, 0x00,
        0xFF, 0xFF, 0xFF, 0x00, 0xFF, 0xFF, 0xFF, 0x00, 0xFF, 0xFF, 0xFF, 0x00,
        0xFF, 0xFF, 0xFF, 0x00, 0xFF, 0xFF, 0xFF, 0x00, 0xFF, 0xFF, 0xFF, 0x00,
        0xFF, 0xFF, 0xFF, 0x00, 0xFF, 0xFF, 0xFF, 0x00, 0xFF, 0xFF, 0xFF, 0x00,
        0xFF, 0xFF, 0xFF, 0x00, 0xFF, 0xFF, 0xFF, 0x00, 0xFF, 0xFF, 0xFF, 0x00,
        0xFF, 0xFF, 0xFF, 0x00, 0xFF, 0xFF, 0xFF, 0x00, 0xFF, 0xFF, 0xFF, 0x00,
        0xFF, 0xFF, 0xFF, 0x00, 0xFF, 0xFF, 0xFF, 0x00, 0xFF, 0xFF, 0xFF, 0x00,
        0xFF, 0xFF, 0xFF, 0x00, 0xFF, 0xFF, 0xFF, 0x00, 0xFF, 0xFF, 0xFF, 0x00,
        0xFF, 0xFF, 0xFF, 0x00, 0xFF, 0xFF, 0xFF, 0x00, 0xFF, 0xFF, 0xFF, 0x00,
        0xFF, 0xFF, 0xFF, 0x00, 0xFF, 0xFF, 0xFF, 0x00, 0xFF, 0xFF, 0xFF, 0x00,
        0xFF, 0xFF, 0xFF, 0x00, 0xFF, 0xFF, 0xFF, 0x00, 0xFF, 0xFF, 0xFF, 0x00,
        0xFF, 0xFF, 0xFF, 0x00, 0xFF, 0xFF, 0xFF, 0x00, 0xFF, 0xFF, 0xFF, 0x00,
        0xFF, 0xFF, 0xFF, 0x00, 0xFF, 0xFF, 0xFF, 0x00, 0xFF, 0xFF, 0xFF, 0x00,
        0xFF, 0xFF, 0xFF, 0x00, 0xFF, 0xFF, 0xFF, 0x00, 0xFF, 0xFF, 0xFF, 0x00,
        0xFF, 0xFF, 0xFF, 0x00, 0xFF, 0xFF, 0xFF, 0x00, 0xFF, 0xFF, 0xFF, 0x00,
        0xFF, 0xFF, 0xFF, 0x00, 0xFF, 0xFF, 0xFF, 0x00, 0xFF, 0xFF, 0xFF, 0x00,
        0xFF, 0xFF, 0xFF, 0x00, 0xFF, 0xFF, 0xFF, 0x00, 0xFF, 0xFF, 0xFF, 0x00,
        0xFF, 0xFF, 0xFF, 0x00, 0xFF, 0xFF, 0xFF, 0x00, 0xFF, 0xFF, 0xFF, 0x00,
        0xFF, 0xFF, 0xFF, 0x00, 0xFF, 0xFF, 0xFF, 0x00, 0xFF, 0xFF, 0xFF, 0x00,
        0xFF, 0xFF, 0xFF, 0x00, 0xFF, 0xFF, 0xFF, 0x00, 0xFF, 0xFF, 0xFF, 0x00,
        0xFF, 0xFF, 0xFF, 0x00, 0xFF, 0xFF, 0xFF, 0x00, 0xFF, 0xFF, 0xFF, 0x00,
        0xFF, 0xFF, 0xFF, 0x00, 0xFF, 0xFF, 0xFF, 0x00, 0xFF, 0xFF, 0xFF, 0x00,
        0xFF, 0xFF, 0xFF, 0x00, 0xFF, 0xFF, 0xFF, 0x00, 0xFF, 0xFF, 0xFF, 0x00,
        0xFF, 0xFF, 0xFF, 0x00, 0xFF, 0xFF, 0xFF, 0x00, 0xFF, 0xFF, 0xFF, 0x00,
        0xFF, 0xFF, 0xFF, 0x00, 0xFF, 0xFF, 0xFF, 0x00, 0xFF, 0xFF, 0xFF, 0x00,
        0xFF, 0xFF, 0xFF, 0x00, 0xFF, 0xFF, 0xFF, 0x00, 0xFF, 0xFF, 0xFF, 0x00,
        0xFF, 0xFF, 0xFF, 0x00, 0xFF, 0xFF, 0xFF, 0x00, 0xFF, 0xFF, 0xFF, 0x00,
        0xFF, 0xFF, 0xFF, 0x00, 0xFF, 0xFF, 0xFF, 0x00, 0xFF, 0xFF, 0xFF, 0x00,
        0xFF, 0xFF, 0xFF, 0x00, 0xFF, 0xFF, 0xFF, 0x00, 0xFF, 0xFF, 0xFF, 0x00,
        0xFF, 0xFF, 0xFF, 0x00, 0xFF, 0xFF, 0xFF, 0x00, 0xFF, 0xFF, 0xFF, 0x00,
        0xFF, 0xFF, 0xFF, 0x00, 0xFF, 0xFF, 0xFF, 0x00, 0xFF, 0xFF, 0xFF, 0x00,
        0xFF, 0xFF, 0xFF, 0x00, 0xFF, 0xFF, 0xFF, 0x00, 0xFF, 0xFF, 0xFF, 0x00,
        0xFF, 0xFF, 0xFF, 0x00, 0xFF, 0xFF, 0xFF, 0x00, 0xFF, 0xFF, 0xFF, 0x00,
        0xFF, 0xFF, 0xFF, 0x00, 0xFF, 0xFF, 0xFF, 0x00, 0xFF, 0xFF, 0xFF, 0x00,
        0xFF, 0xFF, 0xFF, 0x00, 0xFF, 0xFF, 0xFF, 0x00, 0xFF, 0xFF, 0xFF, 0x00,
        0xFF, 0xFF, 0xFF, 0x00, 0xFF, 0xFF, 0xFF, 0x00, 0xFF, 0xFF, 0xFF, 0x00,
        0xFF, 0xFF, 0xFF, 0x00, 0xFF, 0xFF, 0xFF, 0x00, 0xFF, 0xFF, 0xFF, 0x00,
        0xFF, 0xFF, 0xFF, 0x00, 0xFF, 0xFF, 0xFF, 0x00, 0xFF, 0xFF, 0xFF, 0x00,
        0xFF, 0xFF, 0xFF, 0x00, 0xFF, 0xFF, 0xFF, 0x00, 0xFF, 0xFF, 0xFF, 0x00,
        0xFF, 0xFF, 0xFF, 0x00, 0xFF, 0xFF, 0xFF, 0x00, 0xFF, 0xFF, 0xFF, 0x00,
        0xFF, 0xFF, 0xFF, 0x00, 0xFF, 0xFF, 0xFF, 0x00, 0xFF, 0xFF, 0xFF, 0x00,
        0xFF, 0xFF, 0xFF, 0x00, 0xFF, 0xFF, 0xFF, 0x00, 0xFF, 0xFF, 0xFF, 0x00,
        0xFF, 0xFF, 0xFF, 0x00, 0xFF, 0xFF, 0xFF, 0x00, 0xFF, 0xFF, 0xFF, 0x00,
        0xFF, 0xFF, 0xFF, 0x00, 0xFF, 0xFF, 0xFF, 0x00, 0xFF, 0xFF, 0xFF, 0x00,
        0xFF, 0xFF, 0xFF, 0x00, 0xFF, 0xFF, 0xFF, 0x00, 0xFF, 0xFF, 0xFF, 0x00,
        0xFF, 0xFF, 0xFF, 0x00, 0xFF, 0xFF, 0xFF, 0x00, 0xFF, 0xFF, 0xFF, 0x00,
        0xFF, 0xFF, 0xFF, 0x00, 0xFF, 0xFF, 0xFF, 0x00, 0xFF, 0xFF, 0xFF, 0x00,
        0xFF, 0xFF, 0xFF, 0x00, 0xFF, 0xFF, 0xFF, 0x00, 0xFF, 0xFF, 0xFF, 0x00,
        0xFF, 0xFF, 0xFF, 0x00, 0xFF, 0xFF, 0xFF, 0x00, 0xFF, 0xFF, 0xFF, 0x00,
        0xFF, 0xFF, 0xFF, 0x00, 0xFF, 0xFF, 0xFF, 0x00, 0xFF, 0xFF, 0xFF, 0x00,
        0xFF, 0xFF, 0xFF, 0x00, 0xFF, 0xFF, 0xFF, 0x00, 0xFF, 0xFF, 0xFF, 0x00,
        0xFF, 0xFF, 0xFF, 0x00, 0xFF, 0xFF, 0xFF, 0x00, 0xFF, 0xFF, 0xFF, 0x00,
        0xFF, 0xFF, 0xFF, 0x00, 0xFF, 0xFF, 0xFF, 0x00, 0xFF, 0xFF, 0xFF, 0x00,
        0xFF, 0xFF, 0xFF, 0x00, 0xFF, 0xFF, 0xFF, 0x00, 0xFF, 0xFF, 0xFF, 0x00,
        0xFF, 0xFF, 0xFF, 0x00, 0xFF, 0xFF, 0xFF, 0x00, 0xFF, 0xFF, 0xFF, 0x00,
        0xFF, 0xFF, 0xFF, 0x00, 0xFF, 0xFF, 0xFF, 0x00, 0xFF, 0xFF, 0xFF, 0x00,
        0xFF, 0xFF, 0xFF, 0x00, 0xFF, 0xFF, 0xFF, 0x00, 0xFF, 0xFF, 0xFF, 0x00,
        0xFF, 0xFF, 0xFF, 0x00, 0xFF, 0xFF, 0xFF, 0x00, 0xFF, 0xFF, 0xFF, 0x00,
        0xFF, 0xFF, 0xFF, 0x00, 0xFF, 0xFF, 0xFF, 0x00, 0xFF, 0xFF, 0xFF, 0x00,
        0xFF, 0xFF, 0xFF, 0x00, 0xFF, 0xFF, 0xFF, 0x00, 0xFF, 0xFF, 0xFF, 0x00,
        0xFF, 0xFF, 0xFF, 0x00, 0xFF, 0xFF, 0xFF, 0x00, 0xFF, 0xFF, 0xFF, 0x00,
        0xFF, 0xFF, 0xFF, 0x00, 0xFF, 0xFF, 0xFF, 0x00, 0xFF, 0xFF, 0xFF, 0x00,
        0xFF, 0xFF, 0xFF, 0x00, 0xFF, 0xFF, 0xFF, 0x00, 0xFF, 0xFF, 0xFF, 0x00,
        0xFF, 0xFF, 0xFF, 0x00, 0xFF, 0xFF, 0xFF, 0x00, 0xFF, 0xFF, 0xFF, 0x00,
        0xFF, 0xFF, 0xFF, 0x00, 0xFF, 0xFF, 0xFF, 0x00, 0xFF, 0xFF, 0xFF, 0x00,
        0xFF, 0xFF, 0xFF, 0x00, 0xFF, 0xFF, 0xFF, 0x00, 0xFF, 0xFF, 0xFF, 0x00,
        0xFF, 0xFF, 0xFF, 0x00, 0xFF, 0xFF, 0xFF, 0x00, 0xFF, 0xFF, 0xFF, 0x00,
        0xFF, 0xFF, 0xFF, 0x00, 0xFF, 0xFF, 0xFF, 0x00, 0xFF, 0xFF, 0xFF, 0x00,
        0xFF, 0xFF, 0xFF, 0x00, 0xFF, 0xFF, 0xFF, 0x00, 0xFF, 0xFF, 0xFF, 0x00,
        0xFF, 0xFF, 0xFF, 0x00, 0xFF, 0xFF, 0xFF, 0x00, 0xFF, 0xFF, 0xFF, 0x00,
        0xFF, 0xFF, 0xFF, 0x00, 0xFF, 0xFF, 0xFF, 0x00, 0xFF, 0xFF, 0xFF, 0x00,
        0xFF, 0xFF, 0xFF, 0x00, 0xFF, 0xFF, 0xFF, 0x00, 0xFF, 0xFF, 0xFF, 0x00,
        0xFF, 0xFF, 0xFF, 0x00, 0xFF, 0xFF, 0xFF, 0x00, 0xFF, 0xFF, 0xFF, 0x00,
        0xFF, 0xFF, 0xFF, 0x00, 0xFF, 0xFF, 0xFF, 0x00, 0xFF, 0xFF, 0xFF, 0x00,
        0xFF, 0xFF, 0xFF, 0x00, 0xFF, 0xFF, 0xFF, 0x00, 0xFF, 0xFF, 0xFF, 0x00,
        0xFF, 0xFF, 0xFF, 0x00, 0xFF, 0xFF, 0xFF, 0x00, 0xFF, 0xFF, 0xFF, 0x00,
        0xFF, 0xFF, 0xFF, 0x00, 0xFF, 0xFF, 0xFF, 0x00, 0xFF, 0xFF, 0xFF, 0x00,
        0xFF, 0xFF, 0xFF, 0x00, 0xFF, 0xFF, 0xFF, 0x00, 0xFF, 0xFF, 0xFF, 0x00,
        0xFF, 0xFF, 0xFF, 0x00, 0xFF, 0xFF, 0xFF, 0x00, 0xFF, 0xFF, 0xFF, 0x00,
        0xFF, 0xFF, 0xFF, 0x00, 0xFF, 0xFF, 0xFF, 0x00, 0xFF, 0xFF, 0xFF, 0x00,
        0xFF, 0xFF, 0xFF, 0x00, 0xFF, 0xFF, 0xFF, 0x00, 0xFF, 0xFF, 0xFF, 0x00,
        0xFF, 0xFF, 0xFF, 0x00, 0xFF, 0xFF, 0xFF, 0x00, 0xFF, 0xFF, 0xFF, 0x00,
        0xFF, 0xFF, 0xFF, 0x00, 0xFF, 0xFF, 0xFF, 0x00, 0xFF, 0xFF, 0xFF, 0x00,
        0xFF, 0xFF, 0xFF, 0x00, 0xFF, 0xFF, 0xFF, 0x00, 0xFF, 0xFF, 0xFF, 0x00,
        0xFF, 0xFF, 0xFF, 0x00, 0xFF, 0xFF, 0xFF, 0x00, 0xFF, 0xFF, 0xFF, 0x00,
        0xFF, 0xFF, 0xFF, 0x00, 0xFF, 0xFF, 0xFF, 0x00, 0xFF, 0xFF, 0xFF, 0x00,
        0xFF, 0xFF, 0xFF, 0x00, 0xFF, 0xFF, 0xFF, 0x00, 0xFF, 0xFF, 0xFF, 0x00,
        0xFF, 0xFF, 0xFF, 0x00, 0xFF, 0xFF, 0xFF, 0x00, 0xFF, 0xFF, 0xFF, 0x00,
        0xFF, 0xFF, 0xFF, 0x00, 0xFF, 0xFF, 0xFF, 0x00, 0xFF, 0xFF, 0xFF, 0x00,
        0xFF, 0xFF, 0xFF, 0x00, 0xFF, 0xFF, 0xFF, 0x00, 0xFF, 0xFF, 0xFF, 0x00,
        0xFF, 0xFF, 0xFF, 0x00, 0xFF, 0xFF, 0xFF, 0x00, 0xFF, 0xFF, 0xFF, 0x00,
        0xFF, 0xFF, 0xFF, 0x00, 0xFF, 0xFF, 0xFF, 0x00, 0xFF, 0xFF, 0xFF, 0x00,
        0xFF, 0xFF, 0xFF, 0x00, 0xFF, 0xFF, 0xFF, 0x00, 0xFF, 0xFF, 0xFF, 0x00,
        0xFF, 0xFF, 0xFF, 0x00, 0xFF, 0xFF, 0xFF, 0x00, 0xFF, 0xFF, 0xFF, 0x00,
        0xFF, 0xFF, 0xFF, 0x00, 0xFF, 0xFF, 0xFF, 0x00, 0xFF, 0xFF, 0xFF, 0x00,
        0xFF, 0xFF, 0xFF, 0x00, 0xFF, 0xFF, 0xFF, 0x00, 0xFF, 0xFF, 0xFF, 0x00,
        0xFF, 0xFF, 0xFF, 0x00, 0xFF, 0xFF, 0xFF, 0x00, 0xFF, 0xFF, 0xFF, 0x00,
        0xFF, 0xFF, 0xFF, 0x00, 0xFF, 0xFF, 0xFF, 0x00, 0xFF, 0xFF, 0xFF, 0x00,
        0xFF, 0xFF, 0xFF, 0x00, 0xFF, 0xFF, 0xFF, 0x00, 0xFF, 0xFF, 0xFF, 0x00,
        0xFF, 0xFF, 0xFF, 0x00, 0xFF, 0xFF, 0xFF, 0x00, 0xFF, 0xFF, 0xFF, 0x00,
        0xFF, 0xFF, 0xFF, 0x00, 0xFF, 0xFF, 0xFF, 0x00, 0xFF, 0xFF, 0xFF, 0x00,
        0xFF, 0xFF, 0xFF, 0x00, 0xFF, 0xFF, 0xFF, 0x00, 0xFF, 0xFF, 0xFF, 0x00,
        0xFF, 0xFF, 0xFF, 0x00, 0xFF, 0xFF, 0xFF, 0x00, 0xFF, 0xFF, 0xFF, 0x00,
        0xFF, 0xFF, 0xFF, 0x00, 0xFF, 0xFF, 0xFF, 0x00, 0xFF, 0xFF, 0xFF, 0x00,
        0xFF, 0xFF, 0xFF, 0x00, 0xFF, 0xFF, 0xFF, 0x00, 0xFF, 0xFF, 0xFF, 0x00,
        0xFF, 0xFF, 0xFF, 0x00, 0xFF, 0xFF, 0xFF, 0x00, 0xFF, 0xFF, 0xFF, 0x00,
        0xFF, 0xFF, 0xFF, 0x00, 0xFF, 0xFF, 0xFF, 0x00, 0xFF, 0xFF, 0xFF, 0x00,
        0xFF, 0xFF, 0xFF, 0x00, 0xFF, 0xFF, 0xFF, 0x00, 0xFF, 0xFF, 0xFF, 0x00,
        0xFF, 0xFF, 0xFF, 0x00, 0xFF, 0xFF, 0xFF, 0x00, 0xFF, 0xFF, 0xFF, 0x00,
        0xFF, 0xFF, 0xFF, 0x00, 0xFF, 0xFF, 0xFF, 0x00, 0xFF, 0xFF, 0xFF, 0x00,
        0xFF, 0xFF, 0xFF, 0x00, 0xFF, 0xFF, 0xFF, 0x00, 0xFF, 0xFF, 0xFF, 0x00,
        0xFF, 0xFF, 0xFF, 0x00, 0xFF, 0xFF, 0xFF, 0x00, 0xFF, 0xFF, 0xFF, 0x00,
        0xFF, 0xFF, 0xFF, 0x00, 0xFF, 0xFF, 0xFF, 0x00, 0xFF, 0xFF, 0xFF, 0x00,
        0xFF, 0xFF, 0xFF, 0x00, 0xFF, 0xFF, 0xFF, 0x00, 0xFF, 0xFF, 0xFF, 0x00,
        0xFF, 0xFF, 0xFF, 0x00, 0xFF, 0xFF, 0xFF, 0x00, 0xFF, 0xFF, 0xFF, 0x00,
        0xFF, 0xFF, 0xFF, 0x00, 0xFF, 0xFF, 0xFF, 0x00, 0xFF, 0xFF, 0xFF, 0x00,
        0xFF, 0xFF, 0xFF, 0x00, 0xFF, 0xFF, 0xFF, 0x00, 0xFF, 0xFF, 0xFF, 0x00,
        0xFF, 0xFF, 0xFF, 0x00, 0xFF, 0xFF, 0xFF, 0x00, 0xFF, 0xFF, 0xFF, 0x00,
        0xFF, 0xFF, 0xFF, 0x00, 0xFF, 0xFF, 0xFF, 0x00, 0xFF, 0xFF, 0xFF, 0x00,
        0xFF, 0xFF, 0xFF, 0x00, 0xFF, 0xFF, 0xFF, 0x00, 0xFF, 0xFF, 0xFF, 0x00,
        0xFF, 0xFF, 0xFF, 0x00, 0xFF, 0xFF, 0xFF, 0x00, 0xFF, 0xFF, 0xFF, 0x00,
        0xFF, 0xFF, 0xFF, 0x00, 0xFF, 0xFF, 0xFF, 0x00, 0xFF, 0xFF, 0xFF, 0x00,
        0xFF, 0xFF, 0xFF, 0x00, 0xFF, 0xFF, 0xFF, 0x00, 0xFF, 0xFF, 0xFF, 0x00,
        0xFF, 0xFF, 0xFF, 0x00, 0xFF, 0xFF, 0xFF, 0x00, 0xFF, 0xFF, 0xFF, 0x00,
        0xFF, 0xFF, 0xFF, 0x00, 0xFF, 0xFF, 0xFF, 0x00, 0xFF, 0xFF, 0xFF, 0x00,
        0xFF, 0xFF, 0xFF, 0x00, 0xFF, 0xFF, 0xFF, 0x00, 0xFF, 0xFF, 0xFF, 0x00,
        0xFF, 0xFF, 0xFF, 0x00, 0xFF, 0xFF, 0xFF, 0x00, 0xFF, 0xFF, 0xFF, 0x00,
        0xFF, 0xFF, 0xFF, 0x00, 0xFF, 0xFF, 0xFF, 0x00, 0xFF, 0xFF, 0xFF, 0x00,
        0xFF, 0xFF, 0xFF, 0x00, 0xFF, 0xFF, 0xFF, 0x00, 0xFF, 0xFF, 0xFF, 0x00,
        0xFF, 0xFF, 0xFF, 0x00, 0xFF, 0xFF, 0xFF, 0x00, 0xFF, 0xFF, 0xFF, 0x00,
        0xFF, 0xFF, 0xFF, 0x00, 0xFF, 0xFF, 0xFF, 0x00, 0xFF, 0xFF, 0xFF, 0x00,
        0xFF, 0xFF, 0xFF, 0x00, 0xFF, 0xFF, 0xFF, 0x00, 0xFF, 0xFF, 0xFF, 0x00,
        0xFF, 0xFF, 0xFF, 0x00, 0xFF, 0xFF, 0xFF, 0x00, 0xFF, 0xFF, 0xFF, 0x00,
        0xFF, 0xFF, 0xFF, 0x00, 0xFF, 0xFF, 0xFF, 0x00, 0xFF, 0xFF, 0xFF, 0x00,
        0xFF, 0xFF, 0xFF, 0x00, 0xFF, 0xFF, 0xFF, 0x00, 0xFF, 0xFF, 0xFF, 0x00,
        0xFF, 0xFF, 0xFF, 0x00, 0xFF, 0xFF, 0xFF, 0x00, 0xFF, 0xFF, 0xFF, 0x00,
        0xFF, 0xFF, 0xFF, 0x00, 0xFF, 0xFF, 0xFF, 0x00, 0xFF, 0xFF, 0xFF, 0x00,
        0xFF, 0xFF, 0xFF, 0x00, 0xFF, 0xFF, 0xFF, 0x00, 0xFF, 0xFF, 0xFF, 0x00,
        0xFF, 0xFF, 0xFF, 0x00, 0xFF, 0xFF, 0xFF, 0x00, 0xFF, 0xFF, 0xFF, 0x00,
        0xFF, 0xFF, 0xFF, 0x00, 0xFF, 0xFF, 0xFF, 0x00, 0xFF, 0xFF, 0xFF, 0x00,
        0xFF, 0xFF, 0xFF, 0x00, 0xFF, 0xFF, 0xFF, 0x00, 0xFF, 0xFF, 0xFF, 0x00,
        0xFF, 0xFF, 0xFF, 0x00, 0xFF, 0xFF, 0xFF, 0x00, 0xFF, 0xFF, 0xFF, 0x00,
        0xFF, 0xFF, 0xFF, 0x00, 0xFF, 0xFF, 0xFF, 0x00, 0xFF, 0xFF, 0xFF, 0x00,
        0xFF, 0xFF, 0xFF, 0x00, 0xFF, 0xFF, 0xFF, 0x00, 0xFF, 0xFF, 0xFF, 0x00,
        0xFF, 0xFF, 0xFF, 0x00, 0xFF, 0xFF, 0xFF, 0x00, 0xFF, 0xFF, 0xFF, 0x00,
        0xFF, 0xFF, 0xFF, 0x00, 0xFF, 0xFF, 0xFF, 0x00, 0xFF, 0xFF, 0xFF, 0x00,
        0xFF, 0xFF, 0xFF, 0x00, 0xFF, 0xFF, 0xFF, 0x00, 0xFF, 0xFF, 0xFF, 0x00,
        0xFF, 0xFF, 0xFF, 0x00, 0xFF, 0xFF, 0xFF, 0x00, 0xFF, 0xFF, 0xFF, 0x00,
        0xFF, 0xFF, 0xFF, 0x00, 0xFF, 0xFF, 0xFF, 0x00, 0xFF, 0xFF, 0xFF, 0x00,
        0xFF, 0xFF, 0xFF, 0x00, 0xFF, 0xFF, 0xFF, 0x00, 0xFF, 0xFF, 0xFF, 0x00,
        0xFF, 0xFF, 0xFF, 0x00, 0xFF, 0xFF, 0xFF, 0x00, 0xFF, 0xFF, 0xFF, 0x00,
        0xFF, 0xFF, 0xFF, 0x00, 0xFF, 0xFF, 0xFF, 0x00, 0xFF, 0xFF, 0xFF, 0x00,
        0xFF, 0xFF, 0xFF, 0x00, 0xFF, 0xFF, 0xFF, 0x00, 0xFF, 0xFF, 0xFF, 0x00,
        0xFF, 0xFF, 0xFF, 0x00, 0xFF, 0xFF, 0xFF, 0x00, 0xFF, 0xFF, 0xFF, 0x00,
        0xFF, 0xFF, 0xFF, 0x00, 0xFF, 0xFF, 0xFF, 0x00, 0xFF, 0xFF, 0xFF, 0x00,
        0xFF, 0xFF, 0xFF, 0x00, 0xFF, 0xFF, 0xFF, 0x00, 0xFF, 0xFF, 0xFF, 0x00,
        0xFF, 0xFF, 0xFF, 0x00, 0xFF, 0xFF, 0xFF, 0x00, 0xFF, 0xFF, 0xFF, 0x00,
        0xFF, 0xFF, 0xFF, 0x00, 0xFF, 0xFF, 0xFF, 0x00, 0xFF, 0xFF, 0xFF, 0x00,
        0xFF, 0xFF, 0xFF, 0x00, 0xFF, 0xFF, 0xFF, 0x00, 0xFF, 0xFF, 0xFF, 0x00,
        0xFF, 0xFF, 0xFF, 0x00, 0xFF, 0xFF, 0xFF, 0x00, 0xFF, 0xFF, 0xFF, 0x00,
        0xFF, 0xFF, 0xFF, 0x00, 0xFF, 0xFF, 0xFF, 0x00, 0xFF, 0xFF, 0xFF, 0x00,
        0xFF, 0xFF, 0xFF, 0x00, 0xFF, 0xFF, 0xFF, 0x00, 0xFF, 0xFF, 0xFF, 0x00,
        0xFF, 0xFF, 0xFF, 0x00, 0xFF, 0xFF, 0xFF, 0x00, 0xFF, 0xFF, 0xFF, 0x00,
        0xFF, 0xFF, 0xFF, 0x00, 0xFF, 0xFF, 0xFF, 0x00, 0xFF, 0xFF, 0xFF, 0x00,
        0xFF, 0xFF, 0xFF, 0x00, 0xFF, 0xFF, 0xFF, 0x00, 0xFF, 0xFF, 0xFF, 0x00,
        0xFF, 0xFF, 0xFF, 0x00, 0xFF, 0xFF, 0xFF, 0x00, 0xFF, 0xFF, 0xFF, 0x00,
        0xFF, 0xFF, 0xFF, 0x00, 0xFF, 0xFF, 0xFF, 0x00, 0xFF, 0xFF, 0xFF, 0x00,
        0xFF, 0xFF, 0xFF, 0x00, 0xFF, 0xFF, 0xFF, 0x00, 0xFF, 0xFF, 0xFF, 0x00,
        0xFF, 0xFF, 0xFF, 0x00, 0xFF, 0xFF, 0xFF, 0x00, 0xFF, 0xFF, 0xFF, 0x00,
        0xFF, 0xFF, 0xFF, 0x00, 0xFF, 0xFF, 0xFF, 0x00, 0xFF, 0xFF, 0xFF, 0x00,
        0xFF, 0xFF, 0xFF, 0x00, 0xFF, 0xFF, 0xFF, 0x00, 0xFF, 0xFF, 0xFF, 0x00,
        0xFF, 0xFF, 0xFF, 0x00, 0xFF, 0xFF, 0xFF, 0x00, 0xFF, 0xFF, 0xFF, 0x00,
        0xFF, 0xFF, 0xFF, 0x00, 0xFF, 0xFF, 0xFF, 0x00, 0xFF, 0xFF, 0xFF, 0x00,
        0xFF, 0xFF, 0xFF, 0x00, 0xFF, 0xFF, 0xFF, 0x00, 0xFF, 0xFF, 0xFF, 0x00,
        0xFF, 0xFF, 0xFF, 0x00, 0xFF, 0xFF, 0xFF, 0x00, 0xFF, 0xFF, 0xFF, 0x00,
        0xFF, 0xFF, 0xFF, 0x00, 0xFF, 0xFF, 0xFF, 0x00, 0xFF, 0xFF, 0xFF, 0x00,
        0xFF, 0xFF, 0xFF, 0x00, 0xFF, 0xFF, 0xFF, 0x00, 0xFF, 0xFF, 0xFF, 0x00,
        0xFF, 0xFF, 0xFF, 0x00, 0xFF, 0xFF, 0xFF, 0x00, 0xFF, 0xFF, 0xFF, 0x00,
        0xFF, 0xFF, 0xFF, 0x00, 0xFF, 0xFF, 0xFF, 0x00, 0xFF, 0xFF, 0xFF, 0x00,
        0xFF, 0xFF, 0xFF, 0x00, 0xFF, 0xFF, 0xFF, 0x00, 0xFF, 0xFF, 0xFF, 0x00,
        0xFF, 0xFF, 0xFF, 0x00, 0xFF, 0xFF, 0xFF, 0x00, 0xFF, 0xFF, 0xFF, 0x00,
        0xFF, 0xFF, 0xFF, 0x00, 0xFF, 0xFF, 0xFF, 0x00, 0xFF, 0xFF, 0xFF, 0x00,
        0xFF, 0xFF, 0xFF, 0x00, 0xFF, 0xFF, 0xFF, 0x00, 0xFF, 0xFF, 0xFF, 0x00,
        0xFF, 0xFF, 0xFF, 0x00, 0xFF, 0xFF, 0xFF, 0x00, 0xFF, 0xFF, 0xFF, 0x00,
        0xFF, 0xFF, 0xFF, 0x00, 0xFF, 0xFF, 0xFF, 0x00, 0xFF, 0xFF, 0xFF, 0x00,
        0xFF, 0xFF, 0xFF, 0x00, 0xFF, 0xFF, 0xFF, 0x00, 0xFF, 0xFF, 0xFF, 0x00,
        0xFF, 0xFF, 0xFF, 0x00, 0xFF, 0xFF, 0xFF, 0x00, 0xFF, 0xFF, 0xFF, 0x00,
        0xFF, 0xFF, 0xFF, 0x00, 0xFF, 0xFF, 0xFF, 0x00, 0xFF, 0xFF, 0xFF, 0x00,
        0xFF, 0xFF, 0xFF, 0x00, 0xFF, 0xFF, 0xFF, 0x00, 0xFF, 0xFF, 0xFF, 0x00,
        0xFF, 0xFF, 0xFF, 0x00, 0xFF, 0xFF, 0xFF, 0x00, 0xFF, 0xFF, 0xFF, 0x00,
        0xFF, 0xFF, 0xFF, 0x00, 0xFF, 0xFF, 0xFF, 0x00, 0xFF, 0xFF, 0xFF, 0x00,
        0xFF, 0xFF, 0xFF, 0x00, 0xFF, 0xFF, 0xFF, 0x00, 0xFF, 0xFF, 0xFF, 0x00,
        0xFF, 0xFF, 0xFF, 0x00, 0xFF, 0xFF, 0xFF, 0x00, 0xFF, 0xFF, 0xFF, 0x00,
        0xFF, 0xFF, 0xFF, 0x00, 0xFF, 0xFF, 0xFF, 0x00, 0xFF, 0xFF, 0xFF, 0x00,
        0xFF, 0xFF, 0xFF, 0x00, 0xFF, 0xFF, 0xFF, 0x00, 0xFF, 0xFF, 0xFF, 0x00,
        0xFF, 0xFF, 0xFF, 0x00, 0xFF, 0xFF, 0xFF, 0x00, 0xFF, 0xFF, 0xFF, 0x00,
        0xFF, 0xFF, 0xFF, 0x00, 0xFF, 0xFF, 0xFF, 0x00, 0xFF, 0xFF, 0xFF, 0x00,
        0xFF, 0xFF, 0xFF, 0x00, 0xFF, 0xFF, 0xFF, 0x00, 0xFF, 0xFF, 0xFF, 0x00,
        0xFF, 0xFF, 0xFF, 0x00, 0xFF, 0xFF, 0xFF, 0x00, 0xFF, 0xFF, 0xFF, 0x00,
        0xFF, 0xFF, 0xFF, 0x00, 0xFF, 0xFF, 0xFF, 0x00, 0xFF, 0xFF, 0xFF, 0x00,
        0xFF, 0xFF, 0xFF, 0x00, 0xFF, 0xFF, 0xFF, 0x00, 0xFF, 0xFF, 0xFF, 0x00,
        0xFF, 0xFF, 0xFF, 0x00, 0xFF, 0xFF, 0xFF, 0x00, 0xFF, 0xFF, 0xFF, 0x00,
        0xFF, 0xFF, 0xFF, 0x00, 0xFF, 0xFF, 0xFF, 0x00, 0xFF, 0xFF, 0xFF, 0x00,
        0xFF, 0xFF, 0xFF, 0x00, 0xFF, 0xFF, 0xFF, 0x00, 0xFF, 0xFF, 0xFF, 0x00,
        0xFF, 0xFF, 0xFF, 0x00, 0xFF, 0xFF, 0xFF, 0x00, 0xFF, 0xFF, 0xFF, 0x00,
        0xFF, 0xFF, 0xFF, 0x00, 0xFF, 0xFF, 0xFF, 0x00, 0xFF, 0xFF, 0xFF, 0x00,
        0xFF, 0xFF, 0xFF, 0x00, 0xFF, 0xFF, 0xFF, 0x00, 0xFF, 0xFF, 0xFF, 0x00,
        0xFF, 0xFF, 0xFF, 0x00, 0xFF, 0xFF, 0xFF, 0x00, 0xFF, 0xFF, 0xFF, 0x00,
        0xFF, 0xFF, 0xFF, 0x00, 0xFF, 0xFF, 0xFF, 0x00, 0xFF, 0xFF, 0xFF, 0x00,
        0xFF, 0xFF, 0xFF, 0x00, 0xFF, 0xFF, 0xFF, 0x00, 0xFF, 0xFF, 0xFF, 0x00,
        0xFF, 0xFF, 0xFF, 0x00, 0xFF, 0xFF, 0xFF, 0x00, 0xFF, 0xFF, 0xFF, 0x00,
        0xFF, 0xFF, 0xFF, 0x00, 0xFF, 0xFF, 0xFF, 0x00, 0xFF, 0xFF, 0xFF, 0x00,
        0xFF, 0xFF, 0xFF, 0x00, 0xFF, 0xFF, 0xFF, 0x00, 0xFF, 0xFF, 0xFF, 0x00,
        0xFF, 0xFF, 0xFF, 0x00, 0xFF, 0xFF, 0xFF, 0x00, 0xFF, 0xFF, 0xFF, 0x00,
        0xFF, 0xFF, 0xFF, 0x00, 0xFF, 0xFF, 0xFF, 0x00, 0xFF, 0xFF, 0xFF, 0x00,
        0xFF, 0xFF, 0xFF, 0x00, 0xFF, 0xFF, 0xFF, 0x00, 0xFF, 0xFF, 0xFF, 0x00,
        0xFF, 0xFF, 0xFF, 0x00, 0xFF, 0xFF, 0xFF, 0x00, 0xFF, 0xFF, 0xFF, 0x00,
        0xFF, 0xFF, 0xFF, 0x00, 0xFF, 0xFF, 0xFF, 0x00, 0xFF, 0xFF, 0xFF, 0x00,
        0xFF, 0xFF, 0xFF, 0x00, 0xFF, 0xFF, 0xFF, 0x00, 0xFF, 0xFF, 0xFF, 0x00,
        0xFF, 0xFF, 0xFF, 0x00, 0xFF, 0xFF, 0xFF, 0x00, 0xFF, 0xFF, 0xFF, 0x00,
        0xFF, 0xFF, 0xFF, 0x00, 0xFF, 0xFF, 0xFF, 0x00, 0xFF, 0xFF, 0xFF, 0x00,
        0xFF, 0xFF, 0xFF, 0x00, 0xFF, 0xFF, 0xFF, 0x00, 0xFF, 0xFF, 0xFF, 0x00,
        0xFF, 0xFF, 0xFF, 0x00, 0xFF, 0xFF, 0xFF, 0x00, 0xFF, 0xFF, 0xFF, 0x00,
        0xFF, 0xFF, 0xFF, 0x00, 0xFF, 0xFF, 0xFF, 0x00, 0xFF, 0xFF, 0xFF, 0x00,
        0xFF, 0xFF, 0xFF, 0x00, 0xFF, 0xFF, 0xFF, 0x00, 0xFF, 0xFF, 0xFF, 0x00,
        0xFF, 0xFF, 0xFF, 0x00, 0xFF, 0xFF, 0xFF, 0x00, 0xFF, 0xFF, 0xFF, 0x00,
        0xFF, 0xFF, 0xFF, 0x00, 0xFF, 0xFF, 0xFF, 0x00, 0xFF, 0xFF, 0xFF, 0x00,
        0xFF, 0xFF, 0xFF, 0x00, 0xFF, 0xFF, 0xFF, 0x00, 0xFF, 0xFF, 0xFF, 0x00,
        0xFF, 0xFF, 0xFF, 0x00, 0xFF, 0xFF, 0xFF, 0x00, 0xFF, 0xFF, 0xFF, 0x00,
        0xFF, 0xFF, 0xFF, 0x00, 0xFF, 0xFF, 0xFF, 0x00, 0xFF, 0xFF, 0xFF, 0x00,
        0xFF, 0xFF, 0xFF, 0x00, 0xFF, 0xFF, 0xFF, 0x00, 0xFF, 0xFF, 0xFF, 0x00,
        0xFF, 0xFF, 0xFF, 0x00, 0xFF, 0xFF, 0xFF, 0x00, 0xFF, 0xFF, 0xFF, 0x00,
        0xFF, 0xFF, 0xFF, 0x00, 0xFF, 0xFF, 0xFF, 0x00, 0xFF, 0xFF, 0xFF, 0x00,
        0xFF, 0xFF, 0xFF, 0x00, 0xFF, 0xFF, 0xFF, 0x00, 0xFF, 0xFF, 0xFF, 0x00,
        0xFF, 0xFF, 0xFF, 0x00, 0xFF, 0xFF, 0xFF, 0x00, 0xFF, 0xFF, 0xFF, 0x00,
        0xFF, 0xFF, 0xFF, 0x00, 0xFF, 0xFF, 0xFF, 0x00, 0xFF, 0xFF, 0xFF, 0x00,
        0xFF, 0xFF, 0xFF, 0x00, 0xFF, 0xFF, 0xFF, 0x00, 0xFF, 0xFF, 0xFF, 0x00,
        0xFF, 0xFF, 0xFF, 0x00, 0xFF, 0xFF, 0xFF, 0x00, 0xFF, 0xFF, 0xFF, 0x00,
        0xFF, 0xFF, 0xFF, 0x00, 0xFF, 0xFF, 0xFF, 0x00, 0xFF, 0xFF, 0xFF, 0x00,
        0xFF, 0xFF, 0xFF, 0x00, 0xFF, 0xFF, 0xFF, 0x00, 0xFF, 0xFF, 0xFF, 0x00,
        0xFF, 0xFF, 0xFF, 0x00, 0xFF, 0xFF, 0xFF, 0x00, 0xFF, 0xFF, 0xFF, 0x00,
        0xFF, 0xFF, 0xFF, 0x00, 0xFF, 0xFF, 0xFF, 0x00, 0xFF, 0xFF, 0xFF, 0x00,
        0xFF, 0xFF, 0xFF, 0x00, 0xFF, 0xFF, 0xFF, 0x00, 0xFF, 0xFF, 0xFF, 0x00,
        0xFF, 0xFF, 0xFF, 0x00, 0xFF, 0xFF, 0xFF, 0x00, 0xFF, 0xFF, 0xFF, 0x00,
        0xFF, 0xFF, 0xFF, 0x00, 0xFF, 0xFF, 0xFF, 0x00, 0xFF, 0xFF, 0xFF, 0x00,
        0xFF, 0xFF, 0xFF, 0x00, 0xFF, 0xFF, 0xFF, 0x00, 0xFF, 0xFF, 0xFF, 0x00,
        0xFF, 0xFF, 0xFF, 0x00, 0xFF, 0xFF, 0xFF, 0x00, 0xFF, 0xFF, 0xFF, 0x00,
        0xFF, 0xFF, 0xFF, 0x00, 0xFF, 0xFF, 0xFF, 0x00, 0xFF, 0xFF, 0xFF, 0x00,
        0xFF, 0xFF, 0xFF, 0x00, 0xFF, 0xFF, 0xFF, 0x00, 0xFF, 0xFF, 0xFF, 0x00,
        0xFF, 0xFF, 0xFF, 0x00, 0xFF, 0xFF, 0xFF, 0x00, 0xFF, 0xFF, 0xFF, 0x00,
        0xFF, 0xFF, 0xFF, 0x00, 0xFF, 0xFF, 0xFF, 0x00, 0xFF, 0xFF, 0xFF, 0x00,
        0xFF, 0xFF, 0xFF, 0x00, 0xFF, 0xFF, 0xFF, 0x00, 0xFF, 0xFF, 0xFF, 0x00,
        0xFF, 0xFF, 0xFF, 0x00, 0xFF, 0xFF, 0xFF, 0x00, 0xFF, 0xFF, 0xFF, 0x00,
        0xFF, 0xFF, 0xFF, 0x00, 0xFF, 0xFF, 0xFF, 0x00, 0xFF, 0xFF, 0xFF, 0x00,
        0xFF, 0xFF, 0xFF, 0x00, 0xFF, 0xFF, 0xFF, 0x00, 0xFF, 0xFF, 0xFF, 0x00,
        0xFF, 0xFF, 0xFF, 0x00, 0xFF, 0xFF, 0xFF, 0x00, 0xFF, 0xFF, 0xFF, 0x00,
        0xFF, 0xFF, 0xFF, 0x00, 0xFF, 0xFF, 0xFF, 0x00, 0xFF, 0xFF, 0xFF, 0x00,
        0xFF, 0xFF, 0xFF, 0x00, 0xFF, 0xFF, 0xFF, 0x00, 0xFF, 0xFF, 0xFF, 0x00,
        0xFF, 0xFF, 0xFF, 0x00, 0xFF, 0xFF, 0xFF, 0x00, 0xFF, 0xFF, 0xFF, 0x00,
        0xFF, 0xFF, 0xFF, 0x00, 0xFF, 0xFF, 0xFF, 0x00, 0xFF, 0xFF, 0xFF, 0x00,
        0xFF, 0xFF, 0xFF, 0x00, 0xFF, 0xFF, 0xFF, 0x00, 0xFF, 0xFF, 0xFF, 0x00,
        0xFF, 0xFF, 0xFF, 0x00, 0xFF, 0xFF, 0xFF, 0x00, 0xFF, 0xFF, 0xFF, 0x00,
        0xFF, 0xFF, 0xFF, 0x00, 0xFF, 0xFF, 0xFF, 0x00, 0xFF, 0xFF, 0xFF, 0x00,
        0xFF, 0xFF, 0xFF, 0x00, 0xFF, 0xFF, 0xFF, 0x00, 0xFF, 0xFF, 0xFF, 0x00,
        0xFF, 0xFF, 0xFF, 0x00, 0xFF, 0xFF, 0xFF, 0x00, 0xFF, 0xFF, 0xFF, 0x00,
        0xFF, 0xFF, 0xFF, 0x00, 0xFF, 0xFF, 0xFF, 0x00, 0xFF, 0xFF, 0xFF, 0x00,
        0xFF, 0xFF, 0xFF, 0x00, 0xFF, 0xFF, 0xFF, 0x00, 0xFF, 0xFF, 0xFF, 0x00,
        0xFF, 0xFF, 0xFF, 0x00, 0xFF, 0xFF, 0xFF, 0x00, 0xFF, 0xFF, 0xFF, 0x00,
        0xFF, 0xFF, 0xFF, 0x00, 0xFF, 0xFF, 0xFF, 0x00, 0xFF, 0xFF, 0xFF, 0x00,
        0xFF, 0xFF, 0xFF, 0x00, 0xFF, 0xFF, 0xFF, 0x00, 0xFF, 0xFF, 0xFF, 0x00,
        0xFF, 0xFF, 0xFF, 0x00, 0xFF, 0xFF, 0xFF, 0x00, 0xFF, 0xFF, 0xFF, 0x00,
        0xFF, 0xFF, 0xFF, 0x00, 0xFF, 0xFF, 0xFF, 0x00, 0xFF, 0xFF, 0xFF, 0x00,
        0xFF, 0xFF, 0xFF, 0x00, 0xFF, 0xFF, 0xFF, 0x00, 0xFF, 0xFF, 0xFF, 0x00,
        0xFF, 0xFF, 0xFF, 0x00, 0xFF, 0xFF, 0xFF, 0x00, 0xFF, 0xFF, 0xFF, 0x00,
        0xFF, 0xFF, 0xFF, 0x00, 0xFF, 0xFF, 0xFF, 0x00, 0xFF, 0xFF, 0xFF, 0x00,
        0xFF, 0xFF, 0xFF, 0x00, 0xFF, 0xFF, 0xFF, 0x00, 0xFF, 0xFF, 0xFF, 0x00,
        0xFF, 0xFF, 0xFF, 0x00, 0xFF, 0xFF, 0xFF, 0x00, 0xFF, 0xFF, 0xFF, 0x00,
        0xFF, 0xFF, 0xFF, 0x00, 0xFF, 0xFF, 0xFF, 0x00, 0xFF, 0xFF, 0xFF, 0x00,
        0xFF, 0xFF, 0xFF, 0x00, 0xFF, 0xFF, 0xFF, 0x00, 0xFF, 0xFF, 0xFF, 0x00,
        0xFF, 0xFF, 0xFF, 0x00, 0xFF, 0xFF, 0xFF, 0x00, 0xFF, 0xFF, 0xFF, 0x00,
        0xFF, 0xFF, 0xFF, 0x00, 0xFF, 0xFF, 0xFF, 0x00, 0xFF, 0xFF, 0xFF, 0x00,
        0xFF, 0xFF, 0xFF, 0x00, 0xFF, 0xFF, 0xFF, 0x00, 0xFF, 0xFF, 0xFF, 0x00,
        0xFF, 0xFF, 0xFF, 0x00, 0xFF, 0xFF, 0xFF, 0x00, 0xFF, 0xFF, 0xFF, 0x00,
        0xFF, 0xFF, 0xFF, 0x00, 0xFF, 0xFF, 0xFF, 0x00, 0xFF, 0xFF, 0xFF, 0x00,
        0xFF, 0xFF, 0xFF, 0x00, 0xFF, 0xFF, 0xFF, 0x00, 0xFF, 0xFF, 0xFF, 0x00,
        0xFF, 0xFF, 0xFF, 0x00, 0xFF, 0xFF, 0xFF, 0x00, 0xFF, 0xFF, 0xFF, 0x00,
        0xFF, 0xFF, 0xFF, 0x00, 0xFF, 0xFF, 0xFF, 0x00, 0xFF, 0xFF, 0xFF, 0x00,
        0xFF, 0xFF, 0xFF, 0x00, 0xFF, 0xFF, 0xFF, 0x00, 0xFF, 0xFF, 0xFF, 0x00,
        0xFF, 0xFF, 0xFF, 0x00, 0xFF, 0xFF, 0xFF, 0x00, 0xFF, 0xFF, 0xFF, 0x00,
        0xFF, 0xFF, 0xFF, 0x00, 0xFF, 0xFF, 0xFF, 0x00, 0xFF, 0xFF, 0xFF, 0x00,
        0xFF, 0xFF, 0xFF, 0x00, 0xFF, 0xFF, 0xFF, 0x00, 0xFF, 0xFF, 0xFF, 0x00,
        0xFF, 0xFF, 0xFF, 0x00, 0xFF, 0xFF, 0xFF, 0x00, 0xFF, 0xFF, 0xFF, 0x00,
        0xFF, 0xFF, 0xFF, 0x00, 0xFF, 0xFF, 0xFF, 0x00, 0xFF, 0xFF, 0xFF, 0x00,
        0xFF, 0xFF, 0xFF, 0x00, 0xFF, 0xFF, 0xFF, 0x00, 0xFF, 0xFF, 0xFF, 0x00,
        0xFF, 0xFF, 0xFF, 0x00, 0xFF, 0xFF, 0xFF, 0x00, 0xFF, 0xFF, 0xFF, 0x00,
        0xFF, 0xFF, 0xFF, 0x00, 0xFF, 0xFF, 0xFF, 0x00, 0xFF, 0xFF, 0xFF, 0x00,
        0xFF, 0xFF, 0xFF, 0x00, 0xFF, 0xFF, 0xFF, 0x00, 0xFF, 0xFF, 0xFF, 0x00,
        0xFF, 0xFF, 0xFF, 0x00, 0xFF, 0xFF, 0xFF, 0x00, 0xFF, 0xFF, 0xFF, 0x00,
        0xFF, 0xFF, 0xFF, 0x00, 0xFF, 0xFF, 0xFF, 0x00, 0xFF, 0xFF, 0xFF, 0x00,
        0xFF, 0xFF, 0xFF, 0x00, 0xFF, 0xFF, 0xFF, 0x00, 0xFF, 0xFF, 0xFF, 0x00,
        0xFF, 0xFF, 0xFF, 0x00, 0xFF, 0xFF, 0xFF, 0x00, 0xFF, 0xFF, 0xFF, 0x00,
        0xFF, 0xFF, 0xFF, 0x00, 0xFF, 0xFF, 0xFF, 0x00, 0xFF, 0xFF, 0xFF, 0x00,
        0xFF, 0xFF, 0xFF, 0x00, 0xFF, 0xFF, 0xFF, 0x00, 0xFF, 0xFF, 0xFF, 0x00,
        0xFF, 0xFF, 0xFF, 0x00, 0xFF, 0xFF, 0xFF, 0x00, 0xFF, 0xFF, 0xFF, 0x00,
        0xFF, 0xFF, 0xFF, 0x00, 0xFF, 0xFF, 0xFF, 0x00, 0xFF, 0xFF, 0xFF, 0x00,
        0xFF, 0xFF, 0xFF, 0x00, 0xFF, 0xFF, 0xFF, 0x00, 0xFF, 0xFF, 0xFF, 0x00,
        0xFF, 0xFF, 0xFF, 0x00, 0xFF, 0xFF, 0xFF, 0x00, 0xFF, 0xFF, 0xFF, 0x00,
        0xFF, 0xFF, 0xFF, 0x00, 0xFF, 0xFF, 0xFF, 0x00, 0xFF, 0xFF, 0xFF, 0x00,
        0xFF, 0xFF, 0xFF, 0x00, 0xFF, 0xFF, 0xFF, 0x00, 0xFF, 0xFF, 0xFF, 0x00,
        0xFF, 0xFF, 0xFF, 0x00, 0xFF, 0xFF, 0xFF, 0x00, 0xFF, 0xFF, 0xFF, 0x00,
        0xFF, 0xFF, 0xFF, 0x00, 0xFF, 0xFF, 0xFF, 0x00, 0xFF, 0xFF, 0xFF, 0x00,
        0xFF, 0xFF, 0xFF, 0x00, 0xFF, 0xFF, 0xFF, 0x00, 0xFF, 0xFF, 0xFF, 0x00,
        0xFF, 0xFF, 0xFF, 0x00, 0xFF, 0xFF, 0xFF, 0x00, 0xFF, 0xFF, 0xFF, 0x00,
        0xFF, 0xFF, 0xFF, 0x00, 0xFF, 0xFF, 0xFF, 0x00, 0xFF, 0xFF, 0xFF, 0x00,
        0xFF, 0xFF, 0xFF, 0x00, 0xFF, 0xFF, 0xFF, 0x00, 0xFF, 0xFF, 0xFF, 0x00,
        0xFF, 0xFF, 0xFF, 0x00, 0xFF, 0xFF, 0xFF, 0x00, 0xFF, 0xFF, 0xFF, 0x00,
        0xFF, 0xFF, 0xFF, 0x00, 0xFF, 0xFF, 0xFF, 0x00, 0xFF, 0xFF, 0xFF, 0x00,
        0xFF, 0xFF, 0xFF, 0x00, 0xFF, 0xFF, 0xFF, 0x00, 0xFF, 0xFF, 0xFF, 0x00,
        0xFF, 0xFF, 0xFF, 0x00, 0xFF, 0xFF, 0xFF, 0x00, 0xFF, 0xFF, 0xFF, 0x00,
        0xFF, 0xFF, 0xFF, 0x00, 0xFF, 0xFF, 0xFF, 0x00, 0xFF, 0xFF, 0xFF, 0x00,
        0xFF, 0xFF, 0xFF, 0x00, 0xFF, 0xFF, 0xFF, 0x00, 0xFF, 0xFF, 0xFF, 0x00,
        0xFF, 0xFF, 0xFF, 0x00, 0xFF, 0xFF, 0xFF, 0x00, 0xFF, 0xFF, 0xFF, 0x00,
        0xFF, 0xFF, 0xFF, 0x00, 0xFF, 0xFF, 0xFF, 0x00, 0xFF, 0xFF, 0xFF, 0x00,
        0xFF, 0xFF, 0xFF, 0x00, 0xFF, 0xFF, 0xFF, 0x00, 0xFF, 0xFF, 0xFF, 0x00,
        0xFF, 0xFF, 0xFF, 0x00, 0xFF, 0xFF, 0xFF, 0x00, 0xFF, 0xFF, 0xFF, 0x00,
        0xFF, 0xFF, 0xFF, 0x00, 0xFF, 0xFF, 0xFF, 0x00, 0xFF, 0xFF, 0xFF, 0x00,
        0xFF, 0xFF, 0xFF, 0x00, 0xFF, 0xFF, 0xFF, 0x00, 0xFF, 0xFF, 0xFF, 0x00,
        0xFF, 0xFF, 0xFF, 0x00, 0xFF, 0xFF, 0xFF, 0x00, 0xFF, 0xFF, 0xFF, 0x00,
        0xFF, 0xFF, 0xFF, 0x00, 0xFF, 0xFF, 0xFF, 0x00, 0xFF, 0xFF, 0xFF, 0x00,
        0xFF, 0xFF, 0xFF, 0x00, 0xFF, 0xFF, 0xFF, 0x00, 0xFF, 0xFF, 0xFF, 0x00,
        0xFF, 0xFF, 0xFF, 0x00, 0xFF, 0xFF, 0xFF, 0x00, 0xFF, 0xFF, 0xFF, 0x00,
        0xFF, 0xFF, 0xFF, 0x00, 0xFF, 0xFF, 0xFF, 0x00, 0xFF, 0xFF, 0xFF, 0x00,
        0xFF, 0xFF, 0xFF, 0x00, 0xFF, 0xFF, 0xFF, 0x00, 0xFF, 0xFF, 0xFF, 0x00,
        0xFF, 0xFF, 0xFF, 0x00, 0xFF, 0xFF, 0xFF, 0x00, 0xFF, 0xFF, 0xFF, 0x00,
        0xFF, 0xFF, 0xFF, 0x00, 0xFF, 0xFF, 0xFF, 0x00, 0xFF, 0xFF, 0xFF, 0x00,
        0xFF, 0xFF, 0xFF, 0x00, 0xFF, 0xFF, 0xFF, 0x00, 0xFF, 0xFF, 0xFF, 0x00,
        0xFF, 0xFF, 0xFF, 0x00, 0xFF, 0xFF, 0xFF, 0x00, 0xFF, 0xFF, 0xFF, 0x00,
        0xFF, 0xFF, 0xFF, 0x00, 0xFF, 0xFF, 0xFF, 0x00, 0xFF, 0xFF, 0xFF, 0x00,
        0xFF, 0xFF, 0xFF, 0x00, 0xFF, 0xFF, 0xFF, 0x00, 0xFF, 0xFF, 0xFF, 0x00,
        0xFF, 0xFF, 0xFF, 0x00, 0xFF, 0xFF, 0xFF, 0x00, 0xFF, 0xFF, 0xFF, 0x00,
        0xFF, 0xFF, 0xFF, 0x00, 0xFF, 0xFF, 0xFF, 0x00, 0xFF, 0xFF, 0xFF, 0x00,
        0xFF, 0xFF, 0xFF, 0x00, 0xFF, 0xFF, 0xFF, 0x00, 0xFF, 0xFF, 0xFF, 0x00,
        0xFF, 0xFF, 0xFF, 0x00, 0xFF, 0xFF, 0xFF, 0x00, 0xFF, 0xFF, 0xFF, 0x00,
        0xFF, 0xFF, 0xFF, 0x00, 0xFF, 0xFF, 0xFF, 0x00, 0xFF, 0xFF, 0xFF, 0x00,
        0xFF, 0xFF, 0xFF, 0x00, 0xFF, 0xFF, 0xFF, 0x00, 0xFF, 0xFF, 0xFF, 0x00,
        0xFF, 0xFF, 0xFF, 0x00, 0xFF, 0xFF, 0xFF, 0x00, 0xFF, 0xFF, 0xFF, 0x00,
        0xFF, 0xFF, 0xFF, 0x00, 0xFF, 0xFF, 0xFF, 0x00, 0xFF, 0xFF, 0xFF, 0x00,
        0xFF, 0xFF, 0xFF, 0x00, 0xFF, 0xFF, 0xFF, 0x00, 0xFF, 0xFF, 0xFF, 0x00,
        0xFF, 0xFF, 0xFF, 0x00, 0xFF, 0xFF, 0xFF, 0x00, 0xFF, 0xFF, 0xFF, 0x00,
        0xFF, 0xFF, 0xFF, 0x00, 0xFF, 0xFF, 0xFF, 0x00, 0xFF, 0xFF, 0xFF, 0x00,
        0xFF, 0xFF, 0xFF, 0x00, 0xFF, 0xFF, 0xFF, 0x00, 0xFF, 0xFF, 0xFF, 0x00,
        0xFF, 0xFF, 0xFF, 0x00, 0xFF, 0xFF, 0xFF, 0x00, 0xFF, 0xFF, 0xFF, 0x00,
        0xFF, 0xFF, 0xFF, 0x00, 0xFF, 0xFF, 0xFF, 0x00, 0xFF, 0xFF, 0xFF, 0x00,
        0xFF, 0xFF, 0xFF, 0x00, 0xFF, 0xFF, 0xFF, 0x00, 0xFF, 0xFF, 0xFF, 0x00,
        0xFF, 0xFF, 0xFF, 0x00, 0xFF, 0xFF, 0xFF, 0x00, 0xFF, 0xFF, 0xFF, 0x00,
        0xFF, 0xFF, 0xFF, 0x00, 0xFF, 0xFF, 0xFF, 0x00, 0xFF, 0xFF, 0xFF, 0x00,
        0xFF, 0xFF, 0xFF, 0x00, 0xFF, 0xFF, 0xFF, 0x00, 0xFF, 0xFF, 0xFF, 0x00,
        0xFF, 0xFF, 0xFF, 0x00, 0xFF, 0xFF, 0xFF, 0x00, 0xFF, 0xFF, 0xFF, 0x00,
        0xFF, 0xFF, 0xFF, 0x00, 0xFF, 0xFF, 0xFF, 0x00, 0xFF, 0xFF, 0xFF, 0x00,
        0xFF, 0xFF, 0xFF, 0x00, 0xFF, 0xFF, 0xFF, 0x00, 0xFF, 0xFF, 0xFF, 0x00,
        0xFF, 0xFF, 0xFF, 0x00, 0xFF, 0xFF, 0xFF, 0x00, 0xFF, 0xFF, 0xFF, 0x00,
        0xFF, 0xFF, 0xFF, 0x00, 0xFF, 0xFF, 0xFF, 0x00, 0xFF, 0xFF, 0xFF, 0x00,
        0xFF, 0xFF, 0xFF, 0x00, 0xFF, 0xFF, 0xFF, 0x00, 0xFF, 0xFF, 0xFF, 0x00,
        0xFF, 0xFF, 0xFF, 0x00, 0xFF, 0xFF, 0xFF, 0x00, 0xFF, 0xFF, 0xFF, 0x00,
        0xFF, 0xFF, 0xFF, 0x00, 0x5B, 0x5B, 0x5B, 0x26, 0x5B, 0x5B, 0x5B, 0x76,
        0x5B, 0x5B, 0x5B, 0xBC, 0x5B, 0x5B, 0x5B, 0xE6, 0x5B, 0x5B, 0x5B, 0xF9,
        0x5B, 0x5B, 0x5B, 0xFF, 0x5A, 0x5A, 0x5A, 0xFF, 0x5A, 0x5A, 0x5A, 0xFF,
        0x5A, 0x5A, 0x5A, 0xFF, 0x5A, 0x5A, 0x5A, 0xFF, 0x5A, 0x5A, 0x5A, 0xFF,
        0x5A, 0x5A, 0x5A, 0xFF, 0x5A, 0x5A, 0x5A, 0xFF, 0x5A, 0x5A, 0x5A, 0xFF,
        0x5A, 0x5A, 0x5A, 0xFF, 0x5A, 0x5A, 0x5A, 0xFF, 0x5A, 0x5A, 0x5A, 0xFF,
        0x5A, 0x5A, 0x5A, 0xFF, 0x5A, 0x5A, 0x5A, 0xFF, 0x5A, 0x5A, 0x5A, 0xFF,
        0x5A, 0x5A, 0x5A, 0xFF, 0x5A, 0x5A, 0x5A, 0xFF, 0x5A, 0x5A, 0x5A, 0xFF,
        0x5A, 0x5A, 0x5A, 0xFF, 0x5A, 0x5A, 0x5A, 0xFF, 0x5A, 0x5A, 0x5A, 0xFF,
        0x5A, 0x5A, 0x5A, 0xFF, 0x5A, 0x5A, 0x5A, 0xFF, 0x5A, 0x5A, 0x5A, 0xFF,
        0x5A, 0x5A, 0x5A, 0xFF, 0x5A, 0x5A, 0x5A, 0xFF, 0x5A, 0x5A, 0x5A, 0xFF,
        0x5A, 0x5A, 0x5A, 0xFF, 0x5A, 0x5A, 0x5A, 0xFF, 0x5A, 0x5A, 0x5A, 0xFF,
        0x5A, 0x5A, 0x5A, 0xFF, 0x5B, 0x5B, 0x5B, 0xFF, 0x5B, 0x5B, 0x5B, 0xF9,
        0x5B, 0x5B, 0x5B, 0xE6, 0x5B, 0x5B, 0x5B, 0xBC, 0x5B, 0x5B, 0x5B, 0x76,
        0x5B, 0x5B, 0x5B, 0x26, 0xFF, 0xFF, 0xFF, 0x00, 0xFF, 0xFF, 0xFF, 0x00,
        0xFF, 0xFF, 0xFF, 0x00, 0xFF, 0xFF, 0xFF, 0x00, 0xFF, 0xFF, 0xFF, 0x00,
        0xFF, 0xFF, 0xFF, 0x00, 0xFF, 0xFF, 0xFF, 0x00, 0xFF, 0xFF, 0xFF, 0x00,
        0xFF, 0xFF, 0xFF, 0x00, 0xFF, 0xFF, 0xFF, 0x00, 0xFF, 0xFF, 0xFF, 0x00,
        0xFF, 0xFF, 0xFF, 0x00, 0xFF, 0xFF, 0xFF, 0x00, 0xFF, 0xFF, 0xFF, 0x00,
        0xFF, 0xFF, 0xFF, 0x00, 0xFF, 0xFF, 0xFF, 0x00, 0xFF, 0xFF, 0xFF, 0x00,
        0xFF, 0xFF, 0xFF, 0x00, 0xFF, 0xFF, 0xFF, 0x00, 0xFF, 0xFF, 0xFF, 0x00,
        0xFF, 0xFF, 0xFF, 0x00, 0xFF, 0xFF, 0xFF, 0x00, 0x87, 0x87, 0x87, 0x26,
        0x87, 0x87, 0x87, 0x76, 0x87, 0x87, 0x87, 0xBC, 0x85, 0x85, 0x85, 0xE6,
        0x83, 0x83, 0x83, 0xF9, 0x82, 0x82, 0x82, 0xFF, 0x82, 0x82, 0x82, 0xFF,
        0x81, 0x81, 0x81, 0xFF, 0x81, 0x81, 0x81, 0xFF, 0x81, 0x81, 0x81, 0xFF,
        0x81, 0x81, 0x81, 0xFF, 0x81, 0x81, 0x81, 0xFF, 0x81, 0x81, 0x81, 0xFF,
        0x81, 0x81, 0x81, 0xFF, 0x81, 0x81, 0x81, 0xFF, 0x81, 0x81, 0x81, 0xFF,
        0x81, 0x81, 0x81, 0xFF, 0x81, 0x81, 0x81, 0xFF, 0x81, 0x81, 0x81, 0xFF,
        0x81, 0x81, 0x81, 0xFF, 0x81, 0x81, 0x81, 0xFF, 0x81, 0x81, 0x81, 0xFF,
        0x81, 0x81, 0x81, 0xFF, 0x81, 0x81, 0x81, 0xFF, 0x81, 0x81, 0x81, 0xFF,
        0x81, 0x81, 0x81, 0xFF, 0x81, 0x81, 0x81, 0xFF, 0x81, 0x81, 0x81, 0xFF,
        0x81, 0x81, 0x81, 0xFF, 0x81, 0x81, 0x81, 0xFF, 0x81, 0x81, 0x81, 0xFF,
        0x81, 0x81, 0x81, 0xFF, 0x81, 0x81, 0x81, 0xFF, 0x81, 0x81, 0x81, 0xFF,
        0x81, 0x81, 0x81, 0xFF, 0x82, 0x82, 0x82, 0xFF, 0x82, 0x82, 0x82, 0xFF,
        0x83, 0x83, 0x83, 0xF9, 0x85, 0x85, 0x85, 0xE6, 0x87, 0x87, 0x87, 0xBC,
        0x87, 0x87, 0x87, 0x76, 0x87, 0x87, 0x87, 0x26, 0xFF, 0xFF, 0xFF, 0x00,
        0xFF, 0xFF, 0xFF, 0x00, 0xFF, 0xFF, 0xFF, 0x00, 0xFF, 0xFF, 0xFF, 0x00,
        0xFF, 0xFF, 0xFF, 0x00, 0xFF, 0xFF, 0xFF, 0x00, 0xFF, 0xFF, 0xFF, 0x00,
        0xFF, 0xFF, 0xFF, 0x00, 0xFF, 0xFF, 0xFF, 0x00, 0xFF, 0xFF, 0xFF, 0x00,
        0xFF, 0xFF, 0xFF, 0x00, 0xFF, 0xFF, 0xFF, 0x00, 0xFF, 0xFF, 0xFF, 0x00,
        0xFF, 0xFF, 0xFF, 0x00, 0xFF, 0xFF, 0xFF, 0x00, 0xFF, 0xFF, 0xFF, 0x00,
        0xFF, 0xFF, 0xFF, 0x00, 0xFF, 0xFF, 0xFF, 0x00, 0xFF, 0xFF, 0xFF, 0x00,
        0xFF, 0xFF, 0xFF, 0x00, 0x5B, 0x5B, 0x5B, 0x3F, 0x5C, 0x5C, 0x5C, 0xC2,
        0x5B, 0x5B, 0x5B, 0xFF, 0x59, 0x59, 0x59, 0xFF, 0x57, 0x57, 0x57, 0xFF,
        0x55, 0x55, 0x55, 0xFF, 0x54, 0x54, 0x54, 0xFF, 0x54, 0x54, 0x54, 0xFF,
        0x54, 0x54, 0x54, 0xFF, 0x53, 0x53, 0x53, 0xFF, 0x53, 0x53, 0x53, 0xFF,
        0x53, 0x53, 0x53, 0xFF, 0x53, 0x53, 0x53, 0xFF, 0x53, 0x53, 0x53, 0xFF,
        0x53, 0x53, 0x53, 0xFF, 0x53, 0x53, 0x53, 0xFF, 0x53, 0x53, 0x53, 0xFF,
        0x53, 0x53, 0x53, 0xFF, 0x53, 0x53, 0x53, 0xFF, 0x53, 0x53, 0x53, 0xFF,
        0x53, 0x53, 0x53, 0xFF, 0x53, 0x53, 0x53, 0xFF, 0x53, 0x53, 0x53, 0xFF,
        0x53, 0x53, 0x53, 0xFF, 0x53, 0x53, 0x53, 0xFF, 0x53, 0x53, 0x53, 0xFF,
        0x53, 0x53, 0x53, 0xFF, 0x53, 0x53, 0x53, 0xFF, 0x53, 0x53, 0x53, 0xFF,
        0x53, 0x53, 0x53, 0xFF, 0x53, 0x53, 0x53, 0xFF, 0x53, 0x53, 0x53, 0xFF,
        0x53, 0x53, 0x53, 0xFF, 0x53, 0x53, 0x53, 0xFF, 0x53, 0x53, 0x53, 0xFF,
        0x53, 0x53, 0x53, 0xFF, 0x53, 0x53, 0x53, 0xFF, 0x54, 0x54, 0x54, 0xFF,
        0x54, 0x54, 0x54, 0xFF, 0x54, 0x54, 0x54, 0xFF, 0x55, 0x55, 0x55, 0xFF,
        0x57, 0x57, 0x57, 0xFF, 0x59, 0x59, 0x59, 0xFF, 0x5B, 0x5B, 0x5B, 0xFF,
        0x5C, 0x5C, 0x5C, 0xC2, 0x5B, 0x5B, 0x5B, 0x3F, 0xFF, 0xFF, 0xFF, 0x00,
        0xFF, 0xFF, 0xFF, 0x00, 0xFF, 0xFF, 0xFF, 0x00, 0xFF, 0xFF, 0xFF, 0x00,
        0xFF, 0xFF, 0xFF, 0x00, 0xFF, 0xFF, 0xFF, 0x00, 0xFF, 0xFF, 0xFF, 0x00,
        0xFF, 0xFF, 0xFF, 0x00, 0xFF, 0xFF, 0xFF, 0x00, 0xFF, 0xFF, 0xFF, 0x00,
        0xFF, 0xFF, 0xFF, 0x00, 0xFF, 0xFF, 0xFF, 0x00, 0xFF, 0xFF, 0xFF, 0x00,
        0xFF, 0xFF, 0xFF, 0x00, 0xFF, 0xFF, 0xFF, 0x00, 0xFF, 0xFF, 0xFF, 0x00,
        0xFF, 0xFF, 0xFF, 0x00, 0xFF, 0xFF, 0xFF, 0x00, 0x87, 0x87, 0x87, 0x3F,
        0x88, 0x88, 0x88, 0xC2, 0x84, 0x84, 0x84, 0xFF, 0x7E, 0x7E, 0x7E, 0xFF,
        0x7B, 0x7B, 0x7B, 0xFF, 0x77, 0x77, 0x77, 0xFF, 0x75, 0x75, 0x75, 0xFF,
        0x73, 0x73, 0x73, 0xFF, 0x73, 0x73, 0x73, 0xFF, 0x71, 0x71, 0x71, 0xFF,
        0x71, 0x71, 0x71, 0xFF, 0x70, 0x70, 0x70, 0xFF, 0x70, 0x70, 0x70, 0xFF,
        0x70, 0x70, 0x70, 0xFF, 0x70, 0x70, 0x70, 0xFF, 0x70, 0x70, 0x70, 0xFF,
        0x70, 0x70, 0x70, 0xFF, 0x70, 0x70, 0x70, 0xFF, 0x70, 0x70, 0x70, 0xFF,
        0x70, 0x70, 0x70, 0xFF, 0x70, 0x70, 0x70, 0xFF, 0x70, 0x70, 0x70, 0xFF,
        0x70, 0x70, 0x70, 0xFF, 0x70, 0x70, 0x70, 0xFF, 0x70, 0x70, 0x70, 0xFF,
        0x70, 0x70, 0x70, 0xFF, 0x70, 0x70, 0x70, 0xFF, 0x70, 0x70, 0x70, 0xFF,
        0x70, 0x70, 0x70, 0xFF, 0x70, 0x70, 0x70, 0xFF, 0x70, 0x70, 0x70, 0xFF,
        0x70, 0x70, 0x70, 0xFF, 0x70, 0x70, 0x70, 0xFF, 0x70, 0x70, 0x70, 0xFF,
        0x70, 0x70, 0x70, 0xFF, 0x71, 0x71, 0x71, 0xFF, 0x71, 0x71, 0x71, 0xFF,
        0x73, 0x73, 0x73, 0xFF, 0x73, 0x73, 0x73, 0xFF, 0x75, 0x75, 0x75, 0xFF,
        0x77, 0x77, 0x77, 0xFF, 0x7B, 0x7B, 0x7B, 0xFF, 0x7E, 0x7E, 0x7E, 0xFF,
        0x84, 0x84, 0x84, 0xFF, 0x88, 0x88, 0x88, 0xC2, 0x87, 0x87, 0x87, 0x3F,
        0xFF, 0xFF, 0xFF, 0x00, 0xFF, 0xFF, 0xFF, 0x00, 0xFF, 0xFF, 0xFF, 0x00,
        0xFF, 0xFF, 0xFF, 0x00, 0xFF, 0xFF, 0xFF, 0x00, 0xFF, 0xFF, 0xFF, 0x00,
        0xFF, 0xFF, 0xFF, 0x00, 0xFF, 0xFF, 0xFF, 0x00, 0xFF, 0xFF, 0xFF, 0x00,
        0xFF, 0xFF, 0xFF, 0x00, 0xFF, 0xFF, 0xFF, 0x00, 0xFF, 0xFF, 0xFF, 0x00,
        0xFF, 0xFF, 0xFF, 0x00, 0xFF, 0xFF, 0xFF, 0x00, 0xFF, 0xFF, 0xFF, 0x00,
        0xFF, 0xFF, 0xFF, 0x00, 0x5A, 0x5A, 0x5A, 0x08, 0x5B, 0x5B, 0x5B, 0x98,
        0x5B, 0x5B, 0x5B, 0xFE, 0x57, 0x57, 0x57, 0xFF, 0x54, 0x54, 0x54, 0xFF,
        0x53, 0x53, 0x53, 0xFF, 0x50, 0x50, 0x50, 0xFF, 0x4E, 0x4E, 0x4E, 0xFF,
        0x4E, 0x4E, 0x4E, 0xFF, 0x4D, 0x4D, 0x4D, 0xFF, 0x4D, 0x4D, 0x4D, 0xFF,
        0x4D, 0x4D, 0x4D, 0xFF, 0x4D, 0x4D, 0x4D, 0xFF, 0x4D, 0x4D, 0x4D, 0xFF,
        0x4D, 0x4D, 0x4D, 0xFF, 0x4D, 0x4D, 0x4D, 0xFF, 0x4D, 0x4D, 0x4D, 0xFF,
        0x4D, 0x4D, 0x4D, 0xFF, 0x4D, 0x4D, 0x4D, 0xFF, 0x4D, 0x4D, 0x4D, 0xFF,
        0x4D, 0x4D, 0x4D, 0xFF, 0x4D, 0x4D, 0x4D, 0xFF, 0x4D, 0x4D, 0x4D, 0xFF,
        0x4D, 0x4D, 0x4D, 0xFF, 0x4D, 0x4D, 0x4D, 0xFF, 0x4D, 0x4D, 0x4D, 0xFF,
        0x4D, 0x4D, 0x4D, 0xFF, 0x4D, 0x4D, 0x4D, 0xFF, 0x4D, 0x4D, 0x4D, 0xFF,
        0x4D, 0x4D, 0x4D, 0xFF, 0x4D, 0x4D, 0x4D, 0xFF, 0x4D, 0x4D, 0x4D, 0xFF,
        0x4D, 0x4D, 0x4D, 0xFF, 0x4D, 0x4D, 0x4D, 0xFF, 0x4D, 0x4D, 0x4D, 0xFF,
        0x4D, 0x4D, 0x4D, 0xFF, 0x4D, 0x4D, 0x4D, 0xFF, 0x4D, 0x4D, 0x4D, 0xFF,
        0x4D, 0x4D, 0x4D, 0xFF, 0x4D, 0x4D, 0x4D, 0xFF, 0x4D, 0x4D, 0x4D, 0xFF,
        0x4E, 0x4E, 0x4E, 0xFF, 0x4E, 0x4E, 0x4E, 0xFF, 0x50, 0x50, 0x50, 0xFF,
        0x53, 0x53, 0x53, 0xFF, 0x54, 0x54, 0x54, 0xFF, 0x57, 0x57, 0x57, 0xFF,
        0x5B, 0x5B, 0x5B, 0xFE, 0x5B, 0x5B, 0x5B, 0x98, 0x5A, 0x5A, 0x5A, 0x08,
        0xFF, 0xFF, 0xFF, 0x00, 0xFF, 0xFF, 0xFF, 0x00, 0xFF, 0xFF, 0xFF, 0x00,
        0xFF, 0xFF, 0xFF, 0x00, 0xFF, 0xFF, 0xFF, 0x00, 0xFF, 0xFF, 0xFF, 0x00,
        0xFF, 0xFF, 0xFF, 0x00, 0xFF, 0xFF, 0xFF, 0x00, 0xFF, 0xFF, 0xFF, 0x00,
        0xFF, 0xFF, 0xFF, 0x00, 0xFF, 0xFF, 0xFF, 0x00, 0xFF, 0xFF, 0xFF, 0x00,
        0xFF, 0xFF, 0xFF, 0x00, 0xFF, 0xFF, 0xFF, 0x00, 0x86, 0x86, 0x86, 0x08,
        0x87, 0x87, 0x87, 0x98, 0x84, 0x84, 0x84, 0xFE, 0x7D, 0x7D, 0x7D, 0xFF,
        0x76, 0x76, 0x76, 0xFF, 0x71, 0x71, 0x71, 0xFF, 0x6C, 0x6C, 0x6C, 0xFF,
        0x69, 0x69, 0x69, 0xFF, 0x67, 0x67, 0x67, 0xFF, 0x64, 0x64, 0x64, 0xFF,
        0x64, 0x64, 0x64, 0xFF, 0x64, 0x64, 0x64, 0xFF, 0x63, 0x63, 0x63, 0xFF,
        0x63, 0x63, 0x63, 0xFF, 0x63, 0x63, 0x63, 0xFF, 0x63, 0x63, 0x63, 0xFF,
        0x63, 0x63, 0x63, 0xFF, 0x63, 0x63, 0x63, 0xFF, 0x63, 0x63, 0x63, 0xFF,
        0x63, 0x63, 0x63, 0xFF, 0x63, 0x63, 0x63, 0xFF, 0x63, 0x63, 0x63, 0xFF,
        0x63, 0x63, 0x63, 0xFF, 0x63, 0x63, 0x63, 0xFF, 0x63, 0x63, 0x63, 0xFF,
        0x63, 0x63, 0x63, 0xFF, 0x63, 0x63, 0x63, 0xFF, 0x63, 0x63, 0x63, 0xFF,
        0x63, 0x63, 0x63, 0xFF, 0x63, 0x63, 0x63, 0xFF, 0x63, 0x63, 0x63, 0xFF,
        0x63, 0x63, 0x63, 0xFF, 0x63, 0x63, 0x63, 0xFF, 0x63, 0x63, 0x63, 0xFF,
        0x63, 0x63, 0x63, 0xFF, 0x63, 0x63, 0x63, 0xFF, 0x63, 0x63, 0x63, 0xFF,
        0x63, 0x63, 0x63, 0xFF, 0x64, 0x64, 0x64, 0xFF, 0x64, 0x64, 0x64, 0xFF,
        0x64, 0x64, 0x64, 0xFF, 0x67, 0x67, 0x67, 0xFF, 0x69, 0x69, 0x69, 0xFF,
        0x6C, 0x6C, 0x6C, 0xFF, 0x71, 0x71, 0x71, 0xFF, 0x76, 0x76, 0x76, 0xFF,
        0x7D, 0x7D, 0x7D, 0xFF, 0x84, 0x84, 0x84, 0xFE, 0x87, 0x87, 0x87, 0x98,
        0x86, 0x86, 0x86, 0x08, 0xFF, 0xFF, 0xFF, 0x00, 0xFF, 0xFF, 0xFF, 0x00,
        0xFF, 0xFF, 0xFF, 0x00, 0xFF, 0xFF, 0xFF, 0x00, 0xFF, 0xFF, 0xFF, 0x00,
        0xFF, 0xFF, 0xFF, 0x00, 0xFF, 0xFF, 0xFF, 0x00, 0xFF, 0xFF, 0xFF, 0x00,
        0xFF, 0xFF, 0xFF, 0x00, 0xFF, 0xFF, 0xFF, 0x00, 0xFF, 0xFF, 0xFF, 0x00,
        0xFF, 0xFF, 0xFF, 0x00, 0xFF, 0xFF, 0xFF, 0x00, 0x5A, 0x5A, 0x5A, 0x12,
        0x5B, 0x5B, 0x5B, 0xC6, 0x59, 0x59, 0x59, 0xFF, 0x55, 0x55, 0x55, 0xFF,
        0x52, 0x52, 0x52, 0xFF, 0x4F, 0x4F, 0x4F, 0xFF, 0x4E, 0x4E, 0x4E, 0xFF,
        0x4D, 0x4D, 0x4D, 0xFF, 0x4C, 0x4C, 0x4C, 0xFF, 0x4C, 0x4C, 0x4C, 0xFF,
        0x4B, 0x4B, 0x4B, 0xFF, 0x4B, 0x4B, 0x4B, 0xFF, 0x4B, 0x4B, 0x4B, 0xFF,
        0x4B, 0x4B, 0x4B, 0xFF, 0x4B, 0x4B, 0x4B, 0xFF, 0x4B, 0x4B, 0x4B, 0xFF,
        0x4B, 0x4B, 0x4B, 0xFF, 0x4B, 0x4B, 0x4B, 0xFF, 0x4B, 0x4B, 0x4B, 0xFF,
        0x4B, 0x4B, 0x4B, 0xFF, 0x4B, 0x4B, 0x4B, 0xFF, 0x4B, 0x4B, 0x4B, 0xFF,
        0x4B, 0x4B, 0x4B, 0xFF, 0x4B, 0x4B, 0x4B, 0xFF, 0x4B, 0x4B, 0x4B, 0xFF,
        0x4B, 0x4B, 0x4B, 0xFF, 0x4B, 0x4B, 0x4B, 0xFF, 0x4B, 0x4B, 0x4B, 0xFF,
        0x4B, 0x4B, 0x4B, 0xFF, 0x4B, 0x4B, 0x4B, 0xFF, 0x4B, 0x4B, 0x4B, 0xFF,
        0x4B, 0x4B, 0x4B, 0xFF, 0x4B, 0x4B, 0x4B, 0xFF, 0x4B, 0x4B, 0x4B, 0xFF,
        0x4B, 0x4B, 0x4B, 0xFF, 0x4B, 0x4B, 0x4B, 0xFF, 0x4B, 0x4B, 0x4B, 0xFF,
        0x4B, 0x4B, 0x4B, 0xFF, 0x4B, 0x4B, 0x4B, 0xFF, 0x4B, 0x4B, 0x4B, 0xFF,
        0x4B, 0x4B, 0x4B, 0xFF, 0x4B, 0x4B, 0x4B, 0xFF, 0x4C, 0x4C, 0x4C, 0xFF,
        0x4C, 0x4C, 0x4C, 0xFF, 0x4D, 0x4D, 0x4D, 0xFF, 0x4E, 0x4E, 0x4E, 0xFF,
        0x4F, 0x4F, 0x4F, 0xFF, 0x52, 0x52, 0x52, 0xFF, 0x55, 0x55, 0x55, 0xFF,
        0x59, 0x59, 0x59, 0xFF, 0x5B, 0x5B, 0x5B, 0xC6, 0x5A, 0x5A, 0x5A, 0x12,
        0xFF, 0xFF, 0xFF, 0x00, 0xFF, 0xFF, 0xFF, 0x00, 0xFF, 0xFF, 0xFF, 0x00,
        0xFF, 0xFF, 0xFF, 0x00, 0xFF, 0xFF, 0xFF, 0x00, 0xFF, 0xFF, 0xFF, 0x00,
        0xFF, 0xFF, 0xFF, 0x00, 0xFF, 0xFF, 0xFF, 0x00, 0xFF, 0xFF, 0xFF, 0x00,
        0xFF, 0xFF, 0xFF, 0x00, 0xFF, 0xFF, 0xFF, 0x00, 0xFF, 0xFF, 0xFF, 0x00,
        0x86, 0x86, 0x86, 0x12, 0x86, 0x86, 0x86, 0xC6, 0x81, 0x81, 0x81, 0xFF,
        0x78, 0x78, 0x78, 0xFF, 0x70, 0x70, 0x70, 0xFF, 0x6A, 0x6A, 0x6A, 0xFF,
        0x64, 0x64, 0x64, 0xFF, 0x62, 0x62, 0x62, 0xFF, 0x5E, 0x5E, 0x5E, 0xFF,
        0x5C, 0x5C, 0x5C, 0xFF, 0x5C, 0x5C, 0x5C, 0xFF, 0x5B, 0x5B, 0x5B, 0xFF,
        0x5A, 0x5A, 0x5A, 0xFF, 0x5A, 0x5A, 0x5A, 0xFF, 0x5A, 0x5A, 0x5A, 0xFF,
        0x5A, 0x5A, 0x5A, 0xFF, 0x5A, 0x5A, 0x5A, 0xFF, 0x5A, 0x5A, 0x5A, 0xFF,
        0x5A, 0x5A, 0x5A, 0xFF, 0x5A, 0x5A, 0x5A, 0xFF, 0x5A, 0x5A, 0x5A, 0xFF,
        0x5A, 0x5A, 0x5A, 0xFF, 0x5A, 0x5A, 0x5A, 0xFF, 0x5A, 0x5A, 0x5A, 0xFF,
        0x5A, 0x5A, 0x5A, 0xFF, 0x5A, 0x5A, 0x5A, 0xFF, 0x5A, 0x5A, 0x5A, 0xFF,
        0x5A, 0x5A, 0x5A, 0xFF, 0x5A, 0x5A, 0x5A, 0xFF, 0x5A, 0x5A, 0x5A, 0xFF,
        0x5A, 0x5A, 0x5A, 0xFF, 0x5A, 0x5A, 0x5A, 0xFF, 0x5A, 0x5A, 0x5A, 0xFF,
        0x5A, 0x5A, 0x5A, 0xFF, 0x5A, 0x5A, 0x5A, 0xFF, 0x5A, 0x5A, 0x5A, 0xFF,
        0x5A, 0x5A, 0x5A, 0xFF, 0x5A, 0x5A, 0x5A, 0xFF, 0x5A, 0x5A, 0x5A, 0xFF,
        0x5A, 0x5A, 0x5A, 0xFF, 0x5B, 0x5B, 0x5B, 0xFF, 0x5C, 0x5C, 0x5C, 0xFF,
        0x5C, 0x5C, 0x5C, 0xFF, 0x5E, 0x5E, 0x5E, 0xFF, 0x62, 0x62, 0x62, 0xFF,
        0x64, 0x64, 0x64, 0xFF, 0x6A, 0x6A, 0x6A, 0xFF, 0x70, 0x70, 0x70, 0xFF,
        0x78, 0x78, 0x78, 0xFF, 0x81, 0x81, 0x81, 0xFF, 0x86, 0x86, 0x86, 0xC6,
        0x86, 0x86, 0x86, 0x12, 0xFF, 0xFF, 0xFF, 0x00, 0xFF, 0xFF, 0xFF, 0x00,
        0xFF, 0xFF, 0xFF, 0x00, 0xFF, 0xFF, 0xFF, 0x00, 0xFF, 0xFF, 0xFF, 0x00,
        0xFF, 0xFF, 0xFF, 0x00, 0xFF, 0xFF, 0xFF, 0x00, 0xFF, 0xFF, 0xFF, 0x00,
        0xFF, 0xFF, 0xFF, 0x00, 0xFF, 0xFF, 0xFF, 0x00, 0xFF, 0xFF, 0xFF, 0x00,
        0x5A, 0x5A, 0x5A, 0x0A, 0x5A, 0x5A, 0x5A, 0xC8, 0x59, 0x59, 0x59, 0xFF,
        0x55, 0x55, 0x55, 0xFF, 0x51, 0x51, 0x51, 0xFF, 0x4F, 0x4F, 0x4F, 0xFF,
        0x4D, 0x4D, 0x4D, 0xFF, 0x4C, 0x4C, 0x4C, 0xFF, 0x4C, 0x4C, 0x4C, 0xFF,
        0x4B, 0x4B, 0x4B, 0xFF, 0x4B, 0x4B, 0x4B, 0xFF, 0x4B, 0x4B, 0x4B, 0xFF,
        0x4B, 0x4B, 0x4B, 0xFF, 0x4B, 0x4B, 0x4B, 0xFF, 0x4B, 0x4B, 0x4B, 0xFF,
        0x4B, 0x4B, 0x4B, 0xFF, 0x4B, 0x4B, 0x4B, 0xFF, 0x4B, 0x4B, 0x4B, 0xFF,
        0x4B, 0x4B, 0x4B, 0xFF, 0x4B, 0x4B, 0x4B, 0xFF, 0x4B, 0x4B, 0x4B, 0xFF,
        0x4B, 0x4B, 0x4B, 0xFF, 0x4B, 0x4B, 0x4B, 0xFF, 0x4B, 0x4B, 0x4B, 0xFF,
        0x4B, 0x4B, 0x4B, 0xFF, 0x4B, 0x4B, 0x4B, 0xFF, 0x4B, 0x4B, 0x4B, 0xFF,
        0x4B, 0x4B, 0x4B, 0xFF, 0x4B, 0x4B, 0x4B, 0xFF, 0x4B, 0x4B, 0x4B, 0xFF,
        0x4B, 0x4B, 0x4B, 0xFF, 0x4B, 0x4B, 0x4B, 0xFF, 0x4B, 0x4B, 0x4B, 0xFF,
        0x4B, 0x4B, 0x4B, 0xFF, 0x4B, 0x4B, 0x4B, 0xFF, 0x4B, 0x4B, 0x4B, 0xFF,
        0x4B, 0x4B, 0x4B, 0xFF, 0x4B, 0x4B, 0x4B, 0xFF, 0x4B, 0x4B, 0x4B, 0xFF,
        0x4B, 0x4B, 0x4B, 0xFF, 0x4B, 0x4B, 0x4B, 0xFF, 0x4B, 0x4B, 0x4B, 0xFF,
        0x4B, 0x4B, 0x4B, 0xFF, 0x4B, 0x4B, 0x4B, 0xFF, 0x4B, 0x4B, 0x4B, 0xFF,
        0x4C, 0x4C, 0x4C, 0xFF, 0x4C, 0x4C, 0x4C, 0xFF, 0x4D, 0x4D, 0x4D, 0xFF,
        0x4F, 0x4F, 0x4F, 0xFF, 0x51, 0x51, 0x51, 0xFF, 0x55, 0x55, 0x55, 0xFF,
        0x59, 0x59, 0x59, 0xFF, 0x5A, 0x5A, 0x5A, 0xC8, 0x5A, 0x5A, 0x5A, 0x0A,
        0xFF, 0xFF, 0xFF, 0x00, 0xFF, 0xFF, 0xFF, 0x00, 0xFF, 0xFF, 0xFF, 0x00,
        0xFF, 0xFF, 0xFF, 0x00, 0xFF, 0xFF, 0xFF, 0x00, 0xFF, 0xFF, 0xFF, 0x00,
        0xFF, 0xFF, 0xFF, 0x00, 0xFF, 0xFF, 0xFF, 0x00, 0xFF, 0xFF, 0xFF, 0x00,
        0xFF, 0xFF, 0xFF, 0x00, 0x86, 0x86, 0x86, 0x0A, 0x86, 0x86, 0x86, 0xC8,
        0x7F, 0x7F, 0x7F, 0xFF, 0x76, 0x76, 0x76, 0xFF, 0x6D, 0x6D, 0x6D, 0xFF,
        0x65, 0x65, 0x65, 0xFF, 0x5F, 0x5F, 0x5F, 0xFF, 0x5C, 0x5C, 0x5C, 0xFF,
        0x5A, 0x5A, 0x5A, 0xFF, 0x57, 0x57, 0x57, 0xFF, 0x56, 0x56, 0x56, 0xFF,
        0x55, 0x55, 0x55, 0xFF, 0x55, 0x55, 0x55, 0xFF, 0x55, 0x55, 0x55, 0xFF,
        0x54, 0x54, 0x54, 0xFF, 0x54, 0x54, 0x54, 0xFF, 0x54, 0x54, 0x54, 0xFF,
        0x54, 0x54, 0x54, 0xFF, 0x54, 0x54, 0x54, 0xFF, 0x54, 0x54, 0x54, 0xFF,
        0x54, 0x54, 0x54, 0xFF, 0x54, 0x54, 0x54, 0xFF, 0x54, 0x54, 0x54, 0xFF,
        0x54, 0x54, 0x54, 0xFF, 0x54, 0x54, 0x54, 0xFF, 0x54, 0x54, 0x54, 0xFF,
        0x54, 0x54, 0x54, 0xFF, 0x54, 0x54, 0x54, 0xFF, 0x54, 0x54, 0x54, 0xFF,
        0x54, 0x54, 0x54, 0xFF, 0x54, 0x54, 0x54, 0xFF, 0x54, 0x54, 0x54, 0xFF,
        0x54, 0x54, 0x54, 0xFF, 0x54, 0x54, 0x54, 0xFF, 0x54, 0x54, 0x54, 0xFF,
        0x54, 0x54, 0x54, 0xFF, 0x54, 0x54, 0x54, 0xFF, 0x54, 0x54, 0x54, 0xFF,
        0x54, 0x54, 0x54, 0xFF, 0x54, 0x54, 0x54, 0xFF, 0x55, 0x55, 0x55, 0xFF,
        0x55, 0x55, 0x55, 0xFF, 0x55, 0x55, 0x55, 0xFF, 0x56, 0x56, 0x56, 0xFF,
        0x57, 0x57, 0x57, 0xFF, 0x5A, 0x5A, 0x5A, 0xFF, 0x5C, 0x5C, 0x5C, 0xFF,
        0x5F, 0x5F, 0x5F, 0xFF, 0x65, 0x65, 0x65, 0xFF, 0x6D, 0x6D, 0x6D, 0xFF,
        0x76, 0x76, 0x76, 0xFF, 0x7F, 0x7F, 0x7F, 0xFF, 0x86, 0x86, 0x86, 0xC8,
        0x86, 0x86, 0x86, 0x0A, 0xFF, 0xFF, 0xFF, 0x00, 0xFF, 0xFF, 0xFF, 0x00,
        0xFF, 0xFF, 0xFF, 0x00, 0xFF, 0xFF, 0xFF, 0x00, 0xFF, 0xFF, 0xFF, 0x00,
        0xFF, 0xFF, 0xFF, 0x00, 0xFF, 0xFF, 0xFF, 0x00, 0xFF, 0xFF, 0xFF, 0x00,
        0xFF, 0xFF, 0xFF, 0x00, 0xFF, 0xFF, 0xFF, 0x00, 0x5B, 0x5B, 0x5B, 0x9B,
        0x5A, 0x5A, 0x5A, 0xFF, 0x56, 0x56, 0x56, 0xFF, 0x53, 0x53, 0x53, 0xFF,
        0x51, 0x51, 0x51, 0xFF, 0x4E, 0x4E, 0x4E, 0xFF, 0x4D, 0x4D, 0x4D, 0xFF,
        0x4D, 0x4D, 0x4D, 0xFF, 0x4D, 0x4D, 0x4D, 0xFF, 0x4D, 0x4D, 0x4D, 0xFF,
        0x4D, 0x4D, 0x4D, 0xFF, 0x4D, 0x4D, 0x4D, 0xFF, 0x4D, 0x4D, 0x4D, 0xFF,
        0x4D, 0x4D, 0x4D, 0xFF, 0x4D, 0x4D, 0x4D, 0xFF, 0x4D, 0x4D, 0x4D, 0xFF,
        0x4D, 0x4D, 0x4D, 0xFF, 0x4D, 0x4D, 0x4D, 0xFF, 0x4D, 0x4D, 0x4D, 0xFF,
        0x4D, 0x4D, 0x4D, 0xFF, 0x4D, 0x4D, 0x4D, 0xFF, 0x4D, 0x4D, 0x4D, 0xFF,
        0x4D, 0x4D, 0x4D, 0xFF, 0x4D, 0x4D, 0x4D, 0xFF, 0x4D, 0x4D, 0x4D, 0xFF,
        0x4D, 0x4D, 0x4D, 0xFF, 0x4D, 0x4D, 0x4D, 0xFF, 0x4D, 0x4D, 0x4D, 0xFF,
        0x4D, 0x4D, 0x4D, 0xFF, 0x4D, 0x4D, 0x4D, 0xFF, 0x4D, 0x4D, 0x4D, 0xFF,
        0x4D, 0x4D, 0x4D, 0xFF, 0x4D, 0x4D, 0x4D, 0xFF, 0x4D, 0x4D, 0x4D, 0xFF,
        0x4D, 0x4D, 0x4D, 0xFF, 0x4D, 0x4D, 0x4D, 0xFF, 0x4D, 0x4D, 0x4D, 0xFF,
        0x4D, 0x4D, 0x4D, 0xFF, 0x4D, 0x4D, 0x4D, 0xFF, 0x4D, 0x4D, 0x4D, 0xFF,
        0x4D, 0x4D, 0x4D, 0xFF, 0x4D, 0x4D, 0x4D, 0xFF, 0x4D, 0x4D, 0x4D, 0xFF,
        0x4D, 0x4D, 0x4D, 0xFF, 0x4D, 0x4D, 0x4D, 0xFF, 0x4D, 0x4D, 0x4D, 0xFF,
        0x4D, 0x4D, 0x4D, 0xFF, 0x4D, 0x4D, 0x4D, 0xFF, 0x4E, 0x4E, 0x4E, 0xFF,
        0x51, 0x51, 0x51, 0xFF, 0x53, 0x53, 0x53, 0xFF, 0x56, 0x56, 0x56, 0xFF,
        0x5A, 0x5A, 0x5A, 0xFF, 0x5B, 0x5B, 0x5B, 0x9B, 0xFF, 0xFF, 0xFF, 0x00,
        0xFF, 0xFF, 0xFF, 0x00, 0xFF, 0xFF, 0xFF, 0x00, 0xFF, 0xFF, 0xFF, 0x00,
        0xFF, 0xFF, 0xFF, 0x00, 0xFF, 0xFF, 0xFF, 0x00, 0xFF, 0xFF, 0xFF, 0x00,
        0xFF, 0xFF, 0xFF, 0x00, 0xFF, 0xFF, 0xFF, 0x00, 0xFF, 0xFF, 0xFF, 0x00,
        0x85, 0x85, 0x85, 0x9B, 0x81, 0x81, 0x81, 0xFF, 0x76, 0x76, 0x76, 0xFF,
        0x6D, 0x6D, 0x6D, 0xFF, 0x65, 0x65, 0x65, 0xFF, 0x5E, 0x5E, 0x5E, 0xFF,
        0x5A, 0x5A, 0x5A, 0xFF, 0x56, 0x56, 0x56, 0xFF, 0x54, 0x54, 0x54, 0xFF,
        0x53, 0x53, 0x53, 0xFF, 0x51, 0x51, 0x51, 0xFF, 0x51, 0x51, 0x51, 0xFF,
        0x51, 0x51, 0x51, 0xFF, 0x51, 0x51, 0x51, 0xFF, 0x50, 0x50, 0x50, 0xFF,
        0x50, 0x50, 0x50, 0xFF, 0x50, 0x50, 0x50, 0xFF, 0x50, 0x50, 0x50, 0xFF,
        0x50, 0x50, 0x50, 0xFF, 0x50, 0x50, 0x50, 0xFF, 0x50, 0x50, 0x50, 0xFF,
        0x50, 0x50, 0x50, 0xFF, 0x50, 0x50, 0x50, 0xFF, 0x50, 0x50, 0x50, 0xFF,
        0x50, 0x50, 0x50, 0xFF, 0x50, 0x50, 0x50, 0xFF, 0x50, 0x50, 0x50, 0xFF,
        0x50, 0x50, 0x50, 0xFF, 0x50, 0x50, 0x50, 0xFF, 0x50, 0x50, 0x50, 0xFF,
        0x50, 0x50, 0x50, 0xFF, 0x50, 0x50, 0x50, 0xFF, 0x50, 0x50, 0x50, 0xFF,
        0x50, 0x50, 0x50, 0xFF, 0x50, 0x50, 0x50, 0xFF, 0x50, 0x50, 0x50, 0xFF,
        0x50, 0x50, 0x50, 0xFF, 0x50, 0x50, 0x50, 0xFF, 0x50, 0x50, 0x50, 0xFF,
        0x50, 0x50, 0x50, 0xFF, 0x51, 0x51, 0x51, 0xFF, 0x51, 0x51, 0x51, 0xFF,
        0x51, 0x51, 0x51, 0xFF, 0x51, 0x51, 0x51, 0xFF, 0x53, 0x53, 0x53, 0xFF,
        0x54, 0x54, 0x54, 0xFF, 0x56, 0x56, 0x56, 0xFF, 0x5A, 0x5A, 0x5A, 0xFF,
        0x5E, 0x5E, 0x5E, 0xFF, 0x65, 0x65, 0x65, 0xFF, 0x6D, 0x6D, 0x6D, 0xFF,
        0x76, 0x76, 0x76, 0xFF, 0x81, 0x81, 0x81, 0xFF, 0x85, 0x85, 0x85, 0x9B,
        0xFF, 0xFF, 0xFF, 0x00, 0xFF, 0xFF, 0xFF, 0x00, 0xFF, 0xFF, 0xFF, 0x00,
        0xFF, 0xFF, 0xFF, 0x00, 0xFF, 0xFF, 0xFF, 0x00, 0xFF, 0xFF, 0xFF, 0x00,
        0xFF, 0xFF, 0xFF, 0x00, 0xFF, 0xFF, 0xFF, 0x00, 0xFF, 0xFF, 0xFF, 0x00,
        0x5B, 0x5B, 0x5B, 0x3F, 0x5A, 0x5A, 0x5A, 0xFE, 0x57, 0x57, 0x57, 0xFF,
        0x54, 0x54, 0x54, 0xFF, 0x51, 0x51, 0x51, 0xFF, 0x4F, 0x4F, 0x4F, 0xFF,
        0x4E, 0x4E, 0x4E, 0xFF, 0x4E, 0x4E, 0x4E, 0xFF, 0x4E, 0x4E, 0x4E, 0xFF,
        0x4D, 0x4D, 0x4D, 0xFF, 0x4D, 0x4D, 0x4D, 0xFF, 0x4D, 0x4D, 0x4D, 0xFF,
        0x4D, 0x4D, 0x4D, 0xFF, 0x4D, 0x4D, 0x4D, 0xFF, 0x4D, 0x4D, 0x4D, 0xFF,
        0x4D, 0x4D, 0x4D, 0xFF, 0x4D, 0x4D, 0x4D, 0xFF, 0x4D, 0x4D, 0x4D, 0xFF,
        0x4D, 0x4D, 0x4D, 0xFF, 0x4D, 0x4D, 0x4D, 0xFF, 0x4D, 0x4D, 0x4D, 0xFF,
        0x4D, 0x4D, 0x4D, 0xFF, 0x4D, 0x4D, 0x4D, 0xFF, 0x4D, 0x4D, 0x4D, 0xFF,
        0x4D, 0x4D, 0x4D, 0xFF, 0x4D, 0x4D, 0x4D, 0xFF, 0x4D, 0x4D, 0x4D, 0xFF,
        0x4D, 0x4D, 0x4D, 0xFF, 0x4D, 0x4D, 0x4D, 0xFF, 0x4D, 0x4D, 0x4D, 0xFF,
        0x4D, 0x4D, 0x4D, 0xFF, 0x4D, 0x4D, 0x4D, 0xFF, 0x4D, 0x4D, 0x4D, 0xFF,
        0x4D, 0x4D, 0x4D, 0xFF, 0x4D, 0x4D, 0x4D, 0xFF, 0x4D, 0x4D, 0x4D, 0xFF,
        0x4D, 0x4D, 0x4D, 0xFF, 0x4D, 0x4D, 0x4D, 0xFF, 0x4D, 0x4D, 0x4D, 0xFF,
        0x4D, 0x4D, 0x4D, 0xFF, 0x4D, 0x4D, 0x4D, 0xFF, 0x4D, 0x4D, 0x4D, 0xFF,
        0x4D, 0x4D, 0x4D, 0xFF, 0x4D, 0x4D, 0x4D, 0xFF, 0x4D, 0x4D, 0x4D, 0xFF,
        0x4D, 0x4D, 0x4D, 0xFF, 0x4D, 0x4D, 0x4D, 0xFF, 0x4E, 0x4E, 0x4E, 0xFF,
        0x4E, 0x4E, 0x4E, 0xFF, 0x4E, 0x4E, 0x4E, 0xFF, 0x4F, 0x4F, 0x4F, 0xFF,
        0x51, 0x51, 0x51, 0xFF, 0x54, 0x54, 0x54, 0xFF, 0x57, 0x57, 0x57, 0xFF,
        0x5A, 0x5A, 0x5A, 0xFE, 0x5B, 0x5B, 0x5B, 0x3F, 0xFF, 0xFF, 0xFF, 0x00,
        0xFF, 0xFF, 0xFF, 0x00, 0xFF, 0xFF, 0xFF, 0x00, 0xFF, 0xFF, 0xFF, 0x00,
        0xFF, 0xFF, 0xFF, 0x00, 0xFF, 0xFF, 0xFF, 0x00, 0xFF, 0xFF, 0xFF, 0x00,
        0xFF, 0xFF, 0xFF, 0x00, 0x86, 0x86, 0x86, 0x3F, 0x85, 0x85, 0x85, 0xFE,
        0x79, 0x79, 0x79, 0xFF, 0x6F, 0x6F, 0x6F, 0xFF, 0x66, 0x66, 0x66, 0xFF,
        0x5E, 0x5E, 0x5E, 0xFF, 0x5A, 0x5A, 0x5A, 0xFF, 0x55, 0x55, 0x55, 0xFF,
        0x53, 0x53, 0x53, 0xFF, 0x51, 0x51, 0x51, 0xFF, 0x50, 0x50, 0x50, 0xFF,
        0x50, 0x50, 0x50, 0xFF, 0x4F, 0x4F, 0x4F, 0xFF, 0x4F, 0x4F, 0x4F, 0xFF,
        0x4F, 0x4F, 0x4F, 0xFF, 0x4E, 0x4E, 0x4E, 0xFF, 0x4E, 0x4E, 0x4E, 0xFF,
        0x4E, 0x4E, 0x4E, 0xFF, 0x4E, 0x4E, 0x4E, 0xFF, 0x4E, 0x4E, 0x4E, 0xFF,
        0x4E, 0x4E, 0x4E, 0xFF, 0x4E, 0x4E, 0x4E, 0xFF, 0x4E, 0x4E, 0x4E, 0xFF,
        0x4E, 0x4E, 0x4E, 0xFF, 0x4E, 0x4E, 0x4E, 0xFF, 0x4E, 0x4E, 0x4E, 0xFF,
        0x4E, 0x4E, 0x4E, 0xFF, 0x4E, 0x4E, 0x4E, 0xFF, 0x4E, 0x4E, 0x4E, 0xFF,
        0x4E, 0x4E, 0x4E, 0xFF, 0x4E, 0x4E, 0x4E, 0xFF, 0x4E, 0x4E, 0x4E, 0xFF,
        0x4E, 0x4E, 0x4E, 0xFF, 0x4E, 0x4E, 0x4E, 0xFF, 0x4E, 0x4E, 0x4E, 0xFF,
        0x4E, 0x4E, 0x4E, 0xFF, 0x4E, 0x4E, 0x4E, 0xFF, 0x4E, 0x4E, 0x4E, 0xFF,
        0x4E, 0x4E, 0x4E, 0xFF, 0x4E, 0x4E, 0x4E, 0xFF, 0x4E, 0x4E, 0x4E, 0xFF,
        0x4F, 0x4F, 0x4F, 0xFF, 0x4F, 0x4F, 0x4F, 0xFF, 0x4F, 0x4F, 0x4F, 0xFF,
        0x50, 0x50, 0x50, 0xFF, 0x50, 0x50, 0x50, 0xFF, 0x51, 0x51, 0x51, 0xFF,
        0x53, 0x53, 0x53, 0xFF, 0x55, 0x55, 0x55, 0xFF, 0x5A, 0x5A, 0x5A, 0xFF,
        0x5E, 0x5E, 0x5E, 0xFF, 0x66, 0x66, 0x66, 0xFF, 0x6F, 0x6F, 0x6F, 0xFF,
        0x79, 0x79, 0x79, 0xFF, 0x85, 0x85, 0x85, 0xFE, 0x86, 0x86, 0x86, 0x3F,
        0xFF, 0xFF, 0xFF, 0x00, 0xFF, 0xFF, 0xFF, 0x00, 0xFF, 0xFF, 0xFF, 0x00,
        0xFF, 0xFF, 0xFF, 0x00, 0xFF, 0xFF, 0xFF, 0x00, 0xFF, 0xFF, 0xFF, 0x00,
        0xFF, 0xFF, 0xFF, 0x00, 0xFF, 0xFF, 0xFF, 0x00, 0x5C, 0x5C, 0x5C, 0xC3,
        0x59, 0x59, 0x59, 0xFF, 0x57, 0x57, 0x57, 0xFF, 0x53, 0x53, 0x53, 0xFF,
        0x51, 0x51, 0x51, 0xFF, 0x50, 0x50, 0x50, 0xFF, 0x50, 0x50, 0x50, 0xFF,
        0x50, 0x50, 0x50, 0xFF, 0x4F, 0x4F, 0x4F, 0xFF, 0x4F, 0x4F, 0x4F, 0xFF,
        0x4F, 0x4F, 0x4F, 0xFF, 0x4F, 0x4F, 0x4F, 0xFF, 0x4F, 0x4F, 0x4F, 0xFF,
        0x4F, 0x4F, 0x4F, 0xFF, 0x4F, 0x4F, 0x4F, 0xFF, 0x4F, 0x4F, 0x4F, 0xFF,
        0x4F, 0x4F, 0x4F, 0xFF, 0x4F, 0x4F, 0x4F, 0xFF, 0x4F, 0x4F, 0x4F, 0xFF,
        0x4F, 0x4F, 0x4F, 0xFF, 0x4F, 0x4F, 0x4F, 0xFF, 0x4F, 0x4F, 0x4F, 0xFF,
        0x4F, 0x4F, 0x4F, 0xFF, 0x4F, 0x4F, 0x4F, 0xFF, 0x4F, 0x4F, 0x4F, 0xFF,
        0x4F, 0x4F, 0x4F, 0xFF, 0x4F, 0x4F, 0x4F, 0xFF, 0x4F, 0x4F, 0x4F, 0xFF,
        0x4F, 0x4F, 0x4F, 0xFF, 0x4F, 0x4F, 0x4F, 0xFF, 0x4F, 0x4F, 0x4F, 0xFF,
        0x4F, 0x4F, 0x4F, 0xFF, 0x4F, 0x4F, 0x4F, 0xFF, 0x4F, 0x4F, 0x4F, 0xFF,
        0x4F, 0x4F, 0x4F, 0xFF, 0x4F, 0x4F, 0x4F, 0xFF, 0x4F, 0x4F, 0x4F, 0xFF,
        0x4F, 0x4F, 0x4F, 0xFF, 0x4F, 0x4F, 0x4F, 0xFF, 0x4F, 0x4F, 0x4F, 0xFF,
        0x4F, 0x4F, 0x4F, 0xFF, 0x4F, 0x4F, 0x4F, 0xFF, 0x4F, 0x4F, 0x4F, 0xFF,
        0x4F, 0x4F, 0x4F, 0xFF, 0x4F, 0x4F, 0x4F, 0xFF, 0x4F, 0x4F, 0x4F, 0xFF,
        0x4F, 0x4F, 0x4F, 0xFF, 0x4F, 0x4F, 0x4F, 0xFF, 0x50, 0x50, 0x50, 0xFF,
        0x50, 0x50, 0x50, 0xFF, 0x50, 0x50, 0x50, 0xFF, 0x51, 0x51, 0x51, 0xFF,
        0x53, 0x53, 0x53, 0xFF, 0x57, 0x57, 0x57, 0xFF, 0x59, 0x59, 0x59, 0xFF,
        0x5C, 0x5C, 0x5C, 0xC3, 0xFF, 0xFF, 0xFF, 0x00, 0xFF, 0xFF, 0xFF, 0x00,
        0xFF, 0xFF, 0xFF, 0x00, 0xFF, 0xFF, 0xFF, 0x00, 0xFF, 0xFF, 0xFF, 0x00,
        0xFF, 0xFF, 0xFF, 0x00, 0xFF, 0xFF, 0xFF, 0x00, 0xFF, 0xFF, 0xFF, 0x00,
        0x87, 0x87, 0x87, 0xC3, 0x7F, 0x7F, 0x7F, 0xFF, 0x74, 0x74, 0x74, 0xFF,
        0x6A, 0x6A, 0x6A, 0xFF, 0x62, 0x62, 0x62, 0xFF, 0x5B, 0x5B, 0x5B, 0xFF,
        0x57, 0x57, 0x57, 0xFF, 0x54, 0x54, 0x54, 0xFF, 0x52, 0x52, 0x52, 0xFF,
        0x50, 0x50, 0x50, 0xFF, 0x50, 0x50, 0x50, 0xFF, 0x50, 0x50, 0x50, 0xFF,
        0x50, 0x50, 0x50, 0xFF, 0x4F, 0x4F, 0x4F, 0xFF, 0x4F, 0x4F, 0x4F, 0xFF,
        0x4F, 0x4F, 0x4F, 0xFF, 0x4F, 0x4F, 0x4F, 0xFF, 0x4F, 0x4F, 0x4F, 0xFF,
        0x4F, 0x4F, 0x4F, 0xFF, 0x4F, 0x4F, 0x4F, 0xFF, 0x4F, 0x4F, 0x4F, 0xFF,
        0x4F, 0x4F, 0x4F, 0xFF, 0x4F, 0x4F, 0x4F, 0xFF, 0x4F, 0x4F, 0x4F, 0xFF,
        0x4F, 0x4F, 0x4F, 0xFF, 0x4F, 0x4F, 0x4F, 0xFF, 0x4F, 0x4F, 0x4F, 0xFF,
        0x4F, 0x4F, 0x4F, 0xFF, 0x4F, 0x4F, 0x4F, 0xFF, 0x4F, 0x4F, 0x4F, 0xFF,
        0x4F, 0x4F, 0x4F, 0xFF, 0x4F, 0x4F, 0x4F, 0xFF, 0x4F, 0x4F, 0x4F, 0xFF,
        0x4F, 0x4F, 0x4F, 0xFF, 0x4F, 0x4F, 0x4F, 0xFF, 0x4F, 0x4F, 0x4F, 0xFF,
        0x4F, 0x4F, 0x4F, 0xFF, 0x4F, 0x4F, 0x4F, 0xFF, 0x4F, 0x4F, 0x4F, 0xFF,
        0x4F, 0x4F, 0x4F, 0xFF, 0x4F, 0x4F, 0x4F, 0xFF, 0x4F, 0x4F, 0x4F, 0xFF,
        0x4F, 0x4F, 0x4F, 0xFF, 0x50, 0x50, 0x50, 0xFF, 0x50, 0x50, 0x50, 0xFF,
        0x50, 0x50, 0x50, 0xFF, 0x50, 0x50, 0x50, 0xFF, 0x52, 0x52, 0x52, 0xFF,
        0x54, 0x54, 0x54, 0xFF, 0x57, 0x57, 0x57, 0xFF, 0x5B, 0x5B, 0x5B, 0xFF,
        0x62, 0x62, 0x62, 0xFF, 0x6A, 0x6A, 0x6A, 0xFF, 0x74, 0x74, 0x74, 0xFF,
        0x7F, 0x7F, 0x7F, 0xFF, 0x87, 0x87, 0x87, 0xC3, 0xFF, 0xFF, 0xFF, 0x00,
        0xFF, 0xFF, 0xFF, 0x00, 0xFF, 0xFF, 0xFF, 0x00, 0xFF, 0xFF, 0xFF, 0x00,
        0xFF, 0xFF, 0xFF, 0x00, 0xFF, 0xFF, 0xFF, 0x00, 0xFF, 0xFF, 0xFF, 0x00,
        0x5C, 0x5C, 0x5C, 0x2F, 0x5B, 0x5B, 0x5B, 0xFF, 0x58, 0x58, 0x58, 0xFF,
        0x55, 0x55, 0x55, 0xFF, 0x53, 0x53, 0x53, 0xFF, 0x51, 0x51, 0x51, 0xFF,
        0x51, 0x51, 0x51, 0xFF, 0x51, 0x51, 0x51, 0xFF, 0x50, 0x50, 0x50, 0xFF,
        0x50, 0x50, 0x50, 0xFF, 0x50, 0x50, 0x50, 0xFF, 0x50, 0x50, 0x50, 0xFF,
        0x50, 0x50, 0x50, 0xFF, 0x50, 0x50, 0x50, 0xFF, 0x50, 0x50, 0x50, 0xFF,
        0x50, 0x50, 0x50, 0xFF, 0x50, 0x50, 0x50, 0xFF, 0x50, 0x50, 0x50, 0xFF,
        0x50, 0x50, 0x50, 0xFF, 0x50, 0x50, 0x50, 0xFF, 0x50, 0x50, 0x50, 0xFF,
        0x50, 0x50, 0x50, 0xFF, 0x50, 0x50, 0x50, 0xFF, 0x50, 0x50, 0x50, 0xFF,
        0x50, 0x50, 0x50, 0xFF, 0x50, 0x50, 0x50, 0xFF, 0x50, 0x50, 0x50, 0xFF,
        0x50, 0x50, 0x50, 0xFF, 0x50, 0x50, 0x50, 0xFF, 0x50, 0x50, 0x50, 0xFF,
        0x50, 0x50, 0x50, 0xFF, 0x50, 0x50, 0x50, 0xFF, 0x50, 0x50, 0x50, 0xFF,
        0x50, 0x50, 0x50, 0xFF, 0x50, 0x50, 0x50, 0xFF, 0x50, 0x50, 0x50, 0xFF,
        0x50, 0x50, 0x50, 0xFF, 0x50, 0x50, 0x50, 0xFF, 0x50, 0x50, 0x50, 0xFF,
        0x50, 0x50, 0x50, 0xFF, 0x50, 0x50, 0x50, 0xFF, 0x50, 0x50, 0x50, 0xFF,
        0x50, 0x50, 0x50, 0xFF, 0x50, 0x50, 0x50, 0xFF, 0x50, 0x50, 0x50, 0xFF,
        0x50, 0x50, 0x50, 0xFF, 0x50, 0x50, 0x50, 0xFF, 0x50, 0x50, 0x50, 0xFF,
        0x50, 0x50, 0x50, 0xFF, 0x50, 0x50, 0x50, 0xFF, 0x51, 0x51, 0x51, 0xFF,
        0x51, 0x51, 0x51, 0xFF, 0x51, 0x51, 0x51, 0xFF, 0x53, 0x53, 0x53, 0xFF,
        0x55, 0x55, 0x55, 0xFF, 0x58, 0x58, 0x58, 0xFF, 0x5B, 0x5B, 0x5B, 0xFF,
        0x5C, 0x5C, 0x5C, 0x2F, 0xFF, 0xFF, 0xFF, 0x00, 0xFF, 0xFF, 0xFF, 0x00,
        0xFF, 0xFF, 0xFF, 0x00, 0xFF, 0xFF, 0xFF, 0x00, 0xFF, 0xFF, 0xFF, 0x00,
        0xFF, 0xFF, 0xFF, 0x00, 0x87, 0x87, 0x87, 0x2F, 0x84, 0x84, 0x84, 0xFF,
        0x79, 0x79, 0x79, 0xFF, 0x6F, 0x6F, 0x6F, 0xFF, 0x65, 0x65, 0x65, 0xFF,
        0x5E, 0x5E, 0x5E, 0xFF, 0x58, 0x58, 0x58, 0xFF, 0x55, 0x55, 0x55, 0xFF,
        0x53, 0x53, 0x53, 0xFF, 0x51, 0x51, 0x51, 0xFF, 0x51, 0x51, 0x51, 0xFF,
        0x50, 0x50, 0x50, 0xFF, 0x50, 0x50, 0x50, 0xFF, 0x50, 0x50, 0x50, 0xFF,
        0x50, 0x50, 0x50, 0xFF, 0x50, 0x50, 0x50, 0xFF, 0x50, 0x50, 0x50, 0xFF,
        0x50, 0x50, 0x50, 0xFF, 0x50, 0x50, 0x50, 0xFF, 0x50, 0x50, 0x50, 0xFF,
        0x50, 0x50, 0x50, 0xFF, 0x50, 0x50, 0x50, 0xFF, 0x50, 0x50, 0x50, 0xFF,
        0x50, 0x50, 0x50, 0xFF, 0x50, 0x50, 0x50, 0xFF, 0x50, 0x50, 0x50, 0xFF,
        0x50, 0x50, 0x50, 0xFF, 0x50, 0x50, 0x50, 0xFF, 0x50, 0x50, 0x50, 0xFF,
        0x50, 0x50, 0x50, 0xFF, 0x50, 0x50, 0x50, 0xFF, 0x50, 0x50, 0x50, 0xFF,
        0x50, 0x50, 0x50, 0xFF, 0x50, 0x50, 0x50, 0xFF, 0x50, 0x50, 0x50, 0xFF,
        0x50, 0x50, 0x50, 0xFF, 0x50, 0x50, 0x50, 0xFF, 0x50, 0x50, 0x50, 0xFF,
        0x50, 0x50, 0x50, 0xFF, 0x50, 0x50, 0x50, 0xFF, 0x50, 0x50, 0x50, 0xFF,
        0x50, 0x50, 0x50, 0xFF, 0x50, 0x50, 0x50, 0xFF, 0x50, 0x50, 0x50, 0xFF,
        0x50, 0x50, 0x50, 0xFF, 0x50, 0x50, 0x50, 0xFF, 0x50, 0x50, 0x50, 0xFF,
        0x51, 0x51, 0x51, 0xFF, 0x51, 0x51, 0x51, 0xFF, 0x53, 0x53, 0x53, 0xFF,
        0x55, 0x55, 0x55, 0xFF, 0x58, 0x58, 0x58, 0xFF, 0x5E, 0x5E, 0x5E, 0xFF,
        0x65, 0x65, 0x65, 0xFF, 0x6F, 0x6F, 0x6F, 0xFF, 0x79, 0x79, 0x79, 0xFF,
        0x84, 0x84, 0x84, 0xFF, 0x87, 0x87, 0x87, 0x2F, 0xFF, 0xFF, 0xFF, 0x00,
        0xFF, 0xFF, 0xFF, 0x00, 0xFF, 0xFF, 0xFF, 0x00, 0xFF, 0xFF, 0xFF, 0x00,
        0xFF, 0xFF, 0xFF, 0x00, 0xFF, 0xFF, 0xFF, 0x00, 0x5D, 0x5D, 0x5D, 0x81,
        0x5B, 0x5B, 0x5B, 0xFF, 0x58, 0x58, 0x58, 0xFF, 0x56, 0x56, 0x56, 0xFF,
        0x54, 0x54, 0x54, 0xFF, 0x53, 0x53, 0x53, 0xFF, 0x53, 0x53, 0x53, 0xFF,
        0x52, 0x52, 0x52, 0xFF, 0x52, 0x52, 0x52, 0xFF, 0x52, 0x52, 0x52, 0xFF,
        0x52, 0x52, 0x52, 0xFF, 0x52, 0x52, 0x52, 0xFF, 0x52, 0x52, 0x52, 0xFF,
        0x52, 0x52, 0x52, 0xFF, 0x52, 0x52, 0x52, 0xFF, 0x52, 0x52, 0x52, 0xFF,
        0x52, 0x52, 0x52, 0xFF, 0x52, 0x52, 0x52, 0xFF, 0x52, 0x52, 0x52, 0xFF,
        0x52, 0x52, 0x52, 0xFF, 0x52, 0x52, 0x52, 0xFF, 0x52, 0x52, 0x52, 0xFF,
        0x52, 0x52, 0x52, 0xFF, 0x52, 0x52, 0x52, 0xFF, 0x52, 0x52, 0x52, 0xFF,
        0x52, 0x52, 0x52, 0xFF, 0x52, 0x52, 0x52, 0xFF, 0x52, 0x52, 0x52, 0xFF,
        0x52, 0x52, 0x52, 0xFF, 0x52, 0x52, 0x52, 0xFF, 0x52, 0x52, 0x52, 0xFF,
        0x52, 0x52, 0x52, 0xFF, 0x52, 0x52, 0x52, 0xFF, 0x52, 0x52, 0x52, 0xFF,
        0x52, 0x52, 0x52, 0xFF, 0x52, 0x52, 0x52, 0xFF, 0x52, 0x52, 0x52, 0xFF,
        0x52, 0x52, 0x52, 0xFF, 0x52, 0x52, 0x52, 0xFF, 0x52, 0x52, 0x52, 0xFF,
        0x52, 0x52, 0x52, 0xFF, 0x52, 0x52, 0x52, 0xFF, 0x52, 0x52, 0x52, 0xFF,
        0x52, 0x52, 0x52, 0xFF, 0x52, 0x52, 0x52, 0xFF, 0x52, 0x52, 0x52, 0xFF,
        0x52, 0x52, 0x52, 0xFF, 0x52, 0x52, 0x52, 0xFF, 0x52, 0x52, 0x52, 0xFF,
        0x52, 0x52, 0x52, 0xFF, 0x52, 0x52, 0x52, 0xFF, 0x53, 0x53, 0x53, 0xFF,
        0x53, 0x53, 0x53, 0xFF, 0x54, 0x54, 0x54, 0xFF, 0x56, 0x56, 0x56, 0xFF,
        0x58, 0x58, 0x58, 0xFF, 0x5B, 0x5B, 0x5B, 0xFF, 0x5D, 0x5D, 0x5D, 0x81,
        0xFF, 0xFF, 0xFF, 0x00, 0xFF, 0xFF, 0xFF, 0x00, 0xFF, 0xFF, 0xFF, 0x00,
        0xFF, 0xFF, 0xFF, 0x00, 0xFF, 0xFF, 0xFF, 0x00, 0xFF, 0xFF, 0xFF, 0x00,
        0x87, 0x87, 0x87, 0x81, 0x81, 0x81, 0x81, 0xFF, 0x76, 0x76, 0x76, 0xFF,
        0x6C, 0x6C, 0x6C, 0xFF, 0x63, 0x63, 0x63, 0xFF, 0x5D, 0x5D, 0x5D, 0xFF,
        0x58, 0x58, 0x58, 0xFF, 0x55, 0x55, 0x55, 0xFF, 0x53, 0x53, 0x53, 0xFF,
        0x53, 0x53, 0x53, 0xFF, 0x52, 0x52, 0x52, 0xFF, 0x52, 0x52, 0x52, 0xFF,
        0x52, 0x52, 0x52, 0xFF, 0x52, 0x52, 0x52, 0xFF, 0x52, 0x52, 0x52, 0xFF,
        0x52, 0x52, 0x52, 0xFF, 0x52, 0x52, 0x52, 0xFF, 0x52, 0x52, 0x52, 0xFF,
        0x52, 0x52, 0x52, 0xFF, 0x52, 0x52, 0x52, 0xFF, 0x52, 0x52, 0x52, 0xFF,
        0x52, 0x52, 0x52, 0xFF, 0x52, 0x52, 0x52, 0xFF, 0x52, 0x52, 0x52, 0xFF,
        0x52, 0x52, 0x52, 0xFF, 0x52, 0x52, 0x52, 0xFF, 0x52, 0x52, 0x52, 0xFF,
        0x52, 0x52, 0x52, 0xFF, 0x52, 0x52, 0x52, 0xFF, 0x52, 0x52, 0x52, 0xFF,
        0x52, 0x52, 0x52, 0xFF, 0x52, 0x52, 0x52, 0xFF, 0x52, 0x52, 0x52, 0xFF,
        0x52, 0x52, 0x52, 0xFF, 0x52, 0x52, 0x52, 0xFF, 0x52, 0x52, 0x52, 0xFF,
        0x52, 0x52, 0x52, 0xFF, 0x52, 0x52, 0x52, 0xFF, 0x52, 0x52, 0x52, 0xFF,
        0x52, 0x52, 0x52, 0xFF, 0x52, 0x52, 0x52, 0xFF, 0x52, 0x52, 0x52, 0xFF,
        0x52, 0x52, 0x52, 0xFF, 0x52, 0x52, 0x52, 0xFF, 0x52, 0x52, 0x52, 0xFF,
        0x52, 0x52, 0x52, 0xFF, 0x52, 0x52, 0x52, 0xFF, 0x52, 0x52, 0x52, 0xFF,
        0x53, 0x53, 0x53, 0xFF, 0x53, 0x53, 0x53, 0xFF, 0x55, 0x55, 0x55, 0xFF,
        0x58, 0x58, 0x58, 0xFF, 0x5D, 0x5D, 0x5D, 0xFF, 0x63, 0x63, 0x63, 0xFF,
        0x6C, 0x6C, 0x6C, 0xFF, 0x76, 0x76, 0x76, 0xFF, 0x81, 0x81, 0x81, 0xFF,
        0x87, 0x87, 0x87, 0x81, 0xFF, 0xFF, 0xFF, 0x00, 0xFF, 0xFF, 0xFF, 0x00,
        0xFF, 0xFF, 0xFF, 0x00, 0xFF, 0xFF, 0xFF, 0x00, 0xFF, 0xFF, 0xFF, 0x00,
        0xFF, 0xFF, 0xFF, 0x00, 0x5E, 0x5E, 0x5E, 0xBE, 0x5C, 0x5C, 0x5C, 0xFF,
        0x5A, 0x5A, 0x5A, 0xFF, 0x57, 0x57, 0x57, 0xFF, 0x56, 0x56, 0x56, 0xFF,
        0x55, 0x55, 0x55, 0xFF, 0x54, 0x54, 0x54, 0xFF, 0x54, 0x54, 0x54, 0xFF,
        0x54, 0x54, 0x54, 0xFF, 0x54, 0x54, 0x54, 0xFF, 0x54, 0x54, 0x54, 0xFF,
        0x54, 0x54, 0x54, 0xFF, 0x54, 0x54, 0x54, 0xFF, 0x54, 0x54, 0x54, 0xFF,
        0x54, 0x54, 0x54, 0xFF, 0x54, 0x54, 0x54, 0xFF, 0x54, 0x54, 0x54, 0xFF,
        0x54, 0x54, 0x54, 0xFF, 0x54, 0x54, 0x54, 0xFF, 0x54, 0x54, 0x54, 0xFF,
        0x54, 0x54, 0x54, 0xFF, 0x54, 0x54, 0x54, 0xFF, 0x54, 0x54, 0x54, 0xFF,
        0x54, 0x54, 0x54, 0xFF, 0x54, 0x54, 0x54, 0xFF, 0x54, 0x54, 0x54, 0xFF,
        0x54, 0x54, 0x54, 0xFF, 0x54, 0x54, 0x54, 0xFF, 0x54, 0x54, 0x54, 0xFF,
        0x54, 0x54, 0x54, 0xFF, 0x54, 0x54, 0x54, 0xFF, 0x54, 0x54, 0x54, 0xFF,
        0x54, 0x54, 0x54, 0xFF, 0x54, 0x54, 0x54, 0xFF, 0x54, 0x54, 0x54, 0xFF,
        0x54, 0x54, 0x54, 0xFF, 0x54, 0x54, 0x54, 0xFF, 0x54, 0x54, 0x54, 0xFF,
        0x54, 0x54, 0x54, 0xFF, 0x54, 0x54, 0x54, 0xFF, 0x54, 0x54, 0x54, 0xFF,
        0x54, 0x54, 0x54, 0xFF, 0x54, 0x54, 0x54, 0xFF, 0x54, 0x54, 0x54, 0xFF,
        0x54, 0x54, 0x54, 0xFF, 0x54, 0x54, 0x54, 0xFF, 0x54, 0x54, 0x54, 0xFF,
        0x54, 0x54, 0x54, 0xFF, 0x54, 0x54, 0x54, 0xFF, 0x54, 0x54, 0x54, 0xFF,
        0x54, 0x54, 0x54, 0xFF, 0x54, 0x54, 0x54, 0xFF, 0x55, 0x55, 0x55, 0xFF,
        0x56, 0x56, 0x56, 0xFF, 0x57, 0x57, 0x57, 0xFF, 0x5A, 0x5A, 0x5A, 0xFF,
        0x5C, 0x5C, 0x5C, 0xFF, 0x5E, 0x5E, 0x5E, 0xBF, 0xFF, 0xFF, 0xFF, 0x00,
        0xFF, 0xFF, 0xFF, 0x00, 0xFF, 0xFF, 0xFF, 0x00, 0xFF, 0xFF, 0xFF, 0x00,
        0xFF, 0xFF, 0xFF, 0x00, 0xFF, 0xFF, 0xFF, 0x00, 0x88, 0x88, 0x88, 0xBE,
        0x7F, 0x7F, 0x7F, 0xFF, 0x74, 0x74, 0x74, 0xFF, 0x6A, 0x6A, 0x6A, 0xFF,
        0x62, 0x62, 0x62, 0xFF, 0x5D, 0x5D, 0x5D, 0xFF, 0x58, 0x58, 0x58, 0xFF,
        0x55, 0x55, 0x55, 0xFF, 0x55, 0x55, 0x55, 0xFF, 0x54, 0x54, 0x54, 0xFF,
        0x54, 0x54, 0x54, 0xFF, 0x54, 0x54, 0x54, 0xFF, 0x54, 0x54, 0x54, 0xFF,
        0x54, 0x54, 0x54, 0xFF, 0x54, 0x54, 0x54, 0xFF, 0x54, 0x54, 0x54, 0xFF,
        0x54, 0x54, 0x54, 0xFF, 0x54, 0x54, 0x54, 0xFF, 0x54, 0x54, 0x54, 0xFF,
        0x54, 0x54, 0x54, 0xFF, 0x54, 0x54, 0x54, 0xFF, 0x54, 0x54, 0x54, 0xFF,
        0x54, 0x54, 0x54, 0xFF, 0x54, 0x54, 0x54, 0xFF, 0x54, 0x54, 0x54, 0xFF,
        0x54, 0x54, 0x54, 0xFF, 0x54, 0x54, 0x54, 0xFF, 0x54, 0x54, 0x54, 0xFF,
        0x54, 0x54, 0x54, 0xFF, 0x54, 0x54, 0x54, 0xFF, 0x54, 0x54, 0x54, 0xFF,
        0x54, 0x54, 0x54, 0xFF, 0x54, 0x54, 0x54, 0xFF, 0x54, 0x54, 0x54, 0xFF,
        0x54, 0x54, 0x54, 0xFF, 0x54, 0x54, 0x54, 0xFF, 0x54, 0x54, 0x54, 0xFF,
        0x54, 0x54, 0x54, 0xFF, 0x54, 0x54, 0x54, 0xFF, 0x54, 0x54, 0x54, 0xFF,
        0x54, 0x54, 0x54, 0xFF, 0x54, 0x54, 0x54, 0xFF, 0x54, 0x54, 0x54, 0xFF,
        0x54, 0x54, 0x54, 0xFF, 0x54, 0x54, 0x54, 0xFF, 0x54, 0x54, 0x54, 0xFF,
        0x54, 0x54, 0x54, 0xFF, 0x54, 0x54, 0x54, 0xFF, 0x54, 0x54, 0x54, 0xFF,
        0x55, 0x55, 0x55, 0xFF, 0x55, 0x55, 0x55, 0xFF, 0x58, 0x58, 0x58, 0xFF,
        0x5D, 0x5D, 0x5D, 0xFF, 0x62, 0x62, 0x62, 0xFF, 0x6A, 0x6A, 0x6A, 0xFF,
        0x74, 0x74, 0x74, 0xFF, 0x7F, 0x7F, 0x7F, 0xFF, 0x88, 0x88, 0x88, 0xBF,
        0xFF, 0xFF, 0xFF, 0x00, 0xFF, 0xFF, 0xFF, 0x00, 0xFF, 0xFF, 0xFF, 0x00,
        0xFF, 0xFF, 0xFF, 0x00, 0xFF, 0xFF, 0xFF, 0x00, 0xFF, 0xFF, 0xFF, 0x00,
        0x5E, 0x5E, 0x5E, 0xE6, 0x5D, 0x5D, 0x5D, 0xFF, 0x5B, 0x5B, 0x5B, 0xFF,
        0x59, 0x59, 0x59, 0xFF, 0x57, 0x57, 0x57, 0xFF, 0x57, 0x57, 0x57, 0xFF,
        0x56, 0x56, 0x56, 0xFF, 0x56, 0x56, 0x56, 0xFF, 0x56, 0x56, 0x56, 0xFF,
        0x56, 0x56, 0x56, 0xFF, 0x56, 0x56, 0x56, 0xFF, 0x56, 0x56, 0x56, 0xFF,
        0x56, 0x56, 0x56, 0xFF, 0x56, 0x56, 0x56, 0xFF, 0x56, 0x56, 0x56, 0xFF,
        0x56, 0x56, 0x56, 0xFF, 0x56, 0x56, 0x56, 0xFF, 0x56, 0x56, 0x56, 0xFF,
        0x56, 0x56, 0x56, 0xFF, 0x56, 0x56, 0x56, 0xFF, 0x56, 0x56, 0x56, 0xFF,
        0x56, 0x56, 0x56, 0xFF, 0x56, 0x56, 0x56, 0xFF, 0x56, 0x56, 0x56, 0xFF,
        0x56, 0x56, 0x56, 0xFF, 0x56, 0x56, 0x56, 0xFF, 0x56, 0x56, 0x56, 0xFF,
        0x56, 0x56, 0x56, 0xFF, 0x56, 0x56, 0x56, 0xFF, 0x56, 0x56, 0x56, 0xFF,
        0x56, 0x56, 0x56, 0xFF, 0x56, 0x56, 0x56, 0xFF, 0x56, 0x56, 0x56, 0xFF,
        0x56, 0x56, 0x56, 0xFF, 0x56, 0x56, 0x56, 0xFF, 0x56, 0x56, 0x56, 0xFF,
        0x56, 0x56, 0x56, 0xFF, 0x56, 0x56, 0x56, 0xFF, 0x56, 0x56, 0x56, 0xFF,
        0x56, 0x56, 0x56, 0xFF, 0x56, 0x56, 0x56, 0xFF, 0x56, 0x56, 0x56, 0xFF,
        0x56, 0x56, 0x56, 0xFF, 0x56, 0x56, 0x56, 0xFF, 0x56, 0x56, 0x56, 0xFF,
        0x56, 0x56, 0x56, 0xFF, 0x56, 0x56, 0x56, 0xFF, 0x56, 0x56, 0x56, 0xFF,
        0x56, 0x56, 0x56, 0xFF, 0x56, 0x56, 0x56, 0xFF, 0x56, 0x56, 0x56, 0xFF,
        0x56, 0x56, 0x56, 0xFF, 0x57, 0x57, 0x57, 0xFF, 0x57, 0x57, 0x57, 0xFF,
        0x59, 0x59, 0x59, 0xFF, 0x5B, 0x5B, 0x5B, 0xFF, 0x5D, 0x5D, 0x5D, 0xFF,
        0x5E, 0x5E, 0x5E, 0xE6, 0xFF, 0xFF, 0xFF, 0x00, 0xFF, 0xFF, 0xFF, 0x00,
        0xFF, 0xFF, 0xFF, 0x00, 0xFF, 0xFF, 0xFF, 0x00, 0xFF, 0xFF, 0xFF, 0x00,
        0xFF, 0xFF, 0xFF, 0x00, 0x87, 0x87, 0x87, 0xE6, 0x7D, 0x7D, 0x7D, 0xFF,
        0x73, 0x73, 0x73, 0xFF, 0x69, 0x69, 0x69, 0xFF, 0x62, 0x62, 0x62, 0xFF,
        0x5C, 0x5C, 0x5C, 0xFF, 0x58, 0x58, 0x58, 0xFF, 0x56, 0x56, 0x56, 0xFF,
        0x55, 0x55, 0x55, 0xFF, 0x55, 0x55, 0x55, 0xFF, 0x55, 0x55, 0x55, 0xFF,
        0x55, 0x55, 0x55, 0xFF, 0x55, 0x55, 0x55, 0xFF, 0x55, 0x55, 0x55, 0xFF,
        0x55, 0x55, 0x55, 0xFF, 0x55, 0x55, 0x55, 0xFF, 0x55, 0x55, 0x55, 0xFF,
        0x55, 0x55, 0x55, 0xFF, 0x55, 0x55, 0x55, 0xFF, 0x55, 0x55, 0x55, 0xFF,
        0x55, 0x55, 0x55, 0xFF, 0x55, 0x55, 0x55, 0xFF, 0x55, 0x55, 0x55, 0xFF,
        0x55, 0x55, 0x55, 0xFF, 0x55, 0x55, 0x55, 0xFF, 0x55, 0x55, 0x55, 0xFF,
        0x55, 0x55, 0x55, 0xFF, 0x55, 0x55, 0x55, 0xFF, 0x55, 0x55, 0x55, 0xFF,
        0x55, 0x55, 0x55, 0xFF, 0x55, 0x55, 0x55, 0xFF, 0x55, 0x55, 0x55, 0xFF,
        0x55, 0x55, 0x55, 0xFF, 0x55, 0x55, 0x55, 0xFF, 0x55, 0x55, 0x55, 0xFF,
        0x55, 0x55, 0x55, 0xFF, 0x55, 0x55, 0x55, 0xFF, 0x55, 0x55, 0x55, 0xFF,
        0x55, 0x55, 0x55, 0xFF, 0x55, 0x55, 0x55, 0xFF, 0x55, 0x55, 0x55, 0xFF,
        0x55, 0x55, 0x55, 0xFF, 0x55, 0x55, 0x55, 0xFF, 0x55, 0x55, 0x55, 0xFF,
        0x55, 0x55, 0x55, 0xFF, 0x55, 0x55, 0x55, 0xFF, 0x55, 0x55, 0x55, 0xFF,
        0x55, 0x55, 0x55, 0xFF, 0x55, 0x55, 0x55, 0xFF, 0x55, 0x55, 0x55, 0xFF,
        0x56, 0x56, 0x56, 0xFF, 0x58, 0x58, 0x58, 0xFF, 0x5C, 0x5C, 0x5C, 0xFF,
        0x62, 0x62, 0x62, 0xFF, 0x69, 0x69, 0x69, 0xFF, 0x73, 0x73, 0x73, 0xFF,
        0x7D, 0x7D, 0x7D, 0xFF, 0x87, 0x87, 0x87, 0xE6, 0xFF, 0xFF, 0xFF, 0x00,
        0xFF, 0xFF, 0xFF, 0x00, 0xFF, 0xFF, 0xFF, 0x00, 0xFF, 0xFF, 0xFF, 0x00,
        0xFF, 0xFF, 0xFF, 0x00, 0xFF, 0xFF, 0xFF, 0x00, 0x5D, 0x5D, 0x5D, 0xF9,
        0x5E, 0x5E, 0x5E, 0xFF, 0x5C, 0x5C, 0x5C, 0xFF, 0x5B, 0x5B, 0x5B, 0xFF,
        0x59, 0x59, 0x59, 0xFF, 0x59, 0x59, 0x59, 0xFF, 0x58, 0x58, 0x58, 0xFF,
        0x58, 0x58, 0x58, 0xFF, 0x58, 0x58, 0x58, 0xFF, 0x58, 0x58, 0x58, 0xFF,
        0x58, 0x58, 0x58, 0xFF, 0x58, 0x58, 0x58, 0xFF, 0x58, 0x58, 0x58, 0xFF,
        0x58, 0x58, 0x58, 0xFF, 0x58, 0x58, 0x58, 0xFF, 0x58, 0x58, 0x58, 0xFF,
        0x58, 0x58, 0x58, 0xFF, 0x58, 0x58, 0x58, 0xFF, 0x58, 0x58, 0x58, 0xFF,
        0x58, 0x58, 0x58, 0xFF, 0x58, 0x58, 0x58, 0xFF, 0x58, 0x58, 0x58, 0xFF,
        0x58, 0x58, 0x58, 0xFF, 0x58, 0x58, 0x58, 0xFF, 0x58, 0x58, 0x58, 0xFF,
        0x58, 0x58, 0x58, 0xFF, 0x58, 0x58, 0x58, 0xFF, 0x58, 0x58, 0x58, 0xFF,
        0x58, 0x58, 0x58, 0xFF, 0x58, 0x58, 0x58, 0xFF, 0x58, 0x58, 0x58, 0xFF,
        0x58, 0x58, 0x58, 0xFF, 0x58, 0x58, 0x58, 0xFF, 0x58, 0x58, 0x58, 0xFF,
        0x58, 0x58, 0x58, 0xFF, 0x58, 0x58, 0x58, 0xFF, 0x58, 0x58, 0x58, 0xFF,
        0x58, 0x58, 0x58, 0xFF, 0x58, 0x58, 0x58, 0xFF, 0x58, 0x58, 0x58, 0xFF,
        0x58, 0x58, 0x58, 0xFF, 0x58, 0x58, 0x58, 0xFF, 0x58, 0x58, 0x58, 0xFF,
        0x58, 0x58, 0x58, 0xFF, 0x58, 0x58, 0x58, 0xFF, 0x58, 0x58, 0x58, 0xFF,
        0x58, 0x58, 0x58, 0xFF, 0x58, 0x58, 0x58, 0xFF, 0x58, 0x58, 0x58, 0xFF,
        0x58, 0x58, 0x58, 0xFF, 0x58, 0x58, 0x58, 0xFF, 0x58, 0x58, 0x58, 0xFF,
        0x59, 0x59, 0x59, 0xFF, 0x59, 0x59, 0x59, 0xFF, 0x5B, 0x5B, 0x5B, 0xFF,
        0x5C, 0x5C, 0x5C, 0xFF, 0x5E, 0x5E, 0x5E, 0xFF, 0x5D, 0x5D, 0x5D, 0xF9,
        0xFF, 0xFF, 0xFF, 0x00, 0xFF, 0xFF, 0xFF, 0x00, 0xFF, 0xFF, 0xFF, 0x00,
        0xFF, 0xFF, 0xFF, 0x00, 0xFF, 0xFF, 0xFF, 0x00, 0xFF, 0xFF, 0xFF, 0x00,
        0x82, 0x82, 0x82, 0xF9, 0x7B, 0x7B, 0x7B, 0xFF, 0x71, 0x71, 0x71, 0xFF,
        0x69, 0x69, 0x69, 0xFF, 0x62, 0x62, 0x62, 0xFF, 0x5D, 0x5D, 0x5D, 0xFF,
        0x5A, 0x5A, 0x5A, 0xFF, 0x58, 0x58, 0x58, 0xFF, 0x57, 0x57, 0x57, 0xFF,
        0x57, 0x57, 0x57, 0xFF, 0x57, 0x57, 0x57, 0xFF, 0x57, 0x57, 0x57, 0xFF,
        0x57, 0x57, 0x57, 0xFF, 0x57, 0x57, 0x57, 0xFF, 0x57, 0x57, 0x57, 0xFF,
        0x57, 0x57, 0x57, 0xFF, 0x57, 0x57, 0x57, 0xFF, 0x57, 0x57, 0x57, 0xFF,
        0x57, 0x57, 0x57, 0xFF, 0x57, 0x57, 0x57, 0xFF, 0x57, 0x57, 0x57, 0xFF,
        0x57, 0x57, 0x57, 0xFF, 0x57, 0x57, 0x57, 0xFF, 0x57, 0x57, 0x57, 0xFF,
        0x57, 0x57, 0x57, 0xFF, 0x57, 0x57, 0x57, 0xFF, 0x57, 0x57, 0x57, 0xFF,
        0x57, 0x57, 0x57, 0xFF, 0x57, 0x57, 0x57, 0xFF, 0x57, 0x57, 0x57, 0xFF,
        0x57, 0x57, 0x57, 0xFF, 0x57, 0x57, 0x57, 0xFF, 0x57, 0x57, 0x57, 0xFF,
        0x57, 0x57, 0x57, 0xFF, 0x57, 0x57, 0x57, 0xFF, 0x57, 0x57, 0x57, 0xFF,
        0x57, 0x57, 0x57, 0xFF, 0x57, 0x57, 0x57, 0xFF, 0x57, 0x57, 0x57, 0xFF,
        0x57, 0x57, 0x57, 0xFF, 0x57, 0x57, 0x57, 0xFF, 0x57, 0x57, 0x57, 0xFF,
        0x57, 0x57, 0x57, 0xFF, 0x57, 0x57, 0x57, 0xFF, 0x57, 0x57, 0x57, 0xFF,
        0x57, 0x57, 0x57, 0xFF, 0x57, 0x57, 0x57, 0xFF, 0x57, 0x57, 0x57, 0xFF,
        0x57, 0x57, 0x57, 0xFF, 0x57, 0x57, 0x57, 0xFF, 0x58, 0x58, 0x58, 0xFF,
        0x5A, 0x5A, 0x5A, 0xFF, 0x5D, 0x5D, 0x5D, 0xFF, 0x62, 0x62, 0x62, 0xFF,
        0x69, 0x69, 0x69, 0xFF, 0x71, 0x71, 0x71, 0xFF, 0x7B, 0x7B, 0x7B, 0xFF,
        0x82, 0x82, 0x82, 0xF9, 0xFF, 0xFF, 0xFF, 0x00, 0xFF, 0xFF, 0xFF, 0x00,
        0xFF, 0xFF, 0xFF, 0x00, 0xFF, 0xFF, 0xFF, 0x00, 0xFF, 0xFF, 0xFF, 0x00,
        0xFF, 0xFF, 0xFF, 0x00, 0x5D, 0x5D, 0x5D, 0xFF, 0x5D, 0x5D, 0x5D, 0xFF,
        0x5D, 0x5D, 0x5D, 0xFF, 0x5B, 0x5B, 0x5B, 0xFF, 0x5A, 0x5A, 0x5A, 0xFF,
        0x5A, 0x5A, 0x5A, 0xFF, 0x59, 0x59, 0x59, 0xFF, 0x59, 0x59, 0x59, 0xFF,
        0x59, 0x59, 0x59, 0xFF, 0x59, 0x59, 0x59, 0xFF, 0x59, 0x59, 0x59, 0xFF,
        0x59, 0x59, 0x59, 0xFF, 0x59, 0x59, 0x59, 0xFF, 0x59, 0x59, 0x59, 0xFF,
        0x59, 0x59, 0x59, 0xFF, 0x59, 0x59, 0x59, 0xFF, 0x59, 0x59, 0x59, 0xFF,
        0x59, 0x59, 0x59, 0xFF, 0x59, 0x59, 0x59, 0xFF, 0x59, 0x59, 0x59, 0xFF,
        0x59, 0x59, 0x59, 0xFF, 0x59, 0x59, 0x59, 0xFF, 0x59, 0x59, 0x59, 0xFF,
        0x59, 0x59, 0x59, 0xFF, 0x59, 0x59, 0x59, 0xFF, 0x59, 0x59, 0x59, 0xFF,
        0x59, 0x59, 0x59, 0xFF, 0x59, 0x59, 0x59, 0xFF, 0x59, 0x59, 0x59, 0xFF,
        0x59, 0x59, 0x59, 0xFF, 0x59, 0x59, 0x59, 0xFF, 0x59, 0x59, 0x59, 0xFF,
        0x59, 0x59, 0x59, 0xFF, 0x59, 0x59, 0x59, 0xFF, 0x59, 0x59, 0x59, 0xFF,
        0x59, 0x59, 0x59, 0xFF, 0x59, 0x59, 0x59, 0xFF, 0x59, 0x59, 0x59, 0xFF,
        0x59, 0x59, 0x59, 0xFF, 0x59, 0x59, 0x59, 0xFF, 0x59, 0x59, 0x59, 0xFF,
        0x59, 0x59, 0x59, 0xFF, 0x59, 0x59, 0x59, 0xFF, 0x59, 0x59, 0x59, 0xFF,
        0x59, 0x59, 0x59, 0xFF, 0x59, 0x59, 0x59, 0xFF, 0x59, 0x59, 0x59, 0xFF,
        0x59, 0x59, 0x59, 0xFF, 0x59, 0x59, 0x59, 0xFF, 0x59, 0x59, 0x59, 0xFF,
        0x59, 0x59, 0x59, 0xFF, 0x59, 0x59, 0x59, 0xFF, 0x5A, 0x5A, 0x5A, 0xFF,
        0x5A, 0x5A, 0x5A, 0xFF, 0x5B, 0x5B, 0x5B, 0xFF, 0x5D, 0x5D, 0x5D, 0xFF,
        0x5D, 0x5D, 0x5D, 0xFF, 0x5D, 0x5D, 0x5D, 0xFF, 0xFF, 0xFF, 0xFF, 0x00,
        0xFF, 0xFF, 0xFF, 0x00, 0xFF, 0xFF, 0xFF, 0x00, 0xFF, 0xFF, 0xFF, 0x00,
        0xFF, 0xFF, 0xFF, 0x00, 0xFF, 0xFF, 0xFF, 0x00, 0x81, 0x81, 0x81, 0xFF,
        0x7A, 0x7A, 0x7A, 0xFF, 0x72, 0x72, 0x72, 0xFF, 0x6A, 0x6A, 0x6A, 0xFF,
        0x63, 0x63, 0x63, 0xFF, 0x5E, 0x5E, 0x5E, 0xFF, 0x5B, 0x5B, 0x5B, 0xFF,
        0x59, 0x59, 0x59, 0xFF, 0x59, 0x59, 0x59, 0xFF, 0x59, 0x59, 0x59, 0xFF,
        0x59, 0x59, 0x59, 0xFF, 0x59, 0x59, 0x59, 0xFF, 0x59, 0x59, 0x59, 0xFF,
        0x59, 0x59, 0x59, 0xFF, 0x59, 0x59, 0x59, 0xFF, 0x59, 0x59, 0x59, 0xFF,
        0x59, 0x59, 0x59, 0xFF, 0x59, 0x59, 0x59, 0xFF, 0x59, 0x59, 0x59, 0xFF,
        0x59, 0x59, 0x59, 0xFF, 0x59, 0x59, 0x59, 0xFF, 0x59, 0x59, 0x59, 0xFF,
        0x59, 0x59, 0x59, 0xFF, 0x59, 0x59, 0x59, 0xFF, 0x59, 0x59, 0x59, 0xFF,
        0x59, 0x59, 0x59, 0xFF, 0x59, 0x59, 0x59, 0xFF, 0x59, 0x59, 0x59, 0xFF,
        0x59, 0x59, 0x59, 0xFF, 0x59, 0x59, 0x59, 0xFF, 0x59, 0x59, 0x59, 0xFF,
        0x59, 0x59, 0x59, 0xFF, 0x59, 0x59, 0x59, 0xFF, 0x59, 0x59, 0x59, 0xFF,
        0x59, 0x59, 0x59, 0xFF, 0x59, 0x59, 0x59, 0xFF, 0x59, 0x59, 0x59, 0xFF,
        0x59, 0x59, 0x59, 0xFF, 0x59, 0x59, 0x59, 0xFF, 0x59, 0x59, 0x59, 0xFF,
        0x59, 0x59, 0x59, 0xFF, 0x59, 0x59, 0x59, 0xFF, 0x59, 0x59, 0x59, 0xFF,
        0x59, 0x59, 0x59, 0xFF, 0x59, 0x59, 0x59, 0xFF, 0x59, 0x59, 0x59, 0xFF,
        0x59, 0x59, 0x59, 0xFF, 0x59, 0x59, 0x59, 0xFF, 0x59, 0x59, 0x59, 0xFF,
        0x59, 0x59, 0x59, 0xFF, 0x59, 0x59, 0x59, 0xFF, 0x5B, 0x5B, 0x5B, 0xFF,
        0x5E, 0x5E, 0x5E, 0xFF, 0x63, 0x63, 0x63, 0xFF, 0x6A, 0x6A, 0x6A, 0xFF,
        0x72, 0x72, 0x72, 0xFF, 0x7A, 0x7A, 0x7A, 0xFF, 0x81, 0x81, 0x81, 0xFF,
        0xFF, 0xFF, 0xFF, 0x00, 0xFF, 0xFF, 0xFF, 0x00, 0xFF, 0xFF, 0xFF, 0x00,
        0xFF, 0xFF, 0xFF, 0x00, 0xFF, 0xFF, 0xFF, 0x00, 0xFF, 0xFF, 0xFF, 0x00,
        0x5D, 0x5D, 0x5D, 0xFF, 0x5E, 0x5E, 0x5E, 0xFF, 0x5E, 0x5E, 0x5E, 0xFF,
        0x5D, 0x5D, 0x5D, 0xFF, 0x5C, 0x5C, 0x5C, 0xFF, 0x5C, 0x5C, 0x5C, 0xFF,
        0x5B, 0x5B, 0x5B, 0xFF, 0x5B, 0x5B, 0x5B, 0xFF, 0x5B, 0x5B, 0x5B, 0xFF,
        0x5B, 0x5B, 0x5B, 0xFF, 0x5B, 0x5B, 0x5B, 0xFF, 0x5B, 0x5B, 0x5B, 0xFF,
        0x5B, 0x5B, 0x5B, 0xFF, 0x5B, 0x5B, 0x5B, 0xFF, 0x5B, 0x5B, 0x5B, 0xFF,
        0x5B, 0x5B, 0x5B, 0xFF, 0x5B, 0x5B, 0x5B, 0xFF, 0x5B, 0x5B, 0x5B, 0xFF,
        0x5B, 0x5B, 0x5B, 0xFF, 0x5B, 0x5B, 0x5B, 0xFF, 0x5B, 0x5B, 0x5B, 0xFF,
        0x5B, 0x5B, 0x5B, 0xFF, 0x5B, 0x5B, 0x5B, 0xFF, 0x5B, 0x5B, 0x5B, 0xFF,
        0x5B, 0x5B, 0x5B, 0xFF, 0x5B, 0x5B, 0x5B, 0xFF, 0x5B, 0x5B, 0x5B, 0xFF,
        0x5B, 0x5B, 0x5B, 0xFF, 0x5B, 0x5B, 0x5B, 0xFF, 0x5B, 0x5B, 0x5B, 0xFF,
        0x5B, 0x5B, 0x5B, 0xFF, 0x5B, 0x5B, 0x5B, 0xFF, 0x5B, 0x5B, 0x5B, 0xFF,
        0x5B, 0x5B, 0x5B, 0xFF, 0x5B, 0x5B, 0x5B, 0xFF, 0x5B, 0x5B, 0x5B, 0xFF,
        0x5B, 0x5B, 0x5B, 0xFF, 0x5B, 0x5B, 0x5B, 0xFF, 0x5B, 0x5B, 0x5B, 0xFF,
        0x5B, 0x5B, 0x5B, 0xFF, 0x5B, 0x5B, 0x5B, 0xFF, 0x5B, 0x5B, 0x5B, 0xFF,
        0x5B, 0x5B, 0x5B, 0xFF, 0x5B, 0x5B, 0x5B, 0xFF, 0x5B, 0x5B, 0x5B, 0xFF,
        0x5B, 0x5B, 0x5B, 0xFF, 0x5B, 0x5B, 0x5B, 0xFF, 0x5B, 0x5B, 0x5B, 0xFF,
        0x5B, 0x5B, 0x5B, 0xFF, 0x5B, 0x5B, 0x5B, 0xFF, 0x5B, 0x5B, 0x5B, 0xFF,
        0x5B, 0x5B, 0x5B, 0xFF, 0x5C, 0x5C, 0x5C, 0xFF, 0x5C, 0x5C, 0x5C, 0xFF,
        0x5D, 0x5D, 0x5D, 0xFF, 0x5E, 0x5E, 0x5E, 0xFF, 0x5E, 0x5E, 0x5E, 0xFF,
        0x5D, 0x5D, 0x5D, 0xFF, 0xFF, 0xFF, 0xFF, 0x00, 0xFF, 0xFF, 0xFF, 0x00,
        0xFF, 0xFF, 0xFF, 0x00, 0xFF, 0xFF, 0xFF, 0x00, 0xFF, 0xFF, 0xFF, 0x00,
        0xFF, 0xFF, 0xFF, 0x00, 0x80, 0x80, 0x80, 0xFF, 0x7A, 0x7A, 0x7A, 0xFF,
        0x73, 0x73, 0x73, 0xFF, 0x6B, 0x6B, 0x6B, 0xFF, 0x65, 0x65, 0x65, 0xFF,
        0x60, 0x60, 0x60, 0xFF, 0x5D, 0x5D, 0x5D, 0xFF, 0x5B, 0x5B, 0x5B, 0xFF,
        0x5B, 0x5B, 0x5B, 0xFF, 0x5B, 0x5B, 0x5B, 0xFF, 0x5B, 0x5B, 0x5B, 0xFF,
        0x5B, 0x5B, 0x5B, 0xFF, 0x5B, 0x5B, 0x5B, 0xFF, 0x5B, 0x5B, 0x5B, 0xFF,
        0x5B, 0x5B, 0x5B, 0xFF, 0x5B, 0x5B, 0x5B, 0xFF, 0x5B, 0x5B, 0x5B, 0xFF,
        0x5B, 0x5B, 0x5B, 0xFF, 0x5B, 0x5B, 0x5B, 0xFF, 0x5B, 0x5B, 0x5B, 0xFF,
        0x5B, 0x5B, 0x5B, 0xFF, 0x5B, 0x5B, 0x5B, 0xFF, 0x5B, 0x5B, 0x5B, 0xFF,
        0x5B, 0x5B, 0x5B, 0xFF, 0x5B, 0x5B, 0x5B, 0xFF, 0x5B, 0x5B, 0x5B, 0xFF,
        0x5B, 0x5B, 0x5B, 0xFF, 0x5B, 0x5B, 0x5B, 0xFF, 0x5B, 0x5B, 0x5B, 0xFF,
        0x5B, 0x5B, 0x5B, 0xFF, 0x5B, 0x5B, 0x5B, 0xFF, 0x5B, 0x5B, 0x5B, 0xFF,
        0x5B, 0x5B, 0x5B, 0xFF, 0x5B, 0x5B, 0x5B, 0xFF, 0x5B, 0x5B, 0x5B, 0xFF,
        0x5B, 0x5B, 0x5B, 0xFF, 0x5B, 0x5B, 0x5B, 0xFF, 0x5B, 0x5B, 0x5B, 0xFF,
        0x5B, 0x5B, 0x5B, 0xFF, 0x5B, 0x5B, 0x5B, 0xFF, 0x5B, 0x5B, 0x5B, 0xFF,
        0x5B, 0x5B, 0x5B, 0xFF, 0x5B, 0x5B, 0x5B, 0xFF, 0x5B, 0x5B, 0x5B, 0xFF,
        0x5B, 0x5B, 0x5B, 0xFF, 0x5B, 0x5B, 0x5B, 0xFF, 0x5B, 0x5B, 0x5B, 0xFF,
        0x5B, 0x5B, 0x5B, 0xFF, 0x5B, 0x5B, 0x5B, 0xFF, 0x5B, 0x5B, 0x5B, 0xFF,
        0x5B, 0x5B, 0x5B, 0xFF, 0x5D, 0x5D, 0x5D, 0xFF, 0x60, 0x60, 0x60, 0xFF,
        0x65, 0x65, 0x65, 0xFF, 0x6B, 0x6B, 0x6B, 0xFF, 0x73, 0x73, 0x73, 0xFF,
        0x7A, 0x7A, 0x7A, 0xFF, 0x80, 0x80, 0x80, 0xFF, 0xFF, 0xFF, 0xFF, 0x00,
        0xFF, 0xFF, 0xFF, 0x00, 0xFF, 0xFF, 0xFF, 0x00, 0xFF, 0xFF, 0xFF, 0x00,
        0xFF, 0xFF, 0xFF, 0x00, 0xFF, 0xFF, 0xFF, 0x00, 0x5F, 0x5F, 0x5F, 0xFF,
        0x60, 0x60, 0x60, 0xFF, 0x60, 0x60, 0x60, 0xFF, 0x5F, 0x5F, 0x5F, 0xFF,
        0x5E, 0x5E, 0x5E, 0xFF, 0x5E, 0x5E, 0x5E, 0xFF, 0x5D, 0x5D, 0x5D, 0xFF,
        0x5D, 0x5D, 0x5D, 0xFF, 0x5D, 0x5D, 0x5D, 0xFF, 0x5D, 0x5D, 0x5D, 0xFF,
        0x5D, 0x5D, 0x5D, 0xFF, 0x5D, 0x5D, 0x5D, 0xFF, 0x5D, 0x5D, 0x5D, 0xFF,
        0x5D, 0x5D, 0x5D, 0xFF, 0x5D, 0x5D, 0x5D, 0xFF, 0x5D, 0x5D, 0x5D, 0xFF,
        0x5D, 0x5D, 0x5D, 0xFF, 0x5D, 0x5D, 0x5D, 0xFF, 0x5D, 0x5D, 0x5D, 0xFF,
        0x5D, 0x5D, 0x5D, 0xFF, 0x5D, 0x5D, 0x5D, 0xFF, 0x5D, 0x5D, 0x5D, 0xFF,
        0x5D, 0x5D, 0x5D, 0xFF, 0x5D, 0x5D, 0x5D, 0xFF, 0x5D, 0x5D, 0x5D, 0xFF,
        0x5D, 0x5D, 0x5D, 0xFF, 0x5D, 0x5D, 0x5D, 0xFF, 0x5D, 0x5D, 0x5D, 0xFF,
        0x5D, 0x5D, 0x5D, 0xFF, 0x5D, 0x5D, 0x5D, 0xFF, 0x5D, 0x5D, 0x5D, 0xFF,
        0x5D, 0x5D, 0x5D, 0xFF, 0x5D, 0x5D, 0x5D, 0xFF, 0x5D, 0x5D, 0x5D, 0xFF,
        0x5D, 0x5D, 0x5D, 0xFF, 0x5D, 0x5D, 0x5D, 0xFF, 0x5D, 0x5D, 0x5D, 0xFF,
        0x5D, 0x5D, 0x5D, 0xFF, 0x5D, 0x5D, 0x5D, 0xFF, 0x5D, 0x5D, 0x5D, 0xFF,
        0x5D, 0x5D, 0x5D, 0xFF, 0x5D, 0x5D, 0x5D, 0xFF, 0x5D, 0x5D, 0x5D, 0xFF,
        0x5D, 0x5D, 0x5D, 0xFF, 0x5D, 0x5D, 0x5D, 0xFF, 0x5D, 0x5D, 0x5D, 0xFF,
        0x5D, 0x5D, 0x5D, 0xFF, 0x5D, 0x5D, 0x5D, 0xFF, 0x5D, 0x5D, 0x5D, 0xFF,
        0x5D, 0x5D, 0x5D, 0xFF, 0x5D, 0x5D, 0x5D, 0xFF, 0x5D, 0x5D, 0x5D, 0xFF,
        0x5E, 0x5E, 0x5E, 0xFF, 0x5E, 0x5E, 0x5E, 0xFF, 0x5F, 0x5F, 0x5F, 0xFF,
        0x60, 0x60, 0x60, 0xFF, 0x60, 0x60, 0x60, 0xFF, 0x5F, 0x5F, 0x5F, 0xFF,
        0xFF, 0xFF, 0xFF, 0x00, 0xFF, 0xFF, 0xFF, 0x00, 0xFF, 0xFF, 0xFF, 0x00,
        0xFF, 0xFF, 0xFF, 0x00, 0xFF, 0xFF, 0xFF, 0x00, 0xFF, 0xFF, 0xFF, 0x00,
        0x80, 0x80, 0x80, 0xFF, 0x7B, 0x7B, 0x7B, 0xFF, 0x74, 0x74, 0x74, 0xFF,
        0x6B, 0x6B, 0x6B, 0xFF, 0x66, 0x66, 0x66, 0xFF, 0x61, 0x61, 0x61, 0xFF,
        0x5E, 0x5E, 0x5E, 0xFF, 0x5C, 0x5C, 0x5C, 0xFF, 0x5C, 0x5C, 0x5C, 0xFF,
        0x5C, 0x5C, 0x5C, 0xFF, 0x5C, 0x5C, 0x5C, 0xFF, 0x5C, 0x5C, 0x5C, 0xFF,
        0x5C, 0x5C, 0x5C, 0xFF, 0x5C, 0x5C, 0x5C, 0xFF, 0x5C, 0x5C, 0x5C, 0xFF,
        0x5C, 0x5C, 0x5C, 0xFF, 0x5C, 0x5C, 0x5C, 0xFF, 0x5C, 0x5C, 0x5C, 0xFF,
        0x5C, 0x5C, 0x5C, 0xFF, 0x5C, 0x5C, 0x5C, 0xFF, 0x5C, 0x5C, 0x5C, 0xFF,
        0x5C, 0x5C, 0x5C, 0xFF, 0x5C, 0x5C, 0x5C, 0xFF, 0x5C, 0x5C, 0x5C, 0xFF,
        0x5C, 0x5C, 0x5C, 0xFF, 0x5C, 0x5C, 0x5C, 0xFF, 0x5C, 0x5C, 0x5C, 0xFF,
        0x5C, 0x5C, 0x5C, 0xFF, 0x5C, 0x5C, 0x5C, 0xFF, 0x5C, 0x5C, 0x5C, 0xFF,
        0x5C, 0x5C, 0x5C, 0xFF, 0x5C, 0x5C, 0x5C, 0xFF, 0x5C, 0x5C, 0x5C, 0xFF,
        0x5C, 0x5C, 0x5C, 0xFF, 0x5C, 0x5C, 0x5C, 0xFF, 0x5C, 0x5C, 0x5C, 0xFF,
        0x5C, 0x5C, 0x5C, 0xFF, 0x5C, 0x5C, 0x5C, 0xFF, 0x5C, 0x5C, 0x5C, 0xFF,
        0x5C, 0x5C, 0x5C, 0xFF, 0x5C, 0x5C, 0x5C, 0xFF, 0x5C, 0x5C, 0x5C, 0xFF,
        0x5C, 0x5C, 0x5C, 0xFF, 0x5C, 0x5C, 0x5C, 0xFF, 0x5C, 0x5C, 0x5C, 0xFF,
        0x5C, 0x5C, 0x5C, 0xFF, 0x5C, 0x5C, 0x5C, 0xFF, 0x5C, 0x5C, 0x5C, 0xFF,
        0x5C, 0x5C, 0x5C, 0xFF, 0x5C, 0x5C, 0x5C, 0xFF, 0x5C, 0x5C, 0x5C, 0xFF,
        0x5E, 0x5E, 0x5E, 0xFF, 0x61, 0x61, 0x61, 0xFF, 0x66, 0x66, 0x66, 0xFF,
        0x6B, 0x6B, 0x6B, 0xFF, 0x74, 0x74, 0x74, 0xFF, 0x7B, 0x7B, 0x7B, 0xFF,
        0x80, 0x80, 0x80, 0xFF, 0xFF, 0xFF, 0xFF, 0x00, 0xFF, 0xFF, 0xFF, 0x00,
        0xFF, 0xFF, 0xFF, 0x00, 0xFF, 0xFF, 0xFF, 0x00, 0xFF, 0xFF, 0xFF, 0x00,
        0xFF, 0xFF, 0xFF, 0x00, 0x5F, 0x5F, 0x5F, 0xFF, 0x61, 0x61, 0x61, 0xFF,
        0x61, 0x61, 0x61, 0xFF, 0x60, 0x60, 0x60, 0xFF, 0x5F, 0x5F, 0x5F, 0xFF,
        0x5F, 0x5F, 0x5F, 0xFF, 0x5E, 0x5E, 0x5E, 0xFF, 0x5E, 0x5E, 0x5E, 0xFF,
        0x5E, 0x5E, 0x5E, 0xFF, 0x5E, 0x5E, 0x5E, 0xFF, 0x5E, 0x5E, 0x5E, 0xFF,
        0x5E, 0x5E, 0x5E, 0xFF, 0x5E, 0x5E, 0x5E, 0xFF, 0x5E, 0x5E, 0x5E, 0xFF,
        0x5E, 0x5E, 0x5E, 0xFF, 0x5E, 0x5E, 0x5E, 0xFF, 0x5E, 0x5E, 0x5E, 0xFF,
        0x5E, 0x5E, 0x5E, 0xFF, 0x5E, 0x5E, 0x5E, 0xFF, 0x5E, 0x5E, 0x5E, 0xFF,
        0x5E, 0x5E, 0x5E, 0xFF, 0x5E, 0x5E, 0x5E, 0xFF, 0x5E, 0x5E, 0x5E, 0xFF,
        0x5E, 0x5E, 0x5E, 0xFF, 0x5E, 0x5E, 0x5E, 0xFF, 0x5E, 0x5E, 0x5E, 0xFF,
        0x5E, 0x5E, 0x5E, 0xFF, 0x5E, 0x5E, 0x5E, 0xFF, 0x5E, 0x5E, 0x5E, 0xFF,
        0x5E, 0x5E, 0x5E, 0xFF, 0x5E, 0x5E, 0x5E, 0xFF, 0x5E, 0x5E, 0x5E, 0xFF,
        0x5E, 0x5E, 0x5E, 0xFF, 0x5E, 0x5E, 0x5E, 0xFF, 0x5E, 0x5E, 0x5E, 0xFF,
        0x5E, 0x5E, 0x5E, 0xFF, 0x5E, 0x5E, 0x5E, 0xFF, 0x5E, 0x5E, 0x5E, 0xFF,
        0x5E, 0x5E, 0x5E, 0xFF, 0x5E, 0x5E, 0x5E, 0xFF, 0x5E, 0x5E, 0x5E, 0xFF,
        0x5E, 0x5E, 0x5E, 0xFF, 0x5E, 0x5E, 0x5E, 0xFF, 0x5E, 0x5E, 0x5E, 0xFF,
        0x5E, 0x5E, 0x5E, 0xFF, 0x5E, 0x5E, 0x5E, 0xFF, 0x5E, 0x5E, 0x5E, 0xFF,
        0x5E, 0x5E, 0x5E, 0xFF, 0x5E, 0x5E, 0x5E, 0xFF, 0x5E, 0x5E, 0x5E, 0xFF,
        0x5E, 0x5E, 0x5E, 0xFF, 0x5E, 0x5E, 0x5E, 0xFF, 0x5F, 0x5F, 0x5F, 0xFF,
        0x5F, 0x5F, 0x5F, 0xFF, 0x60, 0x60, 0x60, 0xFF, 0x61, 0x61, 0x61, 0xFF,
        0x61, 0x61, 0x61, 0xFF, 0x5F, 0x5F, 0x5F, 0xFF, 0xFF, 0xFF, 0xFF, 0x00,
        0xFF, 0xFF, 0xFF, 0x00, 0xFF, 0xFF, 0xFF, 0x00, 0xFF, 0xFF, 0xFF, 0x00,
        0xFF, 0xFF, 0xFF, 0x00, 0xFF, 0xFF, 0xFF, 0x00, 0x81, 0x81, 0x81, 0xFF,
        0x7C, 0x7C, 0x7C, 0xFF, 0x75, 0x75, 0x75, 0xFF, 0x6D, 0x6D, 0x6D, 0xFF,
        0x67, 0x67, 0x67, 0xFF, 0x62, 0x62, 0x62, 0xFF, 0x5F, 0x5F, 0x5F, 0xFF,
        0x5E, 0x5E, 0x5E, 0xFF, 0x5E, 0x5E, 0x5E, 0xFF, 0x5E, 0x5E, 0x5E, 0xFF,
        0x5E, 0x5E, 0x5E, 0xFF, 0x5E, 0x5E, 0x5E, 0xFF, 0x5E, 0x5E, 0x5E, 0xFF,
        0x5E, 0x5E, 0x5E, 0xFF, 0x5E, 0x5E, 0x5E, 0xFF, 0x5E, 0x5E, 0x5E, 0xFF,
        0x5E, 0x5E, 0x5E, 0xFF, 0x5E, 0x5E, 0x5E, 0xFF, 0x5E, 0x5E, 0x5E, 0xFF,
        0x5E, 0x5E, 0x5E, 0xFF, 0x5E, 0x5E, 0x5E, 0xFF, 0x5E, 0x5E, 0x5E, 0xFF,
        0x5E, 0x5E, 0x5E, 0xFF, 0x5E, 0x5E, 0x5E, 0xFF, 0x5E, 0x5E, 0x5E, 0xFF,
        0x5E, 0x5E, 0x5E, 0xFF, 0x5E, 0x5E, 0x5E, 0xFF, 0x5E, 0x5E, 0x5E, 0xFF,
        0x5E, 0x5E, 0x5E, 0xFF, 0x5E, 0x5E, 0x5E, 0xFF, 0x5E, 0x5E, 0x5E, 0xFF,
        0x5E, 0x5E, 0x5E, 0xFF, 0x5E, 0x5E, 0x5E, 0xFF, 0x5E, 0x5E, 0x5E, 0xFF,
        0x5E, 0x5E, 0x5E, 0xFF, 0x5E, 0x5E, 0x5E, 0xFF, 0x5E, 0x5E, 0x5E, 0xFF,
        0x5E, 0x5E, 0x5E, 0xFF, 0x5E, 0x5E, 0x5E, 0xFF, 0x5E, 0x5E, 0x5E, 0xFF,
        0x5E, 0x5E, 0x5E, 0xFF, 0x5E, 0x5E, 0x5E, 0xFF, 0x5E, 0x5E, 0x5E, 0xFF,
        0x5E, 0x5E, 0x5E, 0xFF, 0x5E, 0x5E, 0x5E, 0xFF, 0x5E, 0x5E, 0x5E, 0xFF,
        0x5E, 0x5E, 0x5E, 0xFF, 0x5E, 0x5E, 0x5E, 0xFF, 0x5E, 0x5E, 0x5E, 0xFF,
        0x5E, 0x5E, 0x5E, 0xFF, 0x5E, 0x5E, 0x5E, 0xFF, 0x5F, 0x5F, 0x5F, 0xFF,
        0x62, 0x62, 0x62, 0xFF, 0x67, 0x67, 0x67, 0xFF, 0x6D, 0x6D, 0x6D, 0xFF,
        0x75, 0x75, 0x75, 0xFF, 0x7C, 0x7C, 0x7C, 0xFF, 0x81, 0x81, 0x81, 0xFF,
        0xFF, 0xFF, 0xFF, 0x00, 0xFF, 0xFF, 0xFF, 0x00, 0xFF, 0xFF, 0xFF, 0x00,
        0xFF, 0xFF, 0xFF, 0x00, 0xFF, 0xFF, 0xFF, 0x00, 0xFF, 0xFF, 0xFF, 0x00,
        0x61, 0x61, 0x61, 0xFF, 0x63, 0x63, 0x63, 0xFF, 0x63, 0x63, 0x63, 0xFF,
        0x62, 0x62, 0x62, 0xFF, 0x61, 0x61, 0x61, 0xFF, 0x61, 0x61, 0x61, 0xFF,
        0x60, 0x60, 0x60, 0xFF, 0x60, 0x60, 0x60, 0xFF, 0x60, 0x60, 0x60, 0xFF,
        0x60, 0x60, 0x60, 0xFF, 0x60, 0x60, 0x60, 0xFF, 0x60, 0x60, 0x60, 0xFF,
        0x60, 0x60, 0x60, 0xFF, 0x60, 0x60, 0x60, 0xFF, 0x60, 0x60, 0x60, 0xFF,
        0x60, 0x60, 0x60, 0xFF, 0x60, 0x60, 0x60, 0xFF, 0x60, 0x60, 0x60, 0xFF,
        0x60, 0x60, 0x60, 0xFF, 0x60, 0x60, 0x60, 0xFF, 0x60, 0x60, 0x60, 0xFF,
        0x60, 0x60, 0x60, 0xFF, 0x60, 0x60, 0x60, 0xFF, 0x60, 0x60, 0x60, 0xFF,
        0x60, 0x60, 0x60, 0xFF, 0x60, 0x60, 0x60, 0xFF, 0x60, 0x60, 0x60, 0xFF,
        0x60, 0x60, 0x60, 0xFF, 0x60, 0x60, 0x60, 0xFF, 0x60, 0x60, 0x60, 0xFF,
        0x60, 0x60, 0x60, 0xFF, 0x60, 0x60, 0x60, 0xFF, 0x60, 0x60, 0x60, 0xFF,
        0x60, 0x60, 0x60, 0xFF, 0x60, 0x60, 0x60, 0xFF, 0x60, 0x60, 0x60, 0xFF,
        0x60, 0x60, 0x60, 0xFF, 0x60, 0x60, 0x60, 0xFF, 0x60, 0x60, 0x60, 0xFF,
        0x60, 0x60, 0x60, 0xFF, 0x60, 0x60, 0x60, 0xFF, 0x60, 0x60, 0x60, 0xFF,
        0x60, 0x60, 0x60, 0xFF, 0x60, 0x60, 0x60, 0xFF, 0x60, 0x60, 0x60, 0xFF,
        0x60, 0x60, 0x60, 0xFF, 0x60, 0x60, 0x60, 0xFF, 0x60, 0x60, 0x60, 0xFF,
        0x60, 0x60, 0x60, 0xFF, 0x60, 0x60, 0x60, 0xFF, 0x60, 0x60, 0x60, 0xFF,
        0x60, 0x60, 0x60, 0xFF, 0x61, 0x61, 0x61, 0xFF, 0x61, 0x61, 0x61, 0xFF,
        0x62, 0x62, 0x62, 0xFF, 0x63, 0x63, 0x63, 0xFF, 0x63, 0x63, 0x63, 0xFF,
        0x61, 0x61, 0x61, 0xFF, 0xFF, 0xFF, 0xFF, 0x00, 0xFF, 0xFF, 0xFF, 0x00,
        0xFF, 0xFF, 0xFF, 0x00, 0xFF, 0xFF, 0xFF, 0x00, 0xFF, 0xFF, 0xFF, 0x00,
        0xFF, 0xFF, 0xFF, 0x00, 0x81, 0x81, 0x81, 0xFF, 0x7C, 0x7C, 0x7C, 0xFF,
        0x76, 0x76, 0x76, 0xFF, 0x6E, 0x6E, 0x6E, 0xFF, 0x68, 0x68, 0x68, 0xFF,
        0x63, 0x63, 0x63, 0xFF, 0x60, 0x60, 0x60, 0xFF, 0x5F, 0x5F, 0x5F, 0xFF,
        0x5F, 0x5F, 0x5F, 0xFF, 0x5F, 0x5F, 0x5F, 0xFF, 0x5F, 0x5F, 0x5F, 0xFF,
        0x5F, 0x5F, 0x5F, 0xFF, 0x5F, 0x5F, 0x5F, 0xFF, 0x5F, 0x5F, 0x5F, 0xFF,
        0x5F, 0x5F, 0x5F, 0xFF, 0x5F, 0x5F, 0x5F, 0xFF, 0x5F, 0x5F, 0x5F, 0xFF,
        0x5F, 0x5F, 0x5F, 0xFF, 0x5F, 0x5F, 0x5F, 0xFF, 0x5F, 0x5F, 0x5F, 0xFF,
        0x5F, 0x5F, 0x5F, 0xFF, 0x5F, 0x5F, 0x5F, 0xFF, 0x5F, 0x5F, 0x5F, 0xFF,
        0x5F, 0x5F, 0x5F, 0xFF, 0x5F, 0x5F, 0x5F, 0xFF, 0x5F, 0x5F, 0x5F, 0xFF,
        0x5F, 0x5F, 0x5F, 0xFF, 0x5F, 0x5F, 0x5F, 0xFF, 0x5F, 0x5F, 0x5F, 0xFF,
        0x5F, 0x5F, 0x5F, 0xFF, 0x5F, 0x5F, 0x5F, 0xFF, 0x5F, 0x5F, 0x5F, 0xFF,
        0x5F, 0x5F, 0x5F, 0xFF, 0x5F, 0x5F, 0x5F, 0xFF, 0x5F, 0x5F, 0x5F, 0xFF,
        0x5F, 0x5F, 0x5F, 0xFF, 0x5F, 0x5F, 0x5F, 0xFF, 0x5F, 0x5F, 0x5F, 0xFF,
        0x5F, 0x5F, 0x5F, 0xFF, 0x5F, 0x5F, 0x5F, 0xFF, 0x5F, 0x5F, 0x5F, 0xFF,
        0x5F, 0x5F, 0x5F, 0xFF, 0x5F, 0x5F, 0x5F, 0xFF, 0x5F, 0x5F, 0x5F, 0xFF,
        0x5F, 0x5F, 0x5F, 0xFF, 0x5F, 0x5F, 0x5F, 0xFF, 0x5F, 0x5F, 0x5F, 0xFF,
        0x5F, 0x5F, 0x5F, 0xFF, 0x5F, 0x5F, 0x5F, 0xFF, 0x5F, 0x5F, 0x5F, 0xFF,
        0x5F, 0x5F, 0x5F, 0xFF, 0x60, 0x60, 0x60, 0xFF, 0x63, 0x63, 0x63, 0xFF,
        0x68, 0x68, 0x68, 0xFF, 0x6E, 0x6E, 0x6E, 0xFF, 0x76, 0x76, 0x76, 0xFF,
        0x7C, 0x7C, 0x7C, 0xFF, 0x81, 0x81, 0x81, 0xFF, 0xFF, 0xFF, 0xFF, 0x00,
        0xFF, 0xFF, 0xFF, 0x00, 0xFF, 0xFF, 0xFF, 0x00, 0xFF, 0xFF, 0xFF, 0x00,
        0xFF, 0xFF, 0xFF, 0x00, 0xFF, 0xFF, 0xFF, 0x00, 0x62, 0x62, 0x62, 0xFF,
        0x64, 0x64, 0x64, 0xFF, 0x64, 0x64, 0x64, 0xFF, 0x63, 0x63, 0x63, 0xFF,
        0x62, 0x62, 0x62, 0xFF, 0x62, 0x62, 0x62, 0xFF, 0x61, 0x61, 0x61, 0xFF,
        0x61, 0x61, 0x61, 0xFF, 0x61, 0x61, 0x61, 0xFF, 0x61, 0x61, 0x61, 0xFF,
        0x61, 0x61, 0x61, 0xFF, 0x61, 0x61, 0x61, 0xFF, 0x61, 0x61, 0x61, 0xFF,
        0x61, 0x61, 0x61, 0xFF, 0x61, 0x61, 0x61, 0xFF, 0x61, 0x61, 0x61, 0xFF,
        0x61, 0x61, 0x61, 0xFF, 0x61, 0x61, 0x61, 0xFF, 0x61, 0x61, 0x61, 0xFF,
        0x61, 0x61, 0x61, 0xFF, 0x61, 0x61, 0x61, 0xFF, 0x61, 0x61, 0x61, 0xFF,
        0x61, 0x61, 0x61, 0xFF, 0x61, 0x61, 0x61, 0xFF, 0x61, 0x61, 0x61, 0xFF,
        0x61, 0x61, 0x61, 0xFF, 0x61, 0x61, 0x61, 0xFF, 0x61, 0x61, 0x61, 0xFF,
        0x61, 0x61, 0x61, 0xFF, 0x61, 0x61, 0x61, 0xFF, 0x61, 0x61, 0x61, 0xFF,
        0x61, 0x61, 0x61, 0xFF, 0x61, 0x61, 0x61, 0xFF, 0x61, 0x61, 0x61, 0xFF,
        0x61, 0x61, 0x61, 0xFF, 0x61, 0x61, 0x61, 0xFF, 0x61, 0x61, 0x61, 0xFF,
        0x61, 0x61, 0x61, 0xFF, 0x61, 0x61, 0x61, 0xFF, 0x61, 0x61, 0x61, 0xFF,
        0x61, 0x61, 0x61, 0xFF, 0x61, 0x61, 0x61, 0xFF, 0x61, 0x61, 0x61, 0xFF,
        0x61, 0x61, 0x61, 0xFF, 0x61, 0x61, 0x61, 0xFF, 0x61, 0x61, 0x61, 0xFF,
        0x61, 0x61, 0x61, 0xFF, 0x61, 0x61, 0x61, 0xFF, 0x61, 0x61, 0x61, 0xFF,
        0x61, 0x61, 0x61, 0xFF, 0x61, 0x61, 0x61, 0xFF, 0x61, 0x61, 0x61, 0xFF,
        0x62, 0x62, 0x62, 0xFF, 0x62, 0x62, 0x62, 0xFF, 0x63, 0x63, 0x63, 0xFF,
        0x64, 0x64, 0x64, 0xFF, 0x64, 0x64, 0x64, 0xFF, 0x62, 0x62, 0x62, 0xFF,
        0xFF, 0xFF, 0xFF, 0x00, 0xFF, 0xFF, 0xFF, 0x00, 0xFF, 0xFF, 0xFF, 0x00,
        0xFF, 0xFF, 0xFF, 0x00, 0xFF, 0xFF, 0xFF, 0x00, 0xFF, 0xFF, 0xFF, 0x00,
        0x82, 0x82, 0x82, 0xFF, 0x7D, 0x7D, 0x7D, 0xFF, 0x76, 0x76, 0x76, 0xFF,
        0x6F, 0x6F, 0x6F, 0xFF, 0x69, 0x69, 0x69, 0xFF, 0x64, 0x64, 0x64, 0xFF,
        0x61, 0x61, 0x61, 0xFF, 0x60, 0x60, 0x60, 0xFF, 0x60, 0x60, 0x60, 0xFF,
        0x60, 0x60, 0x60, 0xFF, 0x60, 0x60, 0x60, 0xFF, 0x60, 0x60, 0x60, 0xFF,
        0x60, 0x60, 0x60, 0xFF, 0x60, 0x60, 0x60, 0xFF, 0x60, 0x60, 0x60, 0xFF,
        0x60, 0x60, 0x60, 0xFF, 0x60, 0x60, 0x60, 0xFF, 0x60, 0x60, 0x60, 0xFF,
        0x60, 0x60, 0x60, 0xFF, 0x60, 0x60, 0x60, 0xFF, 0x60, 0x60, 0x60, 0xFF,
        0x60, 0x60, 0x60, 0xFF, 0x60, 0x60, 0x60, 0xFF, 0x60, 0x60, 0x60, 0xFF,
        0x60, 0x60, 0x60, 0xFF, 0x60, 0x60, 0x60, 0xFF, 0x60, 0x60, 0x60, 0xFF,
        0x60, 0x60, 0x60, 0xFF, 0x60, 0x60, 0x60, 0xFF, 0x60, 0x60, 0x60, 0xFF,
        0x60, 0x60, 0x60, 0xFF, 0x60, 0x60, 0x60, 0xFF, 0x60, 0x60, 0x60, 0xFF,
        0x60, 0x60, 0x60, 0xFF, 0x60, 0x60, 0x60, 0xFF, 0x60, 0x60, 0x60, 0xFF,
        0x60, 0x60, 0x60, 0xFF, 0x60, 0x60, 0x60, 0xFF, 0x60, 0x60, 0x60, 0xFF,
        0x60, 0x60, 0x60, 0xFF, 0x60, 0x60, 0x60, 0xFF, 0x60, 0x60, 0x60, 0xFF,
        0x60, 0x60, 0x60, 0xFF, 0x60, 0x60, 0x60, 0xFF, 0x60, 0x60, 0x60, 0xFF,
        0x60, 0x60, 0x60, 0xFF, 0x60, 0x60, 0x60, 0xFF, 0x60, 0x60, 0x60, 0xFF,
        0x60, 0x60, 0x60, 0xFF, 0x60, 0x60, 0x60, 0xFF, 0x60, 0x60, 0x60, 0xFF,
        0x61, 0x61, 0x61, 0xFF, 0x64, 0x64, 0x64, 0xFF, 0x69, 0x69, 0x69, 0xFF,
        0x6F, 0x6F, 0x6F, 0xFF, 0x76, 0x76, 0x76, 0xFF, 0x7D, 0x7D, 0x7D, 0xFF,
        0x82, 0x82, 0x82, 0xFF, 0xFF, 0xFF, 0xFF, 0x00, 0xFF, 0xFF, 0xFF, 0x00,
        0xFF, 0xFF, 0xFF, 0x00, 0xFF, 0xFF, 0xFF, 0x00, 0xFF, 0xFF, 0xFF, 0x00,
        0xFF, 0xFF, 0xFF, 0x00, 0x63, 0x63, 0x63, 0xFF, 0x65, 0x65, 0x65, 0xFF,
        0x65, 0x65, 0x65, 0xFF, 0x64, 0x64, 0x64, 0xFF, 0x63, 0x63, 0x63, 0xFF,
        0x63, 0x63, 0x63, 0xFF, 0x62, 0x62, 0x62, 0xFF, 0x62, 0x62, 0x62, 0xFF,
        0x62, 0x62, 0x62, 0xFF, 0x62, 0x62, 0x62, 0xFF, 0x62, 0x62, 0x62, 0xFF,
        0x62, 0x62, 0x62, 0xFF, 0x62, 0x62, 0x62, 0xFF, 0x62, 0x62, 0x62, 0xFF,
        0x62, 0x62, 0x62, 0xFF, 0x62, 0x62, 0x62, 0xFF, 0x62, 0x62, 0x62, 0xFF,
        0x62, 0x62, 0x62, 0xFF, 0x62, 0x62, 0x62, 0xFF, 0x62, 0x62, 0x62, 0xFF,
        0x62, 0x62, 0x62, 0xFF, 0x62, 0x62, 0x62, 0xFF, 0x62, 0x62, 0x62, 0xFF,
        0x62, 0x62, 0x62, 0xFF, 0x62, 0x62, 0x62, 0xFF, 0x62, 0x62, 0x62, 0xFF,
        0x62, 0x62, 0x62, 0xFF, 0x62, 0x62, 0x62, 0xFF, 0x62, 0x62, 0x62, 0xFF,
        0x62, 0x62, 0x62, 0xFF, 0x62, 0x62, 0x62, 0xFF, 0x62, 0x62, 0x62, 0xFF,
        0x62, 0x62, 0x62, 0xFF, 0x62, 0x62, 0x62, 0xFF, 0x62, 0x62, 0x62, 0xFF,
        0x62, 0x62, 0x62, 0xFF, 0x62, 0x62, 0x62, 0xFF, 0x62, 0x62, 0x62, 0xFF,
        0x62, 0x62, 0x62, 0xFF, 0x62, 0x62, 0x62, 0xFF, 0x62, 0x62, 0x62, 0xFF,
        0x62, 0x62, 0x62, 0xFF, 0x62, 0x62, 0x62, 0xFF, 0x62, 0x62, 0x62, 0xFF,
        0x62, 0x62, 0x62, 0xFF, 0x62, 0x62, 0x62, 0xFF, 0x62, 0x62, 0x62, 0xFF,
        0x62, 0x62, 0x62, 0xFF, 0x62, 0x62, 0x62, 0xFF, 0x62, 0x62, 0x62, 0xFF,
        0x62, 0x62, 0x62, 0xFF, 0x62, 0x62, 0x62, 0xFF, 0x63, 0x63, 0x63, 0xFF,
        0x63, 0x63, 0x63, 0xFF, 0x64, 0x64, 0x64, 0xFF, 0x65, 0x65, 0x65, 0xFF,
        0x65, 0x65, 0x65, 0xFF, 0x63, 0x63, 0x63, 0xFF, 0xFF, 0xFF, 0xFF, 0x00,
        0xFF, 0xFF, 0xFF, 0x00, 0xFF, 0xFF, 0xFF, 0x00, 0xFF, 0xFF, 0xFF, 0x00,
        0xFF, 0xFF, 0xFF, 0x00, 0xFF, 0xFF, 0xFF, 0x00, 0x83, 0x83, 0x83, 0xFF,
        0x7E, 0x7E, 0x7E, 0xFF, 0x78, 0x78, 0x78, 0xFF, 0x71, 0x71, 0x71, 0xFF,
        0x6B, 0x6B, 0x6B, 0xFF, 0x66, 0x66, 0x66, 0xFF, 0x63, 0x63, 0x63, 0xFF,
        0x62, 0x62, 0x62, 0xFF, 0x62, 0x62, 0x62, 0xFF, 0x62, 0x62, 0x62, 0xFF,
        0x62, 0x62, 0x62, 0xFF, 0x62, 0x62, 0x62, 0xFF, 0x62, 0x62, 0x62, 0xFF,
        0x62, 0x62, 0x62, 0xFF, 0x62, 0x62, 0x62, 0xFF, 0x62, 0x62, 0x62, 0xFF,
        0x62, 0x62, 0x62, 0xFF, 0x62, 0x62, 0x62, 0xFF, 0x62, 0x62, 0x62, 0xFF,
        0x62, 0x62, 0x62, 0xFF, 0x62, 0x62, 0x62, 0xFF, 0x62, 0x62, 0x62, 0xFF,
        0x62, 0x62, 0x62, 0xFF, 0x62, 0x62, 0x62, 0xFF, 0x62, 0x62, 0x62, 0xFF,
        0x62, 0x62, 0x62, 0xFF, 0x62, 0x62, 0x62, 0xFF, 0x62, 0x62, 0x62, 0xFF,
        0x62, 0x62, 0x62, 0xFF, 0x62, 0x62, 0x62, 0xFF, 0x62, 0x62, 0x62, 0xFF,
        0x62, 0x62, 0x62, 0xFF, 0x62, 0x62, 0x62, 0xFF, 0x62, 0x62, 0x62, 0xFF,
        0x62, 0x62, 0x62, 0xFF, 0x62, 0x62, 0x62, 0xFF, 0x62, 0x62, 0x62, 0xFF,
        0x62, 0x62, 0x62, 0xFF, 0x62, 0x62, 0x62, 0xFF, 0x62, 0x62, 0x62, 0xFF,
        0x62, 0x62, 0x62, 0xFF, 0x62, 0x62, 0x62, 0xFF, 0x62, 0x62, 0x62, 0xFF,
        0x62, 0x62, 0x62, 0xFF, 0x62, 0x62, 0x62, 0xFF, 0x62, 0x62, 0x62, 0xFF,
        0x62, 0x62, 0x62, 0xFF, 0x62, 0x62, 0x62, 0xFF, 0x62, 0x62, 0x62, 0xFF,
        0x62, 0x62, 0x62, 0xFF, 0x62, 0x62, 0x62, 0xFF, 0x63, 0x63, 0x63, 0xFF,
        0x66, 0x66, 0x66, 0xFF, 0x6B, 0x6B, 0x6B, 0xFF, 0x71, 0x71, 0x71, 0xFF,
        0x78, 0x78, 0x78, 0xFF, 0x7E, 0x7E, 0x7E, 0xFF, 0x83, 0x83, 0x83, 0xFF,
        0xFF, 0xFF, 0xFF, 0x00, 0xFF, 0xFF, 0xFF, 0x00, 0xFF, 0xFF, 0xFF, 0x00,
        0xFF, 0xFF, 0xFF, 0x00, 0xFF, 0xFF, 0xFF, 0x00, 0xFF, 0xFF, 0xFF, 0x00,
        0x64, 0x64, 0x64, 0xFF, 0x66, 0x66, 0x66, 0xFF, 0x66, 0x66, 0x66, 0xFF,
        0x65, 0x65, 0x65, 0xFF, 0x64, 0x64, 0x64, 0xFF, 0x64, 0x64, 0x64, 0xFF,
        0x63, 0x63, 0x63, 0xFF, 0x63, 0x63, 0x63, 0xFF, 0x63, 0x63, 0x63, 0xFF,
        0x63, 0x63, 0x63, 0xFF, 0x63, 0x63, 0x63, 0xFF, 0x63, 0x63, 0x63, 0xFF,
        0x63, 0x63, 0x63, 0xFF, 0x63, 0x63, 0x63, 0xFF, 0x63, 0x63, 0x63, 0xFF,
        0x63, 0x63, 0x63, 0xFF, 0x63, 0x63, 0x63, 0xFF, 0x63, 0x63, 0x63, 0xFF,
        0x63, 0x63, 0x63, 0xFF, 0x63, 0x63, 0x63, 0xFF, 0x63, 0x63, 0x63, 0xFF,
        0x63, 0x63, 0x63, 0xFF, 0x63, 0x63, 0x63, 0xFF, 0x63, 0x63, 0x63, 0xFF,
        0x63, 0x63, 0x63, 0xFF, 0x63, 0x63, 0x63, 0xFF, 0x63, 0x63, 0x63, 0xFF,
        0x63, 0x63, 0x63, 0xFF, 0x63, 0x63, 0x63, 0xFF, 0x63, 0x63, 0x63, 0xFF,
        0x63, 0x63, 0x63, 0xFF, 0x63, 0x63, 0x63, 0xFF, 0x63, 0x63, 0x63, 0xFF,
        0x63, 0x63, 0x63, 0xFF, 0x63, 0x63, 0x63, 0xFF, 0x63, 0x63, 0x63, 0xFF,
        0x63, 0x63, 0x63, 0xFF, 0x63, 0x63, 0x63, 0xFF, 0x63, 0x63, 0x63, 0xFF,
        0x63, 0x63, 0x63, 0xFF, 0x63, 0x63, 0x63, 0xFF, 0x63, 0x63, 0x63, 0xFF,
        0x63, 0x63, 0x63, 0xFF, 0x63, 0x63, 0x63, 0xFF, 0x63, 0x63, 0x63, 0xFF,
        0x63, 0x63, 0x63, 0xFF, 0x63, 0x63, 0x63, 0xFF, 0x63, 0x63, 0x63, 0xFF,
        0x63, 0x63, 0x63, 0xFF, 0x63, 0x63, 0x63, 0xFF, 0x63, 0x63, 0x63, 0xFF,
        0x63, 0x63, 0x63, 0xFF, 0x64, 0x64, 0x64, 0xFF, 0x64, 0x64, 0x64, 0xFF,
        0x65, 0x65, 0x65, 0xFF, 0x66, 0x66, 0x66, 0xFF, 0x66, 0x66, 0x66, 0xFF,
        0x64, 0x64, 0x64, 0xFF, 0xFF, 0xFF, 0xFF, 0x00, 0xFF, 0xFF, 0xFF, 0x00,
        0xFF, 0xFF, 0xFF, 0x00, 0xFF, 0xFF, 0xFF, 0x00, 0xFF, 0xFF, 0xFF, 0x00,
        0xFF, 0xFF, 0xFF, 0x00, 0x83, 0x83, 0x83, 0xFF, 0x7E, 0x7E, 0x7E, 0xFF,
        0x78, 0x78, 0x78, 0xFF, 0x71, 0x71, 0x71, 0xFF, 0x6B, 0x6B, 0x6B, 0xFF,
        0x66, 0x66, 0x66, 0xFF, 0x63, 0x63, 0x63, 0xFF, 0x62, 0x62, 0x62, 0xFF,
        0x62, 0x62, 0x62, 0xFF, 0x62, 0x62, 0x62, 0xFF, 0x62, 0x62, 0x62, 0xFF,
        0x62, 0x62, 0x62, 0xFF, 0x62, 0x62, 0x62, 0xFF, 0x62, 0x62, 0x62, 0xFF,
        0x62, 0x62, 0x62, 0xFF, 0x62, 0x62, 0x62, 0xFF, 0x62, 0x62, 0x62, 0xFF,
        0x62, 0x62, 0x62, 0xFF, 0x62, 0x62, 0x62, 0xFF, 0x62, 0x62, 0x62, 0xFF,
        0x62, 0x62, 0x62, 0xFF, 0x62, 0x62, 0x62, 0xFF, 0x62, 0x62, 0x62, 0xFF,
        0x62, 0x62, 0x62, 0xFF, 0x62, 0x62, 0x62, 0xFF, 0x62, 0x62, 0x62, 0xFF,
        0x62, 0x62, 0x62, 0xFF, 0x62, 0x62, 0x62, 0xFF, 0x62, 0x62, 0x62, 0xFF,
        0x62, 0x62, 0x62, 0xFF, 0x62, 0x62, 0x62, 0xFF, 0x62, 0x62, 0x62, 0xFF,
        0x62, 0x62, 0x62, 0xFF, 0x62, 0x62, 0x62, 0xFF, 0x62, 0x62, 0x62, 0xFF,
        0x62, 0x62, 0x62, 0xFF, 0x62, 0x62, 0x62, 0xFF, 0x62, 0x62, 0x62, 0xFF,
        0x62, 0x62, 0x62, 0xFF, 0x62, 0x62, 0x62, 0xFF, 0x62, 0x62, 0x62, 0xFF,
        0x62, 0x62, 0x62, 0xFF, 0x62, 0x62, 0x62, 0xFF, 0x62, 0x62, 0x62, 0xFF,
        0x62, 0x62, 0x62, 0xFF, 0x62, 0x62, 0x62, 0xFF, 0x62, 0x62, 0x62, 0xFF,
        0x62, 0x62, 0x62, 0xFF, 0x62, 0x62, 0x62, 0xFF, 0x62, 0x62, 0x62, 0xFF,
        0x62, 0x62, 0x62, 0xFF, 0x63, 0x63, 0x63, 0xFF, 0x66, 0x66, 0x66, 0xFF,
        0x6B, 0x6B, 0x6B, 0xFF, 0x71, 0x71, 0x71, 0xFF, 0x78, 0x78, 0x78, 0xFF,
        0x7E, 0x7E, 0x7E, 0xFF, 0x83, 0x83, 0x83, 0xFF, 0xFF, 0xFF, 0xFF, 0x00,
        0xFF, 0xFF, 0xFF, 0x00, 0xFF, 0xFF, 0xFF, 0x00, 0xFF, 0xFF, 0xFF, 0x00,
        0xFF, 0xFF, 0xFF, 0x00, 0xFF, 0xFF, 0xFF, 0x00, 0x64, 0x64, 0x64, 0xFF,
        0x66, 0x66, 0x66, 0xFF, 0x66, 0x66, 0x66, 0xFF, 0x65, 0x65, 0x65, 0xFF,
        0x64, 0x64, 0x64, 0xFF, 0x64, 0x64, 0x64, 0xFF, 0x63, 0x63, 0x63, 0xFF,
        0x63, 0x63, 0x63, 0xFF, 0x63, 0x63, 0x63, 0xFF, 0x63, 0x63, 0x63, 0xFF,
        0x63, 0x63, 0x63, 0xFF, 0x63, 0x63, 0x63, 0xFF, 0x63, 0x63, 0x63, 0xFF,
        0x63, 0x63, 0x63, 0xFF, 0x63, 0x63, 0x63, 0xFF, 0x63, 0x63, 0x63, 0xFF,
        0x63, 0x63, 0x63, 0xFF, 0x63, 0x63, 0x63, 0xFF, 0x63, 0x63, 0x63, 0xFF,
        0x63, 0x63, 0x63, 0xFF, 0x63, 0x63, 0x63, 0xFF, 0x63, 0x63, 0x63, 0xFF,
        0x63, 0x63, 0x63, 0xFF, 0x63, 0x63, 0x63, 0xFF, 0x63, 0x63, 0x63, 0xFF,
        0x63, 0x63, 0x63, 0xFF, 0x63, 0x63, 0x63, 0xFF, 0x63, 0x63, 0x63, 0xFF,
        0x63, 0x63, 0x63, 0xFF, 0x63, 0x63, 0x63, 0xFF, 0x63, 0x63, 0x63, 0xFF,
        0x63, 0x63, 0x63, 0xFF, 0x63, 0x63, 0x63, 0xFF, 0x63, 0x63, 0x63, 0xFF,
        0x63, 0x63, 0x63, 0xFF, 0x63, 0x63, 0x63, 0xFF, 0x63, 0x63, 0x63, 0xFF,
        0x63, 0x63, 0x63, 0xFF, 0x63, 0x63, 0x63, 0xFF, 0x63, 0x63, 0x63, 0xFF,
        0x63, 0x63, 0x63, 0xFF, 0x63, 0x63, 0x63, 0xFF, 0x63, 0x63, 0x63, 0xFF,
        0x63, 0x63, 0x63, 0xFF, 0x63, 0x63, 0x63, 0xFF, 0x63, 0x63, 0x63, 0xFF,
        0x63, 0x63, 0x63, 0xFF, 0x63, 0x63, 0x63, 0xFF, 0x63, 0x63, 0x63, 0xFF,
        0x63, 0x63, 0x63, 0xFF, 0x63, 0x63, 0x63, 0xFF, 0x63, 0x63, 0x63, 0xFF,
        0x64, 0x64, 0x64, 0xFF, 0x64, 0x64, 0x64, 0xFF, 0x65, 0x65, 0x65, 0xFF,
        0x66, 0x66, 0x66, 0xFF, 0x66, 0x66, 0x66, 0xFF, 0x64, 0x64, 0x64, 0xFF,
        0xFF, 0xFF, 0xFF, 0x00, 0xFF, 0xFF, 0xFF, 0x00, 0xFF, 0xFF, 0xFF, 0x00,
        0xFF, 0xFF, 0xFF, 0x00, 0xFF, 0xFF, 0xFF, 0x00, 0xFF, 0xFF, 0xFF, 0x00,
        0x84, 0x84, 0x84, 0xFF, 0x7F, 0x7F, 0x7F, 0xFF, 0x79, 0x79, 0x79, 0xFF,
        0x72, 0x72, 0x72, 0xFF, 0x6C, 0x6C, 0x6C, 0xFF, 0x67, 0x67, 0x67, 0xFF,
        0x64, 0x64, 0x64, 0xFF, 0x63, 0x63, 0x63, 0xFF, 0x63, 0x63, 0x63, 0xFF,
        0x63, 0x63, 0x63, 0xFF, 0x63, 0x63, 0x63, 0xFF, 0x63, 0x63, 0x63, 0xFF,
        0x63, 0x63, 0x63, 0xFF, 0x63, 0x63, 0x63, 0xFF, 0x63, 0x63, 0x63, 0xFF,
        0x63, 0x63, 0x63, 0xFF, 0x63, 0x63, 0x63, 0xFF, 0x63, 0x63, 0x63, 0xFF,
        0x63, 0x63, 0x63, 0xFF, 0x63, 0x63, 0x63, 0xFF, 0x63, 0x63, 0x63, 0xFF,
        0x63, 0x63, 0x63, 0xFF, 0x63, 0x63, 0x63, 0xFF, 0x63, 0x63, 0x63, 0xFF,
        0x63, 0x63, 0x63, 0xFF, 0x63, 0x63, 0x63, 0xFF, 0x63, 0x63, 0x63, 0xFF,
        0x63, 0x63, 0x63, 0xFF, 0x63, 0x63, 0x63, 0xFF, 0x63, 0x63, 0x63, 0xFF,
        0x63, 0x63, 0x63, 0xFF, 0x63, 0x63, 0x63, 0xFF, 0x63, 0x63, 0x63, 0xFF,
        0x63, 0x63, 0x63, 0xFF, 0x63, 0x63, 0x63, 0xFF, 0x63, 0x63, 0x63, 0xFF,
        0x63, 0x63, 0x63, 0xFF, 0x63, 0x63, 0x63, 0xFF, 0x63, 0x63, 0x63, 0xFF,
        0x63, 0x63, 0x63, 0xFF, 0x63, 0x63, 0x63, 0xFF, 0x63, 0x63, 0x63, 0xFF,
        0x63, 0x63, 0x63, 0xFF, 0x63, 0x63, 0x63, 0xFF, 0x63, 0x63, 0x63, 0xFF,
        0x63, 0x63, 0x63, 0xFF, 0x63, 0x63, 0x63, 0xFF, 0x63, 0x63, 0x63, 0xFF,
        0x63, 0x63, 0x63, 0xFF, 0x63, 0x63, 0x63, 0xFF, 0x63, 0x63, 0x63, 0xFF,
        0x64, 0x64, 0x64, 0xFF, 0x67, 0x67, 0x67, 0xFF, 0x6C, 0x6C, 0x6C, 0xFF,
        0x72, 0x72, 0x72, 0xFF, 0x79, 0x79, 0x79, 0xFF, 0x7F, 0x7F, 0x7F, 0xFF,
        0x84, 0x84, 0x84, 0xFF, 0xFF, 0xFF, 0xFF, 0x00, 0xFF, 0xFF, 0xFF, 0x00,
        0xFF, 0xFF, 0xFF, 0x00, 0xFF, 0xFF, 0xFF, 0x00, 0xFF, 0xFF, 0xFF, 0x00,
        0xFF, 0xFF, 0xFF, 0x00, 0x65, 0x65, 0x65, 0xFF, 0x67, 0x67, 0x67, 0xFF,
        0x67, 0x67, 0x67, 0xFF, 0x66, 0x66, 0x66, 0xFF, 0x65, 0x65, 0x65, 0xFF,
        0x65, 0x65, 0x65, 0xFF, 0x64, 0x64, 0x64, 0xFF, 0x64, 0x64, 0x64, 0xFF,
        0x64, 0x64, 0x64, 0xFF, 0x64, 0x64, 0x64, 0xFF, 0x64, 0x64, 0x64, 0xFF,
        0x64, 0x64, 0x64, 0xFF, 0x64, 0x64, 0x64, 0xFF, 0x64, 0x64, 0x64, 0xFF,
        0x64, 0x64, 0x64, 0xFF, 0x64, 0x64, 0x64, 0xFF, 0x64, 0x64, 0x64, 0xFF,
        0x64, 0x64, 0x64, 0xFF, 0x64, 0x64, 0x64, 0xFF, 0x64, 0x64, 0x64, 0xFF,
        0x64, 0x64, 0x64, 0xFF, 0x64, 0x64, 0x64, 0xFF, 0x64, 0x64, 0x64, 0xFF,
        0x64, 0x64, 0x64, 0xFF, 0x64, 0x64, 0x64, 0xFF, 0x64, 0x64, 0x64, 0xFF,
        0x64, 0x64, 0x64, 0xFF, 0x64, 0x64, 0x64, 0xFF, 0x64, 0x64, 0x64, 0xFF,
        0x64, 0x64, 0x64, 0xFF, 0x64, 0x64, 0x64, 0xFF, 0x64, 0x64, 0x64, 0xFF,
        0x64, 0x64, 0x64, 0xFF, 0x64, 0x64, 0x64, 0xFF, 0x64, 0x64, 0x64, 0xFF,
        0x64, 0x64, 0x64, 0xFF, 0x64, 0x64, 0x64, 0xFF, 0x64, 0x64, 0x64, 0xFF,
        0x64, 0x64, 0x64, 0xFF, 0x64, 0x64, 0x64, 0xFF, 0x64, 0x64, 0x64, 0xFF,
        0x64, 0x64, 0x64, 0xFF, 0x64, 0x64, 0x64, 0xFF, 0x64, 0x64, 0x64, 0xFF,
        0x64, 0x64, 0x64, 0xFF, 0x64, 0x64, 0x64, 0xFF, 0x64, 0x64, 0x64, 0xFF,
        0x64, 0x64, 0x64, 0xFF, 0x64, 0x64, 0x64, 0xFF, 0x64, 0x64, 0x64, 0xFF,
        0x64, 0x64, 0x64, 0xFF, 0x64, 0x64, 0x64, 0xFF, 0x65, 0x65, 0x65, 0xFF,
        0x65, 0x65, 0x65, 0xFF, 0x66, 0x66, 0x66, 0xFF, 0x67, 0x67, 0x67, 0xFF,
        0x67, 0x67, 0x67, 0xFF, 0x65, 0x65, 0x65, 0xFF, 0xFF, 0xFF, 0xFF, 0x00,
        0xFF, 0xFF, 0xFF, 0x00, 0xFF, 0xFF, 0xFF, 0x00, 0xFF, 0xFF, 0xFF, 0x00,
        0xFF, 0xFF, 0xFF, 0x00, 0xFF, 0xFF, 0xFF, 0x00, 0x85, 0x85, 0x85, 0xFF,
        0x7F, 0x7F, 0x7F, 0xFF, 0x7A, 0x7A, 0x7A, 0xFF, 0x73, 0x73, 0x73, 0xFF,
        0x6D, 0x6D, 0x6D, 0xFF, 0x68, 0x68, 0x68, 0xFF, 0x65, 0x65, 0x65, 0xFF,
        0x64, 0x64, 0x64, 0xFF, 0x64, 0x64, 0x64, 0xFF, 0x64, 0x64, 0x64, 0xFF,
        0x64, 0x64, 0x64, 0xFF, 0x64, 0x64, 0x64, 0xFF, 0x64, 0x64, 0x64, 0xFF,
        0x64, 0x64, 0x64, 0xFF, 0x64, 0x64, 0x64, 0xFF, 0x64, 0x64, 0x64, 0xFF,
        0x64, 0x64, 0x64, 0xFF, 0x64, 0x64, 0x64, 0xFF, 0x64, 0x64, 0x64, 0xFF,
        0x64, 0x64, 0x64, 0xFF, 0x64, 0x64, 0x64, 0xFF, 0x64, 0x64, 0x64, 0xFF,
        0x64, 0x64, 0x64, 0xFF, 0x64, 0x64, 0x64, 0xFF, 0x64, 0x64, 0x64, 0xFF,
        0x64, 0x64, 0x64, 0xFF, 0x64, 0x64, 0x64, 0xFF, 0x64, 0x64, 0x64, 0xFF,
        0x64, 0x64, 0x64, 0xFF, 0x64, 0x64, 0x64, 0xFF, 0x64, 0x64, 0x64, 0xFF,
        0x64, 0x64, 0x64, 0xFF, 0x64, 0x64, 0x64, 0xFF, 0x64, 0x64, 0x64, 0xFF,
        0x64, 0x64, 0x64, 0xFF, 0x64, 0x64, 0x64, 0xFF, 0x64, 0x64, 0x64, 0xFF,
        0x64, 0x64, 0x64, 0xFF, 0x64, 0x64, 0x64, 0xFF, 0x64, 0x64, 0x64, 0xFF,
        0x64, 0x64, 0x64, 0xFF, 0x64, 0x64, 0x64, 0xFF, 0x64, 0x64, 0x64, 0xFF,
        0x64, 0x64, 0x64, 0xFF, 0x64, 0x64, 0x64, 0xFF, 0x64, 0x64, 0x64, 0xFF,
        0x64, 0x64, 0x64, 0xFF, 0x64, 0x64, 0x64, 0xFF, 0x64, 0x64, 0x64, 0xFF,
        0x64, 0x64, 0x64, 0xFF, 0x64, 0x64, 0x64, 0xFF, 0x65, 0x65, 0x65, 0xFF,
        0x68, 0x68, 0x68, 0xFF, 0x6D, 0x6D, 0x6D, 0xFF, 0x73, 0x73, 0x73, 0xFF,
        0x7A, 0x7A, 0x7A, 0xFF, 0x7F, 0x7F, 0x7F, 0xFF, 0x85, 0x85, 0x85, 0xFF,
        0xFF, 0xFF, 0xFF, 0x00, 0xFF, 0xFF, 0xFF, 0x00, 0xFF, 0xFF, 0xFF, 0x00,
        0xFF, 0xFF, 0xFF, 0x00, 0xFF, 0xFF, 0xFF, 0x00, 0xFF, 0xFF, 0xFF, 0x00,
        0x65, 0x65, 0x65, 0xFF, 0x67, 0x67, 0x67, 0xFF, 0x67, 0x67, 0x67, 0xFF,
        0x66, 0x66, 0x66, 0xFF, 0x65, 0x65, 0x65, 0xFF, 0x65, 0x65, 0x65, 0xFF,
        0x64, 0x64, 0x64, 0xFF, 0x64, 0x64, 0x64, 0xFF, 0x64, 0x64, 0x64, 0xFF,
        0x64, 0x64, 0x64, 0xFF, 0x64, 0x64, 0x64, 0xFF, 0x64, 0x64, 0x64, 0xFF,
        0x64, 0x64, 0x64, 0xFF, 0x64, 0x64, 0x64, 0xFF, 0x64, 0x64, 0x64, 0xFF,
        0x64, 0x64, 0x64, 0xFF, 0x64, 0x64, 0x64, 0xFF, 0x64, 0x64, 0x64, 0xFF,
        0x64, 0x64, 0x64, 0xFF, 0x64, 0x64, 0x64, 0xFF, 0x64, 0x64, 0x64, 0xFF,
        0x64, 0x64, 0x64, 0xFF, 0x64, 0x64, 0x64, 0xFF, 0x64, 0x64, 0x64, 0xFF,
        0x64, 0x64, 0x64, 0xFF, 0x64, 0x64, 0x64, 0xFF, 0x64, 0x64, 0x64, 0xFF,
        0x64, 0x64, 0x64, 0xFF, 0x64, 0x64, 0x64, 0xFF, 0x64, 0x64, 0x64, 0xFF,
        0x64, 0x64, 0x64, 0xFF, 0x64, 0x64, 0x64, 0xFF, 0x64, 0x64, 0x64, 0xFF,
        0x64, 0x64, 0x64, 0xFF, 0x64, 0x64, 0x64, 0xFF, 0x64, 0x64, 0x64, 0xFF,
        0x64, 0x64, 0x64, 0xFF, 0x64, 0x64, 0x64, 0xFF, 0x64, 0x64, 0x64, 0xFF,
        0x64, 0x64, 0x64, 0xFF, 0x64, 0x64, 0x64, 0xFF, 0x64, 0x64, 0x64, 0xFF,
        0x64, 0x64, 0x64, 0xFF, 0x64, 0x64, 0x64, 0xFF, 0x64, 0x64, 0x64, 0xFF,
        0x64, 0x64, 0x64, 0xFF, 0x64, 0x64, 0x64, 0xFF, 0x64, 0x64, 0x64, 0xFF,
        0x64, 0x64, 0x64, 0xFF, 0x64, 0x64, 0x64, 0xFF, 0x64, 0x64, 0x64, 0xFF,
        0x64, 0x64, 0x64, 0xFF, 0x65, 0x65, 0x65, 0xFF, 0x65, 0x65, 0x65, 0xFF,
        0x66, 0x66, 0x66, 0xFF, 0x67, 0x67, 0x67, 0xFF, 0x67, 0x67, 0x67, 0xFF,
        0x65, 0x65, 0x65, 0xFF, 0xFF, 0xFF, 0xFF, 0x00, 0xFF, 0xFF, 0xFF, 0x00,
        0xFF, 0xFF, 0xFF, 0x00, 0xFF, 0xFF, 0xFF, 0x00, 0xFF, 0xFF, 0xFF, 0x00,
        0xFF, 0xFF, 0xFF, 0x00, 0x85, 0x85, 0x85, 0xFF, 0x7F, 0x7F, 0x7F, 0xFF,
        0x7A, 0x7A, 0x7A, 0xFF, 0x73, 0x73, 0x73, 0xFF, 0x6D, 0x6D, 0x6D, 0xFF,
        0x68, 0x68, 0x68, 0xFF, 0x65, 0x65, 0x65, 0xFF, 0x64, 0x64, 0x64, 0xFF,
        0x64, 0x64, 0x64, 0xFF, 0x64, 0x64, 0x64, 0xFF, 0x64, 0x64, 0x64, 0xFF,
        0x64, 0x64, 0x64, 0xFF, 0x64, 0x64, 0x64, 0xFF, 0x64, 0x64, 0x64, 0xFF,
        0x64, 0x64, 0x64, 0xFF, 0x64, 0x64, 0x64, 0xFF, 0x64, 0x64, 0x64, 0xFF,
        0x64, 0x64, 0x64, 0xFF, 0x64, 0x64, 0x64, 0xFF, 0x64, 0x64, 0x64, 0xFF,
        0x64, 0x64, 0x64, 0xFF, 0x64, 0x64, 0x64, 0xFF, 0x64, 0x64, 0x64, 0xFF,
        0x64, 0x64, 0x64, 0xFF, 0x64, 0x64, 0x64, 0xFF, 0x64, 0x64, 0x64, 0xFF,
        0x64, 0x64, 0x64, 0xFF, 0x64, 0x64, 0x64, 0xFF, 0x64, 0x64, 0x64, 0xFF,
        0x64, 0x64, 0x64, 0xFF, 0x64, 0x64, 0x64, 0xFF, 0x64, 0x64, 0x64, 0xFF,
        0x64, 0x64, 0x64, 0xFF, 0x64, 0x64, 0x64, 0xFF, 0x64, 0x64, 0x64, 0xFF,
        0x64, 0x64, 0x64, 0xFF, 0x64, 0x64, 0x64, 0xFF, 0x64, 0x64, 0x64, 0xFF,
        0x64, 0x64, 0x64, 0xFF, 0x64, 0x64, 0x64, 0xFF, 0x64, 0x64, 0x64, 0xFF,
        0x64, 0x64, 0x64, 0xFF, 0x64, 0x64, 0x64, 0xFF, 0x64, 0x64, 0x64, 0xFF,
        0x64, 0x64, 0x64, 0xFF, 0x64, 0x64, 0x64, 0xFF, 0x64, 0x64, 0x64, 0xFF,
        0x64, 0x64, 0x64, 0xFF, 0x64, 0x64, 0x64, 0xFF, 0x64, 0x64, 0x64, 0xFF,
        0x64, 0x64, 0x64, 0xFF, 0x65, 0x65, 0x65, 0xFF, 0x68, 0x68, 0x68, 0xFF,
        0x6D, 0x6D, 0x6D, 0xFF, 0x73, 0x73, 0x73, 0xFF, 0x7A, 0x7A, 0x7A, 0xFF,
        0x7F, 0x7F, 0x7F, 0xFF, 0x85, 0x85, 0x85, 0xFF, 0xFF, 0xFF, 0xFF, 0x00,
        0xFF, 0xFF, 0xFF, 0x00, 0xFF, 0xFF, 0xFF, 0x00, 0xFF, 0xFF, 0xFF, 0x00,
        0xFF, 0xFF, 0xFF, 0x00, 0xFF, 0xFF, 0xFF, 0x00, 0x65, 0x65, 0x65, 0xFF,
        0x67, 0x67, 0x67, 0xFF, 0x67, 0x67, 0x67, 0xFF, 0x66, 0x66, 0x66, 0xFF,
        0x65, 0x65, 0x65, 0xFF, 0x65, 0x65, 0x65, 0xFF, 0x64, 0x64, 0x64, 0xFF,
        0x64, 0x64, 0x64, 0xFF, 0x64, 0x64, 0x64, 0xFF, 0x64, 0x64, 0x64, 0xFF,
        0x64, 0x64, 0x64, 0xFF, 0x64, 0x64, 0x64, 0xFF, 0x64, 0x64, 0x64, 0xFF,
        0x64, 0x64, 0x64, 0xFF, 0x64, 0x64, 0x64, 0xFF, 0x64, 0x64, 0x64, 0xFF,
        0x64, 0x64, 0x64, 0xFF, 0x64, 0x64, 0x64, 0xFF, 0x64, 0x64, 0x64, 0xFF,
        0x64, 0x64, 0x64, 0xFF, 0x64, 0x64, 0x64, 0xFF, 0x64, 0x64, 0x64, 0xFF,
        0x64, 0x64, 0x64, 0xFF, 0x64, 0x64, 0x64, 0xFF, 0x64, 0x64, 0x64, 0xFF,
        0x64, 0x64, 0x64, 0xFF, 0x64, 0x64, 0x64, 0xFF, 0x64, 0x64, 0x64, 0xFF,
        0x64, 0x64, 0x64, 0xFF, 0x64, 0x64, 0x64, 0xFF, 0x64, 0x64, 0x64, 0xFF,
        0x64, 0x64, 0x64, 0xFF, 0x64, 0x64, 0x64, 0xFF, 0x64, 0x64, 0x64, 0xFF,
        0x64, 0x64, 0x64, 0xFF, 0x64, 0x64, 0x64, 0xFF, 0x64, 0x64, 0x64, 0xFF,
        0x64, 0x64, 0x64, 0xFF, 0x64, 0x64, 0x64, 0xFF, 0x64, 0x64, 0x64, 0xFF,
        0x64, 0x64, 0x64, 0xFF, 0x64, 0x64, 0x64, 0xFF, 0x64, 0x64, 0x64, 0xFF,
        0x64, 0x64, 0x64, 0xFF, 0x64, 0x64, 0x64, 0xFF, 0x64, 0x64, 0x64, 0xFF,
        0x64, 0x64, 0x64, 0xFF, 0x64, 0x64, 0x64, 0xFF, 0x64, 0x64, 0x64, 0xFF,
        0x64, 0x64, 0x64, 0xFF, 0x64, 0x64, 0x64, 0xFF, 0x64, 0x64, 0x64, 0xFF,
        0x65, 0x65, 0x65, 0xFF, 0x65, 0x65, 0x65, 0xFF, 0x66, 0x66, 0x66, 0xFF,
        0x67, 0x67, 0x67, 0xFF, 0x67, 0x67, 0x67, 0xFF, 0x65, 0x65, 0x65, 0xFF,
        0xFF, 0xFF, 0xFF, 0x00, 0xFF, 0xFF, 0xFF, 0x00, 0xFF, 0xFF, 0xFF, 0x00,
        0xFF, 0xFF, 0xFF, 0x00, 0xFF, 0xFF, 0xFF, 0x00, 0xFF, 0xFF, 0xFF, 0x00,
        0x85, 0x85, 0x85, 0xFF, 0x7F, 0x7F, 0x7F, 0xFF, 0x7A, 0x7A, 0x7A, 0xFF,
        0x73, 0x73, 0x73, 0xFF, 0x6D, 0x6D, 0x6D, 0xFF, 0x68, 0x68, 0x68, 0xFF,
        0x65, 0x65, 0x65, 0xFF, 0x64, 0x64, 0x64, 0xFF, 0x64, 0x64, 0x64, 0xFF,
        0x64, 0x64, 0x64, 0xFF, 0x64, 0x64, 0x64, 0xFF, 0x64, 0x64, 0x64, 0xFF,
        0x64, 0x64, 0x64, 0xFF, 0x64, 0x64, 0x64, 0xFF, 0x64, 0x64, 0x64, 0xFF,
        0x64, 0x64, 0x64, 0xFF, 0x64, 0x64, 0x64, 0xFF, 0x64, 0x64, 0x64, 0xFF,
        0x64, 0x64, 0x64, 0xFF, 0x64, 0x64, 0x64, 0xFF, 0x64, 0x64, 0x64, 0xFF,
        0x64, 0x64, 0x64, 0xFF, 0x64, 0x64, 0x64, 0xFF, 0x64, 0x64, 0x64, 0xFF,
        0x64, 0x64, 0x64, 0xFF, 0x64, 0x64, 0x64, 0xFF, 0x64, 0x64, 0x64, 0xFF,
        0x64, 0x64, 0x64, 0xFF, 0x64, 0x64, 0x64, 0xFF, 0x64, 0x64, 0x64, 0xFF,
        0x64, 0x64, 0x64, 0xFF, 0x64, 0x64, 0x64, 0xFF, 0x64, 0x64, 0x64, 0xFF,
        0x64, 0x64, 0x64, 0xFF, 0x64, 0x64, 0x64, 0xFF, 0x64, 0x64, 0x64, 0xFF,
        0x64, 0x64, 0x64, 0xFF, 0x64, 0x64, 0x64, 0xFF, 0x64, 0x64, 0x64, 0xFF,
        0x64, 0x64, 0x64, 0xFF, 0x64, 0x64, 0x64, 0xFF, 0x64, 0x64, 0x64, 0xFF,
        0x64, 0x64, 0x64, 0xFF, 0x64, 0x64, 0x64, 0xFF, 0x64, 0x64, 0x64, 0xFF,
        0x64, 0x64, 0x64, 0xFF, 0x64, 0x64, 0x64, 0xFF, 0x64, 0x64, 0x64, 0xFF,
        0x64, 0x64, 0x64, 0xFF, 0x64, 0x64, 0x64, 0xFF, 0x64, 0x64, 0x64, 0xFF,
        0x65, 0x65, 0x65, 0xFF, 0x68, 0x68, 0x68, 0xFF, 0x6D, 0x6D, 0x6D, 0xFF,
        0x73, 0x73, 0x73, 0xFF, 0x7A, 0x7A, 0x7A, 0xFF, 0x7F, 0x7F, 0x7F, 0xFF,
        0x85, 0x85, 0x85, 0xFF, 0xFF, 0xFF, 0xFF, 0x00, 0xFF, 0xFF, 0xFF, 0x00,
        0xFF, 0xFF, 0xFF, 0x00, 0xFF, 0xFF, 0xFF, 0x00, 0xFF, 0xFF, 0xFF, 0x00,
        0xFF, 0xFF, 0xFF, 0x00, 0x65, 0x65, 0x65, 0xFF, 0x67, 0x67, 0x67, 0xFF,
        0x67, 0x67, 0x67, 0xFF, 0x66, 0x66, 0x66, 0xFF, 0x65, 0x65, 0x65, 0xFF,
        0x65, 0x65, 0x65, 0xFF, 0x64, 0x64, 0x64, 0xFF, 0x64, 0x64, 0x64, 0xFF,
        0x64, 0x64, 0x64, 0xFF, 0x64, 0x64, 0x64, 0xFF, 0x64, 0x64, 0x64, 0xFF,
        0x64, 0x64, 0x64, 0xFF, 0x64, 0x64, 0x64, 0xFF, 0x64, 0x64, 0x64, 0xFF,
        0x64, 0x64, 0x64, 0xFF, 0x64, 0x64, 0x64, 0xFF, 0x64, 0x64, 0x64, 0xFF,
        0x64, 0x64, 0x64, 0xFF, 0x64, 0x64, 0x64, 0xFF, 0x64, 0x64, 0x64, 0xFF,
        0x64, 0x64, 0x64, 0xFF, 0x64, 0x64, 0x64, 0xFF, 0x64, 0x64, 0x64, 0xFF,
        0x64, 0x64, 0x64, 0xFF, 0x64, 0x64, 0x64, 0xFF, 0x64, 0x64, 0x64, 0xFF,
        0x64, 0x64, 0x64, 0xFF, 0x64, 0x64, 0x64, 0xFF, 0x64, 0x64, 0x64, 0xFF,
        0x64, 0x64, 0x64, 0xFF, 0x64, 0x64, 0x64, 0xFF, 0x64, 0x64, 0x64, 0xFF,
        0x64, 0x64, 0x64, 0xFF, 0x64, 0x64, 0x64, 0xFF, 0x64, 0x64, 0x64, 0xFF,
        0x64, 0x64, 0x64, 0xFF, 0x64, 0x64, 0x64, 0xFF, 0x64, 0x64, 0x64, 0xFF,
        0x64, 0x64, 0x64, 0xFF, 0x64, 0x64, 0x64, 0xFF, 0x64, 0x64, 0x64, 0xFF,
        0x64, 0x64, 0x64, 0xFF, 0x64, 0x64, 0x64, 0xFF, 0x64, 0x64, 0x64, 0xFF,
        0x64, 0x64, 0x64, 0xFF, 0x64, 0x64, 0x64, 0xFF, 0x64, 0x64, 0x64, 0xFF,
        0x64, 0x64, 0x64, 0xFF, 0x64, 0x64, 0x64, 0xFF, 0x64, 0x64, 0x64, 0xFF,
        0x64, 0x64, 0x64, 0xFF, 0x64, 0x64, 0x64, 0xFF, 0x65, 0x65, 0x65, 0xFF,
        0x65, 0x65, 0x65, 0xFF, 0x66, 0x66, 0x66, 0xFF, 0x67, 0x67, 0x67, 0xFF,
        0x67, 0x67, 0x67, 0xFF, 0x65, 0x65, 0x65, 0xFF, 0xFF, 0xFF, 0xFF, 0x00,
        0xFF, 0xFF, 0xFF, 0x00, 0xFF, 0xFF, 0xFF, 0x00, 0xFF, 0xFF, 0xFF, 0x00,
        0xFF, 0xFF, 0xFF, 0x00, 0xFF, 0xFF, 0xFF, 0x00, 0x85, 0x85, 0x85, 0xFF,
        0x7F, 0x7F, 0x7F, 0xFF, 0x7A, 0x7A, 0x7A, 0xFF, 0x73, 0x73, 0x73, 0xFF,
        0x6D, 0x6D, 0x6D, 0xFF, 0x68, 0x68, 0x68, 0xFF, 0x65, 0x65, 0x65, 0xFF,
        0x64, 0x64, 0x64, 0xFF, 0x64, 0x64, 0x64, 0xFF, 0x64, 0x64, 0x64, 0xFF,
        0x64, 0x64, 0x64, 0xFF, 0x64, 0x64, 0x64, 0xFF, 0x64, 0x64, 0x64, 0xFF,
        0x64, 0x64, 0x64, 0xFF, 0x64, 0x64, 0x64, 0xFF, 0x64, 0x64, 0x64, 0xFF,
        0x64, 0x64, 0x64, 0xFF, 0x64, 0x64, 0x64, 0xFF, 0x64, 0x64, 0x64, 0xFF,
        0x64, 0x64, 0x64, 0xFF, 0x64, 0x64, 0x64, 0xFF, 0x64, 0x64, 0x64, 0xFF,
        0x64, 0x64, 0x64, 0xFF, 0x64, 0x64, 0x64, 0xFF, 0x64, 0x64, 0x64, 0xFF,
        0x64, 0x64, 0x64, 0xFF, 0x64, 0x64, 0x64, 0xFF, 0x64, 0x64, 0x64, 0xFF,
        0x64, 0x64, 0x64, 0xFF, 0x64, 0x64, 0x64, 0xFF, 0x64, 0x64, 0x64, 0xFF,
        0x64, 0x64, 0x64, 0xFF, 0x64, 0x64, 0x64, 0xFF, 0x64, 0x64, 0x64, 0xFF,
        0x64, 0x64, 0x64, 0xFF, 0x64, 0x64, 0x64, 0xFF, 0x64, 0x64, 0x64, 0xFF,
        0x64, 0x64, 0x64, 0xFF, 0x64, 0x64, 0x64, 0xFF, 0x64, 0x64, 0x64, 0xFF,
        0x64, 0x64, 0x64, 0xFF, 0x64, 0x64, 0x64, 0xFF, 0x64, 0x64, 0x64, 0xFF,
        0x64, 0x64, 0x64, 0xFF, 0x64, 0x64, 0x64, 0xFF, 0x64, 0x64, 0x64, 0xFF,
        0x64, 0x64, 0x64, 0xFF, 0x64, 0x64, 0x64, 0xFF, 0x64, 0x64, 0x64, 0xFF,
        0x64, 0x64, 0x64, 0xFF, 0x64, 0x64, 0x64, 0xFF, 0x65, 0x65, 0x65, 0xFF,
        0x68, 0x68, 0x68, 0xFF, 0x6D, 0x6D, 0x6D, 0xFF, 0x73, 0x73, 0x73, 0xFF,
        0x7A, 0x7A, 0x7A, 0xFF, 0x7F, 0x7F, 0x7F, 0xFF, 0x85, 0x85, 0x85, 0xFF,
        0xFF, 0xFF, 0xFF, 0x00, 0xFF, 0xFF, 0xFF, 0x00, 0xFF, 0xFF, 0xFF, 0x00,
        0xFF, 0xFF, 0xFF, 0x00, 0xFF, 0xFF, 0xFF, 0x00, 0xFF, 0xFF, 0xFF, 0x00,
        0x64, 0x64, 0x64, 0xFF, 0x66, 0x66, 0x66, 0xFF, 0x66, 0x66, 0x66, 0xFF,
        0x65, 0x65, 0x65, 0xFF, 0x64, 0x64, 0x64, 0xFF, 0x64, 0x64, 0x64, 0xFF,
        0x63, 0x63, 0x63, 0xFF, 0x63, 0x63, 0x63, 0xFF, 0x63, 0x63, 0x63, 0xFF,
        0x63, 0x63, 0x63, 0xFF, 0x63, 0x63, 0x63, 0xFF, 0x63, 0x63, 0x63, 0xFF,
        0x63, 0x63, 0x63, 0xFF, 0x63, 0x63, 0x63, 0xFF, 0x63, 0x63, 0x63, 0xFF,
        0x63, 0x63, 0x63, 0xFF, 0x63, 0x63, 0x63, 0xFF, 0x63, 0x63, 0x63, 0xFF,
        0x63, 0x63, 0x63, 0xFF, 0x63, 0x63, 0x63, 0xFF, 0x63, 0x63, 0x63, 0xFF,
        0x63, 0x63, 0x63, 0xFF, 0x63, 0x63, 0x63, 0xFF, 0x63, 0x63, 0x63, 0xFF,
        0x63, 0x63, 0x63, 0xFF, 0x63, 0x63, 0x63, 0xFF, 0x63, 0x63, 0x63, 0xFF,
        0x63, 0x63, 0x63, 0xFF, 0x63, 0x63, 0x63, 0xFF, 0x63, 0x63, 0x63, 0xFF,
        0x63, 0x63, 0x63, 0xFF, 0x63, 0x63, 0x63, 0xFF, 0x63, 0x63, 0x63, 0xFF,
        0x63, 0x63, 0x63, 0xFF, 0x63, 0x63, 0x63, 0xFF, 0x63, 0x63, 0x63, 0xFF,
        0x63, 0x63, 0x63, 0xFF, 0x63, 0x63, 0x63, 0xFF, 0x63, 0x63, 0x63, 0xFF,
        0x63, 0x63, 0x63, 0xFF, 0x63, 0x63, 0x63, 0xFF, 0x63, 0x63, 0x63, 0xFF,
        0x63, 0x63, 0x63, 0xFF, 0x63, 0x63, 0x63, 0xFF, 0x63, 0x63, 0x63, 0xFF,
        0x63, 0x63, 0x63, 0xFF, 0x63, 0x63, 0x63, 0xFF, 0x63, 0x63, 0x63, 0xFF,
        0x63, 0x63, 0x63, 0xFF, 0x63, 0x63, 0x63, 0xFF, 0x63, 0x63, 0x63, 0xFF,
        0x63, 0x63, 0x63, 0xFF, 0x64, 0x64, 0x64, 0xFF, 0x64, 0x64, 0x64, 0xFF,
        0x65, 0x65, 0x65, 0xFF, 0x66, 0x66, 0x66, 0xFF, 0x66, 0x66, 0x66, 0xFF,
        0x64, 0x64, 0x64, 0xFF, 0xFF, 0xFF, 0xFF, 0x00, 0xFF, 0xFF, 0xFF, 0x00,
        0xFF, 0xFF, 0xFF, 0x00, 0xFF, 0xFF, 0xFF, 0x00, 0xFF, 0xFF, 0xFF, 0x00,
        0xFF, 0xFF, 0xFF, 0x00, 0x84, 0x84, 0x84, 0xFF, 0x7F, 0x7F, 0x7F, 0xFF,
        0x79, 0x79, 0x79, 0xFF, 0x72, 0x72, 0x72, 0xFF, 0x6C, 0x6C, 0x6C, 0xFF,
        0x67, 0x67, 0x67, 0xFF, 0x64, 0x64, 0x64, 0xFF, 0x63, 0x63, 0x63, 0xFF,
        0x63, 0x63, 0x63, 0xFF, 0x63, 0x63, 0x63, 0xFF, 0x63, 0x63, 0x63, 0xFF,
        0x63, 0x63, 0x63, 0xFF, 0x63, 0x63, 0x63, 0xFF, 0x63, 0x63, 0x63, 0xFF,
        0x63, 0x63, 0x63, 0xFF, 0x63, 0x63, 0x63, 0xFF, 0x63, 0x63, 0x63, 0xFF,
        0x63, 0x63, 0x63, 0xFF, 0x63, 0x63, 0x63, 0xFF, 0x63, 0x63, 0x63, 0xFF,
        0x63, 0x63, 0x63, 0xFF, 0x63, 0x63, 0x63, 0xFF, 0x63, 0x63, 0x63, 0xFF,
        0x63, 0x63, 0x63, 0xFF, 0x63, 0x63, 0x63, 0xFF, 0x63, 0x63, 0x63, 0xFF,
        0x63, 0x63, 0x63, 0xFF, 0x63, 0x63, 0x63, 0xFF, 0x63, 0x63, 0x63, 0xFF,
        0x63, 0x63, 0x63, 0xFF, 0x63, 0x63, 0x63, 0xFF, 0x63, 0x63, 0x63, 0xFF,
        0x63, 0x63, 0x63, 0xFF, 0x63, 0x63, 0x63, 0xFF, 0x63, 0x63, 0x63, 0xFF,
        0x63, 0x63, 0x63, 0xFF, 0x63, 0x63, 0x63, 0xFF, 0x63, 0x63, 0x63, 0xFF,
        0x63, 0x63, 0x63, 0xFF, 0x63, 0x63, 0x63, 0xFF, 0x63, 0x63, 0x63, 0xFF,
        0x63, 0x63, 0x63, 0xFF, 0x63, 0x63, 0x63, 0xFF, 0x63, 0x63, 0x63, 0xFF,
        0x63, 0x63, 0x63, 0xFF, 0x63, 0x63, 0x63, 0xFF, 0x63, 0x63, 0x63, 0xFF,
        0x63, 0x63, 0x63, 0xFF, 0x63, 0x63, 0x63, 0xFF, 0x63, 0x63, 0x63, 0xFF,
        0x63, 0x63, 0x63, 0xFF, 0x64, 0x64, 0x64, 0xFF, 0x67, 0x67, 0x67, 0xFF,
        0x6C, 0x6C, 0x6C, 0xFF, 0x72, 0x72, 0x72, 0xFF, 0x79, 0x79, 0x79, 0xFF,
        0x7F, 0x7F, 0x7F, 0xFF, 0x84, 0x84, 0x84, 0xFF, 0xFF, 0xFF, 0xFF, 0x00,
        0xFF, 0xFF, 0xFF, 0x00, 0xFF, 0xFF, 0xFF, 0x00, 0xFF, 0xFF, 0xFF, 0x00,
        0xFF, 0xFF, 0xFF, 0x00, 0xFF, 0xFF, 0xFF, 0x00, 0x63, 0x63, 0x63, 0xFF,
        0x65, 0x65, 0x65, 0xFF, 0x65, 0x65, 0x65, 0xFF, 0x64, 0x64, 0x64, 0xFF,
        0x63, 0x63, 0x63, 0xFF, 0x63, 0x63, 0x63, 0xFF, 0x62, 0x62, 0x62, 0xFF,
        0x62, 0x62, 0x62, 0xFF, 0x62, 0x62, 0x62, 0xFF, 0x62, 0x62, 0x62, 0xFF,
        0x62, 0x62, 0x62, 0xFF, 0x62, 0x62, 0x62, 0xFF, 0x62, 0x62, 0x62, 0xFF,
        0x62, 0x62, 0x62, 0xFF, 0x62, 0x62, 0x62, 0xFF, 0x62, 0x62, 0x62, 0xFF,
        0x62, 0x62, 0x62, 0xFF, 0x62, 0x62, 0x62, 0xFF, 0x62, 0x62, 0x62, 0xFF,
        0x62, 0x62, 0x62, 0xFF, 0x62, 0x62, 0x62, 0xFF, 0x62, 0x62, 0x62, 0xFF,
        0x62, 0x62, 0x62, 0xFF, 0x62, 0x62, 0x62, 0xFF, 0x62, 0x62, 0x62, 0xFF,
        0x62, 0x62, 0x62, 0xFF, 0x62, 0x62, 0x62, 0xFF, 0x62, 0x62, 0x62, 0xFF,
        0x62, 0x62, 0x62, 0xFF, 0x62, 0x62, 0x62, 0xFF, 0x62, 0x62, 0x62, 0xFF,
        0x62, 0x62, 0x62, 0xFF, 0x62, 0x62, 0x62, 0xFF, 0x62, 0x62, 0x62, 0xFF,
        0x62, 0x62, 0x62, 0xFF, 0x62, 0x62, 0x62, 0xFF, 0x62, 0x62, 0x62, 0xFF,
        0x62, 0x62, 0x62, 0xFF, 0x62, 0x62, 0x62, 0xFF, 0x62, 0x62, 0x62, 0xFF,
        0x62, 0x62, 0x62, 0xFF, 0x62, 0x62, 0x62, 0xFF, 0x62, 0x62, 0x62, 0xFF,
        0x62, 0x62, 0x62, 0xFF, 0x62, 0x62, 0x62, 0xFF, 0x62, 0x62, 0x62, 0xFF,
        0x62, 0x62, 0x62, 0xFF, 0x62, 0x62, 0x62, 0xFF, 0x62, 0x62, 0x62, 0xFF,
        0x62, 0x62, 0x62, 0xFF, 0x62, 0x62, 0x62, 0xFF, 0x62, 0x62, 0x62, 0xFF,
        0x63, 0x63, 0x63, 0xFF, 0x63, 0x63, 0x63, 0xFF, 0x64, 0x64, 0x64, 0xFF,
        0x65, 0x65, 0x65, 0xFF, 0x65, 0x65, 0x65, 0xFF, 0x63, 0x63, 0x63, 0xFF,
        0xFF, 0xFF, 0xFF, 0x00, 0xFF, 0xFF, 0xFF, 0x00, 0xFF, 0xFF, 0xFF, 0x00,
        0xFF, 0xFF, 0xFF, 0x00, 0xFF, 0xFF, 0xFF, 0x00, 0xFF, 0xFF, 0xFF, 0x00,
        0x83, 0x83, 0x83, 0xFF, 0x7E, 0x7E, 0x7E, 0xFF, 0x78, 0x78, 0x78, 0xFF,
        0x71, 0x71, 0x71, 0xFF, 0x6B, 0x6B, 0x6B, 0xFF, 0x66, 0x66, 0x66, 0xFF,
        0x63, 0x63, 0x63, 0xFF, 0x62, 0x62, 0x62, 0xFF, 0x62, 0x62, 0x62, 0xFF,
        0x62, 0x62, 0x62, 0xFF, 0x62, 0x62, 0x62, 0xFF, 0x62, 0x62, 0x62, 0xFF,
        0x62, 0x62, 0x62, 0xFF, 0x62, 0x62, 0x62, 0xFF, 0x62, 0x62, 0x62, 0xFF,
        0x62, 0x62, 0x62, 0xFF, 0x62, 0x62, 0x62, 0xFF, 0x62, 0x62, 0x62, 0xFF,
        0x62, 0x62, 0x62, 0xFF, 0x62, 0x62, 0x62, 0xFF, 0x62, 0x62, 0x62, 0xFF,
        0x62, 0x62, 0x62, 0xFF, 0x62, 0x62, 0x62, 0xFF, 0x62, 0x62, 0x62, 0xFF,
        0x62, 0x62, 0x62, 0xFF, 0x62, 0x62, 0x62, 0xFF, 0x62, 0x62, 0x62, 0xFF,
        0x62, 0x62, 0x62, 0xFF, 0x62, 0x62, 0x62, 0xFF, 0x62, 0x62, 0x62, 0xFF,
        0x62, 0x62, 0x62, 0xFF, 0x62, 0x62, 0x62, 0xFF, 0x62, 0x62, 0x62, 0xFF,
        0x62, 0x62, 0x62, 0xFF, 0x62, 0x62, 0x62, 0xFF, 0x62, 0x62, 0x62, 0xFF,
        0x62, 0x62, 0x62, 0xFF, 0x62, 0x62, 0x62, 0xFF, 0x62, 0x62, 0x62, 0xFF,
        0x62, 0x62, 0x62, 0xFF, 0x62, 0x62, 0x62, 0xFF, 0x62, 0x62, 0x62, 0xFF,
        0x62, 0x62, 0x62, 0xFF, 0x62, 0x62, 0x62, 0xFF, 0x62, 0x62, 0x62, 0xFF,
        0x62, 0x62, 0x62, 0xFF, 0x62, 0x62, 0x62, 0xFF, 0x62, 0x62, 0x62, 0xFF,
        0x62, 0x62, 0x62, 0xFF, 0x62, 0x62, 0x62, 0xFF, 0x62, 0x62, 0x62, 0xFF,
        0x63, 0x63, 0x63, 0xFF, 0x66, 0x66, 0x66, 0xFF, 0x6B, 0x6B, 0x6B, 0xFF,
        0x71, 0x71, 0x71, 0xFF, 0x78, 0x78, 0x78, 0xFF, 0x7E, 0x7E, 0x7E, 0xFF,
        0x83, 0x83, 0x83, 0xFF, 0xFF, 0xFF, 0xFF, 0x00, 0xFF, 0xFF, 0xFF, 0x00,
        0xFF, 0xFF, 0xFF, 0x00, 0xFF, 0xFF, 0xFF, 0x00, 0xFF, 0xFF, 0xFF, 0x00,
        0xFF, 0xFF, 0xFF, 0x00, 0x62, 0x62, 0x62, 0xFF, 0x64, 0x64, 0x64, 0xFF,
        0x64, 0x64, 0x64, 0xFF, 0x63, 0x63, 0x63, 0xFF, 0x62, 0x62, 0x62, 0xFF,
        0x62, 0x62, 0x62, 0xFF, 0x61, 0x61, 0x61, 0xFF, 0x61, 0x61, 0x61, 0xFF,
        0x61, 0x61, 0x61, 0xFF, 0x61, 0x61, 0x61, 0xFF, 0x61, 0x61, 0x61, 0xFF,
        0x61, 0x61, 0x61, 0xFF, 0x61, 0x61, 0x61, 0xFF, 0x61, 0x61, 0x61, 0xFF,
        0x61, 0x61, 0x61, 0xFF, 0x61, 0x61, 0x61, 0xFF, 0x61, 0x61, 0x61, 0xFF,
        0x61, 0x61, 0x61, 0xFF, 0x61, 0x61, 0x61, 0xFF, 0x61, 0x61, 0x61, 0xFF,
        0x61, 0x61, 0x61, 0xFF, 0x61, 0x61, 0x61, 0xFF, 0x61, 0x61, 0x61, 0xFF,
        0x61, 0x61, 0x61, 0xFF, 0x61, 0x61, 0x61, 0xFF, 0x61, 0x61, 0x61, 0xFF,
        0x61, 0x61, 0x61, 0xFF, 0x61, 0x61, 0x61, 0xFF, 0x61, 0x61, 0x61, 0xFF,
        0x61, 0x61, 0x61, 0xFF, 0x61, 0x61, 0x61, 0xFF, 0x61, 0x61, 0x61, 0xFF,
        0x61, 0x61, 0x61, 0xFF, 0x61, 0x61, 0x61, 0xFF, 0x61, 0x61, 0x61, 0xFF,
        0x61, 0x61, 0x61, 0xFF, 0x61, 0x61, 0x61, 0xFF, 0x61, 0x61, 0x61, 0xFF,
        0x61, 0x61, 0x61, 0xFF, 0x61, 0x61, 0x61, 0xFF, 0x61, 0x61, 0x61, 0xFF,
        0x61, 0x61, 0x61, 0xFF, 0x61, 0x61, 0x61, 0xFF, 0x61, 0x61, 0x61, 0xFF,
        0x61, 0x61, 0x61, 0xFF, 0x61, 0x61, 0x61, 0xFF, 0x61, 0x61, 0x61, 0xFF,
        0x61, 0x61, 0x61, 0xFF, 0x61, 0x61, 0x61, 0xFF, 0x61, 0x61, 0x61, 0xFF,
        0x61, 0x61, 0x61, 0xFF, 0x61, 0x61, 0x61, 0xFF, 0x62, 0x62, 0x62, 0xFF,
        0x62, 0x62, 0x62, 0xFF, 0x63, 0x63, 0x63, 0xFF, 0x64, 0x64, 0x64, 0xFF,
        0x64, 0x64, 0x64, 0xFF, 0x62, 0x62, 0x62, 0xFF, 0xFF, 0xFF, 0xFF, 0x00,
        0xFF, 0xFF, 0xFF, 0x00, 0xFF, 0xFF, 0xFF, 0x00, 0xFF, 0xFF, 0xFF, 0x00,
        0xFF, 0xFF, 0xFF, 0x00, 0xFF, 0xFF, 0xFF, 0x00, 0x83, 0x83, 0x83, 0xFF,
        0x7D, 0x7D, 0x7D, 0xFF, 0x77, 0x77, 0x77, 0xFF, 0x70, 0x70, 0x70, 0xFF,
        0x6A, 0x6A, 0x6A, 0xFF, 0x65, 0x65, 0x65, 0xFF, 0x62, 0x62, 0x62, 0xFF,
        0x61, 0x61, 0x61, 0xFF, 0x61, 0x61, 0x61, 0xFF, 0x61, 0x61, 0x61, 0xFF,
        0x61, 0x61, 0x61, 0xFF, 0x61, 0x61, 0x61, 0xFF, 0x61, 0x61, 0x61, 0xFF,
        0x61, 0x61, 0x61, 0xFF, 0x61, 0x61, 0x61, 0xFF, 0x61, 0x61, 0x61, 0xFF,
        0x61, 0x61, 0x61, 0xFF, 0x61, 0x61, 0x61, 0xFF, 0x61, 0x61, 0x61, 0xFF,
        0x61, 0x61, 0x61, 0xFF, 0x61, 0x61, 0x61, 0xFF, 0x61, 0x61, 0x61, 0xFF,
        0x61, 0x61, 0x61, 0xFF, 0x61, 0x61, 0x61, 0xFF, 0x61, 0x61, 0x61, 0xFF,
        0x61, 0x61, 0x61, 0xFF, 0x61, 0x61, 0x61, 0xFF, 0x61, 0x61, 0x61, 0xFF,
        0x61, 0x61, 0x61, 0xFF, 0x61, 0x61, 0x61, 0xFF, 0x61, 0x61, 0x61, 0xFF,
        0x61, 0x61, 0x61, 0xFF, 0x61, 0x61, 0x61, 0xFF, 0x61, 0x61, 0x61, 0xFF,
        0x61, 0x61, 0x61, 0xFF, 0x61, 0x61, 0x61, 0xFF, 0x61, 0x61, 0x61, 0xFF,
        0x61, 0x61, 0x61, 0xFF, 0x61, 0x61, 0x61, 0xFF, 0x61, 0x61, 0x61, 0xFF,
        0x61, 0x61, 0x61, 0xFF, 0x61, 0x61, 0x61, 0xFF, 0x61, 0x61, 0x61, 0xFF,
        0x61, 0x61, 0x61, 0xFF, 0x61, 0x61, 0x61, 0xFF, 0x61, 0x61, 0x61, 0xFF,
        0x61, 0x61, 0x61, 0xFF, 0x61, 0x61, 0x61, 0xFF, 0x61, 0x61, 0x61, 0xFF,
        0x61, 0x61, 0x61, 0xFF, 0x61, 0x61, 0x61, 0xFF, 0x62, 0x62, 0x62, 0xFF,
        0x65, 0x65, 0x65, 0xFF, 0x6A, 0x6A, 0x6A, 0xFF, 0x70, 0x70, 0x70, 0xFF,
        0x77, 0x77, 0x77, 0xFF, 0x7D, 0x7D, 0x7D, 0xFF, 0x83, 0x83, 0x83, 0xFF,
        0xFF, 0xFF, 0xFF, 0x00, 0xFF, 0xFF, 0xFF, 0x00, 0xFF, 0xFF, 0xFF, 0x00,
        0xFF, 0xFF, 0xFF, 0x00, 0xFF, 0xFF, 0xFF, 0x00, 0xFF, 0xFF, 0xFF, 0x00,
        0x61, 0x61, 0x61, 0xFF, 0x63, 0x63, 0x63, 0xFF, 0x63, 0x63, 0x63, 0xFF,
        0x62, 0x62, 0x62, 0xFF, 0x61, 0x61, 0x61, 0xFF, 0x61, 0x61, 0x61, 0xFF,
        0x60, 0x60, 0x60, 0xFF, 0x60, 0x60, 0x60, 0xFF, 0x60, 0x60, 0x60, 0xFF,
        0x60, 0x60, 0x60, 0xFF, 0x60, 0x60, 0x60, 0xFF, 0x60, 0x60, 0x60, 0xFF,
        0x60, 0x60, 0x60, 0xFF, 0x60, 0x60, 0x60, 0xFF, 0x60, 0x60, 0x60, 0xFF,
        0x60, 0x60, 0x60, 0xFF, 0x60, 0x60, 0x60, 0xFF, 0x60, 0x60, 0x60, 0xFF,
        0x60, 0x60, 0x60, 0xFF, 0x60, 0x60, 0x60, 0xFF, 0x60, 0x60, 0x60, 0xFF,
        0x60, 0x60, 0x60, 0xFF, 0x60, 0x60, 0x60, 0xFF, 0x60, 0x60, 0x60, 0xFF,
        0x60, 0x60, 0x60, 0xFF, 0x60, 0x60, 0x60, 0xFF, 0x60, 0x60, 0x60, 0xFF,
        0x60, 0x60, 0x60, 0xFF, 0x60, 0x60, 0x60, 0xFF, 0x60, 0x60, 0x60, 0xFF,
        0x60, 0x60, 0x60, 0xFF, 0x60, 0x60, 0x60, 0xFF, 0x60, 0x60, 0x60, 0xFF,
        0x60, 0x60, 0x60, 0xFF, 0x60, 0x60, 0x60, 0xFF, 0x60, 0x60, 0x60, 0xFF,
        0x60, 0x60, 0x60, 0xFF, 0x60, 0x60, 0x60, 0xFF, 0x60, 0x60, 0x60, 0xFF,
        0x60, 0x60, 0x60, 0xFF, 0x60, 0x60, 0x60, 0xFF, 0x60, 0x60, 0x60, 0xFF,
        0x60, 0x60, 0x60, 0xFF, 0x60, 0x60, 0x60, 0xFF, 0x60, 0x60, 0x60, 0xFF,
        0x60, 0x60, 0x60, 0xFF, 0x60, 0x60, 0x60, 0xFF, 0x60, 0x60, 0x60, 0xFF,
        0x60, 0x60, 0x60, 0xFF, 0x60, 0x60, 0x60, 0xFF, 0x60, 0x60, 0x60, 0xFF,
        0x60, 0x60, 0x60, 0xFF, 0x61, 0x61, 0x61, 0xFF, 0x61, 0x61, 0x61, 0xFF,
        0x62, 0x62, 0x62, 0xFF, 0x63, 0x63, 0x63, 0xFF, 0x63, 0x63, 0x63, 0xFF,
        0x61, 0x61, 0x61, 0xFF, 0xFF, 0xFF, 0xFF, 0x00, 0xFF, 0xFF, 0xFF, 0x00,
        0xFF, 0xFF, 0xFF, 0x00, 0xFF, 0xFF, 0xFF, 0x00, 0xFF, 0xFF, 0xFF, 0x00,
        0xFF, 0xFF, 0xFF, 0x00, 0x82, 0x82, 0x82, 0xFF, 0x7D, 0x7D, 0x7D, 0xFF,
        0x76, 0x76, 0x76, 0xFF, 0x6F, 0x6F, 0x6F, 0xFF, 0x69, 0x69, 0x69, 0xFF,
        0x64, 0x64, 0x64, 0xFF, 0x61, 0x61, 0x61, 0xFF, 0x60, 0x60, 0x60, 0xFF,
        0x60, 0x60, 0x60, 0xFF, 0x60, 0x60, 0x60, 0xFF, 0x60, 0x60, 0x60, 0xFF,
        0x60, 0x60, 0x60, 0xFF, 0x60, 0x60, 0x60, 0xFF, 0x60, 0x60, 0x60, 0xFF,
        0x60, 0x60, 0x60, 0xFF, 0x60, 0x60, 0x60, 0xFF, 0x60, 0x60, 0x60, 0xFF,
        0x60, 0x60, 0x60, 0xFF, 0x60, 0x60, 0x60, 0xFF, 0x60, 0x60, 0x60, 0xFF,
        0x60, 0x60, 0x60, 0xFF, 0x60, 0x60, 0x60, 0xFF, 0x60, 0x60, 0x60, 0xFF,
        0x60, 0x60, 0x60, 0xFF, 0x60, 0x60, 0x60, 0xFF, 0x60, 0x60, 0x60, 0xFF,
        0x60, 0x60, 0x60, 0xFF, 0x60, 0x60, 0x60, 0xFF, 0x60, 0x60, 0x60, 0xFF,
        0x60, 0x60, 0x60, 0xFF, 0x60, 0x60, 0x60, 0xFF, 0x60, 0x60, 0x60, 0xFF,
        0x60, 0x60, 0x60, 0xFF, 0x60, 0x60, 0x60, 0xFF, 0x60, 0x60, 0x60, 0xFF,
        0x60, 0x60, 0x60, 0xFF, 0x60, 0x60, 0x60, 0xFF, 0x60, 0x60, 0x60, 0xFF,
        0x60, 0x60, 0x60, 0xFF, 0x60, 0x60, 0x60, 0xFF, 0x60, 0x60, 0x60, 0xFF,
        0x60, 0x60, 0x60, 0xFF, 0x60, 0x60, 0x60, 0xFF, 0x60, 0x60, 0x60, 0xFF,
        0x60, 0x60, 0x60, 0xFF, 0x60, 0x60, 0x60, 0xFF, 0x60, 0x60, 0x60, 0xFF,
        0x60, 0x60, 0x60, 0xFF, 0x60, 0x60, 0x60, 0xFF, 0x60, 0x60, 0x60, 0xFF,
        0x60, 0x60, 0x60, 0xFF, 0x61, 0x61, 0x61, 0xFF, 0x64, 0x64, 0x64, 0xFF,
        0x69, 0x69, 0x69, 0xFF, 0x6F, 0x6F, 0x6F, 0xFF, 0x76, 0x76, 0x76, 0xFF,
        0x7D, 0x7D, 0x7D, 0xFF, 0x82, 0x82, 0x82, 0xFF, 0xFF, 0xFF, 0xFF, 0x00,
        0xFF, 0xFF, 0xFF, 0x00, 0xFF, 0xFF, 0xFF, 0x00, 0xFF, 0xFF, 0xFF, 0x00,
        0xFF, 0xFF, 0xFF, 0x00, 0xFF, 0xFF, 0xFF, 0x00, 0x5F, 0x5F, 0x5F, 0xFF,
        0x61, 0x61, 0x61, 0xFF, 0x61, 0x61, 0x61, 0xFF, 0x60, 0x60, 0x60, 0xFF,
        0x5F, 0x5F, 0x5F, 0xFF, 0x5F, 0x5F, 0x5F, 0xFF, 0x5E, 0x5E, 0x5E, 0xFF,
        0x5E, 0x5E, 0x5E, 0xFF, 0x5E, 0x5E, 0x5E, 0xFF, 0x5E, 0x5E, 0x5E, 0xFF,
        0x5E, 0x5E, 0x5E, 0xFF, 0x5E, 0x5E, 0x5E, 0xFF, 0x5E, 0x5E, 0x5E, 0xFF,
        0x5E, 0x5E, 0x5E, 0xFF, 0x5E, 0x5E, 0x5E, 0xFF, 0x5E, 0x5E, 0x5E, 0xFF,
        0x5E, 0x5E, 0x5E, 0xFF, 0x5E, 0x5E, 0x5E, 0xFF, 0x5E, 0x5E, 0x5E, 0xFF,
        0x5E, 0x5E, 0x5E, 0xFF, 0x5E, 0x5E, 0x5E, 0xFF, 0x5E, 0x5E, 0x5E, 0xFF,
        0x5E, 0x5E, 0x5E, 0xFF, 0x5E, 0x5E, 0x5E, 0xFF, 0x5E, 0x5E, 0x5E, 0xFF,
        0x5E, 0x5E, 0x5E, 0xFF, 0x5E, 0x5E, 0x5E, 0xFF, 0x5E, 0x5E, 0x5E, 0xFF,
        0x5E, 0x5E, 0x5E, 0xFF, 0x5E, 0x5E, 0x5E, 0xFF, 0x5E, 0x5E, 0x5E, 0xFF,
        0x5E, 0x5E, 0x5E, 0xFF, 0x5E, 0x5E, 0x5E, 0xFF, 0x5E, 0x5E, 0x5E, 0xFF,
        0x5E, 0x5E, 0x5E, 0xFF, 0x5E, 0x5E, 0x5E, 0xFF, 0x5E, 0x5E, 0x5E, 0xFF,
        0x5E, 0x5E, 0x5E, 0xFF, 0x5E, 0x5E, 0x5E, 0xFF, 0x5E, 0x5E, 0x5E, 0xFF,
        0x5E, 0x5E, 0x5E, 0xFF, 0x5E, 0x5E, 0x5E, 0xFF, 0x5E, 0x5E, 0x5E, 0xFF,
        0x5E, 0x5E, 0x5E, 0xFF, 0x5E, 0x5E, 0x5E, 0xFF, 0x5E, 0x5E, 0x5E, 0xFF,
        0x5E, 0x5E, 0x5E, 0xFF, 0x5E, 0x5E, 0x5E, 0xFF, 0x5E, 0x5E, 0x5E, 0xFF,
        0x5E, 0x5E, 0x5E, 0xFF, 0x5E, 0x5E, 0x5E, 0xFF, 0x5E, 0x5E, 0x5E, 0xFF,
        0x5F, 0x5F, 0x5F, 0xFF, 0x5F, 0x5F, 0x5F, 0xFF, 0x60, 0x60, 0x60, 0xFF,
        0x61, 0x61, 0x61, 0xFF, 0x61, 0x61, 0x61, 0xFF, 0x5F, 0x5F, 0x5F, 0xFF,
        0xFF, 0xFF, 0xFF, 0x00, 0xFF, 0xFF, 0xFF, 0x00, 0xFF, 0xFF, 0xFF, 0x00,
        0xFF, 0xFF, 0xFF, 0x00, 0xFF, 0xFF, 0xFF, 0x00, 0xFF, 0xFF, 0xFF, 0x00,
        0x82, 0x82, 0x82, 0xFF, 0x7C, 0x7C, 0x7C, 0xFF, 0x76, 0x76, 0x76, 0xFF,
        0x6E, 0x6E, 0x6E, 0xFF, 0x68, 0x68, 0x68, 0xFF, 0x64, 0x64, 0x64, 0xFF,
        0x61, 0x61, 0x61, 0xFF, 0x5F, 0x5F, 0x5F, 0xFF, 0x5F, 0x5F, 0x5F, 0xFF,
        0x5F, 0x5F, 0x5F, 0xFF, 0x5F, 0x5F, 0x5F, 0xFF, 0x5F, 0x5F, 0x5F, 0xFF,
        0x5F, 0x5F, 0x5F, 0xFF, 0x5F, 0x5F, 0x5F, 0xFF, 0x5F, 0x5F, 0x5F, 0xFF,
        0x5F, 0x5F, 0x5F, 0xFF, 0x5F, 0x5F, 0x5F, 0xFF, 0x5F, 0x5F, 0x5F, 0xFF,
        0x5F, 0x5F, 0x5F, 0xFF, 0x5F, 0x5F, 0x5F, 0xFF, 0x5F, 0x5F, 0x5F, 0xFF,
        0x5F, 0x5F, 0x5F, 0xFF, 0x5F, 0x5F, 0x5F, 0xFF, 0x5F, 0x5F, 0x5F, 0xFF,
        0x5F, 0x5F, 0x5F, 0xFF, 0x5F, 0x5F, 0x5F, 0xFF, 0x5F, 0x5F, 0x5F, 0xFF,
        0x5F, 0x5F, 0x5F, 0xFF, 0x5F, 0x5F, 0x5F, 0xFF, 0x5F, 0x5F, 0x5F, 0xFF,
        0x5F, 0x5F, 0x5F, 0xFF, 0x5F, 0x5F, 0x5F, 0xFF, 0x5F, 0x5F, 0x5F, 0xFF,
        0x5F, 0x5F, 0x5F, 0xFF, 0x5F, 0x5F, 0x5F, 0xFF, 0x5F, 0x5F, 0x5F, 0xFF,
        0x5F, 0x5F, 0x5F, 0xFF, 0x5F, 0x5F, 0x5F, 0xFF, 0x5F, 0x5F, 0x5F, 0xFF,
        0x5F, 0x5F, 0x5F, 0xFF, 0x5F, 0x5F, 0x5F, 0xFF, 0x5F, 0x5F, 0x5F, 0xFF,
        0x5F, 0x5F, 0x5F, 0xFF, 0x5F, 0x5F, 0x5F, 0xFF, 0x5F, 0x5F, 0x5F, 0xFF,
        0x5F, 0x5F, 0x5F, 0xFF, 0x5F, 0x5F, 0x5F, 0xFF, 0x5F, 0x5F, 0x5F, 0xFF,
        0x5F, 0x5F, 0x5F, 0xFF, 0x5F, 0x5F, 0x5F, 0xFF, 0x5F, 0x5F, 0x5F, 0xFF,
        0x61, 0x61, 0x61, 0xFF, 0x64, 0x64, 0x64, 0xFF, 0x68, 0x68, 0x68, 0xFF,
        0x6E, 0x6E, 0x6E, 0xFF, 0x76, 0x76, 0x76, 0xFF, 0x7C, 0x7C, 0x7C, 0xFF,
        0x82, 0x82, 0x82, 0xFF, 0xFF, 0xFF, 0xFF, 0x00, 0xFF, 0xFF, 0xFF, 0x00,
        0xFF, 0xFF, 0xFF, 0x00, 0xFF, 0xFF, 0xFF, 0x00, 0xFF, 0xFF, 0xFF, 0x00,
        0xFF, 0xFF, 0xFF, 0x00, 0x5F, 0x5F, 0x5F, 0xFF, 0x60, 0x60, 0x60, 0xFF,
        0x60, 0x60, 0x60, 0xFF, 0x5F, 0x5F, 0x5F, 0xFF, 0x5E, 0x5E, 0x5E, 0xFF,
        0x5E, 0x5E, 0x5E, 0xFF, 0x5D, 0x5D, 0x5D, 0xFF, 0x5D, 0x5D, 0x5D, 0xFF,
        0x5D, 0x5D, 0x5D, 0xFF, 0x5D, 0x5D, 0x5D, 0xFF, 0x5D, 0x5D, 0x5D, 0xFF,
        0x5D, 0x5D, 0x5D, 0xFF, 0x5D, 0x5D, 0x5D, 0xFF, 0x5D, 0x5D, 0x5D, 0xFF,
        0x5D, 0x5D, 0x5D, 0xFF, 0x5D, 0x5D, 0x5D, 0xFF, 0x5D, 0x5D, 0x5D, 0xFF,
        0x5D, 0x5D, 0x5D, 0xFF, 0x5D, 0x5D, 0x5D, 0xFF, 0x5D, 0x5D, 0x5D, 0xFF,
        0x5D, 0x5D, 0x5D, 0xFF, 0x5D, 0x5D, 0x5D, 0xFF, 0x5D, 0x5D, 0x5D, 0xFF,
        0x5D, 0x5D, 0x5D, 0xFF, 0x5D, 0x5D, 0x5D, 0xFF, 0x5D, 0x5D, 0x5D, 0xFF,
        0x5D, 0x5D, 0x5D, 0xFF, 0x5D, 0x5D, 0x5D, 0xFF, 0x5D, 0x5D, 0x5D, 0xFF,
        0x5D, 0x5D, 0x5D, 0xFF, 0x5D, 0x5D, 0x5D, 0xFF, 0x5D, 0x5D, 0x5D, 0xFF,
        0x5D, 0x5D, 0x5D, 0xFF, 0x5D, 0x5D, 0x5D, 0xFF, 0x5D, 0x5D, 0x5D, 0xFF,
        0x5D, 0x5D, 0x5D, 0xFF, 0x5D, 0x5D, 0x5D, 0xFF, 0x5D, 0x5D, 0x5D, 0xFF,
        0x5D, 0x5D, 0x5D, 0xFF, 0x5D, 0x5D, 0x5D, 0xFF, 0x5D, 0x5D, 0x5D, 0xFF,
        0x5D, 0x5D, 0x5D, 0xFF, 0x5D, 0x5D, 0x5D, 0xFF, 0x5D, 0x5D, 0x5D, 0xFF,
        0x5D, 0x5D, 0x5D, 0xFF, 0x5D, 0x5D, 0x5D, 0xFF, 0x5D, 0x5D, 0x5D, 0xFF,
        0x5D, 0x5D, 0x5D, 0xFF, 0x5D, 0x5D, 0x5D, 0xFF, 0x5D, 0x5D, 0x5D, 0xFF,
        0x5D, 0x5D, 0x5D, 0xFF, 0x5D, 0x5D, 0x5D, 0xFF, 0x5E, 0x5E, 0x5E, 0xFF,
        0x5E, 0x5E, 0x5E, 0xFF, 0x5F, 0x5F, 0x5F, 0xFF, 0x60, 0x60, 0x60, 0xFF,
        0x60, 0x60, 0x60, 0xFF, 0x5F, 0x5F, 0x5F, 0xFF, 0xFF, 0xFF, 0xFF, 0x00,
        0xFF, 0xFF, 0xFF, 0x00, 0xFF, 0xFF, 0xFF, 0x00, 0xFF, 0xFF, 0xFF, 0x00,
        0xFF, 0xFF, 0xFF, 0x00, 0xFF, 0xFF, 0xFF, 0x00, 0x81, 0x81, 0x81, 0xFF,
        0x7B, 0x7B, 0x7B, 0xFF, 0x75, 0x75, 0x75, 0xFF, 0x6D, 0x6D, 0x6D, 0xFF,
        0x67, 0x67, 0x67, 0xFF, 0x62, 0x62, 0x62, 0xFF, 0x5F, 0x5F, 0x5F, 0xFF,
        0x5D, 0x5D, 0x5D, 0xFF, 0x5D, 0x5D, 0x5D, 0xFF, 0x5D, 0x5D, 0x5D, 0xFF,
        0x5D, 0x5D, 0x5D, 0xFF, 0x5D, 0x5D, 0x5D, 0xFF, 0x5D, 0x5D, 0x5D, 0xFF,
        0x5D, 0x5D, 0x5D, 0xFF, 0x5D, 0x5D, 0x5D, 0xFF, 0x5D, 0x5D, 0x5D, 0xFF,
        0x5D, 0x5D, 0x5D, 0xFF, 0x5D, 0x5D, 0x5D, 0xFF, 0x5D, 0x5D, 0x5D, 0xFF,
        0x5D, 0x5D, 0x5D, 0xFF, 0x5D, 0x5D, 0x5D, 0xFF, 0x5D, 0x5D, 0x5D, 0xFF,
        0x5D, 0x5D, 0x5D, 0xFF, 0x5D, 0x5D, 0x5D, 0xFF, 0x5D, 0x5D, 0x5D, 0xFF,
        0x5D, 0x5D, 0x5D, 0xFF, 0x5D, 0x5D, 0x5D, 0xFF, 0x5D, 0x5D, 0x5D, 0xFF,
        0x5D, 0x5D, 0x5D, 0xFF, 0x5D, 0x5D, 0x5D, 0xFF, 0x5D, 0x5D, 0x5D, 0xFF,
        0x5D, 0x5D, 0x5D, 0xFF, 0x5D, 0x5D, 0x5D, 0xFF, 0x5D, 0x5D, 0x5D, 0xFF,
        0x5D, 0x5D, 0x5D, 0xFF, 0x5D, 0x5D, 0x5D, 0xFF, 0x5D, 0x5D, 0x5D, 0xFF,
        0x5D, 0x5D, 0x5D, 0xFF, 0x5D, 0x5D, 0x5D, 0xFF, 0x5D, 0x5D, 0x5D, 0xFF,
        0x5D, 0x5D, 0x5D, 0xFF, 0x5D, 0x5D, 0x5D, 0xFF, 0x5D, 0x5D, 0x5D, 0xFF,
        0x5D, 0x5D, 0x5D, 0xFF, 0x5D, 0x5D, 0x5D, 0xFF, 0x5D, 0x5D, 0x5D, 0xFF,
        0x5D, 0x5D, 0x5D, 0xFF, 0x5D, 0x5D, 0x5D, 0xFF, 0x5D, 0x5D, 0x5D, 0xFF,
        0x5D, 0x5D, 0x5D, 0xFF, 0x5D, 0x5D, 0x5D, 0xFF, 0x5F, 0x5F, 0x5F, 0xFF,
        0x62, 0x62, 0x62, 0xFF, 0x67, 0x67, 0x67, 0xFF, 0x6D, 0x6D, 0x6D, 0xFF,
        0x75, 0x75, 0x75, 0xFF, 0x7B, 0x7B, 0x7B, 0xFF, 0x81, 0x81, 0x81, 0xFF,
        0xFF, 0xFF, 0xFF, 0x00, 0xFF, 0xFF, 0xFF, 0x00, 0xFF, 0xFF, 0xFF, 0x00,
        0xFF, 0xFF, 0xFF, 0x00, 0xFF, 0xFF, 0xFF, 0x00, 0xFF, 0xFF, 0xFF, 0x00,
        0x5D, 0x5D, 0x5D, 0xFF, 0x5D, 0x5D, 0x5D, 0xFF, 0x5F, 0x5F, 0x5F, 0xFF,
        0x5D, 0x5D, 0x5D, 0xFF, 0x5C, 0x5C, 0x5C, 0xFF, 0x5C, 0x5C, 0x5C, 0xFF,
        0x5B, 0x5B, 0x5B, 0xFF, 0x5B, 0x5B, 0x5B, 0xFF, 0x5B, 0x5B, 0x5B, 0xFF,
        0x5B, 0x5B, 0x5B, 0xFF, 0x5B, 0x5B, 0x5B, 0xFF, 0x5B, 0x5B, 0x5B, 0xFF,
        0x5B, 0x5B, 0x5B, 0xFF, 0x5B, 0x5B, 0x5B, 0xFF, 0x5B, 0x5B, 0x5B, 0xFF,
        0x5B, 0x5B, 0x5B, 0xFF, 0x5B, 0x5B, 0x5B, 0xFF, 0x5B, 0x5B, 0x5B, 0xFF,
        0x5B, 0x5B, 0x5B, 0xFF, 0x5B, 0x5B, 0x5B, 0xFF, 0x5B, 0x5B, 0x5B, 0xFF,
        0x5B, 0x5B, 0x5B, 0xFF, 0x5B, 0x5B, 0x5B, 0xFF, 0x5B, 0x5B, 0x5B, 0xFF,
        0x5B, 0x5B, 0x5B, 0xFF, 0x5B, 0x5B, 0x5B, 0xFF, 0x5B, 0x5B, 0x5B, 0xFF,
        0x5B, 0x5B, 0x5B, 0xFF, 0x5B, 0x5B, 0x5B, 0xFF, 0x5B, 0x5B, 0x5B, 0xFF,
        0x5B, 0x5B, 0x5B, 0xFF, 0x5B, 0x5B, 0x5B, 0xFF, 0x5B, 0x5B, 0x5B, 0xFF,
        0x5B, 0x5B, 0x5B, 0xFF, 0x5B, 0x5B, 0x5B, 0xFF, 0x5B, 0x5B, 0x5B, 0xFF,
        0x5B, 0x5B, 0x5B, 0xFF, 0x5B, 0x5B, 0x5B, 0xFF, 0x5B, 0x5B, 0x5B, 0xFF,
        0x5B, 0x5B, 0x5B, 0xFF, 0x5B, 0x5B, 0x5B, 0xFF, 0x5B, 0x5B, 0x5B, 0xFF,
        0x5B, 0x5B, 0x5B, 0xFF, 0x5B, 0x5B, 0x5B, 0xFF, 0x5B, 0x5B, 0x5B, 0xFF,
        0x5B, 0x5B, 0x5B, 0xFF, 0x5B, 0x5B, 0x5B, 0xFF, 0x5B, 0x5B, 0x5B, 0xFF,
        0x5B, 0x5B, 0x5B, 0xFF, 0x5B, 0x5B, 0x5B, 0xFF, 0x5B, 0x5B, 0x5B, 0xFF,
        0x5B, 0x5B, 0x5B, 0xFF, 0x5C, 0x5C, 0x5C, 0xFF, 0x5C, 0x5C, 0x5C, 0xFF,
        0x5D, 0x5D, 0x5D, 0xFF, 0x5F, 0x5F, 0x5F, 0xFF, 0x5D, 0x5D, 0x5D, 0xFF,
        0x5D, 0x5D, 0x5D, 0xFF, 0xFF, 0xFF, 0xFF, 0x00, 0xFF, 0xFF, 0xFF, 0x00,
        0xFF, 0xFF, 0xFF, 0x00, 0xFF, 0xFF, 0xFF, 0x00, 0xFF, 0xFF, 0xFF, 0x00,
        0xFF, 0xFF, 0xFF, 0x00, 0x80, 0x80, 0x80, 0xFF, 0x7B, 0x7B, 0x7B, 0xFF,
        0x74, 0x74, 0x74, 0xFF, 0x6D, 0x6D, 0x6D, 0xFF, 0x66, 0x66, 0x66, 0xFF,
        0x61, 0x61, 0x61, 0xFF, 0x5E, 0x5E, 0x5E, 0xFF, 0x5C, 0x5C, 0x5C, 0xFF,
        0x5C, 0x5C, 0x5C, 0xFF, 0x5C, 0x5C, 0x5C, 0xFF, 0x5C, 0x5C, 0x5C, 0xFF,
        0x5C, 0x5C, 0x5C, 0xFF, 0x5C, 0x5C, 0x5C, 0xFF, 0x5C, 0x5C, 0x5C, 0xFF,
        0x5C, 0x5C, 0x5C, 0xFF, 0x5C, 0x5C, 0x5C, 0xFF, 0x5C, 0x5C, 0x5C, 0xFF,
        0x5C, 0x5C, 0x5C, 0xFF, 0x5C, 0x5C, 0x5C, 0xFF, 0x5C, 0x5C, 0x5C, 0xFF,
        0x5C, 0x5C, 0x5C, 0xFF, 0x5C, 0x5C, 0x5C, 0xFF, 0x5C, 0x5C, 0x5C, 0xFF,
        0x5C, 0x5C, 0x5C, 0xFF, 0x5C, 0x5C, 0x5C, 0xFF, 0x5C, 0x5C, 0x5C, 0xFF,
        0x5C, 0x5C, 0x5C, 0xFF, 0x5C, 0x5C, 0x5C, 0xFF, 0x5C, 0x5C, 0x5C, 0xFF,
        0x5C, 0x5C, 0x5C, 0xFF, 0x5C, 0x5C, 0x5C, 0xFF, 0x5C, 0x5C, 0x5C, 0xFF,
        0x5C, 0x5C, 0x5C, 0xFF, 0x5C, 0x5C, 0x5C, 0xFF, 0x5C, 0x5C, 0x5C, 0xFF,
        0x5C, 0x5C, 0x5C, 0xFF, 0x5C, 0x5C, 0x5C, 0xFF, 0x5C, 0x5C, 0x5C, 0xFF,
        0x5C, 0x5C, 0x5C, 0xFF, 0x5C, 0x5C, 0x5C, 0xFF, 0x5C, 0x5C, 0x5C, 0xFF,
        0x5C, 0x5C, 0x5C, 0xFF, 0x5C, 0x5C, 0x5C, 0xFF, 0x5C, 0x5C, 0x5C, 0xFF,
        0x5C, 0x5C, 0x5C, 0xFF, 0x5C, 0x5C, 0x5C, 0xFF, 0x5C, 0x5C, 0x5C, 0xFF,
        0x5C, 0x5C, 0x5C, 0xFF, 0x5C, 0x5C, 0x5C, 0xFF, 0x5C, 0x5C, 0x5C, 0xFF,
        0x5C, 0x5C, 0x5C, 0xFF, 0x5E, 0x5E, 0x5E, 0xFF, 0x61, 0x61, 0x61, 0xFF,
        0x66, 0x66, 0x66, 0xFF, 0x6D, 0x6D, 0x6D, 0xFF, 0x74, 0x74, 0x74, 0xFF,
        0x7B, 0x7B, 0x7B, 0xFF, 0x80, 0x80, 0x80, 0xFF, 0xFF, 0xFF, 0xFF, 0x00,
        0xFF, 0xFF, 0xFF, 0x00, 0xFF, 0xFF, 0xFF, 0x00, 0xFF, 0xFF, 0xFF, 0x00,
        0xFF, 0xFF, 0xFF, 0x00, 0xFF, 0xFF, 0xFF, 0x00, 0x5A, 0x5A, 0x5A, 0xF9,
        0x5C, 0x5C, 0x5C, 0xFF, 0x5D, 0x5D, 0x5D, 0xFF, 0x5D, 0x5D, 0x5D, 0xFF,
        0x5B, 0x5B, 0x5B, 0xFF, 0x5B, 0x5B, 0x5B, 0xFF, 0x5A, 0x5A, 0x5A, 0xFF,
        0x5A, 0x5A, 0x5A, 0xFF, 0x5A, 0x5A, 0x5A, 0xFF, 0x5A, 0x5A, 0x5A, 0xFF,
        0x5A, 0x5A, 0x5A, 0xFF, 0x5A, 0x5A, 0x5A, 0xFF, 0x5A, 0x5A, 0x5A, 0xFF,
        0x5A, 0x5A, 0x5A, 0xFF, 0x5A, 0x5A, 0x5A, 0xFF, 0x5A, 0x5A, 0x5A, 0xFF,
        0x5A, 0x5A, 0x5A, 0xFF, 0x5A, 0x5A, 0x5A, 0xFF, 0x5A, 0x5A, 0x5A, 0xFF,
        0x5A, 0x5A, 0x5A, 0xFF, 0x5A, 0x5A, 0x5A, 0xFF, 0x5A, 0x5A, 0x5A, 0xFF,
        0x5A, 0x5A, 0x5A, 0xFF, 0x5A, 0x5A, 0x5A, 0xFF, 0x5A, 0x5A, 0x5A, 0xFF,
        0x5A, 0x5A, 0x5A, 0xFF, 0x5A, 0x5A, 0x5A, 0xFF, 0x5A, 0x5A, 0x5A, 0xFF,
        0x5A, 0x5A, 0x5A, 0xFF, 0x5A, 0x5A, 0x5A, 0xFF, 0x5A, 0x5A, 0x5A, 0xFF,
        0x5A, 0x5A, 0x5A, 0xFF, 0x5A, 0x5A, 0x5A, 0xFF, 0x5A, 0x5A, 0x5A, 0xFF,
        0x5A, 0x5A, 0x5A, 0xFF, 0x5A, 0x5A, 0x5A, 0xFF, 0x5A, 0x5A, 0x5A, 0xFF,
        0x5A, 0x5A, 0x5A, 0xFF, 0x5A, 0x5A, 0x5A, 0xFF, 0x5A, 0x5A, 0x5A, 0xFF,
        0x5A, 0x5A, 0x5A, 0xFF, 0x5A, 0x5A, 0x5A, 0xFF, 0x5A, 0x5A, 0x5A, 0xFF,
        0x5A, 0x5A, 0x5A, 0xFF, 0x5A, 0x5A, 0x5A, 0xFF, 0x5A, 0x5A, 0x5A, 0xFF,
        0x5A, 0x5A, 0x5A, 0xFF, 0x5A, 0x5A, 0x5A, 0xFF, 0x5A, 0x5A, 0x5A, 0xFF,
        0x5A, 0x5A, 0x5A, 0xFF, 0x5A, 0x5A, 0x5A, 0xFF, 0x5A, 0x5A, 0x5A, 0xFF,
        0x5B, 0x5B, 0x5B, 0xFF, 0x5B, 0x5B, 0x5B, 0xFF, 0x5D, 0x5D, 0x5D, 0xFF,
        0x5D, 0x5D, 0x5D, 0xFF, 0x5C, 0x5C, 0x5C, 0xFF, 0x5A, 0x5A, 0x5A, 0xF9,
        0xFF, 0xFF, 0xFF, 0x00, 0xFF, 0xFF, 0xFF, 0x00, 0xFF, 0xFF, 0xFF, 0x00,
        0xFF, 0xFF, 0xFF, 0x00, 0xFF, 0xFF, 0xFF, 0x00, 0xFF, 0xFF, 0xFF, 0x00,
        0x7E, 0x7E, 0x7E, 0xF9, 0x79, 0x79, 0x79, 0xFF, 0x72, 0x72, 0x72, 0xFF,
        0x6B, 0x6B, 0x6B, 0xFF, 0x65, 0x65, 0x65, 0xFF, 0x60, 0x60, 0x60, 0xFF,
        0x5D, 0x5D, 0x5D, 0xFF, 0x5B, 0x5B, 0x5B, 0xFF, 0x5A, 0x5A, 0x5A, 0xFF,
        0x5A, 0x5A, 0x5A, 0xFF, 0x5A, 0x5A, 0x5A, 0xFF, 0x5A, 0x5A, 0x5A, 0xFF,
        0x5A, 0x5A, 0x5A, 0xFF, 0x5A, 0x5A, 0x5A, 0xFF, 0x5A, 0x5A, 0x5A, 0xFF,
        0x5A, 0x5A, 0x5A, 0xFF, 0x5A, 0x5A, 0x5A, 0xFF, 0x5A, 0x5A, 0x5A, 0xFF,
        0x5A, 0x5A, 0x5A, 0xFF, 0x5A, 0x5A, 0x5A, 0xFF, 0x5A, 0x5A, 0x5A, 0xFF,
        0x5A, 0x5A, 0x5A, 0xFF, 0x5A, 0x5A, 0x5A, 0xFF, 0x5A, 0x5A, 0x5A, 0xFF,
        0x5A, 0x5A, 0x5A, 0xFF, 0x5A, 0x5A, 0x5A, 0xFF, 0x5A, 0x5A, 0x5A, 0xFF,
        0x5A, 0x5A, 0x5A, 0xFF, 0x5A, 0x5A, 0x5A, 0xFF, 0x5A, 0x5A, 0x5A, 0xFF,
        0x5A, 0x5A, 0x5A, 0xFF, 0x5A, 0x5A, 0x5A, 0xFF, 0x5A, 0x5A, 0x5A, 0xFF,
        0x5A, 0x5A, 0x5A, 0xFF, 0x5A, 0x5A, 0x5A, 0xFF, 0x5A, 0x5A, 0x5A, 0xFF,
        0x5A, 0x5A, 0x5A, 0xFF, 0x5A, 0x5A, 0x5A, 0xFF, 0x5A, 0x5A, 0x5A, 0xFF,
        0x5A, 0x5A, 0x5A, 0xFF, 0x5A, 0x5A, 0x5A, 0xFF, 0x5A, 0x5A, 0x5A, 0xFF,
        0x5A, 0x5A, 0x5A, 0xFF, 0x5A, 0x5A, 0x5A, 0xFF, 0x5A, 0x5A, 0x5A, 0xFF,
        0x5A, 0x5A, 0x5A, 0xFF, 0x5A, 0x5A, 0x5A, 0xFF, 0x5A, 0x5A, 0x5A, 0xFF,
        0x5A, 0x5A, 0x5A, 0xFF, 0x5A, 0x5A, 0x5A, 0xFF, 0x5B, 0x5B, 0x5B, 0xFF,
        0x5D, 0x5D, 0x5D, 0xFF, 0x60, 0x60, 0x60, 0xFF, 0x65, 0x65, 0x65, 0xFF,
        0x6B, 0x6B, 0x6B, 0xFF, 0x73, 0x73, 0x73, 0xFF, 0x79, 0x79, 0x79, 0xFF,
        0x7E, 0x7E, 0x7E, 0xF9, 0xFF, 0xFF, 0xFF, 0x00, 0xFF, 0xFF, 0xFF, 0x00,
        0xFF, 0xFF, 0xFF, 0x00, 0xFF, 0xFF, 0xFF, 0x00, 0xFF, 0xFF, 0xFF, 0x00,
        0xFF, 0xFF, 0xFF, 0x00, 0x55, 0x55, 0x55, 0xE6, 0x58, 0x58, 0x58, 0xFF,
        0x5A, 0x5A, 0x5A, 0xFF, 0x5B, 0x5B, 0x5B, 0xFF, 0x59, 0x59, 0x59, 0xFF,
        0x59, 0x59, 0x59, 0xFF, 0x58, 0x58, 0x58, 0xFF, 0x58, 0x58, 0x58, 0xFF,
        0x58, 0x58, 0x58, 0xFF, 0x58, 0x58, 0x58, 0xFF, 0x58, 0x58, 0x58, 0xFF,
        0x58, 0x58, 0x58, 0xFF, 0x58, 0x58, 0x58, 0xFF, 0x58, 0x58, 0x58, 0xFF,
        0x58, 0x58, 0x58, 0xFF, 0x58, 0x58, 0x58, 0xFF, 0x58, 0x58, 0x58, 0xFF,
        0x58, 0x58, 0x58, 0xFF, 0x58, 0x58, 0x58, 0xFF, 0x58, 0x58, 0x58, 0xFF,
        0x58, 0x58, 0x58, 0xFF, 0x58, 0x58, 0x58, 0xFF, 0x58, 0x58, 0x58, 0xFF,
        0x58, 0x58, 0x58, 0xFF, 0x58, 0x58, 0x58, 0xFF, 0x58, 0x58, 0x58, 0xFF,
        0x58, 0x58, 0x58, 0xFF, 0x58, 0x58, 0x58, 0xFF, 0x58, 0x58, 0x58, 0xFF,
        0x58, 0x58, 0x58, 0xFF, 0x58, 0x58, 0x58, 0xFF, 0x58, 0x58, 0x58, 0xFF,
        0x58, 0x58, 0x58, 0xFF, 0x58, 0x58, 0x58, 0xFF, 0x58, 0x58, 0x58, 0xFF,
        0x58, 0x58, 0x58, 0xFF, 0x58, 0x58, 0x58, 0xFF, 0x58, 0x58, 0x58, 0xFF,
        0x58, 0x58, 0x58, 0xFF, 0x58, 0x58, 0x58, 0xFF, 0x58, 0x58, 0x58, 0xFF,
        0x58, 0x58, 0x58, 0xFF, 0x58, 0x58, 0x58, 0xFF, 0x58, 0x58, 0x58, 0xFF,
        0x58, 0x58, 0x58, 0xFF, 0x58, 0x58, 0x58, 0xFF, 0x58, 0x58, 0x58, 0xFF,
        0x58, 0x58, 0x58, 0xFF, 0x58, 0x58, 0x58, 0xFF, 0x58, 0x58, 0x58, 0xFF,
        0x58, 0x58, 0x58, 0xFF, 0x58, 0x58, 0x58, 0xFF, 0x59, 0x59, 0x59, 0xFF,
        0x59, 0x59, 0x59, 0xFF, 0x5B, 0x5B, 0x5B, 0xFF, 0x5A, 0x5A, 0x5A, 0xFF,
        0x58, 0x58, 0x58, 0xFF, 0x56, 0x56, 0x56, 0xE6, 0xFF, 0xFF, 0xFF, 0x00,
        0xFF, 0xFF, 0xFF, 0x00, 0xFF, 0xFF, 0xFF, 0x00, 0xFF, 0xFF, 0xFF, 0x00,
        0xFF, 0xFF, 0xFF, 0x00, 0xFF, 0xFF, 0xFF, 0x00, 0x7A, 0x7A, 0x7A, 0xE6,
        0x76, 0x76, 0x76, 0xFF, 0x71, 0x71, 0x71, 0xFF, 0x6C, 0x6C, 0x6C, 0xFF,
        0x64, 0x64, 0x64, 0xFF, 0x5F, 0x5F, 0x5F, 0xFF, 0x5B, 0x5B, 0x5B, 0xFF,
        0x59, 0x59, 0x59, 0xFF, 0x58, 0x58, 0x58, 0xFF, 0x58, 0x58, 0x58, 0xFF,
        0x58, 0x58, 0x58, 0xFF, 0x58, 0x58, 0x58, 0xFF, 0x58, 0x58, 0x58, 0xFF,
        0x58, 0x58, 0x58, 0xFF, 0x58, 0x58, 0x58, 0xFF, 0x58, 0x58, 0x58, 0xFF,
        0x58, 0x58, 0x58, 0xFF, 0x58, 0x58, 0x58, 0xFF, 0x58, 0x58, 0x58, 0xFF,
        0x58, 0x58, 0x58, 0xFF, 0x58, 0x58, 0x58, 0xFF, 0x58, 0x58, 0x58, 0xFF,
        0x58, 0x58, 0x58, 0xFF, 0x58, 0x58, 0x58, 0xFF, 0x58, 0x58, 0x58, 0xFF,
        0x58, 0x58, 0x58, 0xFF, 0x58, 0x58, 0x58, 0xFF, 0x58, 0x58, 0x58, 0xFF,
        0x58, 0x58, 0x58, 0xFF, 0x58, 0x58, 0x58, 0xFF, 0x58, 0x58, 0x58, 0xFF,
        0x58, 0x58, 0x58, 0xFF, 0x58, 0x58, 0x58, 0xFF, 0x58, 0x58, 0x58, 0xFF,
        0x58, 0x58, 0x58, 0xFF, 0x58, 0x58, 0x58, 0xFF, 0x58, 0x58, 0x58, 0xFF,
        0x58, 0x58, 0x58, 0xFF, 0x58, 0x58, 0x58, 0xFF, 0x58, 0x58, 0x58, 0xFF,
        0x58, 0x58, 0x58, 0xFF, 0x58, 0x58, 0x58, 0xFF, 0x58, 0x58, 0x58, 0xFF,
        0x58, 0x58, 0x58, 0xFF, 0x58, 0x58, 0x58, 0xFF, 0x58, 0x58, 0x58, 0xFF,
        0x58, 0x58, 0x58, 0xFF, 0x58, 0x58, 0x58, 0xFF, 0x58, 0x58, 0x58, 0xFF,
        0x58, 0x58, 0x58, 0xFF, 0x59, 0x59, 0x59, 0xFF, 0x5B, 0x5B, 0x5B, 0xFF,
        0x5F, 0x5F, 0x5F, 0xFF, 0x64, 0x64, 0x64, 0xFF, 0x6C, 0x6C, 0x6C, 0xFF,
        0x71, 0x71, 0x71, 0xFF, 0x76, 0x76, 0x76, 0xFF, 0x7A, 0x7A, 0x7A, 0xE6,
        0xFF, 0xFF, 0xFF, 0x00, 0xFF, 0xFF, 0xFF, 0x00, 0xFF, 0xFF, 0xFF, 0x00,
        0xFF, 0xFF, 0xFF, 0x00, 0xFF, 0xFF, 0xFF, 0x00, 0xFF, 0xFF, 0xFF, 0x00,
        0x52, 0x52, 0x52, 0xBE, 0x54, 0x54, 0x54, 0xFF, 0x57, 0x57, 0x57, 0xFF,
        0x58, 0x58, 0x58, 0xFF, 0x58, 0x58, 0x58, 0xFF, 0x57, 0x57, 0x57, 0xFF,
        0x56, 0x56, 0x56, 0xFF, 0x56, 0x56, 0x56, 0xFF, 0x56, 0x56, 0x56, 0xFF,
        0x56, 0x56, 0x56, 0xFF, 0x56, 0x56, 0x56, 0xFF, 0x56, 0x56, 0x56, 0xFF,
        0x56, 0x56, 0x56, 0xFF, 0x56, 0x56, 0x56, 0xFF, 0x56, 0x56, 0x56, 0xFF,
        0x56, 0x56, 0x56, 0xFF, 0x56, 0x56, 0x56, 0xFF, 0x56, 0x56, 0x56, 0xFF,
        0x56, 0x56, 0x56, 0xFF, 0x56, 0x56, 0x56, 0xFF, 0x56, 0x56, 0x56, 0xFF,
        0x56, 0x56, 0x56, 0xFF, 0x56, 0x56, 0x56, 0xFF, 0x56, 0x56, 0x56, 0xFF,
        0x56, 0x56, 0x56, 0xFF, 0x56, 0x56, 0x56, 0xFF, 0x56, 0x56, 0x56, 0xFF,
        0x56, 0x56, 0x56, 0xFF, 0x56, 0x56, 0x56, 0xFF, 0x56, 0x56, 0x56, 0xFF,
        0x56, 0x56, 0x56, 0xFF, 0x56, 0x56, 0x56, 0xFF, 0x56, 0x56, 0x56, 0xFF,
        0x56, 0x56, 0x56, 0xFF, 0x56, 0x56, 0x56, 0xFF, 0x56, 0x56, 0x56, 0xFF,
        0x56, 0x56, 0x56, 0xFF, 0x56, 0x56, 0x56, 0xFF, 0x56, 0x56, 0x56, 0xFF,
        0x56, 0x56, 0x56, 0xFF, 0x56, 0x56, 0x56, 0xFF, 0x56, 0x56, 0x56, 0xFF,
        0x56, 0x56, 0x56, 0xFF, 0x56, 0x56, 0x56, 0xFF, 0x56, 0x56, 0x56, 0xFF,
        0x56, 0x56, 0x56, 0xFF, 0x56, 0x56, 0x56, 0xFF, 0x56, 0x56, 0x56, 0xFF,
        0x56, 0x56, 0x56, 0xFF, 0x56, 0x56, 0x56, 0xFF, 0x56, 0x56, 0x56, 0xFF,
        0x56, 0x56, 0x56, 0xFF, 0x57, 0x57, 0x57, 0xFF, 0x58, 0x58, 0x58, 0xFF,
        0x58, 0x58, 0x58, 0xFF, 0x57, 0x57, 0x57, 0xFF, 0x54, 0x54, 0x54, 0xFF,
        0x52, 0x52, 0x52, 0xBF, 0xFF, 0xFF, 0xFF, 0x00, 0xFF, 0xFF, 0xFF, 0x00,
        0xFF, 0xFF, 0xFF, 0x00, 0xFF, 0xFF, 0xFF, 0x00, 0xFF, 0xFF, 0xFF, 0x00,
        0xFF, 0xFF, 0xFF, 0x00, 0x76, 0x76, 0x76, 0xBE, 0x73, 0x73, 0x73, 0xFF,
        0x6F, 0x6F, 0x6F, 0xFF, 0x6B, 0x6B, 0x6B, 0xFF, 0x64, 0x64, 0x64, 0xFF,
        0x5F, 0x5F, 0x5F, 0xFF, 0x5A, 0x5A, 0x5A, 0xFF, 0x57, 0x57, 0x57, 0xFF,
        0x57, 0x57, 0x57, 0xFF, 0x56, 0x56, 0x56, 0xFF, 0x56, 0x56, 0x56, 0xFF,
        0x56, 0x56, 0x56, 0xFF, 0x56, 0x56, 0x56, 0xFF, 0x56, 0x56, 0x56, 0xFF,
        0x56, 0x56, 0x56, 0xFF, 0x56, 0x56, 0x56, 0xFF, 0x56, 0x56, 0x56, 0xFF,
        0x56, 0x56, 0x56, 0xFF, 0x56, 0x56, 0x56, 0xFF, 0x56, 0x56, 0x56, 0xFF,
        0x56, 0x56, 0x56, 0xFF, 0x56, 0x56, 0x56, 0xFF, 0x56, 0x56, 0x56, 0xFF,
        0x56, 0x56, 0x56, 0xFF, 0x56, 0x56, 0x56, 0xFF, 0x56, 0x56, 0x56, 0xFF,
        0x56, 0x56, 0x56, 0xFF, 0x56, 0x56, 0x56, 0xFF, 0x56, 0x56, 0x56, 0xFF,
        0x56, 0x56, 0x56, 0xFF, 0x56, 0x56, 0x56, 0xFF, 0x56, 0x56, 0x56, 0xFF,
        0x56, 0x56, 0x56, 0xFF, 0x56, 0x56, 0x56, 0xFF, 0x56, 0x56, 0x56, 0xFF,
        0x56, 0x56, 0x56, 0xFF, 0x56, 0x56, 0x56, 0xFF, 0x56, 0x56, 0x56, 0xFF,
        0x56, 0x56, 0x56, 0xFF, 0x56, 0x56, 0x56, 0xFF, 0x56, 0x56, 0x56, 0xFF,
        0x56, 0x56, 0x56, 0xFF, 0x56, 0x56, 0x56, 0xFF, 0x56, 0x56, 0x56, 0xFF,
        0x56, 0x56, 0x56, 0xFF, 0x56, 0x56, 0x56, 0xFF, 0x56, 0x56, 0x56, 0xFF,
        0x56, 0x56, 0x56, 0xFF, 0x56, 0x56, 0x56, 0xFF, 0x57, 0x57, 0x57, 0xFF,
        0x57, 0x57, 0x57, 0xFF, 0x5A, 0x5A, 0x5A, 0xFF, 0x5F, 0x5F, 0x5F, 0xFF,
        0x64, 0x64, 0x64, 0xFF, 0x6B, 0x6B, 0x6B, 0xFF, 0x6F, 0x6F, 0x6F, 0xFF,
        0x73, 0x73, 0x73, 0xFF, 0x76, 0x76, 0x76, 0xBF, 0xFF, 0xFF, 0xFF, 0x00,
        0xFF, 0xFF, 0xFF, 0x00, 0xFF, 0xFF, 0xFF, 0x00, 0xFF, 0xFF, 0xFF, 0x00,
        0xFF, 0xFF, 0xFF, 0x00, 0xFF, 0xFF, 0xFF, 0x00, 0x4D, 0x4D, 0x4D, 0x81,
        0x4E, 0x4E, 0x4E, 0xFF, 0x53, 0x53, 0x53, 0xFF, 0x56, 0x56, 0x56, 0xFF,
        0x56, 0x56, 0x56, 0xFF, 0x55, 0x55, 0x55, 0xFF, 0x55, 0x55, 0x55, 0xFF,
        0x54, 0x54, 0x54, 0xFF, 0x54, 0x54, 0x54, 0xFF, 0x54, 0x54, 0x54, 0xFF,
        0x54, 0x54, 0x54, 0xFF, 0x54, 0x54, 0x54, 0xFF, 0x54, 0x54, 0x54, 0xFF,
        0x54, 0x54, 0x54, 0xFF, 0x54, 0x54, 0x54, 0xFF, 0x54, 0x54, 0x54, 0xFF,
        0x54, 0x54, 0x54, 0xFF, 0x54, 0x54, 0x54, 0xFF, 0x54, 0x54, 0x54, 0xFF,
        0x54, 0x54, 0x54, 0xFF, 0x54, 0x54, 0x54, 0xFF, 0x54, 0x54, 0x54, 0xFF,
        0x54, 0x54, 0x54, 0xFF, 0x54, 0x54, 0x54, 0xFF, 0x54, 0x54, 0x54, 0xFF,
        0x54, 0x54, 0x54, 0xFF, 0x54, 0x54, 0x54, 0xFF, 0x54, 0x54, 0x54, 0xFF,
        0x54, 0x54, 0x54, 0xFF, 0x54, 0x54, 0x54, 0xFF, 0x54, 0x54, 0x54, 0xFF,
        0x54, 0x54, 0x54, 0xFF, 0x54, 0x54, 0x54, 0xFF, 0x54, 0x54, 0x54, 0xFF,
        0x54, 0x54, 0x54, 0xFF, 0x54, 0x54, 0x54, 0xFF, 0x54, 0x54, 0x54, 0xFF,
        0x54, 0x54, 0x54, 0xFF, 0x54, 0x54, 0x54, 0xFF, 0x54, 0x54, 0x54, 0xFF,
        0x54, 0x54, 0x54, 0xFF, 0x54, 0x54, 0x54, 0xFF, 0x54, 0x54, 0x54, 0xFF,
        0x54, 0x54, 0x54, 0xFF, 0x54, 0x54, 0x54, 0xFF, 0x54, 0x54, 0x54, 0xFF,
        0x54, 0x54, 0x54, 0xFF, 0x54, 0x54, 0x54, 0xFF, 0x54, 0x54, 0x54, 0xFF,
        0x54, 0x54, 0x54, 0xFF, 0x54, 0x54, 0x54, 0xFF, 0x55, 0x55, 0x55, 0xFF,
        0x55, 0x55, 0x55, 0xFF, 0x56, 0x56, 0x56, 0xFF, 0x56, 0x56, 0x56, 0xFF,
        0x53, 0x53, 0x53, 0xFF, 0x4E, 0x4E, 0x4E, 0xFF, 0x4D, 0x4D, 0x4D, 0x82,
        0xFF, 0xFF, 0xFF, 0x00, 0xFF, 0xFF, 0xFF, 0x00, 0xFF, 0xFF, 0xFF, 0x00,
        0xFF, 0xFF, 0xFF, 0x00, 0xFF, 0xFF, 0xFF, 0x00, 0xFF, 0xFF, 0xFF, 0x00,
        0x71, 0x71, 0x71, 0x81, 0x70, 0x70, 0x70, 0xFF, 0x6F, 0x6F, 0x6F, 0xFF,
        0x6C, 0x6C, 0x6C, 0xFF, 0x66, 0x66, 0x66, 0xFF, 0x60, 0x60, 0x60, 0xFF,
        0x5B, 0x5B, 0x5B, 0xFF, 0x58, 0x58, 0x58, 0xFF, 0x56, 0x56, 0x56, 0xFF,
        0x56, 0x56, 0x56, 0xFF, 0x55, 0x55, 0x55, 0xFF, 0x55, 0x55, 0x55, 0xFF,
        0x55, 0x55, 0x55, 0xFF, 0x55, 0x55, 0x55, 0xFF, 0x55, 0x55, 0x55, 0xFF,
        0x55, 0x55, 0x55, 0xFF, 0x55, 0x55, 0x55, 0xFF, 0x55, 0x55, 0x55, 0xFF,
        0x55, 0x55, 0x55, 0xFF, 0x55, 0x55, 0x55, 0xFF, 0x55, 0x55, 0x55, 0xFF,
        0x55, 0x55, 0x55, 0xFF, 0x55, 0x55, 0x55, 0xFF, 0x55, 0x55, 0x55, 0xFF,
        0x55, 0x55, 0x55, 0xFF, 0x55, 0x55, 0x55, 0xFF, 0x55, 0x55, 0x55, 0xFF,
        0x55, 0x55, 0x55, 0xFF, 0x55, 0x55, 0x55, 0xFF, 0x55, 0x55, 0x55, 0xFF,
        0x55, 0x55, 0x55, 0xFF, 0x55, 0x55, 0x55, 0xFF, 0x55, 0x55, 0x55, 0xFF,
        0x55, 0x55, 0x55, 0xFF, 0x55, 0x55, 0x55, 0xFF, 0x55, 0x55, 0x55, 0xFF,
        0x55, 0x55, 0x55, 0xFF, 0x55, 0x55, 0x55, 0xFF, 0x55, 0x55, 0x55, 0xFF,
        0x55, 0x55, 0x55, 0xFF, 0x55, 0x55, 0x55, 0xFF, 0x55, 0x55, 0x55, 0xFF,
        0x55, 0x55, 0x55, 0xFF, 0x55, 0x55, 0x55, 0xFF, 0x55, 0x55, 0x55, 0xFF,
        0x55, 0x55, 0x55, 0xFF, 0x55, 0x55, 0x55, 0xFF, 0x55, 0x55, 0x55, 0xFF,
        0x56, 0x56, 0x56, 0xFF, 0x56, 0x56, 0x56, 0xFF, 0x58, 0x58, 0x58, 0xFF,
        0x5B, 0x5B, 0x5B, 0xFF, 0x60, 0x60, 0x60, 0xFF, 0x66, 0x66, 0x66, 0xFF,
        0x6C, 0x6C, 0x6C, 0xFF, 0x6F, 0x6F, 0x6F, 0xFF, 0x70, 0x70, 0x70, 0xFF,
        0x71, 0x71, 0x71, 0x82, 0xFF, 0xFF, 0xFF, 0x00, 0xFF, 0xFF, 0xFF, 0x00,
        0xFF, 0xFF, 0xFF, 0x00, 0xFF, 0xFF, 0xFF, 0x00, 0xFF, 0xFF, 0xFF, 0x00,
        0xFF, 0xFF, 0xFF, 0x00, 0x4A, 0x4A, 0x4A, 0x2F, 0x49, 0x49, 0x49, 0xFF,
        0x4E, 0x4E, 0x4E, 0xFF, 0x53, 0x53, 0x53, 0xFF, 0x54, 0x54, 0x54, 0xFF,
        0x53, 0x53, 0x53, 0xFF, 0x53, 0x53, 0x53, 0xFF, 0x53, 0x53, 0x53, 0xFF,
        0x52, 0x52, 0x52, 0xFF, 0x52, 0x52, 0x52, 0xFF, 0x52, 0x52, 0x52, 0xFF,
        0x52, 0x52, 0x52, 0xFF, 0x52, 0x52, 0x52, 0xFF, 0x52, 0x52, 0x52, 0xFF,
        0x52, 0x52, 0x52, 0xFF, 0x52, 0x52, 0x52, 0xFF, 0x52, 0x52, 0x52, 0xFF,
        0x52, 0x52, 0x52, 0xFF, 0x52, 0x52, 0x52, 0xFF, 0x52, 0x52, 0x52, 0xFF,
        0x52, 0x52, 0x52, 0xFF, 0x52, 0x52, 0x52, 0xFF, 0x52, 0x52, 0x52, 0xFF,
        0x52, 0x52, 0x52, 0xFF, 0x52, 0x52, 0x52, 0xFF, 0x52, 0x52, 0x52, 0xFF,
        0x52, 0x52, 0x52, 0xFF, 0x52, 0x52, 0x52, 0xFF, 0x52, 0x52, 0x52, 0xFF,
        0x52, 0x52, 0x52, 0xFF, 0x52, 0x52, 0x52, 0xFF, 0x52, 0x52, 0x52, 0xFF,
        0x52, 0x52, 0x52, 0xFF, 0x52, 0x52, 0x52, 0xFF, 0x52, 0x52, 0x52, 0xFF,
        0x52, 0x52, 0x52, 0xFF, 0x52, 0x52, 0x52, 0xFF, 0x52, 0x52, 0x52, 0xFF,
        0x52, 0x52, 0x52, 0xFF, 0x52, 0x52, 0x52, 0xFF, 0x52, 0x52, 0x52, 0xFF,
        0x52, 0x52, 0x52, 0xFF, 0x52, 0x52, 0x52, 0xFF, 0x52, 0x52, 0x52, 0xFF,
        0x52, 0x52, 0x52, 0xFF, 0x52, 0x52, 0x52, 0xFF, 0x52, 0x52, 0x52, 0xFF,
        0x52, 0x52, 0x52, 0xFF, 0x52, 0x52, 0x52, 0xFF, 0x52, 0x52, 0x52, 0xFF,
        0x53, 0x53, 0x53, 0xFF, 0x53, 0x53, 0x53, 0xFF, 0x53, 0x53, 0x53, 0xFF,
        0x54, 0x54, 0x54, 0xFF, 0x53, 0x53, 0x53, 0xFF, 0x4E, 0x4E, 0x4E, 0xFF,
        0x49, 0x49, 0x49, 0xFF, 0x4A, 0x4A, 0x4A, 0x2F, 0xFF, 0xFF, 0xFF, 0x00,
        0xFF, 0xFF, 0xFF, 0x00, 0xFF, 0xFF, 0xFF, 0x00, 0xFF, 0xFF, 0xFF, 0x00,
        0xFF, 0xFF, 0xFF, 0x00, 0xFF, 0xFF, 0xFF, 0x00, 0x6D, 0x6D, 0x6D, 0x2F,
        0x6B, 0x6B, 0x6B, 0xFF, 0x6B, 0x6B, 0x6B, 0xFF, 0x6C, 0x6C, 0x6C, 0xFF,
        0x66, 0x66, 0x66, 0xFF, 0x60, 0x60, 0x60, 0xFF, 0x5B, 0x5B, 0x5B, 0xFF,
        0x58, 0x58, 0x58, 0xFF, 0x56, 0x56, 0x56, 0xFF, 0x54, 0x54, 0x54, 0xFF,
        0x54, 0x54, 0x54, 0xFF, 0x53, 0x53, 0x53, 0xFF, 0x53, 0x53, 0x53, 0xFF,
        0x53, 0x53, 0x53, 0xFF, 0x53, 0x53, 0x53, 0xFF, 0x53, 0x53, 0x53, 0xFF,
        0x53, 0x53, 0x53, 0xFF, 0x53, 0x53, 0x53, 0xFF, 0x53, 0x53, 0x53, 0xFF,
        0x53, 0x53, 0x53, 0xFF, 0x53, 0x53, 0x53, 0xFF, 0x53, 0x53, 0x53, 0xFF,
        0x53, 0x53, 0x53, 0xFF, 0x53, 0x53, 0x53, 0xFF, 0x53, 0x53, 0x53, 0xFF,
        0x53, 0x53, 0x53, 0xFF, 0x53, 0x53, 0x53, 0xFF, 0x53, 0x53, 0x53, 0xFF,
        0x53, 0x53, 0x53, 0xFF, 0x53, 0x53, 0x53, 0xFF, 0x53, 0x53, 0x53, 0xFF,
        0x53, 0x53, 0x53, 0xFF, 0x53, 0x53, 0x53, 0xFF, 0x53, 0x53, 0x53, 0xFF,
        0x53, 0x53, 0x53, 0xFF, 0x53, 0x53, 0x53, 0xFF, 0x53, 0x53, 0x53, 0xFF,
        0x53, 0x53, 0x53, 0xFF, 0x53, 0x53, 0x53, 0xFF, 0x53, 0x53, 0x53, 0xFF,
        0x53, 0x53, 0x53, 0xFF, 0x53, 0x53, 0x53, 0xFF, 0x53, 0x53, 0x53, 0xFF,
        0x53, 0x53, 0x53, 0xFF, 0x53, 0x53, 0x53, 0xFF, 0x53, 0x53, 0x53, 0xFF,
        0x53, 0x53, 0x53, 0xFF, 0x54, 0x54, 0x54, 0xFF, 0x54, 0x54, 0x54, 0xFF,
        0x56, 0x56, 0x56, 0xFF, 0x58, 0x58, 0x58, 0xFF, 0x5B, 0x5B, 0x5B, 0xFF,
        0x60, 0x60, 0x60, 0xFF, 0x66, 0x66, 0x66, 0xFF, 0x6C, 0x6C, 0x6C, 0xFF,
        0x6B, 0x6B, 0x6B, 0xFF, 0x6B, 0x6B, 0x6B, 0xFF, 0x6D, 0x6D, 0x6D, 0x2F,
        0xFF, 0xFF, 0xFF, 0x00, 0xFF, 0xFF, 0xFF, 0x00, 0xFF, 0xFF, 0xFF, 0x00,
        0xFF, 0xFF, 0xFF, 0x00, 0xFF, 0xFF, 0xFF, 0x00, 0xFF, 0xFF, 0xFF, 0x00,
        0xFF, 0xFF, 0xFF, 0x00, 0x44, 0x44, 0x44, 0xC3, 0x48, 0x48, 0x48, 0xFF,
        0x4E, 0x4E, 0x4E, 0xFF, 0x52, 0x52, 0x52, 0xFF, 0x53, 0x53, 0x53, 0xFF,
        0x52, 0x52, 0x52, 0xFF, 0x52, 0x52, 0x52, 0xFF, 0x52, 0x52, 0x52, 0xFF,
        0x51, 0x51, 0x51, 0xFF, 0x51, 0x51, 0x51, 0xFF, 0x51, 0x51, 0x51, 0xFF,
        0x51, 0x51, 0x51, 0xFF, 0x51, 0x51, 0x51, 0xFF, 0x51, 0x51, 0x51, 0xFF,
        0x51, 0x51, 0x51, 0xFF, 0x51, 0x51, 0x51, 0xFF, 0x51, 0x51, 0x51, 0xFF,
        0x51, 0x51, 0x51, 0xFF, 0x51, 0x51, 0x51, 0xFF, 0x51, 0x51, 0x51, 0xFF,
        0x51, 0x51, 0x51, 0xFF, 0x51, 0x51, 0x51, 0xFF, 0x51, 0x51, 0x51, 0xFF,
        0x51, 0x51, 0x51, 0xFF, 0x51, 0x51, 0x51, 0xFF, 0x51, 0x51, 0x51, 0xFF,
        0x51, 0x51, 0x51, 0xFF, 0x51, 0x51, 0x51, 0xFF, 0x51, 0x51, 0x51, 0xFF,
        0x51, 0x51, 0x51, 0xFF, 0x51, 0x51, 0x51, 0xFF, 0x51, 0x51, 0x51, 0xFF,
        0x51, 0x51, 0x51, 0xFF, 0x51, 0x51, 0x51, 0xFF, 0x51, 0x51, 0x51, 0xFF,
        0x51, 0x51, 0x51, 0xFF, 0x51, 0x51, 0x51, 0xFF, 0x51, 0x51, 0x51, 0xFF,
        0x51, 0x51, 0x51, 0xFF, 0x51, 0x51, 0x51, 0xFF, 0x51, 0x51, 0x51, 0xFF,
        0x51, 0x51, 0x51, 0xFF, 0x51, 0x51, 0x51, 0xFF, 0x51, 0x51, 0x51, 0xFF,
        0x51, 0x51, 0x51, 0xFF, 0x51, 0x51, 0x51, 0xFF, 0x51, 0x51, 0x51, 0xFF,
        0x51, 0x51, 0x51, 0xFF, 0x52, 0x52, 0x52, 0xFF, 0x52, 0x52, 0x52, 0xFF,
        0x52, 0x52, 0x52, 0xFF, 0x53, 0x53, 0x53, 0xFF, 0x52, 0x52, 0x52, 0xFF,
        0x4E, 0x4E, 0x4E, 0xFF, 0x48, 0x48, 0x48, 0xFF, 0x44, 0x44, 0x44, 0xC3,
        0xFF, 0xFF, 0xFF, 0x00, 0xFF, 0xFF, 0xFF, 0x00, 0xFF, 0xFF, 0xFF, 0x00,
        0xFF, 0xFF, 0xFF, 0x00, 0xFF, 0xFF, 0xFF, 0x00, 0xFF, 0xFF, 0xFF, 0x00,
        0xFF, 0xFF, 0xFF, 0x00, 0xFF, 0xFF, 0xFF, 0x00, 0x66, 0x66, 0x66, 0xC3,
        0x66, 0x66, 0x66, 0xFF, 0x69, 0x69, 0x69, 0xFF, 0x67, 0x67, 0x67, 0xFF,
        0x63, 0x63, 0x63, 0xFF, 0x5D, 0x5D, 0x5D, 0xFF, 0x59, 0x59, 0x59, 0xFF,
        0x56, 0x56, 0x56, 0xFF, 0x54, 0x54, 0x54, 0xFF, 0x52, 0x52, 0x52, 0xFF,
        0x52, 0x52, 0x52, 0xFF, 0x52, 0x52, 0x52, 0xFF, 0x52, 0x52, 0x52, 0xFF,
        0x51, 0x51, 0x51, 0xFF, 0x51, 0x51, 0x51, 0xFF, 0x51, 0x51, 0x51, 0xFF,
        0x51, 0x51, 0x51, 0xFF, 0x51, 0x51, 0x51, 0xFF, 0x51, 0x51, 0x51, 0xFF,
        0x51, 0x51, 0x51, 0xFF, 0x51, 0x51, 0x51, 0xFF, 0x51, 0x51, 0x51, 0xFF,
        0x51, 0x51, 0x51, 0xFF, 0x51, 0x51, 0x51, 0xFF, 0x51, 0x51, 0x51, 0xFF,
        0x51, 0x51, 0x51, 0xFF, 0x51, 0x51, 0x51, 0xFF, 0x51, 0x51, 0x51, 0xFF,
        0x51, 0x51, 0x51, 0xFF, 0x51, 0x51, 0x51, 0xFF, 0x51, 0x51, 0x51, 0xFF,
        0x51, 0x51, 0x51, 0xFF, 0x51, 0x51, 0x51, 0xFF, 0x51, 0x51, 0x51, 0xFF,
        0x51, 0x51, 0x51, 0xFF, 0x51, 0x51, 0x51, 0xFF, 0x51, 0x51, 0x51, 0xFF,
        0x51, 0x51, 0x51, 0xFF, 0x51, 0x51, 0x51, 0xFF, 0x51, 0x51, 0x51, 0xFF,
        0x51, 0x51, 0x51, 0xFF, 0x51, 0x51, 0x51, 0xFF, 0x51, 0x51, 0x51, 0xFF,
        0x52, 0x52, 0x52, 0xFF, 0x52, 0x52, 0x52, 0xFF, 0x52, 0x52, 0x52, 0xFF,
        0x52, 0x52, 0x52, 0xFF, 0x54, 0x54, 0x54, 0xFF, 0x56, 0x56, 0x56, 0xFF,
        0x59, 0x59, 0x59, 0xFF, 0x5D, 0x5D, 0x5D, 0xFF, 0x63, 0x63, 0x63, 0xFF,
        0x67, 0x67, 0x67, 0xFF, 0x69, 0x69, 0x69, 0xFF, 0x66, 0x66, 0x66, 0xFF,
        0x66, 0x66, 0x66, 0xC3, 0xFF, 0xFF, 0xFF, 0x00, 0xFF, 0xFF, 0xFF, 0x00,
        0xFF, 0xFF, 0xFF, 0x00, 0xFF, 0xFF, 0xFF, 0x00, 0xFF, 0xFF, 0xFF, 0x00,
        0xFF, 0xFF, 0xFF, 0x00, 0xFF, 0xFF, 0xFF, 0x00, 0xFF, 0xFF, 0xFF, 0x00,
        0x41, 0x41, 0x41, 0x3F, 0x40, 0x40, 0x40, 0xFE, 0x47, 0x47, 0x47, 0xFF,
        0x4E, 0x4E, 0x4E, 0xFF, 0x50, 0x50, 0x50, 0xFF, 0x51, 0x51, 0x51, 0xFF,
        0x50, 0x50, 0x50, 0xFF, 0x50, 0x50, 0x50, 0xFF, 0x50, 0x50, 0x50, 0xFF,
        0x4F, 0x4F, 0x4F, 0xFF, 0x4F, 0x4F, 0x4F, 0xFF, 0x4F, 0x4F, 0x4F, 0xFF,
        0x4F, 0x4F, 0x4F, 0xFF, 0x4F, 0x4F, 0x4F, 0xFF, 0x4F, 0x4F, 0x4F, 0xFF,
        0x4F, 0x4F, 0x4F, 0xFF, 0x4F, 0x4F, 0x4F, 0xFF, 0x4F, 0x4F, 0x4F, 0xFF,
        0x4F, 0x4F, 0x4F, 0xFF, 0x4F, 0x4F, 0x4F, 0xFF, 0x4F, 0x4F, 0x4F, 0xFF,
        0x4F, 0x4F, 0x4F, 0xFF, 0x4F, 0x4F, 0x4F, 0xFF, 0x4F, 0x4F, 0x4F, 0xFF,
        0x4F, 0x4F, 0x4F, 0xFF, 0x4F, 0x4F, 0x4F, 0xFF, 0x4F, 0x4F, 0x4F, 0xFF,
        0x4F, 0x4F, 0x4F, 0xFF, 0x4F, 0x4F, 0x4F, 0xFF, 0x4F, 0x4F, 0x4F, 0xFF,
        0x4F, 0x4F, 0x4F, 0xFF, 0x4F, 0x4F, 0x4F, 0xFF, 0x4F, 0x4F, 0x4F, 0xFF,
        0x4F, 0x4F, 0x4F, 0xFF, 0x4F, 0x4F, 0x4F, 0xFF, 0x4F, 0x4F, 0x4F, 0xFF,
        0x4F, 0x4F, 0x4F, 0xFF, 0x4F, 0x4F, 0x4F, 0xFF, 0x4F, 0x4F, 0x4F, 0xFF,
        0x4F, 0x4F, 0x4F, 0xFF, 0x4F, 0x4F, 0x4F, 0xFF, 0x4F, 0x4F, 0x4F, 0xFF,
        0x4F, 0x4F, 0x4F, 0xFF, 0x4F, 0x4F, 0x4F, 0xFF, 0x4F, 0x4F, 0x4F, 0xFF,
        0x4F, 0x4F, 0x4F, 0xFF, 0x4F, 0x4F, 0x4F, 0xFF, 0x50, 0x50, 0x50, 0xFF,
        0x50, 0x50, 0x50, 0xFF, 0x50, 0x50, 0x50, 0xFF, 0x51, 0x51, 0x51, 0xFF,
        0x50, 0x50, 0x50, 0xFF, 0x4E, 0x4E, 0x4E, 0xFF, 0x47, 0x47, 0x47, 0xFF,
        0x40, 0x40, 0x40, 0xFE, 0x41, 0x41, 0x41, 0x40, 0xFF, 0xFF, 0xFF, 0x00,
        0xFF, 0xFF, 0xFF, 0x00, 0xFF, 0xFF, 0xFF, 0x00, 0xFF, 0xFF, 0xFF, 0x00,
        0xFF, 0xFF, 0xFF, 0x00, 0xFF, 0xFF, 0xFF, 0x00, 0xFF, 0xFF, 0xFF, 0x00,
        0xFF, 0xFF, 0xFF, 0x00, 0x61, 0x61, 0x61, 0x3F, 0x60, 0x60, 0x60, 0xFE,
        0x64, 0x64, 0x64, 0xFF, 0x67, 0x67, 0x67, 0xFF, 0x65, 0x65, 0x65, 0xFF,
        0x60, 0x60, 0x60, 0xFF, 0x5B, 0x5B, 0x5B, 0xFF, 0x57, 0x57, 0x57, 0xFF,
        0x55, 0x55, 0x55, 0xFF, 0x53, 0x53, 0x53, 0xFF, 0x52, 0x52, 0x52, 0xFF,
        0x52, 0x52, 0x52, 0xFF, 0x51, 0x51, 0x51, 0xFF, 0x51, 0x51, 0x51, 0xFF,
        0x51, 0x51, 0x51, 0xFF, 0x50, 0x50, 0x50, 0xFF, 0x50, 0x50, 0x50, 0xFF,
        0x50, 0x50, 0x50, 0xFF, 0x50, 0x50, 0x50, 0xFF, 0x50, 0x50, 0x50, 0xFF,
        0x50, 0x50, 0x50, 0xFF, 0x50, 0x50, 0x50, 0xFF, 0x50, 0x50, 0x50, 0xFF,
        0x50, 0x50, 0x50, 0xFF, 0x50, 0x50, 0x50, 0xFF, 0x50, 0x50, 0x50, 0xFF,
        0x50, 0x50, 0x50, 0xFF, 0x50, 0x50, 0x50, 0xFF, 0x50, 0x50, 0x50, 0xFF,
        0x50, 0x50, 0x50, 0xFF, 0x50, 0x50, 0x50, 0xFF, 0x50, 0x50, 0x50, 0xFF,
        0x50, 0x50, 0x50, 0xFF, 0x50, 0x50, 0x50, 0xFF, 0x50, 0x50, 0x50, 0xFF,
        0x50, 0x50, 0x50, 0xFF, 0x50, 0x50, 0x50, 0xFF, 0x50, 0x50, 0x50, 0xFF,
        0x50, 0x50, 0x50, 0xFF, 0x50, 0x50, 0x50, 0xFF, 0x50, 0x50, 0x50, 0xFF,
        0x51, 0x51, 0x51, 0xFF, 0x51, 0x51, 0x51, 0xFF, 0x51, 0x51, 0x51, 0xFF,
        0x52, 0x52, 0x52, 0xFF, 0x52, 0x52, 0x52, 0xFF, 0x53, 0x53, 0x53, 0xFF,
        0x55, 0x55, 0x55, 0xFF, 0x57, 0x57, 0x57, 0xFF, 0x5B, 0x5B, 0x5B, 0xFF,
        0x60, 0x60, 0x60, 0xFF, 0x65, 0x65, 0x65, 0xFF, 0x67, 0x67, 0x67, 0xFF,
        0x64, 0x64, 0x64, 0xFF, 0x60, 0x60, 0x60, 0xFE, 0x61, 0x61, 0x61, 0x40,
        0xFF, 0xFF, 0xFF, 0x00, 0xFF, 0xFF, 0xFF, 0x00, 0xFF, 0xFF, 0xFF, 0x00,
        0xFF, 0xFF, 0xFF, 0x00, 0xFF, 0xFF, 0xFF, 0x00, 0xFF, 0xFF, 0xFF, 0x00,
        0xFF, 0xFF, 0xFF, 0x00, 0xFF, 0xFF, 0xFF, 0x00, 0xFF, 0xFF, 0xFF, 0x00,
        0x3B, 0x3B, 0x3B, 0x99, 0x3E, 0x3E, 0x3E, 0xFF, 0x45, 0x45, 0x45, 0xFF,
        0x4C, 0x4C, 0x4C, 0xFF, 0x4E, 0x4E, 0x4E, 0xFF, 0x4F, 0x4F, 0x4F, 0xFF,
        0x4E, 0x4E, 0x4E, 0xFF, 0x4E, 0x4E, 0x4E, 0xFF, 0x4E, 0x4E, 0x4E, 0xFF,
        0x4E, 0x4E, 0x4E, 0xFF, 0x4E, 0x4E, 0x4E, 0xFF, 0x4E, 0x4E, 0x4E, 0xFF,
        0x4E, 0x4E, 0x4E, 0xFF, 0x4E, 0x4E, 0x4E, 0xFF, 0x4E, 0x4E, 0x4E, 0xFF,
        0x4E, 0x4E, 0x4E, 0xFF, 0x4E, 0x4E, 0x4E, 0xFF, 0x4E, 0x4E, 0x4E, 0xFF,
        0x4E, 0x4E, 0x4E, 0xFF, 0x4E, 0x4E, 0x4E, 0xFF, 0x4E, 0x4E, 0x4E, 0xFF,
        0x4E, 0x4E, 0x4E, 0xFF, 0x4E, 0x4E, 0x4E, 0xFF, 0x4E, 0x4E, 0x4E, 0xFF,
        0x4E, 0x4E, 0x4E, 0xFF, 0x4E, 0x4E, 0x4E, 0xFF, 0x4E, 0x4E, 0x4E, 0xFF,
        0x4E, 0x4E, 0x4E, 0xFF, 0x4E, 0x4E, 0x4E, 0xFF, 0x4E, 0x4E, 0x4E, 0xFF,
        0x4E, 0x4E, 0x4E, 0xFF, 0x4E, 0x4E, 0x4E, 0xFF, 0x4E, 0x4E, 0x4E, 0xFF,
        0x4E, 0x4E, 0x4E, 0xFF, 0x4E, 0x4E, 0x4E, 0xFF, 0x4E, 0x4E, 0x4E, 0xFF,
        0x4E, 0x4E, 0x4E, 0xFF, 0x4E, 0x4E, 0x4E, 0xFF, 0x4E, 0x4E, 0x4E, 0xFF,
        0x4E, 0x4E, 0x4E, 0xFF, 0x4E, 0x4E, 0x4E, 0xFF, 0x4E, 0x4E, 0x4E, 0xFF,
        0x4E, 0x4E, 0x4E, 0xFF, 0x4E, 0x4E, 0x4E, 0xFF, 0x4E, 0x4E, 0x4E, 0xFF,
        0x4E, 0x4E, 0x4E, 0xFF, 0x4E, 0x4E, 0x4E, 0xFF, 0x4E, 0x4E, 0x4E, 0xFF,
        0x4F, 0x4F, 0x4F, 0xFF, 0x4E, 0x4E, 0x4E, 0xFF, 0x4C, 0x4C, 0x4C, 0xFF,
        0x45, 0x45, 0x45, 0xFF, 0x3E, 0x3E, 0x3E, 0xFF, 0x3B, 0x3B, 0x3B, 0x99,
        0xFF, 0xFF, 0xFF, 0x00, 0xFF, 0xFF, 0xFF, 0x00, 0xFF, 0xFF, 0xFF, 0x00,
        0xFF, 0xFF, 0xFF, 0x00, 0xFF, 0xFF, 0xFF, 0x00, 0xFF, 0xFF, 0xFF, 0x00,
        0xFF, 0xFF, 0xFF, 0x00, 0xFF, 0xFF, 0xFF, 0x00, 0xFF, 0xFF, 0xFF, 0x00,
        0xFF, 0xFF, 0xFF, 0x00, 0x5A, 0x5A, 0x5A, 0x99, 0x5B, 0x5B, 0x5B, 0xFF,
        0x61, 0x61, 0x61, 0xFF, 0x64, 0x64, 0x64, 0xFF, 0x63, 0x63, 0x63, 0xFF,
        0x60, 0x60, 0x60, 0xFF, 0x5B, 0x5B, 0x5B, 0xFF, 0x58, 0x58, 0x58, 0xFF,
        0x56, 0x56, 0x56, 0xFF, 0x55, 0x55, 0x55, 0xFF, 0x53, 0x53, 0x53, 0xFF,
        0x53, 0x53, 0x53, 0xFF, 0x53, 0x53, 0x53, 0xFF, 0x53, 0x53, 0x53, 0xFF,
        0x52, 0x52, 0x52, 0xFF, 0x52, 0x52, 0x52, 0xFF, 0x52, 0x52, 0x52, 0xFF,
        0x52, 0x52, 0x52, 0xFF, 0x52, 0x52, 0x52, 0xFF, 0x52, 0x52, 0x52, 0xFF,
        0x52, 0x52, 0x52, 0xFF, 0x52, 0x52, 0x52, 0xFF, 0x52, 0x52, 0x52, 0xFF,
        0x52, 0x52, 0x52, 0xFF, 0x52, 0x52, 0x52, 0xFF, 0x52, 0x52, 0x52, 0xFF,
        0x52, 0x52, 0x52, 0xFF, 0x52, 0x52, 0x52, 0xFF, 0x52, 0x52, 0x52, 0xFF,
        0x52, 0x52, 0x52, 0xFF, 0x52, 0x52, 0x52, 0xFF, 0x52, 0x52, 0x52, 0xFF,
        0x52, 0x52, 0x52, 0xFF, 0x52, 0x52, 0x52, 0xFF, 0x52, 0x52, 0x52, 0xFF,
        0x52, 0x52, 0x52, 0xFF, 0x52, 0x52, 0x52, 0xFF, 0x52, 0x52, 0x52, 0xFF,
        0x52, 0x52, 0x52, 0xFF, 0x52, 0x52, 0x52, 0xFF, 0x53, 0x53, 0x53, 0xFF,
        0x53, 0x53, 0x53, 0xFF, 0x53, 0x53, 0x53, 0xFF, 0x53, 0x53, 0x53, 0xFF,
        0x55, 0x55, 0x55, 0xFF, 0x56, 0x56, 0x56, 0xFF, 0x58, 0x58, 0x58, 0xFF,
        0x5B, 0x5B, 0x5B, 0xFF, 0x60, 0x60, 0x60, 0xFF, 0x63, 0x63, 0x63, 0xFF,
        0x64, 0x64, 0x64, 0xFF, 0x61, 0x61, 0x61, 0xFF, 0x5B, 0x5B, 0x5B, 0xFF,
        0x5A, 0x5A, 0x5A, 0x99, 0xFF, 0xFF, 0xFF, 0x00, 0xFF, 0xFF, 0xFF, 0x00,
        0xFF, 0xFF, 0xFF, 0x00, 0xFF, 0xFF, 0xFF, 0x00, 0xFF, 0xFF, 0xFF, 0x00,
        0xFF, 0xFF, 0xFF, 0x00, 0xFF, 0xFF, 0xFF, 0x00, 0xFF, 0xFF, 0xFF, 0x00,
        0xFF, 0xFF, 0xFF, 0x00, 0xFF, 0xFF, 0xFF, 0x00, 0x3B, 0x3B, 0x3B, 0x0A,
        0x37, 0x37, 0x37, 0xC8, 0x3B, 0x3B, 0x3B, 0xFF, 0x43, 0x43, 0x43, 0xFF,
        0x4A, 0x4A, 0x4A, 0xFF, 0x4D, 0x4D, 0x4D, 0xFF, 0x4E, 0x4E, 0x4E, 0xFF,
        0x4E, 0x4E, 0x4E, 0xFF, 0x4E, 0x4E, 0x4E, 0xFF, 0x4D, 0x4D, 0x4D, 0xFF,
        0x4D, 0x4D, 0x4D, 0xFF, 0x4D, 0x4D, 0x4D, 0xFF, 0x4D, 0x4D, 0x4D, 0xFF,
        0x4D, 0x4D, 0x4D, 0xFF, 0x4D, 0x4D, 0x4D, 0xFF, 0x4D, 0x4D, 0x4D, 0xFF,
        0x4D, 0x4D, 0x4D, 0xFF, 0x4D, 0x4D, 0x4D, 0xFF, 0x4D, 0x4D, 0x4D, 0xFF,
        0x4D, 0x4D, 0x4D, 0xFF, 0x4D, 0x4D, 0x4D, 0xFF, 0x4D, 0x4D, 0x4D, 0xFF,
        0x4D, 0x4D, 0x4D, 0xFF, 0x4D, 0x4D, 0x4D, 0xFF, 0x4D, 0x4D, 0x4D, 0xFF,
        0x4D, 0x4D, 0x4D, 0xFF, 0x4D, 0x4D, 0x4D, 0xFF, 0x4D, 0x4D, 0x4D, 0xFF,
        0x4D, 0x4D, 0x4D, 0xFF, 0x4D, 0x4D, 0x4D, 0xFF, 0x4D, 0x4D, 0x4D, 0xFF,
        0x4D, 0x4D, 0x4D, 0xFF, 0x4D, 0x4D, 0x4D, 0xFF, 0x4D, 0x4D, 0x4D, 0xFF,
        0x4D, 0x4D, 0x4D, 0xFF, 0x4D, 0x4D, 0x4D, 0xFF, 0x4D, 0x4D, 0x4D, 0xFF,
        0x4D, 0x4D, 0x4D, 0xFF, 0x4D, 0x4D, 0x4D, 0xFF, 0x4D, 0x4D, 0x4D, 0xFF,
        0x4D, 0x4D, 0x4D, 0xFF, 0x4D, 0x4D, 0x4D, 0xFF, 0x4D, 0x4D, 0x4D, 0xFF,
        0x4D, 0x4D, 0x4D, 0xFF, 0x4D, 0x4D, 0x4D, 0xFF, 0x4E, 0x4E, 0x4E, 0xFF,
        0x4E, 0x4E, 0x4E, 0xFF, 0x4E, 0x4E, 0x4E, 0xFF, 0x4D, 0x4D, 0x4D, 0xFF,
        0x4A, 0x4A, 0x4A, 0xFF, 0x43, 0x43, 0x43, 0xFF, 0x3B, 0x3B, 0x3B, 0xFF,
        0x37, 0x37, 0x37, 0xC8, 0x3B, 0x3B, 0x3B, 0x0A, 0xFF, 0xFF, 0xFF, 0x00,
        0xFF, 0xFF, 0xFF, 0x00, 0xFF, 0xFF, 0xFF, 0x00, 0xFF, 0xFF, 0xFF, 0x00,
        0xFF, 0xFF, 0xFF, 0x00, 0xFF, 0xFF, 0xFF, 0x00, 0xFF, 0xFF, 0xFF, 0x00,
        0xFF, 0xFF, 0xFF, 0x00, 0xFF, 0xFF, 0xFF, 0x00, 0xFF, 0xFF, 0xFF, 0x00,
        0x5A, 0x5A, 0x5A, 0x0A, 0x54, 0x54, 0x54, 0xC8, 0x58, 0x58, 0x58, 0xFF,
        0x5E, 0x5E, 0x5E, 0xFF, 0x63, 0x63, 0x63, 0xFF, 0x63, 0x63, 0x63, 0xFF,
        0x60, 0x60, 0x60, 0xFF, 0x5E, 0x5E, 0x5E, 0xFF, 0x5B, 0x5B, 0x5B, 0xFF,
        0x59, 0x59, 0x59, 0xFF, 0x58, 0x58, 0x58, 0xFF, 0x57, 0x57, 0x57, 0xFF,
        0x57, 0x57, 0x57, 0xFF, 0x57, 0x57, 0x57, 0xFF, 0x56, 0x56, 0x56, 0xFF,
        0x56, 0x56, 0x56, 0xFF, 0x56, 0x56, 0x56, 0xFF, 0x56, 0x56, 0x56, 0xFF,
        0x56, 0x56, 0x56, 0xFF, 0x56, 0x56, 0x56, 0xFF, 0x56, 0x56, 0x56, 0xFF,
        0x56, 0x56, 0x56, 0xFF, 0x56, 0x56, 0x56, 0xFF, 0x56, 0x56, 0x56, 0xFF,
        0x56, 0x56, 0x56, 0xFF, 0x56, 0x56, 0x56, 0xFF, 0x56, 0x56, 0x56, 0xFF,
        0x56, 0x56, 0x56, 0xFF, 0x56, 0x56, 0x56, 0xFF, 0x56, 0x56, 0x56, 0xFF,
        0x56, 0x56, 0x56, 0xFF, 0x56, 0x56, 0x56, 0xFF, 0x56, 0x56, 0x56, 0xFF,
        0x56, 0x56, 0x56, 0xFF, 0x56, 0x56, 0x56, 0xFF, 0x56, 0x56, 0x56, 0xFF,
        0x56, 0x56, 0x56, 0xFF, 0x56, 0x56, 0x56, 0xFF, 0x56, 0x56, 0x56, 0xFF,
        0x56, 0x56, 0x56, 0xFF, 0x57, 0x57, 0x57, 0xFF, 0x57, 0x57, 0x57, 0xFF,
        0x57, 0x57, 0x57, 0xFF, 0x58, 0x58, 0x58, 0xFF, 0x59, 0x59, 0x59, 0xFF,
        0x5B, 0x5B, 0x5B, 0xFF, 0x5E, 0x5E, 0x5E, 0xFF, 0x60, 0x60, 0x60, 0xFF,
        0x63, 0x63, 0x63, 0xFF, 0x63, 0x63, 0x63, 0xFF, 0x5E, 0x5E, 0x5E, 0xFF,
        0x58, 0x58, 0x58, 0xFF, 0x54, 0x54, 0x54, 0xC8, 0x5A, 0x5A, 0x5A, 0x0A,
        0xFF, 0xFF, 0xFF, 0x00, 0xFF, 0xFF, 0xFF, 0x00, 0xFF, 0xFF, 0xFF, 0x00,
        0xFF, 0xFF, 0xFF, 0x00, 0xFF, 0xFF, 0xFF, 0x00, 0xFF, 0xFF, 0xFF, 0x00,
        0xFF, 0xFF, 0xFF, 0x00, 0xFF, 0xFF, 0xFF, 0x00, 0xFF, 0xFF, 0xFF, 0x00,
        0xFF, 0xFF, 0xFF, 0x00, 0xFF, 0xFF, 0xFF, 0x00, 0x36, 0x36, 0x36, 0x13,
        0x32, 0x32, 0x32, 0xC8, 0x36, 0x36, 0x36, 0xFF, 0x3D, 0x3D, 0x3D, 0xFF,
        0x45, 0x45, 0x45, 0xFF, 0x48, 0x48, 0x48, 0xFF, 0x4B, 0x4B, 0x4B, 0xFF,
        0x4C, 0x4C, 0x4C, 0xFF, 0x4C, 0x4C, 0x4C, 0xFF, 0x4D, 0x4D, 0x4D, 0xFF,
        0x4C, 0x4C, 0x4C, 0xFF, 0x4C, 0x4C, 0x4C, 0xFF, 0x4C, 0x4C, 0x4C, 0xFF,
        0x4C, 0x4C, 0x4C, 0xFF, 0x4C, 0x4C, 0x4C, 0xFF, 0x4C, 0x4C, 0x4C, 0xFF,
        0x4C, 0x4C, 0x4C, 0xFF, 0x4C, 0x4C, 0x4C, 0xFF, 0x4C, 0x4C, 0x4C, 0xFF,
        0x4C, 0x4C, 0x4C, 0xFF, 0x4C, 0x4C, 0x4C, 0xFF, 0x4C, 0x4C, 0x4C, 0xFF,
        0x4C, 0x4C, 0x4C, 0xFF, 0x4C, 0x4C, 0x4C, 0xFF, 0x4C, 0x4C, 0x4C, 0xFF,
        0x4C, 0x4C, 0x4C, 0xFF, 0x4C, 0x4C, 0x4C, 0xFF, 0x4C, 0x4C, 0x4C, 0xFF,
        0x4C, 0x4C, 0x4C, 0xFF, 0x4C, 0x4C, 0x4C, 0xFF, 0x4C, 0x4C, 0x4C, 0xFF,
        0x4C, 0x4C, 0x4C, 0xFF, 0x4C, 0x4C, 0x4C, 0xFF, 0x4C, 0x4C, 0x4C, 0xFF,
        0x4C, 0x4C, 0x4C, 0xFF, 0x4C, 0x4C, 0x4C, 0xFF, 0x4C, 0x4C, 0x4C, 0xFF,
        0x4C, 0x4C, 0x4C, 0xFF, 0x4C, 0x4C, 0x4C, 0xFF, 0x4C, 0x4C, 0x4C, 0xFF,
        0x4C, 0x4C, 0x4C, 0xFF, 0x4C, 0x4C, 0x4C, 0xFF, 0x4D, 0x4D, 0x4D, 0xFF,
        0x4C, 0x4C, 0x4C, 0xFF, 0x4C, 0x4C, 0x4C, 0xFF, 0x4B, 0x4B, 0x4B, 0xFF,
        0x48, 0x48, 0x48, 0xFF, 0x45, 0x45, 0x45, 0xFF, 0x3D, 0x3D, 0x3D, 0xFF,
        0x36, 0x36, 0x36, 0xFF, 0x32, 0x32, 0x32, 0xC8, 0x36, 0x36, 0x36, 0x13,
        0xFF, 0xFF, 0xFF, 0x00, 0xFF, 0xFF, 0xFF, 0x00, 0xFF, 0xFF, 0xFF, 0x00,
        0xFF, 0xFF, 0xFF, 0x00, 0xFF, 0xFF, 0xFF, 0x00, 0xFF, 0xFF, 0xFF, 0x00,
        0xFF, 0xFF, 0xFF, 0x00, 0xFF, 0xFF, 0xFF, 0x00, 0xFF, 0xFF, 0xFF, 0x00,
        0xFF, 0xFF, 0xFF, 0x00, 0xFF, 0xFF, 0xFF, 0x00, 0xFF, 0xFF, 0xFF, 0x00,
        0x54, 0x54, 0x54, 0x13, 0x4E, 0x4E, 0x4E, 0xC8, 0x51, 0x51, 0x51, 0xFF,
        0x58, 0x58, 0x58, 0xFF, 0x5E, 0x5E, 0x5E, 0xFF, 0x61, 0x61, 0x61, 0xFF,
        0x60, 0x60, 0x60, 0xFF, 0x5F, 0x5F, 0x5F, 0xFF, 0x5E, 0x5E, 0x5E, 0xFF,
        0x5D, 0x5D, 0x5D, 0xFF, 0x5C, 0x5C, 0x5C, 0xFF, 0x5C, 0x5C, 0x5C, 0xFF,
        0x5B, 0x5B, 0x5B, 0xFF, 0x5B, 0x5B, 0x5B, 0xFF, 0x5B, 0x5B, 0x5B, 0xFF,
        0x5B, 0x5B, 0x5B, 0xFF, 0x5B, 0x5B, 0x5B, 0xFF, 0x5B, 0x5B, 0x5B, 0xFF,
        0x5B, 0x5B, 0x5B, 0xFF, 0x5B, 0x5B, 0x5B, 0xFF, 0x5B, 0x5B, 0x5B, 0xFF,
        0x5B, 0x5B, 0x5B, 0xFF, 0x5B, 0x5B, 0x5B, 0xFF, 0x5B, 0x5B, 0x5B, 0xFF,
        0x5B, 0x5B, 0x5B, 0xFF, 0x5B, 0x5B, 0x5B, 0xFF, 0x5B, 0x5B, 0x5B, 0xFF,
        0x5B, 0x5B, 0x5B, 0xFF, 0x5B, 0x5B, 0x5B, 0xFF, 0x5B, 0x5B, 0x5B, 0xFF,
        0x5B, 0x5B, 0x5B, 0xFF, 0x5B, 0x5B, 0x5B, 0xFF, 0x5B, 0x5B, 0x5B, 0xFF,
        0x5B, 0x5B, 0x5B, 0xFF, 0x5B, 0x5B, 0x5B, 0xFF, 0x5B, 0x5B, 0x5B, 0xFF,
        0x5B, 0x5B, 0x5B, 0xFF, 0x5B, 0x5B, 0x5B, 0xFF, 0x5B, 0x5B, 0x5B, 0xFF,
        0x5B, 0x5B, 0x5B, 0xFF, 0x5C, 0x5C, 0x5C, 0xFF, 0x5C, 0x5C, 0x5C, 0xFF,
        0x5D, 0x5D, 0x5D, 0xFF, 0x5E, 0x5E, 0x5E, 0xFF, 0x5F, 0x5F, 0x5F, 0xFF,
        0x60, 0x60, 0x60, 0xFF, 0x61, 0x61, 0x61, 0xFF, 0x5E, 0x5E, 0x5E, 0xFF,
        0x58, 0x58, 0x58, 0xFF, 0x51, 0x51, 0x51, 0xFF, 0x4E, 0x4E, 0x4E, 0xC8,
        0x54, 0x54, 0x54, 0x13, 0xFF, 0xFF, 0xFF, 0x00, 0xFF, 0xFF, 0xFF, 0x00,
        0xFF, 0xFF, 0xFF, 0x00, 0xFF, 0xFF, 0xFF, 0x00, 0xFF, 0xFF, 0xFF, 0x00,
        0xFF, 0xFF, 0xFF, 0x00, 0xFF, 0xFF, 0xFF, 0x00, 0xFF, 0xFF, 0xFF, 0x00,
        0xFF, 0xFF, 0xFF, 0x00, 0xFF, 0xFF, 0xFF, 0x00, 0xFF, 0xFF, 0xFF, 0x00,
        0xFF, 0xFF, 0xFF, 0x00, 0xFF, 0xFF, 0xFF, 0x00, 0x33, 0x33, 0x33, 0x09,
        0x2F, 0x2F, 0x2F, 0x98, 0x31, 0x31, 0x31, 0xFE, 0x35, 0x35, 0x35, 0xFF,
        0x3B, 0x3B, 0x3B, 0xFF, 0x41, 0x41, 0x41, 0xFF, 0x45, 0x45, 0x45, 0xFF,
        0x46, 0x46, 0x46, 0xFF, 0x48, 0x48, 0x48, 0xFF, 0x49, 0x49, 0x49, 0xFF,
        0x49, 0x49, 0x49, 0xFF, 0x49, 0x49, 0x49, 0xFF, 0x49, 0x49, 0x49, 0xFF,
        0x49, 0x49, 0x49, 0xFF, 0x49, 0x49, 0x49, 0xFF, 0x49, 0x49, 0x49, 0xFF,
        0x49, 0x49, 0x49, 0xFF, 0x49, 0x49, 0x49, 0xFF, 0x49, 0x49, 0x49, 0xFF,
        0x49, 0x49, 0x49, 0xFF, 0x49, 0x49, 0x49, 0xFF, 0x49, 0x49, 0x49, 0xFF,
        0x49, 0x49, 0x49, 0xFF, 0x49, 0x49, 0x49, 0xFF, 0x49, 0x49, 0x49, 0xFF,
        0x49, 0x49, 0x49, 0xFF, 0x49, 0x49, 0x49, 0xFF, 0x49, 0x49, 0x49, 0xFF,
        0x49, 0x49, 0x49, 0xFF, 0x49, 0x49, 0x49, 0xFF, 0x49, 0x49, 0x49, 0xFF,
        0x49, 0x49, 0x49, 0xFF, 0x49, 0x49, 0x49, 0xFF, 0x49, 0x49, 0x49, 0xFF,
        0x49, 0x49, 0x49, 0xFF, 0x49, 0x49, 0x49, 0xFF, 0x49, 0x49, 0x49, 0xFF,
        0x49, 0x49, 0x49, 0xFF, 0x49, 0x49, 0x49, 0xFF, 0x49, 0x49, 0x49, 0xFF,
        0x49, 0x49, 0x49, 0xFF, 0x48, 0x48, 0x48, 0xFF, 0x46, 0x46, 0x46, 0xFF,
        0x45, 0x45, 0x45, 0xFF, 0x41, 0x41, 0x41, 0xFF, 0x3B, 0x3B, 0x3B, 0xFF,
        0x35, 0x35, 0x35, 0xFF, 0x31, 0x31, 0x31, 0xFE, 0x2F, 0x2F, 0x2F, 0x98,
        0x33, 0x33, 0x33, 0x0A, 0xFF, 0xFF, 0xFF, 0x00, 0xFF, 0xFF, 0xFF, 0x00,
        0xFF, 0xFF, 0xFF, 0x00, 0xFF, 0xFF, 0xFF, 0x00, 0xFF, 0xFF, 0xFF, 0x00,
        0xFF, 0xFF, 0xFF, 0x00, 0xFF, 0xFF, 0xFF, 0x00, 0xFF, 0xFF, 0xFF, 0x00,
        0xFF, 0xFF, 0xFF, 0x00, 0xFF, 0xFF, 0xFF, 0x00, 0xFF, 0xFF, 0xFF, 0x00,
        0xFF, 0xFF, 0xFF, 0x00, 0xFF, 0xFF, 0xFF, 0x00, 0xFF, 0xFF, 0xFF, 0x00,
        0x50, 0x50, 0x50, 0x09, 0x49, 0x49, 0x49, 0x98, 0x4B, 0x4B, 0x4B, 0xFE,
        0x4F, 0x4F, 0x4F, 0xFF, 0x56, 0x56, 0x56, 0xFF, 0x5A, 0x5A, 0x5A, 0xFF,
        0x5D, 0x5D, 0x5D, 0xFF, 0x5F, 0x5F, 0x5F, 0xFF, 0x60, 0x60, 0x60, 0xFF,
        0x5F, 0x5F, 0x5F, 0xFF, 0x5E, 0x5E, 0x5E, 0xFF, 0x5E, 0x5E, 0x5E, 0xFF,
        0x5E, 0x5E, 0x5E, 0xFF, 0x5E, 0x5E, 0x5E, 0xFF, 0x5E, 0x5E, 0x5E, 0xFF,
        0x5E, 0x5E, 0x5E, 0xFF, 0x5E, 0x5E, 0x5E, 0xFF, 0x5E, 0x5E, 0x5E, 0xFF,
        0x5E, 0x5E, 0x5E, 0xFF, 0x5E, 0x5E, 0x5E, 0xFF, 0x5E, 0x5E, 0x5E, 0xFF,
        0x5E, 0x5E, 0x5E, 0xFF, 0x5E, 0x5E, 0x5E, 0xFF, 0x5E, 0x5E, 0x5E, 0xFF,
        0x5E, 0x5E, 0x5E, 0xFF, 0x5E, 0x5E, 0x5E, 0xFF, 0x5E, 0x5E, 0x5E, 0xFF,
        0x5E, 0x5E, 0x5E, 0xFF, 0x5E, 0x5E, 0x5E, 0xFF, 0x5E, 0x5E, 0x5E, 0xFF,
        0x5E, 0x5E, 0x5E, 0xFF, 0x5E, 0x5E, 0x5E, 0xFF, 0x5E, 0x5E, 0x5E, 0xFF,
        0x5E, 0x5E, 0x5E, 0xFF, 0x5E, 0x5E, 0x5E, 0xFF, 0x5E, 0x5E, 0x5E, 0xFF,
        0x5E, 0x5E, 0x5E, 0xFF, 0x5E, 0x5E, 0x5E, 0xFF, 0x5E, 0x5E, 0x5E, 0xFF,
        0x5E, 0x5E, 0x5E, 0xFF, 0x5F, 0x5F, 0x5F, 0xFF, 0x60, 0x60, 0x60, 0xFF,
        0x5F, 0x5F, 0x5F, 0xFF, 0x5D, 0x5D, 0x5D, 0xFF, 0x5A, 0x5A, 0x5A, 0xFF,
        0x56, 0x56, 0x56, 0xFF, 0x4F, 0x4F, 0x4F, 0xFF, 0x4B, 0x4B, 0x4B, 0xFE,
        0x49, 0x49, 0x49, 0x98, 0x50, 0x50, 0x50, 0x0A, 0xFF, 0xFF, 0xFF, 0x00,
        0xFF, 0xFF, 0xFF, 0x00, 0xFF, 0xFF, 0xFF, 0x00, 0xFF, 0xFF, 0xFF, 0x00,
        0xFF, 0xFF, 0xFF, 0x00, 0xFF, 0xFF, 0xFF, 0x00, 0xFF, 0xFF, 0xFF, 0x00,
        0xFF, 0xFF, 0xFF, 0x00, 0xFF, 0xFF, 0xFF, 0x00, 0xFF, 0xFF, 0xFF, 0x00,
        0xFF, 0xFF, 0xFF, 0x00, 0xFF, 0xFF, 0xFF, 0x00, 0xFF, 0xFF, 0xFF, 0x00,
        0xFF, 0xFF, 0xFF, 0x00, 0xFF, 0xFF, 0xFF, 0x00, 0xFF, 0xFF, 0xFF, 0x00,
        0x2C, 0x2C, 0x2C, 0x3F, 0x2B, 0x2B, 0x2B, 0xC5, 0x2C, 0x2C, 0x2C, 0xFF,
        0x30, 0x30, 0x30, 0xFF, 0x34, 0x34, 0x34, 0xFF, 0x37, 0x37, 0x37, 0xFF,
        0x39, 0x39, 0x39, 0xFF, 0x3A, 0x3A, 0x3A, 0xFF, 0x3A, 0x3A, 0x3A, 0xFF,
        0x3A, 0x3A, 0x3A, 0xFF, 0x3A, 0x3A, 0x3A, 0xFF, 0x3A, 0x3A, 0x3A, 0xFF,
        0x3A, 0x3A, 0x3A, 0xFF, 0x3A, 0x3A, 0x3A, 0xFF, 0x3A, 0x3A, 0x3A, 0xFF,
        0x3A, 0x3A, 0x3A, 0xFF, 0x3A, 0x3A, 0x3A, 0xFF, 0x3A, 0x3A, 0x3A, 0xFF,
        0x3A, 0x3A, 0x3A, 0xFF, 0x3A, 0x3A, 0x3A, 0xFF, 0x3A, 0x3A, 0x3A, 0xFF,
        0x3A, 0x3A, 0x3A, 0xFF, 0x3A, 0x3A, 0x3A, 0xFF, 0x3A, 0x3A, 0x3A, 0xFF,
        0x3A, 0x3A, 0x3A, 0xFF, 0x3A, 0x3A, 0x3A, 0xFF, 0x3A, 0x3A, 0x3A, 0xFF,
        0x3A, 0x3A, 0x3A, 0xFF, 0x3A, 0x3A, 0x3A, 0xFF, 0x3A, 0x3A, 0x3A, 0xFF,
        0x3A, 0x3A, 0x3A, 0xFF, 0x3A, 0x3A, 0x3A, 0xFF, 0x3A, 0x3A, 0x3A, 0xFF,
        0x3A, 0x3A, 0x3A, 0xFF, 0x3A, 0x3A, 0x3A, 0xFF, 0x3A, 0x3A, 0x3A, 0xFF,
        0x3A, 0x3A, 0x3A, 0xFF, 0x3A, 0x3A, 0x3A, 0xFF, 0x3A, 0x3A, 0x3A, 0xFF,
        0x39, 0x39, 0x39, 0xFF, 0x37, 0x37, 0x37, 0xFF, 0x34, 0x34, 0x34, 0xFF,
        0x30, 0x30, 0x30, 0xFF, 0x2C, 0x2C, 0x2C, 0xFF, 0x2B, 0x2B, 0x2B, 0xC5,
        0x2C, 0x2C, 0x2C, 0x40, 0xFF, 0xFF, 0xFF, 0x00, 0xFF, 0xFF, 0xFF, 0x00,
        0xFF, 0xFF, 0xFF, 0x00, 0xFF, 0xFF, 0xFF, 0x00, 0xFF, 0xFF, 0xFF, 0x00,
        0xFF, 0xFF, 0xFF, 0x00, 0xFF, 0xFF, 0xFF, 0x00, 0xFF, 0xFF, 0xFF, 0x00,
        0xFF, 0xFF, 0xFF, 0x00, 0xFF, 0xFF, 0xFF, 0x00, 0xFF, 0xFF, 0xFF, 0x00,
        0xFF, 0xFF, 0xFF, 0x00, 0xFF, 0xFF, 0xFF, 0x00, 0xFF, 0xFF, 0xFF, 0x00,
        0xFF, 0xFF, 0xFF, 0x00, 0xFF, 0xFF, 0xFF, 0x00, 0xFF, 0xFF, 0xFF, 0x00,
        0xFF, 0xFF, 0xFF, 0x00, 0x46, 0x46, 0x46, 0x3F, 0x43, 0x43, 0x43, 0xC5,
        0x44, 0x44, 0x44, 0xFF, 0x48, 0x48, 0x48, 0xFF, 0x4C, 0x4C, 0x4C, 0xFF,
        0x50, 0x50, 0x50, 0xFF, 0x51, 0x51, 0x51, 0xFF, 0x51, 0x51, 0x51, 0xFF,
        0x51, 0x51, 0x51, 0xFF, 0x51, 0x51, 0x51, 0xFF, 0x51, 0x51, 0x51, 0xFF,
        0x50, 0x50, 0x50, 0xFF, 0x50, 0x50, 0x50, 0xFF, 0x50, 0x50, 0x50, 0xFF,
        0x50, 0x50, 0x50, 0xFF, 0x50, 0x50, 0x50, 0xFF, 0x50, 0x50, 0x50, 0xFF,
        0x50, 0x50, 0x50, 0xFF, 0x50, 0x50, 0x50, 0xFF, 0x50, 0x50, 0x50, 0xFF,
        0x50, 0x50, 0x50, 0xFF, 0x50, 0x50, 0x50, 0xFF, 0x50, 0x50, 0x50, 0xFF,
        0x50, 0x50, 0x50, 0xFF, 0x50, 0x50, 0x50, 0xFF, 0x50, 0x50, 0x50, 0xFF,
        0x50, 0x50, 0x50, 0xFF, 0x50, 0x50, 0x50, 0xFF, 0x50, 0x50, 0x50, 0xFF,
        0x50, 0x50, 0x50, 0xFF, 0x50, 0x50, 0x50, 0xFF, 0x50, 0x50, 0x50, 0xFF,
        0x50, 0x50, 0x50, 0xFF, 0x50, 0x50, 0x50, 0xFF, 0x50, 0x50, 0x50, 0xFF,
        0x51, 0x51, 0x51, 0xFF, 0x51, 0x51, 0x51, 0xFF, 0x51, 0x51, 0x51, 0xFF,
        0x51, 0x51, 0x51, 0xFF, 0x51, 0x51, 0x51, 0xFF, 0x50, 0x50, 0x50, 0xFF,
        0x4C, 0x4C, 0x4C, 0xFF, 0x48, 0x48, 0x48, 0xFF, 0x44, 0x44, 0x44, 0xFF,
        0x43, 0x43, 0x43, 0xC5, 0x46, 0x46, 0x46, 0x40, 0xFF, 0xFF, 0xFF, 0x00,
        0xFF, 0xFF, 0xFF, 0x00, 0xFF, 0xFF, 0xFF, 0x00, 0xFF, 0xFF, 0xFF, 0x00,
        0xFF, 0xFF, 0xFF, 0x00, 0xFF, 0xFF, 0xFF, 0x00, 0xFF, 0xFF, 0xFF, 0x00,
        0xFF, 0xFF, 0xFF, 0x00, 0xFF, 0xFF, 0xFF, 0x00, 0xFF, 0xFF, 0xFF, 0x00,
        0xFF, 0xFF, 0xFF, 0x00, 0xFF, 0xFF, 0xFF, 0x00, 0xFF, 0xFF, 0xFF, 0x00,
        0xFF, 0xFF, 0xFF, 0x00, 0xFF, 0xFF, 0xFF, 0x00, 0xFF, 0xFF, 0xFF, 0x00,
        0xFF, 0xFF, 0xFF, 0x00, 0xFF, 0xFF, 0xFF, 0x00, 0xFF, 0xFF, 0xFF, 0x00,
        0xFF, 0xFF, 0xFF, 0x00, 0x2A, 0x2A, 0x2A, 0x28, 0x27, 0x27, 0x27, 0x77,
        0x27, 0x27, 0x27, 0xBE, 0x27, 0x27, 0x27, 0xE7, 0x27, 0x27, 0x27, 0xFA,
        0x27, 0x27, 0x27, 0xFF, 0x26, 0x26, 0x26, 0xFF, 0x26, 0x26, 0x26, 0xFF,
        0x26, 0x26, 0x26, 0xFF, 0x26, 0x26, 0x26, 0xFF, 0x26, 0x26, 0x26, 0xFF,
        0x26, 0x26, 0x26, 0xFF, 0x26, 0x26, 0x26, 0xFF, 0x26, 0x26, 0x26, 0xFF,
        0x26, 0x26, 0x26, 0xFF, 0x26, 0x26, 0x26, 0xFF, 0x26, 0x26, 0x26, 0xFF,
        0x26, 0x26, 0x26, 0xFF, 0x26, 0x26, 0x26, 0xFF, 0x26, 0x26, 0x26, 0xFF,
        0x26, 0x26, 0x26, 0xFF, 0x26, 0x26, 0x26, 0xFF, 0x26, 0x26, 0x26, 0xFF,
        0x26, 0x26, 0x26, 0xFF, 0x26, 0x26, 0x26, 0xFF, 0x26, 0x26, 0x26, 0xFF,
        0x26, 0x26, 0x26, 0xFF, 0x26, 0x26, 0x26, 0xFF, 0x26, 0x26, 0x26, 0xFF,
        0x26, 0x26, 0x26, 0xFF, 0x26, 0x26, 0x26, 0xFF, 0x26, 0x26, 0x26, 0xFF,
        0x26, 0x26, 0x26, 0xFF, 0x26, 0x26, 0x26, 0xFF, 0x26, 0x26, 0x26, 0xFF,
        0x26, 0x26, 0x26, 0xFF, 0x27, 0x27, 0x27, 0xFF, 0x27, 0x27, 0x27, 0xFA,
        0x27, 0x27, 0x27, 0xE7, 0x27, 0x27, 0x27, 0xBE, 0x27, 0x27, 0x27, 0x77,
        0x2A, 0x2A, 0x2A, 0x28, 0xFF, 0xFF, 0xFF, 0x00, 0xFF, 0xFF, 0xFF, 0x00,
        0xFF, 0xFF, 0xFF, 0x00, 0xFF, 0xFF, 0xFF, 0x00, 0xFF, 0xFF, 0xFF, 0x00,
        0xFF, 0xFF, 0xFF, 0x00, 0xFF, 0xFF, 0xFF, 0x00, 0xFF, 0xFF, 0xFF, 0x00,
        0xFF, 0xFF, 0xFF, 0x00, 0xFF, 0xFF, 0xFF, 0x00, 0xFF, 0xFF, 0xFF, 0x00,
        0xFF, 0xFF, 0xFF, 0x00, 0xFF, 0xFF, 0xFF, 0x00, 0xFF, 0xFF, 0xFF, 0x00,
        0xFF, 0xFF, 0xFF, 0x00, 0xFF, 0xFF, 0xFF, 0x00, 0xFF, 0xFF, 0xFF, 0x00,
        0xFF, 0xFF, 0xFF, 0x00, 0xFF, 0xFF, 0xFF, 0x00, 0xFF, 0xFF, 0xFF, 0x00,
        0xFF, 0xFF, 0xFF, 0x00, 0xFF, 0xFF, 0xFF, 0x00, 0x42, 0x42, 0x42, 0x28,
        0x3E, 0x3E, 0x3E, 0x77, 0x3E, 0x3E, 0x3E, 0xBE, 0x3D, 0x3D, 0x3D, 0xE7,
        0x3C, 0x3C, 0x3C, 0xFA, 0x3B, 0x3B, 0x3B, 0xFF, 0x3B, 0x3B, 0x3B, 0xFF,
        0x3A, 0x3A, 0x3A, 0xFF, 0x3A, 0x3A, 0x3A, 0xFF, 0x3A, 0x3A, 0x3A, 0xFF,
        0x3A, 0x3A, 0x3A, 0xFF, 0x3A, 0x3A, 0x3A, 0xFF, 0x3A, 0x3A, 0x3A, 0xFF,
        0x3A, 0x3A, 0x3A, 0xFF, 0x3A, 0x3A, 0x3A, 0xFF, 0x3A, 0x3A, 0x3A, 0xFF,
        0x3A, 0x3A, 0x3A, 0xFF, 0x3A, 0x3A, 0x3A, 0xFF, 0x3A, 0x3A, 0x3A, 0xFF,
        0x3A, 0x3A, 0x3A, 0xFF, 0x3A, 0x3A, 0x3A, 0xFF, 0x3A, 0x3A, 0x3A, 0xFF,
        0x3A, 0x3A, 0x3A, 0xFF, 0x3A, 0x3A, 0x3A, 0xFF, 0x3A, 0x3A, 0x3A, 0xFF,
        0x3A, 0x3A, 0x3A, 0xFF, 0x3A, 0x3A, 0x3A, 0xFF, 0x3A, 0x3A, 0x3A, 0xFF,
        0x3A, 0x3A, 0x3A, 0xFF, 0x3A, 0x3A, 0x3A, 0xFF, 0x3A, 0x3A, 0x3A, 0xFF,
        0x3A, 0x3A, 0x3A, 0xFF, 0x3A, 0x3A, 0x3A, 0xFF, 0x3A, 0x3A, 0x3A, 0xFF,
        0x3A, 0x3A, 0x3A, 0xFF, 0x3B, 0x3B, 0x3B, 0xFF, 0x3B, 0x3B, 0x3B, 0xFF,
        0x3C, 0x3C, 0x3C, 0xFA, 0x3D, 0x3D, 0x3D, 0xE7, 0x3E, 0x3E, 0x3E, 0xBE,
        0x3E, 0x3E, 0x3E, 0x77, 0x42, 0x42, 0x42, 0x28, 0xFF, 0xFF, 0xFF, 0x00,
        0xFF, 0xFF, 0xFF, 0x00, 0xFF, 0xFF, 0xFF, 0x00, 0xFF, 0xFF, 0xFF, 0x00,
        0xFF, 0xFF, 0xFF, 0x00, 0xFF, 0xFF, 0xFF, 0x00, 0xFF, 0xFF, 0xFF, 0x00,
        0xFF, 0xFF, 0xFF, 0x00, 0xFF, 0xFF, 0xFF, 0x00, 0xFF, 0xFF, 0xFF, 0x00,
        0xFF, 0xFF, 0xFF, 0x00, 0xFF, 0xFF, 0xFF, 0x00, 0xFF, 0xFF, 0xFF, 0x00,
        0xFF, 0xFF, 0xFF, 0x00, 0xFF, 0xFF, 0xFF, 0x00, 0xFF, 0xFF, 0xFF, 0x00,
        0xFF, 0xFF, 0xFF, 0x00, 0xFF, 0xFF, 0xFF, 0x00, 0xFF, 0xFF, 0xFF, 0x00,
        0xFF, 0xFF, 0xFF, 0x00, 0xFF, 0xFF, 0xFF, 0x00, 0xFF, 0xFF, 0xFF, 0x00,
        0xFF, 0xFF, 0xFF, 0x00, 0xFF, 0xFF, 0xFF, 0x00, 0xFF, 0xFF, 0xFF, 0x00,
        0xFF, 0xFF, 0xFF, 0x00, 0xFF, 0xFF, 0xFF, 0x00, 0xFF, 0xFF, 0xFF, 0x00,
        0xFF, 0xFF, 0xFF, 0x00, 0xFF, 0xFF, 0xFF, 0x00, 0xFF, 0xFF, 0xFF, 0x00,
        0xFF, 0xFF, 0xFF, 0x00, 0xFF, 0xFF, 0xFF, 0x00, 0xFF, 0xFF, 0xFF, 0x00,
        0xFF, 0xFF, 0xFF, 0x00, 0xFF, 0xFF, 0xFF, 0x00, 0xFF, 0xFF, 0xFF, 0x00,
        0xFF, 0xFF, 0xFF, 0x00, 0xFF, 0xFF, 0xFF, 0x00, 0xFF, 0xFF, 0xFF, 0x00,
        0xFF, 0xFF, 0xFF, 0x00, 0xFF, 0xFF, 0xFF, 0x00, 0xFF, 0xFF, 0xFF, 0x00,
        0xFF, 0xFF, 0xFF, 0x00, 0xFF, 0xFF, 0xFF, 0x00, 0xFF, 0xFF, 0xFF, 0x00,
        0xFF, 0xFF, 0xFF, 0x00, 0xFF, 0xFF, 0xFF, 0x00, 0xFF, 0xFF, 0xFF, 0x00,
        0xFF, 0xFF, 0xFF, 0x00, 0xFF, 0xFF, 0xFF, 0x00, 0xFF, 0xFF, 0xFF, 0x00,
        0xFF, 0xFF, 0xFF, 0x00, 0xFF, 0xFF, 0xFF, 0x00, 0xFF, 0xFF, 0xFF, 0x00,
        0xFF, 0xFF, 0xFF, 0x00, 0xFF, 0xFF, 0xFF, 0x00, 0xFF, 0xFF, 0xFF, 0x00,
        0xFF, 0xFF, 0xFF, 0x00, 0xFF, 0xFF, 0xFF, 0x00, 0xFF, 0xFF, 0xFF, 0x00,
        0xFF, 0xFF, 0xFF, 0x00, 0xFF, 0xFF, 0xFF, 0x00, 0xFF, 0xFF, 0xFF, 0x00,
        0xFF, 0xFF, 0xFF, 0x00, 0xFF, 0xFF, 0xFF, 0x00, 0xFF, 0xFF, 0xFF, 0x00,
        0xFF, 0xFF, 0xFF, 0x00, 0xFF, 0xFF, 0xFF, 0x00, 0xFF, 0xFF, 0xFF, 0x00,
        0xFF, 0xFF, 0xFF, 0x00, 0xFF, 0xFF, 0xFF, 0x00, 0xFF, 0xFF, 0xFF, 0x00,
        0xFF, 0xFF, 0xFF, 0x00, 0xFF, 0xFF, 0xFF, 0x00, 0xFF, 0xFF, 0xFF, 0x00,
        0xFF, 0xFF, 0xFF, 0x00, 0xFF, 0xFF, 0xFF, 0x00, 0xFF, 0xFF, 0xFF, 0x00,
        0xFF, 0xFF, 0xFF, 0x00, 0xFF, 0xFF, 0xFF, 0x00, 0xFF, 0xFF, 0xFF, 0x00,
        0xFF, 0xFF, 0xFF, 0x00, 0xFF, 0xFF, 0xFF, 0x00, 0xFF, 0xFF, 0xFF, 0x00,
        0xFF, 0xFF, 0xFF, 0x00, 0xFF, 0xFF, 0xFF, 0x00, 0xFF, 0xFF, 0xFF, 0x00,
        0xFF, 0xFF, 0xFF, 0x00, 0xFF, 0xFF, 0xFF, 0x00, 0xFF, 0xFF, 0xFF, 0x00,
        0xFF, 0xFF, 0xFF, 0x00, 0xFF, 0xFF, 0xFF, 0x00, 0xFF, 0xFF, 0xFF, 0x00,
        0xFF, 0xFF, 0xFF, 0x00, 0xFF, 0xFF, 0xFF, 0x00, 0xFF, 0xFF, 0xFF, 0x00,
        0xFF, 0xFF, 0xFF, 0x00, 0xFF, 0xFF, 0xFF, 0x00, 0xFF, 0xFF, 0xFF, 0x00,
        0xFF, 0xFF, 0xFF, 0x00, 0xFF, 0xFF, 0xFF, 0x00, 0xFF, 0xFF, 0xFF, 0x00,
        0xFF, 0xFF, 0xFF, 0x00, 0xFF, 0xFF, 0xFF, 0x00, 0xFF, 0xFF, 0xFF, 0x00,
        0xFF, 0xFF, 0xFF, 0x00, 0xFF, 0xFF, 0xFF, 0x00, 0xFF, 0xFF, 0xFF, 0x00,
        0xFF, 0xFF, 0xFF, 0x00, 0xFF, 0xFF, 0xFF, 0x00, 0xFF, 0xFF, 0xFF, 0x00,
        0xFF, 0xFF, 0xFF, 0x00, 0xFF, 0xFF, 0xFF, 0x00, 0xFF, 0xFF, 0xFF, 0x00,
        0xFF, 0xFF, 0xFF, 0x00, 0xFF, 0xFF, 0xFF, 0x00, 0xFF, 0xFF, 0xFF, 0x00,
        0xFF, 0xFF, 0xFF, 0x00, 0xFF, 0xFF, 0xFF, 0x00, 0xFF, 0xFF, 0xFF, 0x00,
        0xFF, 0xFF, 0xFF, 0x00, 0xFF, 0xFF, 0xFF, 0x00, 0xFF, 0xFF, 0xFF, 0x00,
        0xFF, 0xFF, 0xFF, 0x00, 0xFF, 0xFF, 0xFF, 0x00, 0xFF, 0xFF, 0xFF, 0x00,
        0xFF, 0xFF, 0xFF, 0x00, 0xFF, 0xFF, 0xFF, 0x00, 0xFF, 0xFF, 0xFF, 0x00,
        0xFF, 0xFF, 0xFF, 0x00, 0xFF, 0xFF, 0xFF, 0x00, 0xFF, 0xFF, 0xFF, 0x00,
        0xFF, 0xFF, 0xFF, 0x00, 0xFF, 0xFF, 0xFF, 0x00, 0xFF, 0xFF, 0xFF, 0x00,
        0xFF, 0xFF, 0xFF, 0x00, 0xFF, 0xFF, 0xFF, 0x00, 0xFF, 0xFF, 0xFF, 0x00,
        0xFF, 0xFF, 0xFF, 0x00, 0xFF, 0xFF, 0xFF, 0x00, 0xFF, 0xFF, 0xFF, 0x00,
        0xFF, 0xFF, 0xFF, 0x00, 0xFF, 0xFF, 0xFF, 0x00, 0xFF, 0xFF, 0xFF, 0x00,
        0xFF, 0xFF, 0xFF, 0x00, 0xFF, 0xFF, 0xFF, 0x00, 0xFF, 0xFF, 0xFF, 0x00,
        0xFF, 0xFF, 0xFF, 0x00, 0xFF, 0xFF, 0xFF, 0x00, 0xFF, 0xFF, 0xFF, 0x00,
        0xFF, 0xFF, 0xFF, 0x00, 0xFF, 0xFF, 0xFF, 0x00, 0xFF, 0xFF, 0xFF, 0x00,
        0xFF, 0xFF, 0xFF, 0x00, 0xFF, 0xFF, 0xFF, 0x00, 0xFF, 0xFF, 0xFF, 0x00,
        0xFF, 0xFF, 0xFF, 0x00, 0xFF, 0xFF, 0xFF, 0x00, 0xFF, 0xFF, 0xFF, 0x00,
        0xFF, 0xFF, 0xFF, 0x00, 0xFF, 0xFF, 0xFF, 0x00, 0xFF, 0xFF, 0xFF, 0x00,
        0xFF, 0xFF, 0xFF, 0x00, 0xFF, 0xFF, 0xFF, 0x00, 0xFF, 0xFF, 0xFF, 0x00,
        0xFF, 0xFF, 0xFF, 0x00, 0xFF, 0xFF, 0xFF, 0x00, 0xFF, 0xFF, 0xFF, 0x00,
        0xFF, 0xFF, 0xFF, 0x00, 0xFF, 0xFF, 0xFF, 0x00, 0xFF, 0xFF, 0xFF, 0x00,
        0xFF, 0xFF, 0xFF, 0x00, 0xFF, 0xFF, 0xFF, 0x00, 0xFF, 0xFF, 0xFF, 0x00,
        0xFF, 0xFF, 0xFF, 0x00, 0xFF, 0xFF, 0xFF, 0x00, 0xFF, 0xFF, 0xFF, 0x00,
        0xFF, 0xFF, 0xFF, 0x00, 0xFF, 0xFF, 0xFF, 0x00, 0xFF, 0xFF, 0xFF, 0x00,
        0xFF, 0xFF, 0xFF, 0x00, 0xFF, 0xFF, 0xFF, 0x00, 0xFF, 0xFF, 0xFF, 0x00,
        0xFF, 0xFF, 0xFF, 0x00, 0xFF, 0xFF, 0xFF, 0x00, 0xFF, 0xFF, 0xFF, 0x00,
        0xFF, 0xFF, 0xFF, 0x00, 0xFF, 0xFF, 0xFF, 0x00, 0xFF, 0xFF, 0xFF, 0x00,
        0xFF, 0xFF, 0xFF, 0x00, 0xFF, 0xFF, 0xFF, 0x00, 0xFF, 0xFF, 0xFF, 0x00,
        0xFF, 0xFF, 0xFF, 0x00, 0xFF, 0xFF, 0xFF, 0x00, 0xFF, 0xFF, 0xFF, 0x00,
        0xFF, 0xFF, 0xFF, 0x00, 0xFF, 0xFF, 0xFF, 0x00, 0xFF, 0xFF, 0xFF, 0x00,
        0xFF, 0xFF, 0xFF, 0x00, 0xFF, 0xFF, 0xFF, 0x00, 0xFF, 0xFF, 0xFF, 0x00,
        0xFF, 0xFF, 0xFF, 0x00, 0xFF, 0xFF, 0xFF, 0x00, 0xFF, 0xFF, 0xFF, 0x00,
        0xFF, 0xFF, 0xFF, 0x00, 0xFF, 0xFF, 0xFF, 0x00, 0xFF, 0xFF, 0xFF, 0x00,
        0xFF, 0xFF, 0xFF, 0x00, 0xFF, 0xFF, 0xFF, 0x00, 0xFF, 0xFF, 0xFF, 0x00,
        0xFF, 0xFF, 0xFF, 0x00, 0xFF, 0xFF, 0xFF, 0x00, 0xFF, 0xFF, 0xFF, 0x00,
        0xFF, 0xFF, 0xFF, 0x00, 0xFF, 0xFF, 0xFF, 0x00, 0xFF, 0xFF, 0xFF, 0x00,
        0xFF, 0xFF, 0xFF, 0x00, 0xFF, 0xFF, 0xFF, 0x00, 0xFF, 0xFF, 0xFF, 0x00,
        0xFF, 0xFF, 0xFF, 0x00, 0xFF, 0xFF, 0xFF, 0x00, 0xFF, 0xFF, 0xFF, 0x00,
        0xFF, 0xFF, 0xFF, 0x00, 0xFF, 0xFF, 0xFF, 0x00, 0xFF, 0xFF, 0xFF, 0x00,
        0xFF, 0xFF, 0xFF, 0x00, 0xFF, 0xFF, 0xFF, 0x00, 0xFF, 0xFF, 0xFF, 0x00,
        0xFF, 0xFF, 0xFF, 0x00, 0xFF, 0xFF, 0xFF, 0x00, 0xFF, 0xFF, 0xFF, 0x00,
        0xFF, 0xFF, 0xFF, 0x00, 0xFF, 0xFF, 0xFF, 0x00, 0xFF, 0xFF, 0xFF, 0x00,
        0xFF, 0xFF, 0xFF, 0x00, 0xFF, 0xFF, 0xFF, 0x00, 0xFF, 0xFF, 0xFF, 0x00,
        0xFF, 0xFF, 0xFF, 0x00, 0xFF, 0xFF, 0xFF, 0x00, 0xFF, 0xFF, 0xFF, 0x00,
        0xFF, 0xFF, 0xFF, 0x00, 0xFF, 0xFF, 0xFF, 0x00, 0xFF, 0xFF, 0xFF, 0x00,
        0xFF, 0xFF, 0xFF, 0x00, 0xFF, 0xFF, 0xFF, 0x00, 0xFF, 0xFF, 0xFF, 0x00,
        0xFF, 0xFF, 0xFF, 0x00, 0xFF, 0xFF, 0xFF, 0x00, 0xFF, 0xFF, 0xFF, 0x00,
        0xFF, 0xFF, 0xFF, 0x00, 0xFF, 0xFF, 0xFF, 0x00, 0xFF, 0xFF, 0xFF, 0x00,
        0xFF, 0xFF, 0xFF, 0x00, 0xFF, 0xFF, 0xFF, 0x00, 0xFF, 0xFF, 0xFF, 0x00,
        0xFF, 0xFF, 0xFF, 0x00, 0xFF, 0xFF, 0xFF, 0x00, 0xFF, 0xFF, 0xFF, 0x00,
        0xFF, 0xFF, 0xFF, 0x00, 0xFF, 0xFF, 0xFF, 0x00, 0xFF, 0xFF, 0xFF, 0x00,
        0xFF, 0xFF, 0xFF, 0x00, 0xFF, 0xFF, 0xFF, 0x00, 0xFF, 0xFF, 0xFF, 0x00,
        0xFF, 0xFF, 0xFF, 0x00, 0xFF, 0xFF, 0xFF, 0x00, 0xFF, 0xFF, 0xFF, 0x00,
        0xFF, 0xFF, 0xFF, 0x00, 0xFF, 0xFF, 0xFF, 0x00, 0xFF, 0xFF, 0xFF, 0x00,
        0xFF, 0xFF, 0xFF, 0x00, 0xFF, 0xFF, 0xFF, 0x00, 0xFF, 0xFF, 0xFF, 0x00,
        0xFF, 0xFF, 0xFF, 0x00, 0xFF, 0xFF, 0xFF, 0x00, 0xFF, 0xFF, 0xFF, 0x00,
        0xFF, 0xFF, 0xFF, 0x00, 0xFF, 0xFF, 0xFF, 0x00, 0xFF, 0xFF, 0xFF, 0x00,
        0xFF, 0xFF, 0xFF, 0x00, 0xFF, 0xFF, 0xFF, 0x00, 0xFF, 0xFF, 0xFF, 0x00,
        0xFF, 0xFF, 0xFF, 0x00, 0xFF, 0xFF, 0xFF, 0x00, 0xFF, 0xFF, 0xFF, 0x00,
        0xFF, 0xFF, 0xFF, 0x00, 0xFF, 0xFF, 0xFF, 0x00, 0xFF, 0xFF, 0xFF, 0x00,
        0xFF, 0xFF, 0xFF, 0x00, 0xFF, 0xFF, 0xFF, 0x00, 0xFF, 0xFF, 0xFF, 0x00,
        0xFF, 0xFF, 0xFF, 0x00, 0xFF, 0xFF, 0xFF, 0x00, 0xFF, 0xFF, 0xFF, 0x00,
        0xFF, 0xFF, 0xFF, 0x00, 0xFF, 0xFF, 0xFF, 0x00, 0xFF, 0xFF, 0xFF, 0x00,
        0xFF, 0xFF, 0xFF, 0x00, 0xFF, 0xFF, 0xFF, 0x00, 0xFF, 0xFF, 0xFF, 0x00,
        0xFF, 0xFF, 0xFF, 0x00, 0xFF, 0xFF, 0xFF, 0x00, 0xFF, 0xFF, 0xFF, 0x00,
        0xFF, 0xFF, 0xFF, 0x00, 0xFF, 0xFF, 0xFF, 0x00, 0xFF, 0xFF, 0xFF, 0x00,
        0xFF, 0xFF, 0xFF, 0x00, 0xFF, 0xFF, 0xFF, 0x00, 0xFF, 0xFF, 0xFF, 0x00,
        0xFF, 0xFF, 0xFF, 0x00, 0xFF, 0xFF, 0xFF, 0x00, 0xFF, 0xFF, 0xFF, 0x00,
        0xFF, 0xFF, 0xFF, 0x00, 0xFF, 0xFF, 0xFF, 0x00, 0xFF, 0xFF, 0xFF, 0x00,
        0xFF, 0xFF, 0xFF, 0x00, 0xFF, 0xFF, 0xFF, 0x00, 0xFF, 0xFF, 0xFF, 0x00,
        0xFF, 0xFF, 0xFF, 0x00, 0xFF, 0xFF, 0xFF, 0x00, 0xFF, 0xFF, 0xFF, 0x00,
        0xFF, 0xFF, 0xFF, 0x00, 0xFF, 0xFF, 0xFF, 0x00, 0xFF, 0xFF, 0xFF, 0x00,
        0xFF, 0xFF, 0xFF, 0x00, 0xFF, 0xFF, 0xFF, 0x00, 0xFF, 0xFF, 0xFF, 0x00,
        0xFF, 0xFF, 0xFF, 0x00, 0xFF, 0xFF, 0xFF, 0x00, 0xFF, 0xFF, 0xFF, 0x00,
        0xFF, 0xFF, 0xFF, 0x00, 0xFF, 0xFF, 0xFF, 0x00, 0xFF, 0xFF, 0xFF, 0x00,
        0xFF, 0xFF, 0xFF, 0x00, 0xFF, 0xFF, 0xFF, 0x00, 0xFF, 0xFF, 0xFF, 0x00,
        0xFF, 0xFF, 0xFF, 0x00, 0xFF, 0xFF, 0xFF, 0x00, 0xFF, 0xFF, 0xFF, 0x00,
        0xFF, 0xFF, 0xFF, 0x00, 0xFF, 0xFF, 0xFF, 0x00, 0xFF, 0xFF, 0xFF, 0x00,
        0xFF, 0xFF, 0xFF, 0x00, 0xFF, 0xFF, 0xFF, 0x00, 0xFF, 0xFF, 0xFF, 0x00,
        0xFF, 0xFF, 0xFF, 0x00, 0xFF, 0xFF, 0xFF, 0x00, 0xFF, 0xFF, 0xFF, 0x00,
        0xFF, 0xFF, 0xFF, 0x00, 0xFF, 0xFF, 0xFF, 0x00, 0xFF, 0xFF, 0xFF, 0x00,
        0xFF, 0xFF, 0xFF, 0x00, 0xFF, 0xFF, 0xFF, 0x00, 0xFF, 0xFF, 0xFF, 0x00,
        0xFF, 0xFF, 0xFF, 0x00, 0xFF, 0xFF, 0xFF, 0x00, 0xFF, 0xFF, 0xFF, 0x00,
        0xFF, 0xFF, 0xFF, 0x00, 0xFF, 0xFF, 0xFF, 0x00, 0xFF, 0xFF, 0xFF, 0x00,
        0xFF, 0xFF, 0xFF, 0x00, 0xFF, 0xFF, 0xFF, 0x00, 0xFF, 0xFF, 0xFF, 0x00,
        0xFF, 0xFF, 0xFF, 0x00, 0xFF, 0xFF, 0xFF, 0x00, 0xFF, 0xFF, 0xFF, 0x00,
        0xFF, 0xFF, 0xFF, 0x00, 0xFF, 0xFF, 0xFF, 0x00, 0xFF, 0xFF, 0xFF, 0x00,
        0xFF, 0xFF, 0xFF, 0x00, 0xFF, 0xFF, 0xFF, 0x00, 0xFF, 0xFF, 0xFF, 0x00,
        0xFF, 0xFF, 0xFF, 0x00, 0xFF, 0xFF, 0xFF, 0x00, 0xFF, 0xFF, 0xFF, 0x00,
        0xFF, 0xFF, 0xFF, 0x00, 0xFF, 0xFF, 0xFF, 0x00, 0xFF, 0xFF, 0xFF, 0x00,
        0xFF, 0xFF, 0xFF, 0x00, 0xFF, 0xFF, 0xFF, 0x00, 0xFF, 0xFF, 0xFF, 0x00,
        0xFF, 0xFF, 0xFF, 0x00, 0xFF, 0xFF, 0xFF, 0x00, 0xFF, 0xFF, 0xFF, 0x00,
        0xFF, 0xFF, 0xFF, 0x00, 0xFF, 0xFF, 0xFF, 0x00, 0xFF, 0xFF, 0xFF, 0x00,
        0xFF, 0xFF, 0xFF, 0x00, 0xFF, 0xFF, 0xFF, 0x00, 0xFF, 0xFF, 0xFF, 0x00,
        0xFF, 0xFF, 0xFF, 0x00, 0xFF, 0xFF, 0xFF, 0x00, 0xFF, 0xFF, 0xFF, 0x00,
        0xFF, 0xFF, 0xFF, 0x00, 0xFF, 0xFF, 0xFF, 0x00, 0xFF, 0xFF, 0xFF, 0x00,
        0xFF, 0xFF, 0xFF, 0x00, 0xFF, 0xFF, 0xFF, 0x00, 0xFF, 0xFF, 0xFF, 0x00,
        0xFF, 0xFF, 0xFF, 0x00, 0xFF, 0xFF, 0xFF, 0x00, 0xFF, 0xFF, 0xFF, 0x00,
        0xFF, 0xFF, 0xFF, 0x00, 0xFF, 0xFF, 0xFF, 0x00, 0xFF, 0xFF, 0xFF, 0x00,
        0xFF, 0xFF, 0xFF, 0x00, 0xFF, 0xFF, 0xFF, 0x00, 0xFF, 0xFF, 0xFF, 0x00,
        0xFF, 0xFF, 0xFF, 0x00, 0xFF, 0xFF, 0xFF, 0x00, 0xFF, 0xFF, 0xFF, 0x00,
        0xFF, 0xFF, 0xFF, 0x00, 0xFF, 0xFF, 0xFF, 0x00, 0xFF, 0xFF, 0xFF, 0x00,
        0xFF, 0xFF, 0xFF, 0x00, 0xFF, 0xFF, 0xFF, 0x00, 0xFF, 0xFF, 0xFF, 0x00,
        0xFF, 0xFF, 0xFF, 0x00, 0xFF, 0xFF, 0xFF, 0x00, 0xFF, 0xFF, 0xFF, 0x00,
        0xFF, 0xFF, 0xFF, 0x00, 0xFF, 0xFF, 0xFF, 0x00, 0xFF, 0xFF, 0xFF, 0x00,
        0xFF, 0xFF, 0xFF, 0x00, 0xFF, 0xFF, 0xFF, 0x00, 0xFF, 0xFF, 0xFF, 0x00,
        0xFF, 0xFF, 0xFF, 0x00, 0xFF, 0xFF, 0xFF, 0x00, 0xFF, 0xFF, 0xFF, 0x00,
        0xFF, 0xFF, 0xFF, 0x00, 0xFF, 0xFF, 0xFF, 0x00, 0xFF, 0xFF, 0xFF, 0x00,
        0xFF, 0xFF, 0xFF, 0x00, 0xFF, 0xFF, 0xFF, 0x00, 0xFF, 0xFF, 0xFF, 0x00,
        0xFF, 0xFF, 0xFF, 0x00, 0xFF, 0xFF, 0xFF, 0x00, 0xFF, 0xFF, 0xFF, 0x00,
        0xFF, 0xFF, 0xFF, 0x00, 0xFF, 0xFF, 0xFF, 0x00, 0xFF, 0xFF, 0xFF, 0x00,
        0xFF, 0xFF, 0xFF, 0x00, 0xFF, 0xFF, 0xFF, 0x00, 0xFF, 0xFF, 0xFF, 0x00,
        0xFF, 0xFF, 0xFF, 0x00, 0xFF, 0xFF, 0xFF, 0x00, 0xFF, 0xFF, 0xFF, 0x00,
        0xFF, 0xFF, 0xFF, 0x00, 0xFF, 0xFF, 0xFF, 0x00, 0xFF, 0xFF, 0xFF, 0x00,
        0xFF, 0xFF, 0xFF, 0x00, 0xFF, 0xFF, 0xFF, 0x00, 0xFF, 0xFF, 0xFF, 0x00,
        0xFF, 0xFF, 0xFF, 0x00, 0xFF, 0xFF, 0xFF, 0x00, 0xFF, 0xFF, 0xFF, 0x00,
        0xFF, 0xFF, 0xFF, 0x00, 0xFF, 0xFF, 0xFF, 0x00, 0xFF, 0xFF, 0xFF, 0x00,
        0xFF, 0xFF, 0xFF, 0x00, 0xFF, 0xFF, 0xFF, 0x00, 0xFF, 0xFF, 0xFF, 0x00,
        0xFF, 0xFF, 0xFF, 0x00, 0xFF, 0xFF, 0xFF, 0x00, 0xFF, 0xFF, 0xFF, 0x00,
        0xFF, 0xFF, 0xFF, 0x00, 0xFF, 0xFF, 0xFF, 0x00, 0xFF, 0xFF, 0xFF, 0x00,
        0xFF, 0xFF, 0xFF, 0x00, 0xFF, 0xFF, 0xFF, 0x00, 0xFF, 0xFF, 0xFF, 0x00,
        0xFF, 0xFF, 0xFF, 0x00, 0xFF, 0xFF, 0xFF, 0x00, 0xFF, 0xFF, 0xFF, 0x00,
        0xFF, 0xFF, 0xFF, 0x00, 0xFF, 0xFF, 0xFF, 0x00, 0xFF, 0xFF, 0xFF, 0x00,
        0xFF, 0xFF, 0xFF, 0x00, 0xFF, 0xFF, 0xFF, 0x00, 0xFF, 0xFF, 0xFF, 0x00,
        0xFF, 0xFF, 0xFF, 0x00, 0xFF, 0xFF, 0xFF, 0x00, 0xFF, 0xFF, 0xFF, 0x00,
        0xFF, 0xFF, 0xFF, 0x00, 0xFF, 0xFF, 0xFF, 0x00, 0xFF, 0xFF, 0xFF, 0x00,
        0xFF, 0xFF, 0xFF, 0x00, 0xFF, 0xFF, 0xFF, 0x00, 0xFF, 0xFF, 0xFF, 0x00,
        0xFF, 0xFF, 0xFF, 0x00, 0xFF, 0xFF, 0xFF, 0x00, 0xFF, 0xFF, 0xFF, 0x00,
        0xFF, 0xFF, 0xFF, 0x00, 0xFF, 0xFF, 0xFF, 0x00, 0xFF, 0xFF, 0xFF, 0x00,
        0xFF, 0xFF, 0xFF, 0x00, 0xFF, 0xFF, 0xFF, 0x00, 0xFF, 0xFF, 0xFF, 0x00,
        0xFF, 0xFF, 0xFF, 0x00, 0xFF, 0xFF, 0xFF, 0x00, 0xFF, 0xFF, 0xFF, 0x00,
        0xFF, 0xFF, 0xFF, 0x00, 0xFF, 0xFF, 0xFF, 0x00, 0xFF, 0xFF, 0xFF, 0x00,
        0xFF, 0xFF, 0xFF, 0x00, 0xFF, 0xFF, 0xFF, 0x00, 0xFF, 0xFF, 0xFF, 0x00,
        0xFF, 0xFF, 0xFF, 0x00, 0xFF, 0xFF, 0xFF, 0x00, 0xFF, 0xFF, 0xFF, 0x00,
        0xFF, 0xFF, 0xFF, 0x00, 0xFF, 0xFF, 0xFF, 0x00, 0xFF, 0xFF, 0xFF, 0x00,
        0xFF, 0xFF, 0xFF, 0x00, 0xFF, 0xFF, 0xFF, 0x00, 0xFF, 0xFF, 0xFF, 0x00,
        0xFF, 0xFF, 0xFF, 0x00, 0xFF, 0xFF, 0xFF, 0x00, 0xFF, 0xFF, 0xFF, 0x00,
        0xFF, 0xFF, 0xFF, 0x00, 0xFF, 0xFF, 0xFF, 0x00, 0xFF, 0xFF, 0xFF, 0x00,
        0xFF, 0xFF, 0xFF, 0x00, 0xFF, 0xFF, 0xFF, 0x00, 0xFF, 0xFF, 0xFF, 0x00,
        0xFF, 0xFF, 0xFF, 0x00, 0xFF, 0xFF, 0xFF, 0x00, 0xFF, 0xFF, 0xFF, 0x00,
        0xFF, 0xFF, 0xFF, 0x00, 0xFF, 0xFF, 0xFF, 0x00, 0xFF, 0xFF, 0xFF, 0x00,
        0xFF, 0xFF, 0xFF, 0x00, 0xFF, 0xFF, 0xFF, 0x00, 0xFF, 0xFF, 0xFF, 0x00,
        0xFF, 0xFF, 0xFF, 0x00, 0xFF, 0xFF, 0xFF, 0x00, 0xFF, 0xFF, 0xFF, 0x00,
        0xFF, 0xFF, 0xFF, 0x00, 0xFF, 0xFF, 0xFF, 0x00, 0xFF, 0xFF, 0xFF, 0x00,
        0xFF, 0xFF, 0xFF, 0x00, 0xFF, 0xFF, 0xFF, 0x00, 0xFF, 0xFF, 0xFF, 0x00,
        0xFF, 0xFF, 0xFF, 0x00, 0xFF, 0xFF, 0xFF, 0x00, 0xFF, 0xFF, 0xFF, 0x00,
        0xFF, 0xFF, 0xFF, 0x00, 0xFF, 0xFF, 0xFF, 0x00, 0xFF, 0xFF, 0xFF, 0x00,
        0xFF, 0xFF, 0xFF, 0x00, 0xFF, 0xFF, 0xFF, 0x00, 0xFF, 0xFF, 0xFF, 0x00,
        0xFF, 0xFF, 0xFF, 0x00, 0xFF, 0xFF, 0xFF, 0x00, 0xFF, 0xFF, 0xFF, 0x00,
        0xFF, 0xFF, 0xFF, 0x00, 0xFF, 0xFF, 0xFF, 0x00, 0xFF, 0xFF, 0xFF, 0x00,
        0xFF, 0xFF, 0xFF, 0x00, 0xFF, 0xFF, 0xFF, 0x00, 0xFF, 0xFF, 0xFF, 0x00,
        0xFF, 0xFF, 0xFF, 0x00, 0xFF, 0xFF, 0xFF, 0x00, 0xFF, 0xFF, 0xFF, 0x00,
        0xFF, 0xFF, 0xFF, 0x00, 0xFF, 0xFF, 0xFF, 0x00, 0xFF, 0xFF, 0xFF, 0x00,
        0xFF, 0xFF, 0xFF, 0x00, 0xFF, 0xFF, 0xFF, 0x00, 0xFF, 0xFF, 0xFF, 0x00,
        0xFF, 0xFF, 0xFF, 0x00, 0xFF, 0xFF, 0xFF, 0x00, 0xFF, 0xFF, 0xFF, 0x00,
        0xFF, 0xFF, 0xFF, 0x00, 0xFF, 0xFF, 0xFF, 0x00, 0xFF, 0xFF, 0xFF, 0x00,
        0xFF, 0xFF, 0xFF, 0x00, 0xFF, 0xFF, 0xFF, 0x00, 0xFF, 0xFF, 0xFF, 0x00,
        0xFF, 0xFF, 0xFF, 0x00, 0xFF, 0xFF, 0xFF, 0x00, 0xFF, 0xFF, 0xFF, 0x00,
        0xFF, 0xFF, 0xFF, 0x00, 0xFF, 0xFF, 0xFF, 0x00, 0xFF, 0xFF, 0xFF, 0x00,
        0xFF, 0xFF, 0xFF, 0x00, 0xFF, 0xFF, 0xFF, 0x00, 0xFF, 0xFF, 0xFF, 0x00,
        0xFF, 0xFF, 0xFF, 0x00, 0xFF, 0xFF, 0xFF, 0x00, 0xFF, 0xFF, 0xFF, 0x00,
        0xFF, 0xFF, 0xFF, 0x00, 0xFF, 0xFF, 0xFF, 0x00, 0xFF, 0xFF, 0xFF, 0x00,
        0xFF, 0xFF, 0xFF, 0x00, 0xFF, 0xFF, 0xFF, 0x00, 0xFF, 0xFF, 0xFF, 0x00,
        0xFF, 0xFF, 0xFF, 0x00, 0xFF, 0xFF, 0xFF, 0x00, 0xFF, 0xFF, 0xFF, 0x00,
        0xFF, 0xFF, 0xFF, 0x00, 0xFF, 0xFF, 0xFF, 0x00, 0xFF, 0xFF, 0xFF, 0x00,
        0xFF, 0xFF, 0xFF, 0x00, 0xFF, 0xFF, 0xFF, 0x00, 0xFF, 0xFF, 0xFF, 0x00,
        0xFF, 0xFF, 0xFF, 0x00, 0xFF, 0xFF, 0xFF, 0x00, 0xFF, 0xFF, 0xFF, 0x00,
        0xFF, 0xFF, 0xFF, 0x00, 0xFF, 0xFF, 0xFF, 0x00, 0xFF, 0xFF, 0xFF, 0x00,
        0xFF, 0xFF, 0xFF, 0x00, 0xFF, 0xFF, 0xFF, 0x00, 0xFF, 0xFF, 0xFF, 0x00,
        0xFF, 0xFF, 0xFF, 0x00, 0xFF, 0xFF, 0xFF, 0x00, 0xFF, 0xFF, 0xFF, 0x00,
        0xFF, 0xFF, 0xFF, 0x00, 0xFF, 0xFF, 0xFF, 0x00, 0xFF, 0xFF, 0xFF, 0x00,
        0xFF, 0xFF, 0xFF, 0x00, 0xFF, 0xFF, 0xFF, 0x00, 0xFF, 0xFF, 0xFF, 0x00,
        0xFF, 0xFF, 0xFF, 0x00, 0xFF, 0xFF, 0xFF, 0x00, 0xFF, 0xFF, 0xFF, 0x00,
        0xFF, 0xFF, 0xFF, 0x00, 0xFF, 0xFF, 0xFF, 0x00, 0xFF, 0xFF, 0xFF, 0x00,
        0xFF, 0xFF, 0xFF, 0x00, 0xFF, 0xFF, 0xFF, 0x00, 0xFF, 0xFF, 0xFF, 0x00,
        0xFF, 0xFF, 0xFF, 0x00, 0xFF, 0xFF, 0xFF, 0x00, 0xFF, 0xFF, 0xFF, 0x00,
        0xFF, 0xFF, 0xFF, 0x00, 0xFF, 0xFF, 0xFF, 0x00, 0xFF, 0xFF, 0xFF, 0x00,
        0xFF, 0xFF, 0xFF, 0x00, 0xFF, 0xFF, 0xFF, 0x00, 0xFF, 0xFF, 0xFF, 0x00,
        0xFF, 0xFF, 0xFF, 0x00, 0xFF, 0xFF, 0xFF, 0x00, 0xFF, 0xFF, 0xFF, 0x00,
        0xFF, 0xFF, 0xFF, 0x00, 0xFF, 0xFF, 0xFF, 0x00, 0xFF, 0xFF, 0xFF, 0x00,
        0xFF, 0xFF, 0xFF, 0x00, 0xFF, 0xFF, 0xFF, 0x00, 0xFF, 0xFF, 0xFF, 0x00,
        0xFF, 0xFF, 0xFF, 0x00, 0xFF, 0xFF, 0xFF, 0x00, 0xFF, 0xFF, 0xFF, 0x00,
        0xFF, 0xFF, 0xFF, 0x00, 0xFF, 0xFF, 0xFF, 0x00, 0xFF, 0xFF, 0xFF, 0x00,
        0xFF, 0xFF, 0xFF, 0x00, 0xFF, 0xFF, 0xFF, 0x00, 0xFF, 0xFF, 0xFF, 0x00,
        0xFF, 0xFF, 0xFF, 0x00, 0xFF, 0xFF, 0xFF, 0x00, 0xFF, 0xFF, 0xFF, 0x00,
        0xFF, 0xFF, 0xFF, 0x00, 0xFF, 0xFF, 0xFF, 0x00, 0xFF, 0xFF, 0xFF, 0x00,
        0xFF, 0xFF, 0xFF, 0x00, 0xFF, 0xFF, 0xFF, 0x00, 0xFF, 0xFF, 0xFF, 0x00,
        0xFF, 0xFF, 0xFF, 0x00, 0xFF, 0xFF, 0xFF, 0x00, 0xFF, 0xFF, 0xFF, 0x00,
        0xFF, 0xFF, 0xFF, 0x00, 0xFF, 0xFF, 0xFF, 0x00, 0xFF, 0xFF, 0xFF, 0x00,
        0xFF, 0xFF, 0xFF, 0x00, 0xFF, 0xFF, 0xFF, 0x00, 0xFF, 0xFF, 0xFF, 0x00,
        0xFF, 0xFF, 0xFF, 0x00, 0xFF, 0xFF, 0xFF, 0x00, 0xFF, 0xFF, 0xFF, 0x00,
        0xFF, 0xFF, 0xFF, 0x00, 0xFF, 0xFF, 0xFF, 0x00, 0xFF, 0xFF, 0xFF, 0x00,
        0xFF, 0xFF, 0xFF, 0x00, 0xFF, 0xFF, 0xFF, 0x00, 0xFF, 0xFF, 0xFF, 0x00,
        0xFF, 0xFF, 0xFF, 0x00, 0xFF, 0xFF, 0xFF, 0x00, 0xFF, 0xFF, 0xFF, 0x00,
        0xFF, 0xFF, 0xFF, 0x00, 0xFF, 0xFF, 0xFF, 0x00, 0xFF, 0xFF, 0xFF, 0x00,
        0xFF, 0xFF, 0xFF, 0x00, 0xFF, 0xFF, 0xFF, 0x00, 0xFF, 0xFF, 0xFF, 0x00,
        0xFF, 0xFF, 0xFF, 0x00, 0xFF, 0xFF, 0xFF, 0x00, 0xFF, 0xFF, 0xFF, 0x00,
        0xFF, 0xFF, 0xFF, 0x00, 0xFF, 0xFF, 0xFF, 0x00, 0xFF, 0xFF, 0xFF, 0x00,
        0xFF, 0xFF, 0xFF, 0x00, 0xFF, 0xFF, 0xFF, 0x00, 0xFF, 0xFF, 0xFF, 0x00,
        0xFF, 0xFF, 0xFF, 0x00, 0xFF, 0xFF, 0xFF, 0x00, 0xFF, 0xFF, 0xFF, 0x00,
        0xFF, 0xFF, 0xFF, 0x00, 0xFF, 0xFF, 0xFF, 0x00, 0xFF, 0xFF, 0xFF, 0x00,
        0xFF, 0xFF, 0xFF, 0x00, 0xFF, 0xFF, 0xFF, 0x00, 0xFF, 0xFF, 0xFF, 0x00,
        0xFF, 0xFF, 0xFF, 0x00, 0xFF, 0xFF, 0xFF, 0x00, 0xFF, 0xFF, 0xFF, 0x00,
        0xFF, 0xFF, 0xFF, 0x00, 0xFF, 0xFF, 0xFF, 0x00, 0xFF, 0xFF, 0xFF, 0x00,
        0xFF, 0xFF, 0xFF, 0x00, 0xFF, 0xFF, 0xFF, 0x00, 0xFF, 0xFF, 0xFF, 0x00,
        0xFF, 0xFF, 0xFF, 0x00, 0xFF, 0xFF, 0xFF, 0x00, 0xFF, 0xFF, 0xFF, 0x00,
        0xFF, 0xFF, 0xFF, 0x00, 0xFF, 0xFF, 0xFF, 0x00, 0xFF, 0xFF, 0xFF, 0x00,
        0xFF, 0xFF, 0xFF, 0x00, 0xFF, 0xFF, 0xFF, 0x00, 0xFF, 0xFF, 0xFF, 0x00,
        0xFF, 0xFF, 0xFF, 0x00, 0xFF, 0xFF, 0xFF, 0x00, 0xFF, 0xFF, 0xFF, 0x00,
        0xFF, 0xFF, 0xFF, 0x00, 0xFF, 0xFF, 0xFF, 0x00, 0xFF, 0xFF, 0xFF, 0x00,
        0xFF, 0xFF, 0xFF, 0x00, 0xFF, 0xFF, 0xFF, 0x00, 0xFF, 0xFF, 0xFF, 0x00,
        0xFF, 0xFF, 0xFF, 0x00, 0xFF, 0xFF, 0xFF, 0x00, 0xFF, 0xFF, 0xFF, 0x00,
        0xFF, 0xFF, 0xFF, 0x00, 0xFF, 0xFF, 0xFF, 0x00, 0xFF, 0xFF, 0xFF, 0x00,
        0xFF, 0xFF, 0xFF, 0x00, 0xFF, 0xFF, 0xFF, 0x00, 0xFF, 0xFF, 0xFF, 0x00,
        0xFF, 0xFF, 0xFF, 0x00, 0xFF, 0xFF, 0xFF, 0x00, 0xFF, 0xFF, 0xFF, 0x00,
        0xFF, 0xFF, 0xFF, 0x00, 0xFF, 0xFF, 0xFF, 0x00, 0xFF, 0xFF, 0xFF, 0x00,
        0xFF, 0xFF, 0xFF, 0x00, 0xFF, 0xFF, 0xFF, 0x00, 0xFF, 0xFF, 0xFF, 0x00,
        0xFF, 0xFF, 0xFF, 0x00, 0xFF, 0xFF, 0xFF, 0x00, 0xFF, 0xFF, 0xFF, 0x00,
        0xFF, 0xFF, 0xFF, 0x00, 0xFF, 0xFF, 0xFF, 0x00, 0xFF, 0xFF, 0xFF, 0x00,
        0xFF, 0xFF, 0xFF, 0x00, 0xFF, 0xFF, 0xFF, 0x00, 0xFF, 0xFF, 0xFF, 0x00,
        0xFF, 0xFF, 0xFF, 0x00, 0xFF, 0xFF, 0xFF, 0x00, 0xFF, 0xFF, 0xFF, 0x00,
        0xFF, 0xFF, 0xFF, 0x00, 0xFF, 0xFF, 0xFF, 0x00, 0xFF, 0xFF, 0xFF, 0x00,
        0xFF, 0xFF, 0xFF, 0x00, 0xFF, 0xFF, 0xFF, 0x00, 0xFF, 0xFF, 0xFF, 0x00,
        0xFF, 0xFF, 0xFF, 0x00, 0xFF, 0xFF, 0xFF, 0x00, 0xFF, 0xFF, 0xFF, 0x00,
        0xFF, 0xFF, 0xFF, 0x00, 0xFF, 0xFF, 0xFF, 0x00, 0xFF, 0xFF, 0xFF, 0x00,
        0xFF, 0xFF, 0xFF, 0x00, 0xFF, 0xFF, 0xFF, 0x00, 0xFF, 0xFF, 0xFF, 0x00,
        0xFF, 0xFF, 0xFF, 0x00, 0xFF, 0xFF, 0xFF, 0x00, 0xFF, 0xFF, 0xFF, 0x00,
        0xFF, 0xFF, 0xFF, 0x00, 0xFF, 0xFF, 0xFF, 0x00, 0xFF, 0xFF, 0xFF, 0x00,
        0xFF, 0xFF, 0xFF, 0x00, 0xFF, 0xFF, 0xFF, 0x00, 0xFF, 0xFF, 0xFF, 0x00,
        0xFF, 0xFF, 0xFF, 0x00, 0xFF, 0xFF, 0xFF, 0x00, 0xFF, 0xFF, 0xFF, 0x00,
        0xFF, 0xFF, 0xFF, 0x00, 0xFF, 0xFF, 0xFF, 0x00, 0xFF, 0xFF, 0xFF, 0x00,
        0xFF, 0xFF, 0xFF, 0x00, 0xFF, 0xFF, 0xFF, 0x00, 0xFF, 0xFF, 0xFF, 0x00,
        0xFF, 0xFF, 0xFF, 0x00, 0xFF, 0xFF, 0xFF, 0x00, 0xFF, 0xFF, 0xFF, 0x00,
        0xFF, 0xFF, 0xFF, 0x00, 0xFF, 0xFF, 0xFF, 0x00, 0xFF, 0xFF, 0xFF, 0x00,
        0xFF, 0xFF, 0xFF, 0x00, 0xFF, 0xFF, 0xFF, 0x00, 0xFF, 0xFF, 0xFF, 0x00,
        0xFF, 0xFF, 0xFF, 0x00, 0xFF, 0xFF, 0xFF, 0x00, 0xFF, 0xFF, 0xFF, 0x00,
        0xFF, 0xFF, 0xFF, 0x00, 0xFF, 0xFF, 0xFF, 0x00, 0xFF, 0xFF, 0xFF, 0x00,
        0xFF, 0xFF, 0xFF, 0x00, 0xFF, 0xFF, 0xFF, 0x00, 0xFF, 0xFF, 0xFF, 0x00,
        0xFF, 0xFF, 0xFF, 0x00, 0xFF, 0xFF, 0xFF, 0x00, 0xFF, 0xFF, 0xFF, 0x00,
        0xFF, 0xFF, 0xFF, 0x00, 0xFF, 0xFF, 0xFF, 0x00, 0xFF, 0xFF, 0xFF, 0x00,
        0xFF, 0xFF, 0xFF, 0x00, 0xFF, 0xFF, 0xFF, 0x00, 0xFF, 0xFF, 0xFF, 0x00,
        0xFF, 0xFF, 0xFF, 0x00, 0xFF, 0xFF, 0xFF, 0x00, 0xFF, 0xFF, 0xFF, 0x00,
        0xFF, 0xFF, 0xFF, 0x00, 0xFF, 0xFF, 0xFF, 0x00, 0xFF, 0xFF, 0xFF, 0x00,
        0xFF, 0xFF, 0xFF, 0x00, 0xFF, 0xFF, 0xFF, 0x00, 0xFF, 0xFF, 0xFF, 0x00,
        0xFF, 0xFF, 0xFF, 0x00, 0xFF, 0xFF, 0xFF, 0x00, 0xFF, 0xFF, 0xFF, 0x00,
        0xFF, 0xFF, 0xFF, 0x00, 0xFF, 0xFF, 0xFF, 0x00, 0xFF, 0xFF, 0xFF, 0x00,
        0xFF, 0xFF, 0xFF, 0x00, 0xFF, 0xFF, 0xFF, 0x00, 0xFF, 0xFF, 0xFF, 0x00,
        0xFF, 0xFF, 0xFF, 0x00, 0xFF, 0xFF, 0xFF, 0x00, 0xFF, 0xFF, 0xFF, 0x00,
        0xFF, 0xFF, 0xFF, 0x00, 0xFF, 0xFF, 0xFF, 0x00, 0xFF, 0xFF, 0xFF, 0x00,
        0xFF, 0xFF, 0xFF, 0x00, 0xFF, 0xFF, 0xFF, 0x00, 0xFF, 0xFF, 0xFF, 0x00,
        0xFF, 0xFF, 0xFF, 0x00, 0xFF, 0xFF, 0xFF, 0x00, 0xFF, 0xFF, 0xFF, 0x00,
        0xFF, 0xFF, 0xFF, 0x00, 0xFF, 0xFF, 0xFF, 0x00, 0xFF, 0xFF, 0xFF, 0x00,
        0xFF, 0xFF, 0xFF, 0x00, 0xFF, 0xFF, 0xFF, 0x00, 0xFF, 0xFF, 0xFF, 0x00,
        0xFF, 0xFF, 0xFF, 0x00, 0xFF, 0xFF, 0xFF, 0x00, 0xFF, 0xFF, 0xFF, 0x00,
        0xFF, 0xFF, 0xFF, 0x00, 0xFF, 0xFF, 0xFF, 0x00, 0xFF, 0xFF, 0xFF, 0x00,
        0xFF, 0xFF, 0xFF, 0x00, 0xFF, 0xFF, 0xFF, 0x00, 0xFF, 0xFF, 0xFF, 0x00,
        0xFF, 0xFF, 0xFF, 0x00, 0xFF, 0xFF, 0xFF, 0x00, 0xFF, 0xFF, 0xFF, 0x00,
        0xFF, 0xFF, 0xFF, 0x00, 0xFF, 0xFF, 0xFF, 0x00, 0xFF, 0xFF, 0xFF, 0x00,
        0xFF, 0xFF, 0xFF, 0x00, 0xFF, 0xFF, 0xFF, 0x00, 0xFF, 0xFF, 0xFF, 0x00,
        0xFF, 0xFF, 0xFF, 0x00, 0xFF, 0xFF, 0xFF, 0x00, 0xFF, 0xFF, 0xFF, 0x00,
        0xFF, 0xFF, 0xFF, 0x00, 0xFF, 0xFF, 0xFF, 0x00, 0xFF, 0xFF, 0xFF, 0x00,
        0xFF, 0xFF, 0xFF, 0x00, 0xFF, 0xFF, 0xFF, 0x00, 0xFF, 0xFF, 0xFF, 0x00,
        0xFF, 0xFF, 0xFF, 0x00, 0xFF, 0xFF, 0xFF, 0x00, 0xFF, 0xFF, 0xFF, 0x00,
        0xFF, 0xFF, 0xFF, 0x00, 0xFF, 0xFF, 0xFF, 0x00, 0xFF, 0xFF, 0xFF, 0x00,
        0xFF, 0xFF, 0xFF, 0x00, 0xFF, 0xFF, 0xFF, 0x00, 0xFF, 0xFF, 0xFF, 0x00,
        0xFF, 0xFF, 0xFF, 0x00, 0xFF, 0xFF, 0xFF, 0x00, 0xFF, 0xFF, 0xFF, 0x00,
        0xFF, 0xFF, 0xFF, 0x00, 0xFF, 0xFF, 0xFF, 0x00, 0xFF, 0xFF, 0xFF, 0x00,
        0xFF, 0xFF, 0xFF, 0x00, 0xFF, 0xFF, 0xFF, 0x00, 0xFF, 0xFF, 0xFF, 0x00,
        0xFF, 0xFF, 0xFF, 0x00, 0xFF, 0xFF, 0xFF, 0x00, 0xFF, 0xFF, 0xFF, 0x00,
        0xFF, 0xFF, 0xFF, 0x00, 0xFF, 0xFF, 0xFF, 0x00, 0xFF, 0xFF, 0xFF, 0x00,
        0xFF, 0xFF, 0xFF, 0x00, 0xFF, 0xFF, 0xFF, 0x00, 0xFF, 0xFF, 0xFF, 0x00,
        0xFF, 0xFF, 0xFF, 0x00, 0xFF, 0xFF, 0xFF, 0x00, 0xFF, 0xFF, 0xFF, 0x00,
        0xFF, 0xFF, 0xFF, 0x00, 0xFF, 0xFF, 0xFF, 0x00, 0xFF, 0xFF, 0xFF, 0x00,
        0xFF, 0xFF, 0xFF, 0x00, 0xFF, 0xFF, 0xFF, 0x00, 0xFF, 0xFF, 0xFF, 0x00,
        0xFF, 0xFF, 0xFF, 0x00, 0xFF, 0xFF, 0xFF, 0x00, 0xFF, 0xFF, 0xFF, 0x00,
        0xFF, 0xFF, 0xFF, 0x00, 0xFF, 0xFF, 0xFF, 0x00, 0xFF, 0xFF, 0xFF, 0x00,
        0xFF, 0xFF, 0xFF, 0x00, 0xFF, 0xFF, 0xFF, 0x00, 0xFF, 0xFF, 0xFF, 0x00,
        0xFF, 0xFF, 0xFF, 0x00, 0xFF, 0xFF, 0xFF, 0x00, 0xFF, 0xFF, 0xFF, 0x00,
        0xFF, 0xFF, 0xFF, 0x00, 0xFF, 0xFF, 0xFF, 0x00, 0xFF, 0xFF, 0xFF, 0x00,
        0xFF, 0xFF, 0xFF, 0x00, 0xFF, 0xFF, 0xFF, 0x00, 0xFF, 0xFF, 0xFF, 0x00,
        0xFF, 0xFF, 0xFF, 0x00, 0xFF, 0xFF, 0xFF, 0x00, 0xFF, 0xFF, 0xFF, 0x00,
        0xFF, 0xFF, 0xFF, 0x00, 0xFF, 0xFF, 0xFF, 0x00, 0xFF, 0xFF, 0xFF, 0x00,
        0xFF, 0xFF, 0xFF, 0x00, 0xFF, 0xFF, 0xFF, 0x00, 0xFF, 0xFF, 0xFF, 0x00,
        0xFF, 0xFF, 0xFF, 0x00, 0xFF, 0xFF, 0xFF, 0x00, 0xFF, 0xFF, 0xFF, 0x00,
        0xFF, 0xFF, 0xFF, 0x00, 0xFF, 0xFF, 0xFF, 0x00, 0xFF, 0xFF, 0xFF, 0x00,
        0xFF, 0xFF, 0xFF, 0x00, 0xFF, 0xFF, 0xFF, 0x00, 0xFF, 0xFF, 0xFF, 0x00,
        0xFF, 0xFF, 0xFF, 0x00, 0xFF, 0xFF, 0xFF, 0x00, 0xFF, 0xFF, 0xFF, 0x00,
        0xFF, 0xFF, 0xFF, 0x00, 0xFF, 0xFF, 0xFF, 0x00, 0xFF, 0xFF, 0xFF, 0x00,
        0xFF, 0xFF, 0xFF, 0x00, 0xFF, 0xFF, 0xFF, 0x00, 0xFF, 0xFF, 0xFF, 0x00,
        0xFF, 0xFF, 0xFF, 0x00, 0xFF, 0xFF, 0xFF, 0x00, 0xFF, 0xFF, 0xFF, 0x00,
        0xFF, 0xFF, 0xFF, 0x00, 0xFF, 0xFF, 0xFF, 0x00, 0xFF, 0xFF, 0xFF, 0x00,
        0xFF, 0xFF, 0xFF, 0x00, 0xFF, 0xFF, 0xFF, 0x00, 0xFF, 0xFF, 0xFF, 0x00,
        0xFF, 0xFF, 0xFF, 0x00, 0xFF, 0xFF, 0xFF, 0x00, 0xFF, 0xFF, 0xFF, 0x00,
        0xFF, 0xFF, 0xFF, 0x00, 0xFF, 0xFF, 0xFF, 0x00, 0xFF, 0xFF, 0xFF, 0x00,
        0xFF, 0xFF, 0xFF, 0x00, 0xFF, 0xFF, 0xFF, 0x00, 0xFF, 0xFF, 0xFF, 0x00,
        0xFF, 0xFF, 0xFF, 0x00, 0xFF, 0xFF, 0xFF, 0x00, 0xFF, 0xFF, 0xFF, 0x00,
        0xFF, 0xFF, 0xFF, 0x00, 0xFF, 0xFF, 0xFF, 0x00, 0xFF, 0xFF, 0xFF, 0x00,
        0xFF, 0xFF, 0xFF, 0x00, 0xFF, 0xFF, 0xFF, 0x00, 0xFF, 0xFF, 0xFF, 0x00,
        0xFF, 0xFF, 0xFF, 0x00, 0xFF, 0xFF, 0xFF, 0x00, 0xFF, 0xFF, 0xFF, 0x00,
        0xFF, 0xFF, 0xFF, 0x00, 0xFF, 0xFF, 0xFF, 0x00, 0xFF, 0xFF, 0xFF, 0x00,
        0xFF, 0xFF, 0xFF, 0x00, 0xFF, 0xFF, 0xFF, 0x00, 0xFF, 0xFF, 0xFF, 0x00,
        0xFF, 0xFF, 0xFF, 0x00, 0xFF, 0xFF, 0xFF, 0x00, 0xFF, 0xFF, 0xFF, 0x00,
        0xFF, 0xFF, 0xFF, 0x00, 0xFF, 0xFF, 0xFF, 0x00, 0xFF, 0xFF, 0xFF, 0x00,
        0xFF, 0xFF, 0xFF, 0x00, 0xFF, 0xFF, 0xFF, 0x00, 0xFF, 0xFF, 0xFF, 0x00,
        0xFF, 0xFF, 0xFF, 0x00, 0xFF, 0xFF, 0xFF, 0x00, 0xFF, 0xFF, 0xFF, 0x00,
        0xFF, 0xFF, 0xFF, 0x00, 0xFF, 0xFF, 0xFF, 0x00, 0xFF, 0xFF, 0xFF, 0x00,
        0xFF, 0xFF, 0xFF, 0x00, 0xFF, 0xFF, 0xFF, 0x00, 0xFF, 0xFF, 0xFF, 0x00,
        0xFF, 0xFF, 0xFF, 0x00, 0xFF, 0xFF, 0xFF, 0x00, 0xFF, 0xFF, 0xFF, 0x00,
        0xFF, 0xFF, 0xFF, 0x00, 0xFF, 0xFF, 0xFF, 0x00, 0xFF, 0xFF, 0xFF, 0x00,
        0xFF, 0xFF, 0xFF, 0x00, 0xFF, 0xFF, 0xFF, 0x00, 0xFF, 0xFF, 0xFF, 0x00,
        0xFF, 0xFF, 0xFF, 0x00, 0xFF, 0xFF, 0xFF, 0x00, 0xFF, 0xFF, 0xFF, 0x00,
        0xFF, 0xFF, 0xFF, 0x00, 0xFF, 0xFF, 0xFF, 0x00, 0xFF, 0xFF, 0xFF, 0x00,
        0xFF, 0xFF, 0xFF, 0x00, 0xFF, 0xFF, 0xFF, 0x00, 0xFF, 0xFF, 0xFF, 0x00,
        0xFF, 0xFF, 0xFF, 0x00, 0xFF, 0xFF, 0xFF, 0x00, 0xFF, 0xFF, 0xFF, 0x00,
        0xFF, 0xFF, 0xFF, 0x00, 0xFF, 0xFF, 0xFF, 0x00, 0xFF, 0xFF, 0xFF, 0x00,
        0xFF, 0xFF, 0xFF, 0x00, 0xFF, 0xFF, 0xFF, 0x00, 0xFF, 0xFF, 0xFF, 0x00,
        0xFF, 0xFF, 0xFF, 0x00, 0xFF, 0xFF, 0xFF, 0x00, 0xFF, 0xFF, 0xFF, 0x00,
        0xFF, 0xFF, 0xFF, 0x00, 0xFF, 0xFF, 0xFF, 0x00, 0xFF, 0xFF, 0xFF, 0x00,
        0xFF, 0xFF, 0xFF, 0x00, 0xFF, 0xFF, 0xFF, 0x00, 0xFF, 0xFF, 0xFF, 0x00,
        0xFF, 0xFF, 0xFF, 0x00, 0xFF, 0xFF, 0xFF, 0x00, 0xFF, 0xFF, 0xFF, 0x00,
        0xFF, 0xFF, 0xFF, 0x00, 0xFF, 0xFF, 0xFF, 0x00, 0xFF, 0xFF, 0xFF, 0x00,
        0xFF, 0xFF, 0xFF, 0x00, 0xFF, 0xFF, 0xFF, 0x00, 0xFF, 0xFF, 0xFF, 0x00,
        0xFF, 0xFF, 0xFF, 0x00, 0xFF, 0xFF, 0xFF, 0x00, 0xFF, 0xFF, 0xFF, 0x00,
        0xFF, 0xFF, 0xFF, 0x00, 0xFF, 0xFF, 0xFF, 0x00, 0xFF, 0xFF, 0xFF, 0x00,
        0xFF, 0xFF, 0xFF, 0x00, 0xFF, 0xFF, 0xFF, 0x00, 0xFF, 0xFF, 0xFF, 0x00,
        0xFF, 0xFF, 0xFF, 0x00, 0xFF, 0xFF, 0xFF, 0x00, 0xFF, 0xFF, 0xFF, 0x00,
        0xFF, 0xFF, 0xFF, 0x00, 0xFF, 0xFF, 0xFF, 0x00, 0xFF, 0xFF, 0xFF, 0x00,
        0xFF, 0xFF, 0xFF, 0x00, 0xFF, 0xFF, 0xFF, 0x00, 0xFF, 0xFF, 0xFF, 0x00,
        0xFF, 0xFF, 0xFF, 0x00, 0xFF, 0xFF, 0xFF, 0x00, 0xFF, 0xFF, 0xFF, 0x00,
        0xFF, 0xFF, 0xFF, 0x00, 0xFF, 0xFF, 0xFF, 0x00, 0xFF, 0xFF, 0xFF, 0x00,
        0xFF, 0xFF, 0xFF, 0x00, 0xFF, 0xFF, 0xFF, 0x00, 0xFF, 0xFF, 0xFF, 0x00,
        0xFF, 0xFF, 0xFF, 0x00, 0xFF, 0xFF, 0xFF, 0x00, 0xFF, 0xFF, 0xFF, 0x00,
        0xFF, 0xFF, 0xFF, 0x00, 0xFF, 0xFF, 0xFF, 0x00, 0xFF, 0xFF, 0xFF, 0x00,
        0xFF, 0xFF, 0xFF, 0x00, 0xFF, 0xFF, 0xFF, 0x00, 0xFF, 0xFF, 0xFF, 0x00,
        0xFF, 0xFF, 0xFF, 0x00, 0xFF, 0xFF, 0xFF, 0x00, 0xFF, 0xFF, 0xFF, 0x00,
        0xFF, 0xFF, 0xFF, 0x00, 0xFF, 0xFF, 0xFF, 0x00, 0xFF, 0xFF, 0xFF, 0x00,
        0xFF, 0xFF, 0xFF, 0x00, 0xFF, 0xFF, 0xFF, 0x00, 0xFF, 0xFF, 0xFF, 0x00,
        0xFF, 0xFF, 0xFF, 0x00, 0xFF, 0xFF, 0xFF, 0x00, 0xFF, 0xFF, 0xFF, 0x00,
        0xFF, 0xFF, 0xFF, 0x00, 0xFF, 0xFF, 0xFF, 0x00, 0xFF, 0xFF, 0xFF, 0x00,
        0xFF, 0xFF, 0xFF, 0x00, 0xFF, 0xFF, 0xFF, 0x00, 0xFF, 0xFF, 0xFF, 0x00,
        0xFF, 0xFF, 0xFF, 0x00, 0xFF, 0xFF, 0xFF, 0x00, 0xFF, 0xFF, 0xFF, 0x00,
        0xFF, 0xFF, 0xFF, 0x00, 0xFF, 0xFF, 0xFF, 0x00, 0xFF, 0xFF, 0xFF, 0x00,
        0xFF, 0xFF, 0xFF, 0x00, 0xFF, 0xFF, 0xFF, 0x00, 0xFF, 0xFF, 0xFF, 0x00,
        0xFF, 0xFF, 0xFF, 0x00, 0xFF, 0xFF, 0xFF, 0x00, 0xFF, 0xFF, 0xFF, 0x00,
        0xFF, 0xFF, 0xFF, 0x00, 0xFF, 0xFF, 0xFF, 0x00, 0xFF, 0xFF, 0xFF, 0x00,
        0xFF, 0xFF, 0xFF, 0x00, 0xFF, 0xFF, 0xFF, 0x00, 0xFF, 0xFF, 0xFF, 0x00,
        0xFF, 0xFF, 0xFF, 0x00, 0xFF, 0xFF, 0xFF, 0x00, 0xFF, 0xFF, 0xFF, 0x00,
        0xFF, 0xFF, 0xFF, 0x00, 0xFF, 0xFF, 0xFF, 0x00, 0xFF, 0xFF, 0xFF, 0x00,
        0xFF, 0xFF, 0xFF, 0x00, 0xFF, 0xFF, 0xFF, 0x00, 0xFF, 0xFF, 0xFF, 0x00,
        0xFF, 0xFF, 0xFF, 0x00, 0xFF, 0xFF, 0xFF, 0x00, 0xFF, 0xFF, 0xFF, 0x00,
        0xFF, 0xFF, 0xFF, 0x00, 0xFF, 0xFF, 0xFF, 0x00, 0xFF, 0xFF, 0xFF, 0x00,
        0xFF, 0xFF, 0xFF, 0x00
    };


#endif // VOS_IMAGES_EMBEDDED_SCROLLBAR_HEADER
