////////////////////////////////////////////////////////////////////////////////
//     _______                       ____________________________________     //
//     \\ .   \            _________/ . . . . . . . . . . . . . . . .   /     //
//      \\ .   \       ___/ . . . . .    ______________________________/      //
//       \\ .   \   __/. . .   _________/     /    // .  __________/          //
//        \\ .   \_//      ___/ .  _____     /    // .  /______               //
//         \\ .   \/     _/ // .  /    \\    |    \\  .        \              //
//          \\ .        /   || .  |    ||    |     \\______     \             //
//           \\ .      /    || .  \____//    |  _________//     /             //
//            \\ .    /     //  .            / // . . . .      /              //
//             \\____/     //_______________/ //______________/               //
//                                                                            //
////////////////////////////////////////////////////////////////////////////////
//   This is free and unencumbered software released into the public domain.  //
//                                                                            //
//   Anyone is free to copy, modify, publish, use, compile, sell, or          //
//   distribute this software, either in source code form or as a compiled    //
//   binary, for any purpose, commercial or non-commercial, and by any        //
//   means.                                                                   //
//                                                                            //
//   In jurisdictions that recognize copyright laws, the author or authors    //
//   of this software dedicate any and all copyright interest in the          //
//   software to the public domain. We make this dedication for the benefit   //
//   of the public at large and to the detriment of our heirs and             //
//   successors. We intend this dedication to be an overt act of              //
//   relinquishment in perpetuity of all present and future rights to this    //
//   software under copyright law.                                            //
//                                                                            //
//   THE SOFTWARE IS PROVIDED "AS IS", WITHOUT WARRANTY OF ANY KIND,          //
//   EXPRESS OR IMPLIED, INCLUDING BUT NOT LIMITED TO THE WARRANTIES OF       //
//   MERCHANTABILITY, FITNESS FOR A PARTICULAR PURPOSE AND NONINFRINGEMENT.   //
//   IN NO EVENT SHALL THE AUTHORS BE LIABLE FOR ANY CLAIM, DAMAGES OR        //
//   OTHER LIABILITY, WHETHER IN AN ACTION OF CONTRACT, TORT OR OTHERWISE,    //
//   ARISING FROM, OUT OF OR IN CONNECTION WITH THE SOFTWARE OR THE USE OR    //
//   OTHER DEALINGS IN THE SOFTWARE.                                          //
//                                                                            //
//   For more information, please refer to <https://unlicense.org>            //
////////////////////////////////////////////////////////////////////////////////
//    VOS : Virtual Operating System                                          //
//     Images/Embedded/Slider.h : Slider embedded image                       //
////////////////////////////////////////////////////////////////////////////////
#ifndef VOS_IMAGES_EMBEDDED_SLIDER_HEADER
#define VOS_IMAGES_EMBEDDED_SLIDER_HEADER

    #include "../../System/System.h"


    ////////////////////////////////////////////////////////////////////////////
    //  Slider embedded image                                                 //
    ////////////////////////////////////////////////////////////////////////////
    const unsigned int SliderImageWidth = 128;
    const unsigned int SliderImageHeight = 256;
    const unsigned char SliderImage[128 * 256 * 4] =
    {
        0xFF, 0xFF, 0xFF, 0x00, 0xFF, 0xFF, 0xFF, 0x00, 0xFF, 0xFF, 0xFF, 0x00,
        0xFF, 0xFF, 0xFF, 0x00, 0xFF, 0xFF, 0xFF, 0x00, 0xFF, 0xFF, 0xFF, 0x00,
        0xFF, 0xFF, 0xFF, 0x00, 0xFF, 0xFF, 0xFF, 0x00, 0xFF, 0xFF, 0xFF, 0x00,
        0xFF, 0xFF, 0xFF, 0x00, 0xFF, 0xFF, 0xFF, 0x00, 0xFF, 0xFF, 0xFF, 0x00,
        0xFF, 0xFF, 0xFF, 0x00, 0xFF, 0xFF, 0xFF, 0x00, 0xFF, 0xFF, 0xFF, 0x00,
        0xFF, 0xFF, 0xFF, 0x00, 0xFF, 0xFF, 0xFF, 0x00, 0xFF, 0xFF, 0xFF, 0x00,
        0xFF, 0xFF, 0xFF, 0x00, 0xFF, 0xFF, 0xFF, 0x00, 0xFF, 0xFF, 0xFF, 0x00,
        0xFF, 0xFF, 0xFF, 0x00, 0xFF, 0xFF, 0xFF, 0x00, 0xFF, 0xFF, 0xFF, 0x00,
        0xFF, 0xFF, 0xFF, 0x00, 0xFF, 0xFF, 0xFF, 0x00, 0xFF, 0xFF, 0xFF, 0x00,
        0xFF, 0xFF, 0xFF, 0x00, 0xFF, 0xFF, 0xFF, 0x00, 0xFF, 0xFF, 0xFF, 0x00,
        0xFF, 0xFF, 0xFF, 0x00, 0xFF, 0xFF, 0xFF, 0x00, 0xFF, 0xFF, 0xFF, 0x00,
        0xFF, 0xFF, 0xFF, 0x00, 0xFF, 0xFF, 0xFF, 0x00, 0xFF, 0xFF, 0xFF, 0x00,
        0xFF, 0xFF, 0xFF, 0x00, 0xFF, 0xFF, 0xFF, 0x00, 0xFF, 0xFF, 0xFF, 0x00,
        0xFF, 0xFF, 0xFF, 0x00, 0xFF, 0xFF, 0xFF, 0x00, 0xFF, 0xFF, 0xFF, 0x00,
        0xFF, 0xFF, 0xFF, 0x00, 0xFF, 0xFF, 0xFF, 0x00, 0xFF, 0xFF, 0xFF, 0x00,
        0xFF, 0xFF, 0xFF, 0x00, 0xFF, 0xFF, 0xFF, 0x00, 0xFF, 0xFF, 0xFF, 0x00,
        0xFF, 0xFF, 0xFF, 0x00, 0xFF, 0xFF, 0xFF, 0x00, 0xFF, 0xFF, 0xFF, 0x00,
        0xFF, 0xFF, 0xFF, 0x00, 0xFF, 0xFF, 0xFF, 0x00, 0xFF, 0xFF, 0xFF, 0x00,
        0xFF, 0xFF, 0xFF, 0x00, 0xFF, 0xFF, 0xFF, 0x00, 0xFF, 0xFF, 0xFF, 0x00,
        0xFF, 0xFF, 0xFF, 0x00, 0xFF, 0xFF, 0xFF, 0x00, 0xFF, 0xFF, 0xFF, 0x00,
        0xFF, 0xFF, 0xFF, 0x00, 0xFF, 0xFF, 0xFF, 0x00, 0xFF, 0xFF, 0xFF, 0x00,
        0xFF, 0xFF, 0xFF, 0x00, 0xFF, 0xFF, 0xFF, 0x00, 0xFF, 0xFF, 0xFF, 0x00,
        0xFF, 0xFF, 0xFF, 0x00, 0xFF, 0xFF, 0xFF, 0x00, 0xFF, 0xFF, 0xFF, 0x00,
        0xFF, 0xFF, 0xFF, 0x00, 0xFF, 0xFF, 0xFF, 0x00, 0xFF, 0xFF, 0xFF, 0x00,
        0xFF, 0xFF, 0xFF, 0x00, 0xFF, 0xFF, 0xFF, 0x00, 0xFF, 0xFF, 0xFF, 0x00,
        0xFF, 0xFF, 0xFF, 0x00, 0xFF, 0xFF, 0xFF, 0x00, 0xFF, 0xFF, 0xFF, 0x00,
        0xFF, 0xFF, 0xFF, 0x00, 0xFF, 0xFF, 0xFF, 0x00, 0xFF, 0xFF, 0xFF, 0x00,
        0xFF, 0xFF, 0xFF, 0x00, 0xFF, 0xFF, 0xFF, 0x00, 0xFF, 0xFF, 0xFF, 0x00,
        0xFF, 0xFF, 0xFF, 0x00, 0xFF, 0xFF, 0xFF, 0x00, 0xFF, 0xFF, 0xFF, 0x00,
        0xFF, 0xFF, 0xFF, 0x00, 0xFF, 0xFF, 0xFF, 0x00, 0xFF, 0xFF, 0xFF, 0x00,
        0xFF, 0xFF, 0xFF, 0x00, 0xFF, 0xFF, 0xFF, 0x00, 0xFF, 0xFF, 0xFF, 0x00,
        0xFF, 0xFF, 0xFF, 0x00, 0xFF, 0xFF, 0xFF, 0x00, 0xFF, 0xFF, 0xFF, 0x00,
        0xFF, 0xFF, 0xFF, 0x00, 0xFF, 0xFF, 0xFF, 0x00, 0xFF, 0xFF, 0xFF, 0x00,
        0xFF, 0xFF, 0xFF, 0x00, 0xFF, 0xFF, 0xFF, 0x00, 0xFF, 0xFF, 0xFF, 0x00,
        0xFF, 0xFF, 0xFF, 0x00, 0xFF, 0xFF, 0xFF, 0x00, 0xFF, 0xFF, 0xFF, 0x00,
        0xFF, 0xFF, 0xFF, 0x00, 0xFF, 0xFF, 0xFF, 0x00, 0xFF, 0xFF, 0xFF, 0x00,
        0xFF, 0xFF, 0xFF, 0x00, 0xFF, 0xFF, 0xFF, 0x00, 0xFF, 0xFF, 0xFF, 0x00,
        0xFF, 0xFF, 0xFF, 0x00, 0xFF, 0xFF, 0xFF, 0x00, 0xFF, 0xFF, 0xFF, 0x00,
        0xFF, 0xFF, 0xFF, 0x00, 0xFF, 0xFF, 0xFF, 0x00, 0xFF, 0xFF, 0xFF, 0x00,
        0xFF, 0xFF, 0xFF, 0x00, 0xFF, 0xFF, 0xFF, 0x00, 0xFF, 0xFF, 0xFF, 0x00,
        0xFF, 0xFF, 0xFF, 0x00, 0xFF, 0xFF, 0xFF, 0x00, 0xFF, 0xFF, 0xFF, 0x00,
        0xFF, 0xFF, 0xFF, 0x00, 0xFF, 0xFF, 0xFF, 0x00, 0xFF, 0xFF, 0xFF, 0x00,
        0xFF, 0xFF, 0xFF, 0x00, 0xFF, 0xFF, 0xFF, 0x00, 0xFF, 0xFF, 0xFF, 0x00,
        0xFF, 0xFF, 0xFF, 0x00, 0xFF, 0xFF, 0xFF, 0x00, 0xFF, 0xFF, 0xFF, 0x00,
        0xFF, 0xFF, 0xFF, 0x00, 0xFF, 0xFF, 0xFF, 0x00, 0xFF, 0xFF, 0xFF, 0x00,
        0xFF, 0xFF, 0xFF, 0x00, 0xFF, 0xFF, 0xFF, 0x00, 0xFF, 0xFF, 0xFF, 0x00,
        0xFF, 0xFF, 0xFF, 0x00, 0xFF, 0xFF, 0xFF, 0x00, 0xFF, 0xFF, 0xFF, 0x00,
        0xFF, 0xFF, 0xFF, 0x00, 0xFF, 0xFF, 0xFF, 0x00, 0xFF, 0xFF, 0xFF, 0x00,
        0xFF, 0xFF, 0xFF, 0x00, 0xFF, 0xFF, 0xFF, 0x00, 0xFF, 0xFF, 0xFF, 0x00,
        0xFF, 0xFF, 0xFF, 0x00, 0xFF, 0xFF, 0xFF, 0x00, 0xFF, 0xFF, 0xFF, 0x00,
        0xFF, 0xFF, 0xFF, 0x00, 0xFF, 0xFF, 0xFF, 0x00, 0xFF, 0xFF, 0xFF, 0x00,
        0xFF, 0xFF, 0xFF, 0x00, 0xFF, 0xFF, 0xFF, 0x00, 0xFF, 0xFF, 0xFF, 0x00,
        0xFF, 0xFF, 0xFF, 0x00, 0xFF, 0xFF, 0xFF, 0x00, 0xFF, 0xFF, 0xFF, 0x00,
        0xFF, 0xFF, 0xFF, 0x00, 0xFF, 0xFF, 0xFF, 0x00, 0xFF, 0xFF, 0xFF, 0x00,
        0xFF, 0xFF, 0xFF, 0x00, 0xFF, 0xFF, 0xFF, 0x00, 0xFF, 0xFF, 0xFF, 0x00,
        0xFF, 0xFF, 0xFF, 0x00, 0xFF, 0xFF, 0xFF, 0x00, 0xFF, 0xFF, 0xFF, 0x00,
        0xFF, 0xFF, 0xFF, 0x00, 0xFF, 0xFF, 0xFF, 0x00, 0xFF, 0xFF, 0xFF, 0x00,
        0xFF, 0xFF, 0xFF, 0x00, 0xFF, 0xFF, 0xFF, 0x00, 0xFF, 0xFF, 0xFF, 0x00,
        0xFF, 0xFF, 0xFF, 0x00, 0xFF, 0xFF, 0xFF, 0x00, 0xFF, 0xFF, 0xFF, 0x00,
        0xFF, 0xFF, 0xFF, 0x00, 0xFF, 0xFF, 0xFF, 0x00, 0xFF, 0xFF, 0xFF, 0x00,
        0xFF, 0xFF, 0xFF, 0x00, 0xFF, 0xFF, 0xFF, 0x00, 0xFF, 0xFF, 0xFF, 0x00,
        0xFF, 0xFF, 0xFF, 0x00, 0xFF, 0xFF, 0xFF, 0x00, 0xFF, 0xFF, 0xFF, 0x00,
        0xFF, 0xFF, 0xFF, 0x00, 0xFF, 0xFF, 0xFF, 0x00, 0xFF, 0xFF, 0xFF, 0x00,
        0xFF, 0xFF, 0xFF, 0x00, 0xFF, 0xFF, 0xFF, 0x00, 0xFF, 0xFF, 0xFF, 0x00,
        0xFF, 0xFF, 0xFF, 0x00, 0xFF, 0xFF, 0xFF, 0x00, 0xFF, 0xFF, 0xFF, 0x00,
        0xFF, 0xFF, 0xFF, 0x00, 0xFF, 0xFF, 0xFF, 0x00, 0xFF, 0xFF, 0xFF, 0x00,
        0xFF, 0xFF, 0xFF, 0x00, 0xFF, 0xFF, 0xFF, 0x00, 0xFF, 0xFF, 0xFF, 0x00,
        0xFF, 0xFF, 0xFF, 0x00, 0xFF, 0xFF, 0xFF, 0x00, 0xFF, 0xFF, 0xFF, 0x00,
        0xFF, 0xFF, 0xFF, 0x00, 0xFF, 0xFF, 0xFF, 0x00, 0xFF, 0xFF, 0xFF, 0x00,
        0xFF, 0xFF, 0xFF, 0x00, 0xFF, 0xFF, 0xFF, 0x00, 0xFF, 0xFF, 0xFF, 0x00,
        0xFF, 0xFF, 0xFF, 0x00, 0xFF, 0xFF, 0xFF, 0x00, 0xFF, 0xFF, 0xFF, 0x00,
        0xFF, 0xFF, 0xFF, 0x00, 0xFF, 0xFF, 0xFF, 0x00, 0xFF, 0xFF, 0xFF, 0x00,
        0xFF, 0xFF, 0xFF, 0x00, 0xFF, 0xFF, 0xFF, 0x00, 0xFF, 0xFF, 0xFF, 0x00,
        0xFF, 0xFF, 0xFF, 0x00, 0xFF, 0xFF, 0xFF, 0x00, 0xFF, 0xFF, 0xFF, 0x00,
        0xFF, 0xFF, 0xFF, 0x00, 0xFF, 0xFF, 0xFF, 0x00, 0xFF, 0xFF, 0xFF, 0x00,
        0xFF, 0xFF, 0xFF, 0x00, 0xFF, 0xFF, 0xFF, 0x00, 0xFF, 0xFF, 0xFF, 0x00,
        0xFF, 0xFF, 0xFF, 0x00, 0xFF, 0xFF, 0xFF, 0x00, 0xFF, 0xFF, 0xFF, 0x00,
        0xFF, 0xFF, 0xFF, 0x00, 0xFF, 0xFF, 0xFF, 0x00, 0xFF, 0xFF, 0xFF, 0x00,
        0xFF, 0xFF, 0xFF, 0x00, 0xFF, 0xFF, 0xFF, 0x00, 0xFF, 0xFF, 0xFF, 0x00,
        0xFF, 0xFF, 0xFF, 0x00, 0xFF, 0xFF, 0xFF, 0x00, 0xFF, 0xFF, 0xFF, 0x00,
        0xFF, 0xFF, 0xFF, 0x00, 0xFF, 0xFF, 0xFF, 0x00, 0xFF, 0xFF, 0xFF, 0x00,
        0xFF, 0xFF, 0xFF, 0x00, 0xFF, 0xFF, 0xFF, 0x00, 0xFF, 0xFF, 0xFF, 0x00,
        0xFF, 0xFF, 0xFF, 0x00, 0xFF, 0xFF, 0xFF, 0x00, 0xFF, 0xFF, 0xFF, 0x00,
        0xFF, 0xFF, 0xFF, 0x00, 0xFF, 0xFF, 0xFF, 0x00, 0xFF, 0xFF, 0xFF, 0x00,
        0xFF, 0xFF, 0xFF, 0x00, 0xFF, 0xFF, 0xFF, 0x00, 0xFF, 0xFF, 0xFF, 0x00,
        0xFF, 0xFF, 0xFF, 0x00, 0xFF, 0xFF, 0xFF, 0x00, 0xFF, 0xFF, 0xFF, 0x00,
        0xFF, 0xFF, 0xFF, 0x00, 0xFF, 0xFF, 0xFF, 0x00, 0xFF, 0xFF, 0xFF, 0x00,
        0xFF, 0xFF, 0xFF, 0x00, 0xFF, 0xFF, 0xFF, 0x00, 0xFF, 0xFF, 0xFF, 0x00,
        0xFF, 0xFF, 0xFF, 0x00, 0xFF, 0xFF, 0xFF, 0x00, 0xFF, 0xFF, 0xFF, 0x00,
        0xFF, 0xFF, 0xFF, 0x00, 0xFF, 0xFF, 0xFF, 0x00, 0xFF, 0xFF, 0xFF, 0x00,
        0xFF, 0xFF, 0xFF, 0x00, 0xFF, 0xFF, 0xFF, 0x00, 0xFF, 0xFF, 0xFF, 0x00,
        0xFF, 0xFF, 0xFF, 0x00, 0xFF, 0xFF, 0xFF, 0x00, 0xFF, 0xFF, 0xFF, 0x00,
        0xFF, 0xFF, 0xFF, 0x00, 0xFF, 0xFF, 0xFF, 0x00, 0xFF, 0xFF, 0xFF, 0x00,
        0xFF, 0xFF, 0xFF, 0x00, 0xFF, 0xFF, 0xFF, 0x00, 0xFF, 0xFF, 0xFF, 0x00,
        0xFF, 0xFF, 0xFF, 0x00, 0xFF, 0xFF, 0xFF, 0x00, 0xFF, 0xFF, 0xFF, 0x00,
        0xFF, 0xFF, 0xFF, 0x00, 0xFF, 0xFF, 0xFF, 0x00, 0xFF, 0xFF, 0xFF, 0x00,
        0xFF, 0xFF, 0xFF, 0x00, 0xFF, 0xFF, 0xFF, 0x00, 0xFF, 0xFF, 0xFF, 0x00,
        0xFF, 0xFF, 0xFF, 0x00, 0xFF, 0xFF, 0xFF, 0x00, 0xFF, 0xFF, 0xFF, 0x00,
        0xFF, 0xFF, 0xFF, 0x00, 0xFF, 0xFF, 0xFF, 0x00, 0xFF, 0xFF, 0xFF, 0x00,
        0xFF, 0xFF, 0xFF, 0x00, 0xFF, 0xFF, 0xFF, 0x00, 0xFF, 0xFF, 0xFF, 0x00,
        0xFF, 0xFF, 0xFF, 0x00, 0xFF, 0xFF, 0xFF, 0x00, 0xFF, 0xFF, 0xFF, 0x00,
        0xFF, 0xFF, 0xFF, 0x00, 0xFF, 0xFF, 0xFF, 0x00, 0xFF, 0xFF, 0xFF, 0x00,
        0xFF, 0xFF, 0xFF, 0x00, 0xFF, 0xFF, 0xFF, 0x00, 0xFF, 0xFF, 0xFF, 0x00,
        0xFF, 0xFF, 0xFF, 0x00, 0xFF, 0xFF, 0xFF, 0x00, 0xFF, 0xFF, 0xFF, 0x00,
        0xFF, 0xFF, 0xFF, 0x00, 0xFF, 0xFF, 0xFF, 0x00, 0xFF, 0xFF, 0xFF, 0x00,
        0xFF, 0xFF, 0xFF, 0x00, 0xFF, 0xFF, 0xFF, 0x00, 0xFF, 0xFF, 0xFF, 0x00,
        0xFF, 0xFF, 0xFF, 0x00, 0xFF, 0xFF, 0xFF, 0x00, 0xFF, 0xFF, 0xFF, 0x00,
        0xFF, 0xFF, 0xFF, 0x00, 0xFF, 0xFF, 0xFF, 0x00, 0xFF, 0xFF, 0xFF, 0x00,
        0xFF, 0xFF, 0xFF, 0x00, 0xFF, 0xFF, 0xFF, 0x00, 0xFF, 0xFF, 0xFF, 0x00,
        0xFF, 0xFF, 0xFF, 0x00, 0xFF, 0xFF, 0xFF, 0x00, 0xFF, 0xFF, 0xFF, 0x00,
        0xFF, 0xFF, 0xFF, 0x00, 0xFF, 0xFF, 0xFF, 0x00, 0xFF, 0xFF, 0xFF, 0x00,
        0xFF, 0xFF, 0xFF, 0x00, 0xFF, 0xFF, 0xFF, 0x00, 0xFF, 0xFF, 0xFF, 0x00,
        0xFF, 0xFF, 0xFF, 0x00, 0xFF, 0xFF, 0xFF, 0x00, 0xFF, 0xFF, 0xFF, 0x00,
        0xFF, 0xFF, 0xFF, 0x00, 0xFF, 0xFF, 0xFF, 0x00, 0xFF, 0xFF, 0xFF, 0x00,
        0xFF, 0xFF, 0xFF, 0x00, 0xFF, 0xFF, 0xFF, 0x00, 0xFF, 0xFF, 0xFF, 0x00,
        0xFF, 0xFF, 0xFF, 0x00, 0xFF, 0xFF, 0xFF, 0x00, 0xFF, 0xFF, 0xFF, 0x00,
        0xFF, 0xFF, 0xFF, 0x00, 0xFF, 0xFF, 0xFF, 0x00, 0xFF, 0xFF, 0xFF, 0x00,
        0xFF, 0xFF, 0xFF, 0x00, 0xFF, 0xFF, 0xFF, 0x00, 0xFF, 0xFF, 0xFF, 0x00,
        0xFF, 0xFF, 0xFF, 0x00, 0xFF, 0xFF, 0xFF, 0x00, 0xFF, 0xFF, 0xFF, 0x00,
        0xFF, 0xFF, 0xFF, 0x00, 0xFF, 0xFF, 0xFF, 0x00, 0xFF, 0xFF, 0xFF, 0x00,
        0xFF, 0xFF, 0xFF, 0x00, 0xFF, 0xFF, 0xFF, 0x00, 0xFF, 0xFF, 0xFF, 0x00,
        0xFF, 0xFF, 0xFF, 0x00, 0xFF, 0xFF, 0xFF, 0x00, 0xFF, 0xFF, 0xFF, 0x00,
        0xFF, 0xFF, 0xFF, 0x00, 0xFF, 0xFF, 0xFF, 0x00, 0xFF, 0xFF, 0xFF, 0x00,
        0xFF, 0xFF, 0xFF, 0x00, 0xFF, 0xFF, 0xFF, 0x00, 0xFF, 0xFF, 0xFF, 0x00,
        0xFF, 0xFF, 0xFF, 0x00, 0xFF, 0xFF, 0xFF, 0x00, 0xFF, 0xFF, 0xFF, 0x00,
        0xFF, 0xFF, 0xFF, 0x00, 0xFF, 0xFF, 0xFF, 0x00, 0xFF, 0xFF, 0xFF, 0x00,
        0xFF, 0xFF, 0xFF, 0x00, 0xFF, 0xFF, 0xFF, 0x00, 0xFF, 0xFF, 0xFF, 0x00,
        0xFF, 0xFF, 0xFF, 0x00, 0xFF, 0xFF, 0xFF, 0x00, 0xFF, 0xFF, 0xFF, 0x00,
        0xFF, 0xFF, 0xFF, 0x00, 0xFF, 0xFF, 0xFF, 0x00, 0xFF, 0xFF, 0xFF, 0x00,
        0xFF, 0xFF, 0xFF, 0x00, 0xFF, 0xFF, 0xFF, 0x00, 0xFF, 0xFF, 0xFF, 0x00,
        0xFF, 0xFF, 0xFF, 0x00, 0xFF, 0xFF, 0xFF, 0x00, 0xFF, 0xFF, 0xFF, 0x00,
        0xFF, 0xFF, 0xFF, 0x00, 0xFF, 0xFF, 0xFF, 0x00, 0xFF, 0xFF, 0xFF, 0x00,
        0xFF, 0xFF, 0xFF, 0x00, 0xFF, 0xFF, 0xFF, 0x00, 0xFF, 0xFF, 0xFF, 0x00,
        0xFF, 0xFF, 0xFF, 0x00, 0xFF, 0xFF, 0xFF, 0x00, 0xFF, 0xFF, 0xFF, 0x00,
        0xFF, 0xFF, 0xFF, 0x00, 0xFF, 0xFF, 0xFF, 0x00, 0xFF, 0xFF, 0xFF, 0x00,
        0xFF, 0xFF, 0xFF, 0x00, 0xFF, 0xFF, 0xFF, 0x00, 0xFF, 0xFF, 0xFF, 0x00,
        0xFF, 0xFF, 0xFF, 0x00, 0xFF, 0xFF, 0xFF, 0x00, 0xFF, 0xFF, 0xFF, 0x00,
        0xFF, 0xFF, 0xFF, 0x00, 0xFF, 0xFF, 0xFF, 0x00, 0xFF, 0xFF, 0xFF, 0x00,
        0xFF, 0xFF, 0xFF, 0x00, 0xFF, 0xFF, 0xFF, 0x00, 0xFF, 0xFF, 0xFF, 0x00,
        0xFF, 0xFF, 0xFF, 0x00, 0xFF, 0xFF, 0xFF, 0x00, 0xFF, 0xFF, 0xFF, 0x00,
        0xFF, 0xFF, 0xFF, 0x00, 0xFF, 0xFF, 0xFF, 0x00, 0xFF, 0xFF, 0xFF, 0x00,
        0xFF, 0xFF, 0xFF, 0x00, 0xFF, 0xFF, 0xFF, 0x00, 0xFF, 0xFF, 0xFF, 0x00,
        0xFF, 0xFF, 0xFF, 0x00, 0xFF, 0xFF, 0xFF, 0x00, 0xFF, 0xFF, 0xFF, 0x00,
        0xFF, 0xFF, 0xFF, 0x00, 0xFF, 0xFF, 0xFF, 0x00, 0xFF, 0xFF, 0xFF, 0x00,
        0xFF, 0xFF, 0xFF, 0x00, 0xFF, 0xFF, 0xFF, 0x00, 0xFF, 0xFF, 0xFF, 0x00,
        0xFF, 0xFF, 0xFF, 0x00, 0xFF, 0xFF, 0xFF, 0x00, 0xFF, 0xFF, 0xFF, 0x00,
        0xFF, 0xFF, 0xFF, 0x00, 0xFF, 0xFF, 0xFF, 0x00, 0xFF, 0xFF, 0xFF, 0x00,
        0xFF, 0xFF, 0xFF, 0x00, 0xFF, 0xFF, 0xFF, 0x00, 0xFF, 0xFF, 0xFF, 0x00,
        0xFF, 0xFF, 0xFF, 0x00, 0xFF, 0xFF, 0xFF, 0x00, 0xFF, 0xFF, 0xFF, 0x00,
        0xFF, 0xFF, 0xFF, 0x00, 0xFF, 0xFF, 0xFF, 0x00, 0xFF, 0xFF, 0xFF, 0x00,
        0xFF, 0xFF, 0xFF, 0x00, 0xFF, 0xFF, 0xFF, 0x00, 0xFF, 0xFF, 0xFF, 0x00,
        0xFF, 0xFF, 0xFF, 0x00, 0xFF, 0xFF, 0xFF, 0x00, 0xFF, 0xFF, 0xFF, 0x00,
        0xFF, 0xFF, 0xFF, 0x00, 0xFF, 0xFF, 0xFF, 0x00, 0xFF, 0xFF, 0xFF, 0x00,
        0xFF, 0xFF, 0xFF, 0x00, 0xFF, 0xFF, 0xFF, 0x00, 0xFF, 0xFF, 0xFF, 0x00,
        0xFF, 0xFF, 0xFF, 0x00, 0xFF, 0xFF, 0xFF, 0x00, 0xFF, 0xFF, 0xFF, 0x00,
        0xFF, 0xFF, 0xFF, 0x00, 0xFF, 0xFF, 0xFF, 0x00, 0xFF, 0xFF, 0xFF, 0x00,
        0xFF, 0xFF, 0xFF, 0x00, 0xFF, 0xFF, 0xFF, 0x00, 0xFF, 0xFF, 0xFF, 0x00,
        0xFF, 0xFF, 0xFF, 0x00, 0xFF, 0xFF, 0xFF, 0x00, 0xFF, 0xFF, 0xFF, 0x00,
        0xFF, 0xFF, 0xFF, 0x00, 0xFF, 0xFF, 0xFF, 0x00, 0xFF, 0xFF, 0xFF, 0x00,
        0xFF, 0xFF, 0xFF, 0x00, 0xFF, 0xFF, 0xFF, 0x00, 0xFF, 0xFF, 0xFF, 0x00,
        0xFF, 0xFF, 0xFF, 0x00, 0xFF, 0xFF, 0xFF, 0x00, 0xFF, 0xFF, 0xFF, 0x00,
        0xFF, 0xFF, 0xFF, 0x00, 0xFF, 0xFF, 0xFF, 0x00, 0xFF, 0xFF, 0xFF, 0x00,
        0xFF, 0xFF, 0xFF, 0x00, 0xFF, 0xFF, 0xFF, 0x00, 0xFF, 0xFF, 0xFF, 0x00,
        0xFF, 0xFF, 0xFF, 0x00, 0xFF, 0xFF, 0xFF, 0x00, 0xFF, 0xFF, 0xFF, 0x00,
        0xFF, 0xFF, 0xFF, 0x00, 0xFF, 0xFF, 0xFF, 0x00, 0xFF, 0xFF, 0xFF, 0x00,
        0xFF, 0xFF, 0xFF, 0x00, 0xFF, 0xFF, 0xFF, 0x00, 0xFF, 0xFF, 0xFF, 0x00,
        0xFF, 0xFF, 0xFF, 0x00, 0xFF, 0xFF, 0xFF, 0x00, 0xFF, 0xFF, 0xFF, 0x00,
        0xFF, 0xFF, 0xFF, 0x00, 0xFF, 0xFF, 0xFF, 0x00, 0xFF, 0xFF, 0xFF, 0x00,
        0xFF, 0xFF, 0xFF, 0x00, 0xFF, 0xFF, 0xFF, 0x00, 0xFF, 0xFF, 0xFF, 0x00,
        0xFF, 0xFF, 0xFF, 0x00, 0xFF, 0xFF, 0xFF, 0x00, 0xFF, 0xFF, 0xFF, 0x00,
        0xFF, 0xFF, 0xFF, 0x00, 0xFF, 0xFF, 0xFF, 0x00, 0xFF, 0xFF, 0xFF, 0x00,
        0xFF, 0xFF, 0xFF, 0x00, 0xFF, 0xFF, 0xFF, 0x00, 0xFF, 0xFF, 0xFF, 0x00,
        0xFF, 0xFF, 0xFF, 0x00, 0xFF, 0xFF, 0xFF, 0x00, 0xFF, 0xFF, 0xFF, 0x00,
        0xFF, 0xFF, 0xFF, 0x00, 0xFF, 0xFF, 0xFF, 0x00, 0xFF, 0xFF, 0xFF, 0x00,
        0xFF, 0xFF, 0xFF, 0x00, 0xFF, 0xFF, 0xFF, 0x00, 0xFF, 0xFF, 0xFF, 0x00,
        0xFF, 0xFF, 0xFF, 0x00, 0xFF, 0xFF, 0xFF, 0x00, 0xFF, 0xFF, 0xFF, 0x00,
        0xFF, 0xFF, 0xFF, 0x00, 0xFF, 0xFF, 0xFF, 0x00, 0xFF, 0xFF, 0xFF, 0x00,
        0xFF, 0xFF, 0xFF, 0x00, 0xFF, 0xFF, 0xFF, 0x00, 0xFF, 0xFF, 0xFF, 0x00,
        0xFF, 0xFF, 0xFF, 0x00, 0xFF, 0xFF, 0xFF, 0x00, 0xFF, 0xFF, 0xFF, 0x00,
        0xFF, 0xFF, 0xFF, 0x00, 0xFF, 0xFF, 0xFF, 0x00, 0xFF, 0xFF, 0xFF, 0x00,
        0xFF, 0xFF, 0xFF, 0x00, 0xFF, 0xFF, 0xFF, 0x00, 0xFF, 0xFF, 0xFF, 0x00,
        0xFF, 0xFF, 0xFF, 0x00, 0xFF, 0xFF, 0xFF, 0x00, 0xFF, 0xFF, 0xFF, 0x00,
        0xFF, 0xFF, 0xFF, 0x00, 0xFF, 0xFF, 0xFF, 0x00, 0xFF, 0xFF, 0xFF, 0x00,
        0xFF, 0xFF, 0xFF, 0x00, 0xFF, 0xFF, 0xFF, 0x00, 0xFF, 0xFF, 0xFF, 0x00,
        0xFF, 0xFF, 0xFF, 0x00, 0xFF, 0xFF, 0xFF, 0x00, 0xFF, 0xFF, 0xFF, 0x00,
        0xFF, 0xFF, 0xFF, 0x00, 0xFF, 0xFF, 0xFF, 0x00, 0xFF, 0xFF, 0xFF, 0x00,
        0xFF, 0xFF, 0xFF, 0x00, 0xFF, 0xFF, 0xFF, 0x00, 0xFF, 0xFF, 0xFF, 0x00,
        0xFF, 0xFF, 0xFF, 0x00, 0xFF, 0xFF, 0xFF, 0x00, 0xFF, 0xFF, 0xFF, 0x00,
        0xFF, 0xFF, 0xFF, 0x00, 0xFF, 0xFF, 0xFF, 0x00, 0xFF, 0xFF, 0xFF, 0x00,
        0xFF, 0xFF, 0xFF, 0x00, 0xFF, 0xFF, 0xFF, 0x00, 0xFF, 0xFF, 0xFF, 0x00,
        0xFF, 0xFF, 0xFF, 0x00, 0xFF, 0xFF, 0xFF, 0x00, 0xFF, 0xFF, 0xFF, 0x00,
        0xFF, 0xFF, 0xFF, 0x00, 0xFF, 0xFF, 0xFF, 0x00, 0xFF, 0xFF, 0xFF, 0x00,
        0xFF, 0xFF, 0xFF, 0x00, 0xFF, 0xFF, 0xFF, 0x00, 0xFF, 0xFF, 0xFF, 0x00,
        0xFF, 0xFF, 0xFF, 0x00, 0xFF, 0xFF, 0xFF, 0x00, 0xFF, 0xFF, 0xFF, 0x00,
        0xFF, 0xFF, 0xFF, 0x00, 0xFF, 0xFF, 0xFF, 0x00, 0xFF, 0xFF, 0xFF, 0x00,
        0xFF, 0xFF, 0xFF, 0x00, 0xFF, 0xFF, 0xFF, 0x00, 0xFF, 0xFF, 0xFF, 0x00,
        0xFF, 0xFF, 0xFF, 0x00, 0xFF, 0xFF, 0xFF, 0x00, 0xFF, 0xFF, 0xFF, 0x00,
        0xFF, 0xFF, 0xFF, 0x00, 0xFF, 0xFF, 0xFF, 0x00, 0xFF, 0xFF, 0xFF, 0x00,
        0xFF, 0xFF, 0xFF, 0x00, 0xFF, 0xFF, 0xFF, 0x00, 0xFF, 0xFF, 0xFF, 0x00,
        0xFF, 0xFF, 0xFF, 0x00, 0xFF, 0xFF, 0xFF, 0x00, 0xFF, 0xFF, 0xFF, 0x00,
        0xFF, 0xFF, 0xFF, 0x00, 0xFF, 0xFF, 0xFF, 0x00, 0xFF, 0xFF, 0xFF, 0x00,
        0xFF, 0xFF, 0xFF, 0x00, 0xFF, 0xFF, 0xFF, 0x00, 0xFF, 0xFF, 0xFF, 0x00,
        0xFF, 0xFF, 0xFF, 0x00, 0xFF, 0xFF, 0xFF, 0x00, 0xFF, 0xFF, 0xFF, 0x00,
        0xFF, 0xFF, 0xFF, 0x00, 0xFF, 0xFF, 0xFF, 0x00, 0xFF, 0xFF, 0xFF, 0x00,
        0xFF, 0xFF, 0xFF, 0x00, 0xFF, 0xFF, 0xFF, 0x00, 0xFF, 0xFF, 0xFF, 0x00,
        0xFF, 0xFF, 0xFF, 0x00, 0xFF, 0xFF, 0xFF, 0x00, 0xFF, 0xFF, 0xFF, 0x00,
        0xFF, 0xFF, 0xFF, 0x00, 0xFF, 0xFF, 0xFF, 0x00, 0xFF, 0xFF, 0xFF, 0x00,
        0xFF, 0xFF, 0xFF, 0x00, 0xFF, 0xFF, 0xFF, 0x00, 0xFF, 0xFF, 0xFF, 0x00,
        0xFF, 0xFF, 0xFF, 0x00, 0xFF, 0xFF, 0xFF, 0x00, 0xFF, 0xFF, 0xFF, 0x00,
        0xFF, 0xFF, 0xFF, 0x00, 0xFF, 0xFF, 0xFF, 0x00, 0xFF, 0xFF, 0xFF, 0x00,
        0xFF, 0xFF, 0xFF, 0x00, 0xFF, 0xFF, 0xFF, 0x00, 0xFF, 0xFF, 0xFF, 0x00,
        0xFF, 0xFF, 0xFF, 0x00, 0xFF, 0xFF, 0xFF, 0x00, 0xFF, 0xFF, 0xFF, 0x00,
        0xFF, 0xFF, 0xFF, 0x00, 0xFF, 0xFF, 0xFF, 0x00, 0xFF, 0xFF, 0xFF, 0x00,
        0xFF, 0xFF, 0xFF, 0x00, 0xFF, 0xFF, 0xFF, 0x00, 0xFF, 0xFF, 0xFF, 0x00,
        0xFF, 0xFF, 0xFF, 0x00, 0xFF, 0xFF, 0xFF, 0x00, 0xFF, 0xFF, 0xFF, 0x00,
        0xFF, 0xFF, 0xFF, 0x00, 0xFF, 0xFF, 0xFF, 0x00, 0xFF, 0xFF, 0xFF, 0x00,
        0xFF, 0xFF, 0xFF, 0x00, 0xFF, 0xFF, 0xFF, 0x00, 0xFF, 0xFF, 0xFF, 0x00,
        0xFF, 0xFF, 0xFF, 0x00, 0xFF, 0xFF, 0xFF, 0x00, 0xFF, 0xFF, 0xFF, 0x00,
        0xFF, 0xFF, 0xFF, 0x00, 0xFF, 0xFF, 0xFF, 0x00, 0xFF, 0xFF, 0xFF, 0x00,
        0xFF, 0xFF, 0xFF, 0x00, 0xFF, 0xFF, 0xFF, 0x00, 0xFF, 0xFF, 0xFF, 0x00,
        0xFF, 0xFF, 0xFF, 0x00, 0xFF, 0xFF, 0xFF, 0x00, 0xFF, 0xFF, 0xFF, 0x00,
        0xFF, 0xFF, 0xFF, 0x00, 0xFF, 0xFF, 0xFF, 0x00, 0xFF, 0xFF, 0xFF, 0x00,
        0xFF, 0xFF, 0xFF, 0x00, 0xFF, 0xFF, 0xFF, 0x00, 0xFF, 0xFF, 0xFF, 0x00,
        0xFF, 0xFF, 0xFF, 0x00, 0xFF, 0xFF, 0xFF, 0x00, 0xFF, 0xFF, 0xFF, 0x00,
        0xFF, 0xFF, 0xFF, 0x00, 0xFF, 0xFF, 0xFF, 0x00, 0xFF, 0xFF, 0xFF, 0x00,
        0xFF, 0xFF, 0xFF, 0x00, 0xFF, 0xFF, 0xFF, 0x00, 0xFF, 0xFF, 0xFF, 0x00,
        0xFF, 0xFF, 0xFF, 0x00, 0xFF, 0xFF, 0xFF, 0x00, 0xFF, 0xFF, 0xFF, 0x00,
        0xFF, 0xFF, 0xFF, 0x00, 0xFF, 0xFF, 0xFF, 0x00, 0xFF, 0xFF, 0xFF, 0x00,
        0xFF, 0xFF, 0xFF, 0x00, 0xFF, 0xFF, 0xFF, 0x00, 0xFF, 0xFF, 0xFF, 0x00,
        0xFF, 0xFF, 0xFF, 0x00, 0xFF, 0xFF, 0xFF, 0x00, 0xFF, 0xFF, 0xFF, 0x00,
        0xFF, 0xFF, 0xFF, 0x00, 0xFF, 0xFF, 0xFF, 0x00, 0xFF, 0xFF, 0xFF, 0x00,
        0xFF, 0xFF, 0xFF, 0x00, 0xFF, 0xFF, 0xFF, 0x00, 0xFF, 0xFF, 0xFF, 0x00,
        0xFF, 0xFF, 0xFF, 0x00, 0xFF, 0xFF, 0xFF, 0x00, 0xFF, 0xFF, 0xFF, 0x00,
        0xFF, 0xFF, 0xFF, 0x00, 0xFF, 0xFF, 0xFF, 0x00, 0xFF, 0xFF, 0xFF, 0x00,
        0xFF, 0xFF, 0xFF, 0x00, 0xFF, 0xFF, 0xFF, 0x00, 0xFF, 0xFF, 0xFF, 0x00,
        0xFF, 0xFF, 0xFF, 0x00, 0xFF, 0xFF, 0xFF, 0x00, 0xFF, 0xFF, 0xFF, 0x00,
        0xFF, 0xFF, 0xFF, 0x00, 0xFF, 0xFF, 0xFF, 0x00, 0xFF, 0xFF, 0xFF, 0x00,
        0xFF, 0xFF, 0xFF, 0x00, 0xFF, 0xFF, 0xFF, 0x00, 0xFF, 0xFF, 0xFF, 0x00,
        0xFF, 0xFF, 0xFF, 0x00, 0xFF, 0xFF, 0xFF, 0x00, 0xFF, 0xFF, 0xFF, 0x00,
        0xFF, 0xFF, 0xFF, 0x00, 0xFF, 0xFF, 0xFF, 0x00, 0xFF, 0xFF, 0xFF, 0x00,
        0xFF, 0xFF, 0xFF, 0x00, 0xFF, 0xFF, 0xFF, 0x00, 0xFF, 0xFF, 0xFF, 0x00,
        0xFF, 0xFF, 0xFF, 0x00, 0xFF, 0xFF, 0xFF, 0x00, 0xFF, 0xFF, 0xFF, 0x00,
        0xFF, 0xFF, 0xFF, 0x00, 0xFF, 0xFF, 0xFF, 0x00, 0xFF, 0xFF, 0xFF, 0x00,
        0xFF, 0xFF, 0xFF, 0x00, 0xFF, 0xFF, 0xFF, 0x00, 0xFF, 0xFF, 0xFF, 0x00,
        0xFF, 0xFF, 0xFF, 0x00, 0xFF, 0xFF, 0xFF, 0x00, 0xFF, 0xFF, 0xFF, 0x00,
        0xFF, 0xFF, 0xFF, 0x00, 0xFF, 0xFF, 0xFF, 0x00, 0xFF, 0xFF, 0xFF, 0x00,
        0xFF, 0xFF, 0xFF, 0x00, 0xFF, 0xFF, 0xFF, 0x00, 0xFF, 0xFF, 0xFF, 0x00,
        0xFF, 0xFF, 0xFF, 0x00, 0xFF, 0xFF, 0xFF, 0x00, 0xFF, 0xFF, 0xFF, 0x00,
        0xFF, 0xFF, 0xFF, 0x00, 0xFF, 0xFF, 0xFF, 0x00, 0xFF, 0xFF, 0xFF, 0x00,
        0xFF, 0xFF, 0xFF, 0x00, 0xFF, 0xFF, 0xFF, 0x00, 0xFF, 0xFF, 0xFF, 0x00,
        0xFF, 0xFF, 0xFF, 0x00, 0xFF, 0xFF, 0xFF, 0x00, 0xFF, 0xFF, 0xFF, 0x00,
        0xFF, 0xFF, 0xFF, 0x00, 0xFF, 0xFF, 0xFF, 0x00, 0xFF, 0xFF, 0xFF, 0x00,
        0xFF, 0xFF, 0xFF, 0x00, 0xFF, 0xFF, 0xFF, 0x00, 0xFF, 0xFF, 0xFF, 0x00,
        0xFF, 0xFF, 0xFF, 0x00, 0xFF, 0xFF, 0xFF, 0x00, 0xFF, 0xFF, 0xFF, 0x00,
        0xFF, 0xFF, 0xFF, 0x00, 0xFF, 0xFF, 0xFF, 0x00, 0xFF, 0xFF, 0xFF, 0x00,
        0xFF, 0xFF, 0xFF, 0x00, 0xFF, 0xFF, 0xFF, 0x00, 0xFF, 0xFF, 0xFF, 0x00,
        0xFF, 0xFF, 0xFF, 0x00, 0xFF, 0xFF, 0xFF, 0x00, 0xFF, 0xFF, 0xFF, 0x00,
        0xFF, 0xFF, 0xFF, 0x00, 0xFF, 0xFF, 0xFF, 0x00, 0xFF, 0xFF, 0xFF, 0x00,
        0xFF, 0xFF, 0xFF, 0x00, 0xFF, 0xFF, 0xFF, 0x00, 0xFF, 0xFF, 0xFF, 0x00,
        0xFF, 0xFF, 0xFF, 0x00, 0xFF, 0xFF, 0xFF, 0x00, 0xFF, 0xFF, 0xFF, 0x00,
        0xFF, 0xFF, 0xFF, 0x00, 0xFF, 0xFF, 0xFF, 0x00, 0xFF, 0xFF, 0xFF, 0x00,
        0xFF, 0xFF, 0xFF, 0x00, 0xFF, 0xFF, 0xFF, 0x00, 0xFF, 0xFF, 0xFF, 0x00,
        0xFF, 0xFF, 0xFF, 0x00, 0xFF, 0xFF, 0xFF, 0x00, 0xFF, 0xFF, 0xFF, 0x00,
        0xFF, 0xFF, 0xFF, 0x00, 0xFF, 0xFF, 0xFF, 0x00, 0xFF, 0xFF, 0xFF, 0x00,
        0xFF, 0xFF, 0xFF, 0x00, 0xFF, 0xFF, 0xFF, 0x00, 0xFF, 0xFF, 0xFF, 0x00,
        0xFF, 0xFF, 0xFF, 0x00, 0xFF, 0xFF, 0xFF, 0x00, 0xFF, 0xFF, 0xFF, 0x00,
        0xFF, 0xFF, 0xFF, 0x00, 0xFF, 0xFF, 0xFF, 0x00, 0xFF, 0xFF, 0xFF, 0x00,
        0xFF, 0xFF, 0xFF, 0x00, 0xFF, 0xFF, 0xFF, 0x00, 0xFF, 0xFF, 0xFF, 0x00,
        0xFF, 0xFF, 0xFF, 0x00, 0xFF, 0xFF, 0xFF, 0x00, 0xFF, 0xFF, 0xFF, 0x00,
        0xFF, 0xFF, 0xFF, 0x00, 0xFF, 0xFF, 0xFF, 0x00, 0xFF, 0xFF, 0xFF, 0x00,
        0xFF, 0xFF, 0xFF, 0x00, 0xFF, 0xFF, 0xFF, 0x00, 0xFF, 0xFF, 0xFF, 0x00,
        0xFF, 0xFF, 0xFF, 0x00, 0xFF, 0xFF, 0xFF, 0x00, 0xFF, 0xFF, 0xFF, 0x00,
        0xFF, 0xFF, 0xFF, 0x00, 0xFF, 0xFF, 0xFF, 0x00, 0xFF, 0xFF, 0xFF, 0x00,
        0xFF, 0xFF, 0xFF, 0x00, 0xFF, 0xFF, 0xFF, 0x00, 0xFF, 0xFF, 0xFF, 0x00,
        0xFF, 0xFF, 0xFF, 0x00, 0xFF, 0xFF, 0xFF, 0x00, 0xFF, 0xFF, 0xFF, 0x00,
        0xFF, 0xFF, 0xFF, 0x00, 0xFF, 0xFF, 0xFF, 0x00, 0xFF, 0xFF, 0xFF, 0x00,
        0xFF, 0xFF, 0xFF, 0x00, 0xFF, 0xFF, 0xFF, 0x00, 0xFF, 0xFF, 0xFF, 0x00,
        0xFF, 0xFF, 0xFF, 0x00, 0xFF, 0xFF, 0xFF, 0x00, 0xFF, 0xFF, 0xFF, 0x00,
        0xFF, 0xFF, 0xFF, 0x00, 0xFF, 0xFF, 0xFF, 0x00, 0xFF, 0xFF, 0xFF, 0x00,
        0xFF, 0xFF, 0xFF, 0x00, 0xFF, 0xFF, 0xFF, 0x00, 0xFF, 0xFF, 0xFF, 0x00,
        0xFF, 0xFF, 0xFF, 0x00, 0xFF, 0xFF, 0xFF, 0x00, 0xFF, 0xFF, 0xFF, 0x00,
        0xFF, 0xFF, 0xFF, 0x00, 0xFF, 0xFF, 0xFF, 0x00, 0xFF, 0xFF, 0xFF, 0x00,
        0xFF, 0xFF, 0xFF, 0x00, 0xFF, 0xFF, 0xFF, 0x00, 0xFF, 0xFF, 0xFF, 0x00,
        0xFF, 0xFF, 0xFF, 0x00, 0xFF, 0xFF, 0xFF, 0x00, 0xFF, 0xFF, 0xFF, 0x00,
        0xFF, 0xFF, 0xFF, 0x00, 0xFF, 0xFF, 0xFF, 0x00, 0xFF, 0xFF, 0xFF, 0x00,
        0xFF, 0xFF, 0xFF, 0x00, 0xFF, 0xFF, 0xFF, 0x00, 0xFF, 0xFF, 0xFF, 0x00,
        0xFF, 0xFF, 0xFF, 0x00, 0xFF, 0xFF, 0xFF, 0x00, 0xFF, 0xFF, 0xFF, 0x00,
        0xFF, 0xFF, 0xFF, 0x00, 0xFF, 0xFF, 0xFF, 0x00, 0xFF, 0xFF, 0xFF, 0x00,
        0xFF, 0xFF, 0xFF, 0x00, 0xFF, 0xFF, 0xFF, 0x00, 0xFF, 0xFF, 0xFF, 0x00,
        0xFF, 0xFF, 0xFF, 0x00, 0xFF, 0xFF, 0xFF, 0x00, 0xFF, 0xFF, 0xFF, 0x00,
        0xFF, 0xFF, 0xFF, 0x00, 0xFF, 0xFF, 0xFF, 0x00, 0xFF, 0xFF, 0xFF, 0x00,
        0xFF, 0xFF, 0xFF, 0x00, 0xFF, 0xFF, 0xFF, 0x00, 0xFF, 0xFF, 0xFF, 0x00,
        0xFF, 0xFF, 0xFF, 0x00, 0xFF, 0xFF, 0xFF, 0x00, 0xFF, 0xFF, 0xFF, 0x00,
        0xFF, 0xFF, 0xFF, 0x00, 0xFF, 0xFF, 0xFF, 0x00, 0xFF, 0xFF, 0xFF, 0x00,
        0xFF, 0xFF, 0xFF, 0x00, 0xFF, 0xFF, 0xFF, 0x00, 0xFF, 0xFF, 0xFF, 0x00,
        0xFF, 0xFF, 0xFF, 0x00, 0xFF, 0xFF, 0xFF, 0x00, 0xFF, 0xFF, 0xFF, 0x00,
        0xFF, 0xFF, 0xFF, 0x00, 0xFF, 0xFF, 0xFF, 0x00, 0xFF, 0xFF, 0xFF, 0x00,
        0xFF, 0xFF, 0xFF, 0x00, 0xFF, 0xFF, 0xFF, 0x00, 0xFF, 0xFF, 0xFF, 0x00,
        0xFF, 0xFF, 0xFF, 0x00, 0xFF, 0xFF, 0xFF, 0x00, 0xFF, 0xFF, 0xFF, 0x00,
        0xFF, 0xFF, 0xFF, 0x00, 0xFF, 0xFF, 0xFF, 0x00, 0xFF, 0xFF, 0xFF, 0x00,
        0xFF, 0xFF, 0xFF, 0x00, 0xFF, 0xFF, 0xFF, 0x00, 0xFF, 0xFF, 0xFF, 0x00,
        0xFF, 0xFF, 0xFF, 0x00, 0xFF, 0xFF, 0xFF, 0x00, 0xFF, 0xFF, 0xFF, 0x00,
        0xFF, 0xFF, 0xFF, 0x00, 0xFF, 0xFF, 0xFF, 0x00, 0xFF, 0xFF, 0xFF, 0x00,
        0xFF, 0xFF, 0xFF, 0x00, 0xFF, 0xFF, 0xFF, 0x00, 0xFF, 0xFF, 0xFF, 0x00,
        0xFF, 0xFF, 0xFF, 0x00, 0xFF, 0xFF, 0xFF, 0x00, 0xFF, 0xFF, 0xFF, 0x00,
        0xFF, 0xFF, 0xFF, 0x00, 0xFF, 0xFF, 0xFF, 0x00, 0xFF, 0xFF, 0xFF, 0x00,
        0xFF, 0xFF, 0xFF, 0x00, 0xFF, 0xFF, 0xFF, 0x00, 0xFF, 0xFF, 0xFF, 0x00,
        0xFF, 0xFF, 0xFF, 0x00, 0xFF, 0xFF, 0xFF, 0x00, 0xFF, 0xFF, 0xFF, 0x00,
        0xFF, 0xFF, 0xFF, 0x00, 0xFF, 0xFF, 0xFF, 0x00, 0xFF, 0xFF, 0xFF, 0x00,
        0xFF, 0xFF, 0xFF, 0x00, 0xFF, 0xFF, 0xFF, 0x00, 0xFF, 0xFF, 0xFF, 0x00,
        0xFF, 0xFF, 0xFF, 0x00, 0xFF, 0xFF, 0xFF, 0x00, 0xFF, 0xFF, 0xFF, 0x00,
        0xFF, 0xFF, 0xFF, 0x00, 0xFF, 0xFF, 0xFF, 0x00, 0xFF, 0xFF, 0xFF, 0x00,
        0xFF, 0xFF, 0xFF, 0x00, 0xFF, 0xFF, 0xFF, 0x00, 0xFF, 0xFF, 0xFF, 0x00,
        0xFF, 0xFF, 0xFF, 0x00, 0xFF, 0xFF, 0xFF, 0x00, 0xFF, 0xFF, 0xFF, 0x00,
        0xFF, 0xFF, 0xFF, 0x00, 0xFF, 0xFF, 0xFF, 0x00, 0xFF, 0xFF, 0xFF, 0x00,
        0xFF, 0xFF, 0xFF, 0x00, 0xFF, 0xFF, 0xFF, 0x00, 0xFF, 0xFF, 0xFF, 0x00,
        0xFF, 0xFF, 0xFF, 0x00, 0xFF, 0xFF, 0xFF, 0x00, 0xFF, 0xFF, 0xFF, 0x00,
        0xFF, 0xFF, 0xFF, 0x00, 0xFF, 0xFF, 0xFF, 0x00, 0xFF, 0xFF, 0xFF, 0x00,
        0xFF, 0xFF, 0xFF, 0x00, 0xFF, 0xFF, 0xFF, 0x00, 0xFF, 0xFF, 0xFF, 0x00,
        0xFF, 0xFF, 0xFF, 0x00, 0xFF, 0xFF, 0xFF, 0x00, 0xFF, 0xFF, 0xFF, 0x00,
        0xFF, 0xFF, 0xFF, 0x00, 0xFF, 0xFF, 0xFF, 0x00, 0xFF, 0xFF, 0xFF, 0x00,
        0xFF, 0xFF, 0xFF, 0x00, 0xFF, 0xFF, 0xFF, 0x00, 0xFF, 0xFF, 0xFF, 0x00,
        0xFF, 0xFF, 0xFF, 0x00, 0xFF, 0xFF, 0xFF, 0x00, 0xFF, 0xFF, 0xFF, 0x00,
        0xFF, 0xFF, 0xFF, 0x00, 0xFF, 0xFF, 0xFF, 0x00, 0xFF, 0xFF, 0xFF, 0x00,
        0xFF, 0xFF, 0xFF, 0x00, 0xFF, 0xFF, 0xFF, 0x00, 0xFF, 0xFF, 0xFF, 0x00,
        0xFF, 0xFF, 0xFF, 0x00, 0xFF, 0xFF, 0xFF, 0x00, 0xFF, 0xFF, 0xFF, 0x00,
        0xFF, 0xFF, 0xFF, 0x00, 0xFF, 0xFF, 0xFF, 0x00, 0xFF, 0xFF, 0xFF, 0x00,
        0xFF, 0xFF, 0xFF, 0x00, 0xFF, 0xFF, 0xFF, 0x00, 0xFF, 0xFF, 0xFF, 0x00,
        0xFF, 0xFF, 0xFF, 0x00, 0xFF, 0xFF, 0xFF, 0x00, 0xFF, 0xFF, 0xFF, 0x00,
        0xFF, 0xFF, 0xFF, 0x00, 0xFF, 0xFF, 0xFF, 0x00, 0xFF, 0xFF, 0xFF, 0x00,
        0xFF, 0xFF, 0xFF, 0x00, 0xFF, 0xFF, 0xFF, 0x00, 0xFF, 0xFF, 0xFF, 0x00,
        0xFF, 0xFF, 0xFF, 0x00, 0xFF, 0xFF, 0xFF, 0x00, 0xFF, 0xFF, 0xFF, 0x00,
        0xFF, 0xFF, 0xFF, 0x00, 0xFF, 0xFF, 0xFF, 0x00, 0xFF, 0xFF, 0xFF, 0x00,
        0xFF, 0xFF, 0xFF, 0x00, 0xFF, 0xFF, 0xFF, 0x00, 0xFF, 0xFF, 0xFF, 0x00,
        0xFF, 0xFF, 0xFF, 0x00, 0xFF, 0xFF, 0xFF, 0x00, 0xFF, 0xFF, 0xFF, 0x00,
        0xFF, 0xFF, 0xFF, 0x00, 0xFF, 0xFF, 0xFF, 0x00, 0xFF, 0xFF, 0xFF, 0x00,
        0xFF, 0xFF, 0xFF, 0x00, 0xFF, 0xFF, 0xFF, 0x00, 0xFF, 0xFF, 0xFF, 0x00,
        0xFF, 0xFF, 0xFF, 0x00, 0xFF, 0xFF, 0xFF, 0x00, 0xFF, 0xFF, 0xFF, 0x00,
        0xFF, 0xFF, 0xFF, 0x00, 0xFF, 0xFF, 0xFF, 0x00, 0xFF, 0xFF, 0xFF, 0x00,
        0xFF, 0xFF, 0xFF, 0x00, 0xFF, 0xFF, 0xFF, 0x00, 0xFF, 0xFF, 0xFF, 0x00,
        0xFF, 0xFF, 0xFF, 0x00, 0xFF, 0xFF, 0xFF, 0x00, 0xFF, 0xFF, 0xFF, 0x00,
        0xFF, 0xFF, 0xFF, 0x00, 0xFF, 0xFF, 0xFF, 0x00, 0xFF, 0xFF, 0xFF, 0x00,
        0xFF, 0xFF, 0xFF, 0x00, 0xFF, 0xFF, 0xFF, 0x00, 0xFF, 0xFF, 0xFF, 0x00,
        0xFF, 0xFF, 0xFF, 0x00, 0xFF, 0xFF, 0xFF, 0x00, 0xFF, 0xFF, 0xFF, 0x00,
        0xFF, 0xFF, 0xFF, 0x00, 0xFF, 0xFF, 0xFF, 0x00, 0xFF, 0xFF, 0xFF, 0x00,
        0xFF, 0xFF, 0xFF, 0x00, 0xFF, 0xFF, 0xFF, 0x00, 0xFF, 0xFF, 0xFF, 0x00,
        0xFF, 0xFF, 0xFF, 0x00, 0xFF, 0xFF, 0xFF, 0x00, 0xFF, 0xFF, 0xFF, 0x00,
        0xFF, 0xFF, 0xFF, 0x00, 0xFF, 0xFF, 0xFF, 0x00, 0xFF, 0xFF, 0xFF, 0x00,
        0xFF, 0xFF, 0xFF, 0x00, 0xFF, 0xFF, 0xFF, 0x00, 0xFF, 0xFF, 0xFF, 0x00,
        0xFF, 0xFF, 0xFF, 0x00, 0xFF, 0xFF, 0xFF, 0x00, 0xFF, 0xFF, 0xFF, 0x00,
        0xFF, 0xFF, 0xFF, 0x00, 0xFF, 0xFF, 0xFF, 0x00, 0xFF, 0xFF, 0xFF, 0x00,
        0xFF, 0xFF, 0xFF, 0x00, 0xFF, 0xFF, 0xFF, 0x00, 0xFF, 0xFF, 0xFF, 0x00,
        0xFF, 0xFF, 0xFF, 0x00, 0xFF, 0xFF, 0xFF, 0x00, 0xFF, 0xFF, 0xFF, 0x00,
        0xFF, 0xFF, 0xFF, 0x00, 0xFF, 0xFF, 0xFF, 0x00, 0xFF, 0xFF, 0xFF, 0x00,
        0xFF, 0xFF, 0xFF, 0x00, 0xFF, 0xFF, 0xFF, 0x00, 0xFF, 0xFF, 0xFF, 0x00,
        0xFF, 0xFF, 0xFF, 0x00, 0xFF, 0xFF, 0xFF, 0x00, 0xFF, 0xFF, 0xFF, 0x00,
        0xFF, 0xFF, 0xFF, 0x00, 0xFF, 0xFF, 0xFF, 0x00, 0xFF, 0xFF, 0xFF, 0x00,
        0xFF, 0xFF, 0xFF, 0x00, 0xFF, 0xFF, 0xFF, 0x00, 0xFF, 0xFF, 0xFF, 0x00,
        0xFF, 0xFF, 0xFF, 0x00, 0xFF, 0xFF, 0xFF, 0x00, 0xFF, 0xFF, 0xFF, 0x00,
        0xFF, 0xFF, 0xFF, 0x00, 0xFF, 0xFF, 0xFF, 0x00, 0xFF, 0xFF, 0xFF, 0x00,
        0xFF, 0xFF, 0xFF, 0x00, 0xFF, 0xFF, 0xFF, 0x00, 0xFF, 0xFF, 0xFF, 0x00,
        0xFF, 0xFF, 0xFF, 0x00, 0xFF, 0xFF, 0xFF, 0x00, 0xFF, 0xFF, 0xFF, 0x00,
        0xFF, 0xFF, 0xFF, 0x00, 0xFF, 0xFF, 0xFF, 0x00, 0xFF, 0xFF, 0xFF, 0x00,
        0xFF, 0xFF, 0xFF, 0x00, 0xFF, 0xFF, 0xFF, 0x00, 0xFF, 0xFF, 0xFF, 0x00,
        0xFF, 0xFF, 0xFF, 0x00, 0xFF, 0xFF, 0xFF, 0x00, 0xFF, 0xFF, 0xFF, 0x00,
        0xFF, 0xFF, 0xFF, 0x00, 0xFF, 0xFF, 0xFF, 0x00, 0xFF, 0xFF, 0xFF, 0x00,
        0xFF, 0xFF, 0xFF, 0x00, 0xFF, 0xFF, 0xFF, 0x00, 0xFF, 0xFF, 0xFF, 0x00,
        0xFF, 0xFF, 0xFF, 0x00, 0xFF, 0xFF, 0xFF, 0x00, 0xFF, 0xFF, 0xFF, 0x00,
        0xFF, 0xFF, 0xFF, 0x00, 0xFF, 0xFF, 0xFF, 0x00, 0xFF, 0xFF, 0xFF, 0x00,
        0xFF, 0xFF, 0xFF, 0x00, 0xFF, 0xFF, 0xFF, 0x00, 0xFF, 0xFF, 0xFF, 0x00,
        0xFF, 0xFF, 0xFF, 0x00, 0xFF, 0xFF, 0xFF, 0x00, 0xFF, 0xFF, 0xFF, 0x00,
        0xFF, 0xFF, 0xFF, 0x00, 0xFF, 0xFF, 0xFF, 0x00, 0xFF, 0xFF, 0xFF, 0x00,
        0xFF, 0xFF, 0xFF, 0x00, 0xFF, 0xFF, 0xFF, 0x00, 0xFF, 0xFF, 0xFF, 0x00,
        0xFF, 0xFF, 0xFF, 0x00, 0xFF, 0xFF, 0xFF, 0x00, 0xFF, 0xFF, 0xFF, 0x00,
        0xFF, 0xFF, 0xFF, 0x00, 0xFF, 0xFF, 0xFF, 0x00, 0xFF, 0xFF, 0xFF, 0x00,
        0xFF, 0xFF, 0xFF, 0x00, 0xFF, 0xFF, 0xFF, 0x00, 0xFF, 0xFF, 0xFF, 0x00,
        0xFF, 0xFF, 0xFF, 0x00, 0xFF, 0xFF, 0xFF, 0x00, 0xFF, 0xFF, 0xFF, 0x00,
        0xFF, 0xFF, 0xFF, 0x00, 0xFF, 0xFF, 0xFF, 0x00, 0xFF, 0xFF, 0xFF, 0x00,
        0xFF, 0xFF, 0xFF, 0x00, 0xFF, 0xFF, 0xFF, 0x00, 0xFF, 0xFF, 0xFF, 0x00,
        0xFF, 0xFF, 0xFF, 0x00, 0xFF, 0xFF, 0xFF, 0x00, 0xFF, 0xFF, 0xFF, 0x00,
        0xFF, 0xFF, 0xFF, 0x00, 0xFF, 0xFF, 0xFF, 0x00, 0xFF, 0xFF, 0xFF, 0x00,
        0xFF, 0xFF, 0xFF, 0x00, 0xFF, 0xFF, 0xFF, 0x00, 0xFF, 0xFF, 0xFF, 0x00,
        0xFF, 0xFF, 0xFF, 0x00, 0xFF, 0xFF, 0xFF, 0x00, 0xFF, 0xFF, 0xFF, 0x00,
        0xFF, 0xFF, 0xFF, 0x00, 0xFF, 0xFF, 0xFF, 0x00, 0xFF, 0xFF, 0xFF, 0x00,
        0xFF, 0xFF, 0xFF, 0x00, 0xFF, 0xFF, 0xFF, 0x00, 0xFF, 0xFF, 0xFF, 0x00,
        0xFF, 0xFF, 0xFF, 0x00, 0xFF, 0xFF, 0xFF, 0x00, 0xFF, 0xFF, 0xFF, 0x00,
        0xFF, 0xFF, 0xFF, 0x00, 0xFF, 0xFF, 0xFF, 0x00, 0xFF, 0xFF, 0xFF, 0x00,
        0xFF, 0xFF, 0xFF, 0x00, 0xFF, 0xFF, 0xFF, 0x00, 0xFF, 0xFF, 0xFF, 0x00,
        0xFF, 0xFF, 0xFF, 0x00, 0xFF, 0xFF, 0xFF, 0x00, 0xFF, 0xFF, 0xFF, 0x00,
        0xFF, 0xFF, 0xFF, 0x00, 0xFF, 0xFF, 0xFF, 0x00, 0xFF, 0xFF, 0xFF, 0x00,
        0xFF, 0xFF, 0xFF, 0x00, 0xFF, 0xFF, 0xFF, 0x00, 0xFF, 0xFF, 0xFF, 0x00,
        0xFF, 0xFF, 0xFF, 0x00, 0xFF, 0xFF, 0xFF, 0x00, 0xFF, 0xFF, 0xFF, 0x00,
        0xFF, 0xFF, 0xFF, 0x00, 0xFF, 0xFF, 0xFF, 0x00, 0xFF, 0xFF, 0xFF, 0x00,
        0xFF, 0xFF, 0xFF, 0x00, 0xFF, 0xFF, 0xFF, 0x00, 0xFF, 0xFF, 0xFF, 0x00,
        0xFF, 0xFF, 0xFF, 0x00, 0xFF, 0xFF, 0xFF, 0x00, 0xFF, 0xFF, 0xFF, 0x00,
        0xFF, 0xFF, 0xFF, 0x00, 0xFF, 0xFF, 0xFF, 0x00, 0xFF, 0xFF, 0xFF, 0x00,
        0xFF, 0xFF, 0xFF, 0x00, 0xFF, 0xFF, 0xFF, 0x00, 0xFF, 0xFF, 0xFF, 0x00,
        0xFF, 0xFF, 0xFF, 0x00, 0xFF, 0xFF, 0xFF, 0x00, 0xFF, 0xFF, 0xFF, 0x00,
        0xFF, 0xFF, 0xFF, 0x00, 0xFF, 0xFF, 0xFF, 0x00, 0xFF, 0xFF, 0xFF, 0x00,
        0xFF, 0xFF, 0xFF, 0x00, 0xFF, 0xFF, 0xFF, 0x00, 0xFF, 0xFF, 0xFF, 0x00,
        0xFF, 0xFF, 0xFF, 0x00, 0xFF, 0xFF, 0xFF, 0x00, 0xFF, 0xFF, 0xFF, 0x00,
        0xFF, 0xFF, 0xFF, 0x00, 0xFF, 0xFF, 0xFF, 0x00, 0xFF, 0xFF, 0xFF, 0x00,
        0xFF, 0xFF, 0xFF, 0x00, 0xFF, 0xFF, 0xFF, 0x00, 0xFF, 0xFF, 0xFF, 0x00,
        0xFF, 0xFF, 0xFF, 0x00, 0xFF, 0xFF, 0xFF, 0x00, 0xFF, 0xFF, 0xFF, 0x00,
        0xFF, 0xFF, 0xFF, 0x00, 0xFF, 0xFF, 0xFF, 0x00, 0xFF, 0xFF, 0xFF, 0x00,
        0xFF, 0xFF, 0xFF, 0x00, 0xFF, 0xFF, 0xFF, 0x00, 0xFF, 0xFF, 0xFF, 0x00,
        0xFF, 0xFF, 0xFF, 0x00, 0xFF, 0xFF, 0xFF, 0x00, 0xFF, 0xFF, 0xFF, 0x00,
        0xFF, 0xFF, 0xFF, 0x00, 0xFF, 0xFF, 0xFF, 0x00, 0xFF, 0xFF, 0xFF, 0x00,
        0xFF, 0xFF, 0xFF, 0x00, 0xFF, 0xFF, 0xFF, 0x00, 0xFF, 0xFF, 0xFF, 0x00,
        0xFF, 0xFF, 0xFF, 0x00, 0xFF, 0xFF, 0xFF, 0x00, 0xFF, 0xFF, 0xFF, 0x00,
        0xFF, 0xFF, 0xFF, 0x00, 0xFF, 0xFF, 0xFF, 0x00, 0xFF, 0xFF, 0xFF, 0x00,
        0xFF, 0xFF, 0xFF, 0x00, 0xFF, 0xFF, 0xFF, 0x00, 0xFF, 0xFF, 0xFF, 0x00,
        0xFF, 0xFF, 0xFF, 0x00, 0xFF, 0xFF, 0xFF, 0x00, 0xFF, 0xFF, 0xFF, 0x00,
        0xFF, 0xFF, 0xFF, 0x00, 0xFF, 0xFF, 0xFF, 0x00, 0xFF, 0xFF, 0xFF, 0x00,
        0xFF, 0xFF, 0xFF, 0x00, 0xFF, 0xFF, 0xFF, 0x00, 0xFF, 0xFF, 0xFF, 0x00,
        0xFF, 0xFF, 0xFF, 0x00, 0xFF, 0xFF, 0xFF, 0x00, 0xFF, 0xFF, 0xFF, 0x00,
        0xFF, 0xFF, 0xFF, 0x00, 0xFF, 0xFF, 0xFF, 0x00, 0xFF, 0xFF, 0xFF, 0x00,
        0xFF, 0xFF, 0xFF, 0x00, 0xFF, 0xFF, 0xFF, 0x00, 0xFF, 0xFF, 0xFF, 0x00,
        0xFF, 0xFF, 0xFF, 0x00, 0xFF, 0xFF, 0xFF, 0x00, 0xFF, 0xFF, 0xFF, 0x00,
        0xFF, 0xFF, 0xFF, 0x00, 0xFF, 0xFF, 0xFF, 0x00, 0xFF, 0xFF, 0xFF, 0x00,
        0xFF, 0xFF, 0xFF, 0x00, 0xFF, 0xFF, 0xFF, 0x00, 0xFF, 0xFF, 0xFF, 0x00,
        0xFF, 0xFF, 0xFF, 0x00, 0xFF, 0xFF, 0xFF, 0x00, 0xFF, 0xFF, 0xFF, 0x00,
        0xFF, 0xFF, 0xFF, 0x00, 0xFF, 0xFF, 0xFF, 0x00, 0xFF, 0xFF, 0xFF, 0x00,
        0xFF, 0xFF, 0xFF, 0x00, 0xFF, 0xFF, 0xFF, 0x00, 0xFF, 0xFF, 0xFF, 0x00,
        0xFF, 0xFF, 0xFF, 0x00, 0xFF, 0xFF, 0xFF, 0x00, 0xFF, 0xFF, 0xFF, 0x00,
        0xFF, 0xFF, 0xFF, 0x00, 0xFF, 0xFF, 0xFF, 0x00, 0xFF, 0xFF, 0xFF, 0x00,
        0xFF, 0xFF, 0xFF, 0x00, 0xFF, 0xFF, 0xFF, 0x00, 0xFF, 0xFF, 0xFF, 0x00,
        0xFF, 0xFF, 0xFF, 0x00, 0xFF, 0xFF, 0xFF, 0x00, 0xFF, 0xFF, 0xFF, 0x00,
        0xFF, 0xFF, 0xFF, 0x00, 0xFF, 0xFF, 0xFF, 0x00, 0xFF, 0xFF, 0xFF, 0x00,
        0xFF, 0xFF, 0xFF, 0x00, 0xFF, 0xFF, 0xFF, 0x00, 0xFF, 0xFF, 0xFF, 0x00,
        0xFF, 0xFF, 0xFF, 0x00, 0xFF, 0xFF, 0xFF, 0x00, 0xFF, 0xFF, 0xFF, 0x00,
        0xFF, 0xFF, 0xFF, 0x00, 0xFF, 0xFF, 0xFF, 0x00, 0xFF, 0xFF, 0xFF, 0x00,
        0xFF, 0xFF, 0xFF, 0x00, 0xFF, 0xFF, 0xFF, 0x00, 0xFF, 0xFF, 0xFF, 0x00,
        0xFF, 0xFF, 0xFF, 0x00, 0xFF, 0xFF, 0xFF, 0x00, 0xFF, 0xFF, 0xFF, 0x00,
        0xFF, 0xFF, 0xFF, 0x00, 0xFF, 0xFF, 0xFF, 0x00, 0xFF, 0xFF, 0xFF, 0x00,
        0xFF, 0xFF, 0xFF, 0x00, 0xFF, 0xFF, 0xFF, 0x00, 0xFF, 0xFF, 0xFF, 0x00,
        0xFF, 0xFF, 0xFF, 0x00, 0xFF, 0xFF, 0xFF, 0x00, 0xFF, 0xFF, 0xFF, 0x00,
        0xFF, 0xFF, 0xFF, 0x00, 0xFF, 0xFF, 0xFF, 0x00, 0xFF, 0xFF, 0xFF, 0x00,
        0xFF, 0xFF, 0xFF, 0x00, 0xFF, 0xFF, 0xFF, 0x00, 0xFF, 0xFF, 0xFF, 0x00,
        0xFF, 0xFF, 0xFF, 0x00, 0xFF, 0xFF, 0xFF, 0x00, 0xFF, 0xFF, 0xFF, 0x00,
        0xFF, 0xFF, 0xFF, 0x00, 0xFF, 0xFF, 0xFF, 0x00, 0xFF, 0xFF, 0xFF, 0x00,
        0xFF, 0xFF, 0xFF, 0x00, 0xFF, 0xFF, 0xFF, 0x00, 0xFF, 0xFF, 0xFF, 0x00,
        0xFF, 0xFF, 0xFF, 0x00, 0xFF, 0xFF, 0xFF, 0x00, 0xFF, 0xFF, 0xFF, 0x00,
        0xFF, 0xFF, 0xFF, 0x00, 0xFF, 0xFF, 0xFF, 0x00, 0xFF, 0xFF, 0xFF, 0x00,
        0xFF, 0xFF, 0xFF, 0x00, 0xFF, 0xFF, 0xFF, 0x00, 0xFF, 0xFF, 0xFF, 0x00,
        0xFF, 0xFF, 0xFF, 0x00, 0xFF, 0xFF, 0xFF, 0x00, 0xFF, 0xFF, 0xFF, 0x00,
        0xFF, 0xFF, 0xFF, 0x00, 0xFF, 0xFF, 0xFF, 0x00, 0xFF, 0xFF, 0xFF, 0x00,
        0xFF, 0xFF, 0xFF, 0x00, 0xFF, 0xFF, 0xFF, 0x00, 0xFF, 0xFF, 0xFF, 0x00,
        0xFF, 0xFF, 0xFF, 0x00, 0xFF, 0xFF, 0xFF, 0x00, 0xFF, 0xFF, 0xFF, 0x00,
        0xFF, 0xFF, 0xFF, 0x00, 0xFF, 0xFF, 0xFF, 0x00, 0xFF, 0xFF, 0xFF, 0x00,
        0xFF, 0xFF, 0xFF, 0x00, 0xFF, 0xFF, 0xFF, 0x00, 0xFF, 0xFF, 0xFF, 0x00,
        0xFF, 0xFF, 0xFF, 0x00, 0xFF, 0xFF, 0xFF, 0x00, 0xFF, 0xFF, 0xFF, 0x00,
        0xFF, 0xFF, 0xFF, 0x00, 0xFF, 0xFF, 0xFF, 0x00, 0xFF, 0xFF, 0xFF, 0x00,
        0xFF, 0xFF, 0xFF, 0x00, 0xFF, 0xFF, 0xFF, 0x00, 0xFF, 0xFF, 0xFF, 0x00,
        0xFF, 0xFF, 0xFF, 0x00, 0xFF, 0xFF, 0xFF, 0x00, 0xFF, 0xFF, 0xFF, 0x00,
        0xFF, 0xFF, 0xFF, 0x00, 0xFF, 0xFF, 0xFF, 0x00, 0xFF, 0xFF, 0xFF, 0x00,
        0xFF, 0xFF, 0xFF, 0x00, 0xFF, 0xFF, 0xFF, 0x00, 0xFF, 0xFF, 0xFF, 0x00,
        0xFF, 0xFF, 0xFF, 0x00, 0xFF, 0xFF, 0xFF, 0x00, 0xFF, 0xFF, 0xFF, 0x00,
        0xFF, 0xFF, 0xFF, 0x00, 0xFF, 0xFF, 0xFF, 0x00, 0xFF, 0xFF, 0xFF, 0x00,
        0xFF, 0xFF, 0xFF, 0x00, 0xFF, 0xFF, 0xFF, 0x00, 0xFF, 0xFF, 0xFF, 0x00,
        0xFF, 0xFF, 0xFF, 0x00, 0xFF, 0xFF, 0xFF, 0x00, 0xFF, 0xFF, 0xFF, 0x00,
        0xFF, 0xFF, 0xFF, 0x00, 0xFF, 0xFF, 0xFF, 0x00, 0xFF, 0xFF, 0xFF, 0x00,
        0xFF, 0xFF, 0xFF, 0x00, 0xFF, 0xFF, 0xFF, 0x00, 0xFF, 0xFF, 0xFF, 0x00,
        0xFF, 0xFF, 0xFF, 0x00, 0xFF, 0xFF, 0xFF, 0x00, 0xFF, 0xFF, 0xFF, 0x00,
        0xFF, 0xFF, 0xFF, 0x00, 0xFF, 0xFF, 0xFF, 0x00, 0xFF, 0xFF, 0xFF, 0x00,
        0xFF, 0xFF, 0xFF, 0x00, 0xFF, 0xFF, 0xFF, 0x00, 0xFF, 0xFF, 0xFF, 0x00,
        0xFF, 0xFF, 0xFF, 0x00, 0xFF, 0xFF, 0xFF, 0x00, 0xFF, 0xFF, 0xFF, 0x00,
        0xFF, 0xFF, 0xFF, 0x00, 0xFF, 0xFF, 0xFF, 0x00, 0xFF, 0xFF, 0xFF, 0x00,
        0xFF, 0xFF, 0xFF, 0x00, 0xFF, 0xFF, 0xFF, 0x00, 0xFF, 0xFF, 0xFF, 0x00,
        0xFF, 0xFF, 0xFF, 0x00, 0xFF, 0xFF, 0xFF, 0x00, 0xFF, 0xFF, 0xFF, 0x00,
        0xFF, 0xFF, 0xFF, 0x00, 0xFF, 0xFF, 0xFF, 0x00, 0x11, 0x11, 0x11, 0x14,
        0x10, 0x10, 0x10, 0x86, 0x10, 0x10, 0x10, 0xD2, 0x10, 0x10, 0x10, 0xF8,
        0x10, 0x10, 0x10, 0xFF, 0x10, 0x10, 0x10, 0xFF, 0x10, 0x10, 0x10, 0xFF,
        0x10, 0x10, 0x10, 0xFF, 0x10, 0x10, 0x10, 0xFF, 0x10, 0x10, 0x10, 0xFF,
        0x10, 0x10, 0x10, 0xFF, 0x10, 0x10, 0x10, 0xFF, 0x10, 0x10, 0x10, 0xFF,
        0x10, 0x10, 0x10, 0xFF, 0x10, 0x10, 0x10, 0xFF, 0x10, 0x10, 0x10, 0xFF,
        0x10, 0x10, 0x10, 0xFF, 0x10, 0x10, 0x10, 0xFF, 0x10, 0x10, 0x10, 0xFF,
        0x10, 0x10, 0x10, 0xFF, 0x10, 0x10, 0x10, 0xFF, 0x10, 0x10, 0x10, 0xFF,
        0x10, 0x10, 0x10, 0xFF, 0x10, 0x10, 0x10, 0xFF, 0x10, 0x10, 0x10, 0xFF,
        0x10, 0x10, 0x10, 0xFF, 0x10, 0x10, 0x10, 0xFF, 0x10, 0x10, 0x10, 0xFF,
        0x10, 0x10, 0x10, 0xFF, 0x10, 0x10, 0x10, 0xFF, 0x10, 0x10, 0x10, 0xFF,
        0x10, 0x10, 0x10, 0xFF, 0x10, 0x10, 0x10, 0xFF, 0x10, 0x10, 0x10, 0xFF,
        0x10, 0x10, 0x10, 0xFF, 0x10, 0x10, 0x10, 0xFF, 0x10, 0x10, 0x10, 0xFF,
        0x10, 0x10, 0x10, 0xFF, 0x10, 0x10, 0x10, 0xFF, 0x10, 0x10, 0x10, 0xFF,
        0x10, 0x10, 0x10, 0xFF, 0x10, 0x10, 0x10, 0xFF, 0x10, 0x10, 0x10, 0xFF,
        0x10, 0x10, 0x10, 0xFF, 0x10, 0x10, 0x10, 0xFF, 0x10, 0x10, 0x10, 0xFF,
        0x10, 0x10, 0x10, 0xFF, 0x10, 0x10, 0x10, 0xFF, 0x10, 0x10, 0x10, 0xFF,
        0x10, 0x10, 0x10, 0xFF, 0x10, 0x10, 0x10, 0xFF, 0x10, 0x10, 0x10, 0xFF,
        0x10, 0x10, 0x10, 0xF8, 0x10, 0x10, 0x10, 0xD0, 0x10, 0x10, 0x10, 0x82,
        0x11, 0x11, 0x11, 0x14, 0xFF, 0xFF, 0xFF, 0x00, 0xFF, 0xFF, 0xFF, 0x00,
        0xFF, 0xFF, 0xFF, 0x00, 0xFF, 0xFF, 0xFF, 0x00, 0xFF, 0xFF, 0xFF, 0x00,
        0xFF, 0xFF, 0xFF, 0x00, 0xFF, 0xFF, 0xFF, 0x00, 0xFF, 0xFF, 0xFF, 0x00,
        0x2F, 0x2F, 0x2F, 0x14, 0x2B, 0x2B, 0x2B, 0x86, 0x29, 0x29, 0x29, 0xD2,
        0x26, 0x26, 0x26, 0xF8, 0x25, 0x25, 0x25, 0xFF, 0x25, 0x25, 0x25, 0xFF,
        0x25, 0x25, 0x25, 0xFF, 0x25, 0x25, 0x25, 0xFF, 0x25, 0x25, 0x25, 0xFF,
        0x25, 0x25, 0x25, 0xFF, 0x25, 0x25, 0x25, 0xFF, 0x25, 0x25, 0x25, 0xFF,
        0x25, 0x25, 0x25, 0xFF, 0x25, 0x25, 0x25, 0xFF, 0x25, 0x25, 0x25, 0xFF,
        0x25, 0x25, 0x25, 0xFF, 0x25, 0x25, 0x25, 0xFF, 0x25, 0x25, 0x25, 0xFF,
        0x25, 0x25, 0x25, 0xFF, 0x25, 0x25, 0x25, 0xFF, 0x25, 0x25, 0x25, 0xFF,
        0x25, 0x25, 0x25, 0xFF, 0x25, 0x25, 0x25, 0xFF, 0x25, 0x25, 0x25, 0xFF,
        0x25, 0x25, 0x25, 0xFF, 0x25, 0x25, 0x25, 0xFF, 0x25, 0x25, 0x25, 0xFF,
        0x25, 0x25, 0x25, 0xFF, 0x25, 0x25, 0x25, 0xFF, 0x25, 0x25, 0x25, 0xFF,
        0x25, 0x25, 0x25, 0xFF, 0x25, 0x25, 0x25, 0xFF, 0x25, 0x25, 0x25, 0xFF,
        0x25, 0x25, 0x25, 0xFF, 0x25, 0x25, 0x25, 0xFF, 0x25, 0x25, 0x25, 0xFF,
        0x25, 0x25, 0x25, 0xFF, 0x25, 0x25, 0x25, 0xFF, 0x25, 0x25, 0x25, 0xFF,
        0x25, 0x25, 0x25, 0xFF, 0x25, 0x25, 0x25, 0xFF, 0x25, 0x25, 0x25, 0xFF,
        0x25, 0x25, 0x25, 0xFF, 0x25, 0x25, 0x25, 0xFF, 0x25, 0x25, 0x25, 0xFF,
        0x25, 0x25, 0x25, 0xFF, 0x25, 0x25, 0x25, 0xFF, 0x25, 0x25, 0x25, 0xFF,
        0x25, 0x25, 0x25, 0xFF, 0x25, 0x25, 0x25, 0xFF, 0x25, 0x25, 0x25, 0xFF,
        0x25, 0x25, 0x25, 0xFF, 0x26, 0x26, 0x26, 0xF8, 0x29, 0x29, 0x29, 0xD0,
        0x2B, 0x2B, 0x2B, 0x82, 0x2F, 0x2F, 0x2F, 0x14, 0xFF, 0xFF, 0xFF, 0x00,
        0xFF, 0xFF, 0xFF, 0x00, 0xFF, 0xFF, 0xFF, 0x00, 0xFF, 0xFF, 0xFF, 0x00,
        0xFF, 0xFF, 0xFF, 0x00, 0xFF, 0xFF, 0xFF, 0x00, 0xFF, 0xFF, 0xFF, 0x00,
        0x12, 0x12, 0x12, 0x53, 0x13, 0x13, 0x13, 0xF0, 0x15, 0x15, 0x15, 0xFF,
        0x17, 0x17, 0x17, 0xFF, 0x1A, 0x1A, 0x1A, 0xFF, 0x1A, 0x1A, 0x1A, 0xFF,
        0x1B, 0x1B, 0x1B, 0xFF, 0x1B, 0x1B, 0x1B, 0xFF, 0x1B, 0x1B, 0x1B, 0xFF,
        0x1B, 0x1B, 0x1B, 0xFF, 0x1B, 0x1B, 0x1B, 0xFF, 0x1B, 0x1B, 0x1B, 0xFF,
        0x1B, 0x1B, 0x1B, 0xFF, 0x1B, 0x1B, 0x1B, 0xFF, 0x1B, 0x1B, 0x1B, 0xFF,
        0x1B, 0x1B, 0x1B, 0xFF, 0x1B, 0x1B, 0x1B, 0xFF, 0x1B, 0x1B, 0x1B, 0xFF,
        0x1B, 0x1B, 0x1B, 0xFF, 0x1B, 0x1B, 0x1B, 0xFF, 0x1B, 0x1B, 0x1B, 0xFF,
        0x1B, 0x1B, 0x1B, 0xFF, 0x1B, 0x1B, 0x1B, 0xFF, 0x1B, 0x1B, 0x1B, 0xFF,
        0x1B, 0x1B, 0x1B, 0xFF, 0x1B, 0x1B, 0x1B, 0xFF, 0x1B, 0x1B, 0x1B, 0xFF,
        0x1B, 0x1B, 0x1B, 0xFF, 0x1B, 0x1B, 0x1B, 0xFF, 0x1B, 0x1B, 0x1B, 0xFF,
        0x1B, 0x1B, 0x1B, 0xFF, 0x1B, 0x1B, 0x1B, 0xFF, 0x1B, 0x1B, 0x1B, 0xFF,
        0x1B, 0x1B, 0x1B, 0xFF, 0x1B, 0x1B, 0x1B, 0xFF, 0x1B, 0x1B, 0x1B, 0xFF,
        0x1B, 0x1B, 0x1B, 0xFF, 0x1B, 0x1B, 0x1B, 0xFF, 0x1B, 0x1B, 0x1B, 0xFF,
        0x1B, 0x1B, 0x1B, 0xFF, 0x1B, 0x1B, 0x1B, 0xFF, 0x1B, 0x1B, 0x1B, 0xFF,
        0x1B, 0x1B, 0x1B, 0xFF, 0x1B, 0x1B, 0x1B, 0xFF, 0x1B, 0x1B, 0x1B, 0xFF,
        0x1B, 0x1B, 0x1B, 0xFF, 0x1B, 0x1B, 0x1B, 0xFF, 0x1B, 0x1B, 0x1B, 0xFF,
        0x1B, 0x1B, 0x1B, 0xFF, 0x1B, 0x1B, 0x1B, 0xFF, 0x1B, 0x1B, 0x1B, 0xFF,
        0x1B, 0x1B, 0x1B, 0xFF, 0x1A, 0x1A, 0x1A, 0xFF, 0x1A, 0x1A, 0x1A, 0xFF,
        0x17, 0x17, 0x17, 0xFF, 0x15, 0x15, 0x15, 0xFF, 0x13, 0x13, 0x13, 0xF1,
        0x12, 0x12, 0x12, 0x53, 0xFF, 0xFF, 0xFF, 0x00, 0xFF, 0xFF, 0xFF, 0x00,
        0xFF, 0xFF, 0xFF, 0x00, 0xFF, 0xFF, 0xFF, 0x00, 0xFF, 0xFF, 0xFF, 0x00,
        0xFF, 0xFF, 0xFF, 0x00, 0x32, 0x32, 0x32, 0x53, 0x2F, 0x2F, 0x2F, 0xF0,
        0x2E, 0x2E, 0x2E, 0xFF, 0x2F, 0x2F, 0x2F, 0xFF, 0x2F, 0x2F, 0x2F, 0xFF,
        0x30, 0x30, 0x30, 0xFF, 0x2F, 0x2F, 0x2F, 0xFF, 0x2F, 0x2F, 0x2F, 0xFF,
        0x2F, 0x2F, 0x2F, 0xFF, 0x2F, 0x2F, 0x2F, 0xFF, 0x2F, 0x2F, 0x2F, 0xFF,
        0x2F, 0x2F, 0x2F, 0xFF, 0x2F, 0x2F, 0x2F, 0xFF, 0x2F, 0x2F, 0x2F, 0xFF,
        0x2F, 0x2F, 0x2F, 0xFF, 0x2F, 0x2F, 0x2F, 0xFF, 0x2F, 0x2F, 0x2F, 0xFF,
        0x2F, 0x2F, 0x2F, 0xFF, 0x2F, 0x2F, 0x2F, 0xFF, 0x2F, 0x2F, 0x2F, 0xFF,
        0x2F, 0x2F, 0x2F, 0xFF, 0x2F, 0x2F, 0x2F, 0xFF, 0x2F, 0x2F, 0x2F, 0xFF,
        0x2F, 0x2F, 0x2F, 0xFF, 0x2F, 0x2F, 0x2F, 0xFF, 0x2F, 0x2F, 0x2F, 0xFF,
        0x2F, 0x2F, 0x2F, 0xFF, 0x2F, 0x2F, 0x2F, 0xFF, 0x2F, 0x2F, 0x2F, 0xFF,
        0x2F, 0x2F, 0x2F, 0xFF, 0x2F, 0x2F, 0x2F, 0xFF, 0x2F, 0x2F, 0x2F, 0xFF,
        0x2F, 0x2F, 0x2F, 0xFF, 0x2F, 0x2F, 0x2F, 0xFF, 0x2F, 0x2F, 0x2F, 0xFF,
        0x2F, 0x2F, 0x2F, 0xFF, 0x2F, 0x2F, 0x2F, 0xFF, 0x2F, 0x2F, 0x2F, 0xFF,
        0x2F, 0x2F, 0x2F, 0xFF, 0x2F, 0x2F, 0x2F, 0xFF, 0x2F, 0x2F, 0x2F, 0xFF,
        0x2F, 0x2F, 0x2F, 0xFF, 0x2F, 0x2F, 0x2F, 0xFF, 0x2F, 0x2F, 0x2F, 0xFF,
        0x2F, 0x2F, 0x2F, 0xFF, 0x2F, 0x2F, 0x2F, 0xFF, 0x2F, 0x2F, 0x2F, 0xFF,
        0x2F, 0x2F, 0x2F, 0xFF, 0x2F, 0x2F, 0x2F, 0xFF, 0x2F, 0x2F, 0x2F, 0xFF,
        0x2F, 0x2F, 0x2F, 0xFF, 0x2F, 0x2F, 0x2F, 0xFF, 0x30, 0x30, 0x30, 0xFF,
        0x2F, 0x2F, 0x2F, 0xFF, 0x2F, 0x2F, 0x2F, 0xFF, 0x2E, 0x2E, 0x2E, 0xFF,
        0x2F, 0x2F, 0x2F, 0xF1, 0x32, 0x32, 0x32, 0x53, 0xFF, 0xFF, 0xFF, 0x00,
        0xFF, 0xFF, 0xFF, 0x00, 0xFF, 0xFF, 0xFF, 0x00, 0xFF, 0xFF, 0xFF, 0x00,
        0xFF, 0xFF, 0xFF, 0x00, 0x15, 0x15, 0x15, 0x53, 0x15, 0x15, 0x15, 0xFE,
        0x1A, 0x1A, 0x1A, 0xFF, 0x1E, 0x1E, 0x1E, 0xFF, 0x22, 0x22, 0x22, 0xFF,
        0x24, 0x24, 0x24, 0xFF, 0x25, 0x25, 0x25, 0xFF, 0x25, 0x25, 0x25, 0xFF,
        0x25, 0x25, 0x25, 0xFF, 0x25, 0x25, 0x25, 0xFF, 0x25, 0x25, 0x25, 0xFF,
        0x25, 0x25, 0x25, 0xFF, 0x25, 0x25, 0x25, 0xFF, 0x25, 0x25, 0x25, 0xFF,
        0x25, 0x25, 0x25, 0xFF, 0x25, 0x25, 0x25, 0xFF, 0x25, 0x25, 0x25, 0xFF,
        0x25, 0x25, 0x25, 0xFF, 0x25, 0x25, 0x25, 0xFF, 0x25, 0x25, 0x25, 0xFF,
        0x25, 0x25, 0x25, 0xFF, 0x25, 0x25, 0x25, 0xFF, 0x25, 0x25, 0x25, 0xFF,
        0x25, 0x25, 0x25, 0xFF, 0x25, 0x25, 0x25, 0xFF, 0x25, 0x25, 0x25, 0xFF,
        0x25, 0x25, 0x25, 0xFF, 0x25, 0x25, 0x25, 0xFF, 0x25, 0x25, 0x25, 0xFF,
        0x25, 0x25, 0x25, 0xFF, 0x25, 0x25, 0x25, 0xFF, 0x25, 0x25, 0x25, 0xFF,
        0x25, 0x25, 0x25, 0xFF, 0x25, 0x25, 0x25, 0xFF, 0x25, 0x25, 0x25, 0xFF,
        0x25, 0x25, 0x25, 0xFF, 0x25, 0x25, 0x25, 0xFF, 0x25, 0x25, 0x25, 0xFF,
        0x25, 0x25, 0x25, 0xFF, 0x25, 0x25, 0x25, 0xFF, 0x25, 0x25, 0x25, 0xFF,
        0x25, 0x25, 0x25, 0xFF, 0x25, 0x25, 0x25, 0xFF, 0x25, 0x25, 0x25, 0xFF,
        0x25, 0x25, 0x25, 0xFF, 0x25, 0x25, 0x25, 0xFF, 0x25, 0x25, 0x25, 0xFF,
        0x25, 0x25, 0x25, 0xFF, 0x25, 0x25, 0x25, 0xFF, 0x25, 0x25, 0x25, 0xFF,
        0x25, 0x25, 0x25, 0xFF, 0x25, 0x25, 0x25, 0xFF, 0x25, 0x25, 0x25, 0xFF,
        0x25, 0x25, 0x25, 0xFF, 0x24, 0x24, 0x24, 0xFF, 0x22, 0x22, 0x22, 0xFF,
        0x1E, 0x1E, 0x1E, 0xFF, 0x1A, 0x1A, 0x1A, 0xFF, 0x15, 0x15, 0x15, 0xFE,
        0x15, 0x15, 0x15, 0x53, 0xFF, 0xFF, 0xFF, 0x00, 0xFF, 0xFF, 0xFF, 0x00,
        0xFF, 0xFF, 0xFF, 0x00, 0xFF, 0xFF, 0xFF, 0x00, 0x39, 0x39, 0x39, 0x53,
        0x34, 0x34, 0x34, 0xFE, 0x32, 0x32, 0x32, 0xFF, 0x32, 0x32, 0x32, 0xFF,
        0x33, 0x33, 0x33, 0xFF, 0x33, 0x33, 0x33, 0xFF, 0x33, 0x33, 0x33, 0xFF,
        0x32, 0x32, 0x32, 0xFF, 0x32, 0x32, 0x32, 0xFF, 0x32, 0x32, 0x32, 0xFF,
        0x32, 0x32, 0x32, 0xFF, 0x32, 0x32, 0x32, 0xFF, 0x32, 0x32, 0x32, 0xFF,
        0x32, 0x32, 0x32, 0xFF, 0x32, 0x32, 0x32, 0xFF, 0x32, 0x32, 0x32, 0xFF,
        0x32, 0x32, 0x32, 0xFF, 0x32, 0x32, 0x32, 0xFF, 0x32, 0x32, 0x32, 0xFF,
        0x32, 0x32, 0x32, 0xFF, 0x32, 0x32, 0x32, 0xFF, 0x32, 0x32, 0x32, 0xFF,
        0x32, 0x32, 0x32, 0xFF, 0x32, 0x32, 0x32, 0xFF, 0x32, 0x32, 0x32, 0xFF,
        0x32, 0x32, 0x32, 0xFF, 0x32, 0x32, 0x32, 0xFF, 0x32, 0x32, 0x32, 0xFF,
        0x32, 0x32, 0x32, 0xFF, 0x32, 0x32, 0x32, 0xFF, 0x32, 0x32, 0x32, 0xFF,
        0x32, 0x32, 0x32, 0xFF, 0x32, 0x32, 0x32, 0xFF, 0x32, 0x32, 0x32, 0xFF,
        0x32, 0x32, 0x32, 0xFF, 0x32, 0x32, 0x32, 0xFF, 0x32, 0x32, 0x32, 0xFF,
        0x32, 0x32, 0x32, 0xFF, 0x32, 0x32, 0x32, 0xFF, 0x32, 0x32, 0x32, 0xFF,
        0x32, 0x32, 0x32, 0xFF, 0x32, 0x32, 0x32, 0xFF, 0x32, 0x32, 0x32, 0xFF,
        0x32, 0x32, 0x32, 0xFF, 0x32, 0x32, 0x32, 0xFF, 0x32, 0x32, 0x32, 0xFF,
        0x32, 0x32, 0x32, 0xFF, 0x32, 0x32, 0x32, 0xFF, 0x32, 0x32, 0x32, 0xFF,
        0x32, 0x32, 0x32, 0xFF, 0x32, 0x32, 0x32, 0xFF, 0x32, 0x32, 0x32, 0xFF,
        0x32, 0x32, 0x32, 0xFF, 0x33, 0x33, 0x33, 0xFF, 0x33, 0x33, 0x33, 0xFF,
        0x33, 0x33, 0x33, 0xFF, 0x33, 0x33, 0x33, 0xFF, 0x32, 0x32, 0x32, 0xFF,
        0x34, 0x34, 0x34, 0xFE, 0x39, 0x39, 0x39, 0x53, 0xFF, 0xFF, 0xFF, 0x00,
        0xFF, 0xFF, 0xFF, 0x00, 0xFF, 0xFF, 0xFF, 0x00, 0x17, 0x17, 0x17, 0x15,
        0x18, 0x18, 0x18, 0xF1, 0x1B, 0x1B, 0x1B, 0xFF, 0x21, 0x21, 0x21, 0xFF,
        0x25, 0x25, 0x25, 0xFF, 0x26, 0x26, 0x26, 0xFF, 0x28, 0x28, 0x28, 0xFF,
        0x28, 0x28, 0x28, 0xFF, 0x28, 0x28, 0x28, 0xFF, 0x28, 0x28, 0x28, 0xFF,
        0x28, 0x28, 0x28, 0xFF, 0x28, 0x28, 0x28, 0xFF, 0x28, 0x28, 0x28, 0xFF,
        0x28, 0x28, 0x28, 0xFF, 0x28, 0x28, 0x28, 0xFF, 0x28, 0x28, 0x28, 0xFF,
        0x28, 0x28, 0x28, 0xFF, 0x28, 0x28, 0x28, 0xFF, 0x28, 0x28, 0x28, 0xFF,
        0x28, 0x28, 0x28, 0xFF, 0x28, 0x28, 0x28, 0xFF, 0x28, 0x28, 0x28, 0xFF,
        0x28, 0x28, 0x28, 0xFF, 0x28, 0x28, 0x28, 0xFF, 0x28, 0x28, 0x28, 0xFF,
        0x28, 0x28, 0x28, 0xFF, 0x28, 0x28, 0x28, 0xFF, 0x28, 0x28, 0x28, 0xFF,
        0x28, 0x28, 0x28, 0xFF, 0x28, 0x28, 0x28, 0xFF, 0x28, 0x28, 0x28, 0xFF,
        0x28, 0x28, 0x28, 0xFF, 0x28, 0x28, 0x28, 0xFF, 0x28, 0x28, 0x28, 0xFF,
        0x28, 0x28, 0x28, 0xFF, 0x28, 0x28, 0x28, 0xFF, 0x28, 0x28, 0x28, 0xFF,
        0x28, 0x28, 0x28, 0xFF, 0x28, 0x28, 0x28, 0xFF, 0x28, 0x28, 0x28, 0xFF,
        0x28, 0x28, 0x28, 0xFF, 0x28, 0x28, 0x28, 0xFF, 0x28, 0x28, 0x28, 0xFF,
        0x28, 0x28, 0x28, 0xFF, 0x28, 0x28, 0x28, 0xFF, 0x28, 0x28, 0x28, 0xFF,
        0x28, 0x28, 0x28, 0xFF, 0x28, 0x28, 0x28, 0xFF, 0x28, 0x28, 0x28, 0xFF,
        0x28, 0x28, 0x28, 0xFF, 0x28, 0x28, 0x28, 0xFF, 0x28, 0x28, 0x28, 0xFF,
        0x28, 0x28, 0x28, 0xFF, 0x28, 0x28, 0x28, 0xFF, 0x28, 0x28, 0x28, 0xFF,
        0x28, 0x28, 0x28, 0xFF, 0x26, 0x26, 0x26, 0xFF, 0x25, 0x25, 0x25, 0xFF,
        0x21, 0x21, 0x21, 0xFF, 0x1B, 0x1B, 0x1B, 0xFF, 0x18, 0x18, 0x18, 0xF1,
        0x16, 0x16, 0x16, 0x16, 0xFF, 0xFF, 0xFF, 0x00, 0xFF, 0xFF, 0xFF, 0x00,
        0x3E, 0x3E, 0x3E, 0x15, 0x3C, 0x3C, 0x3C, 0xF1, 0x37, 0x37, 0x37, 0xFF,
        0x36, 0x36, 0x36, 0xFF, 0x33, 0x33, 0x33, 0xFF, 0x31, 0x31, 0x31, 0xFF,
        0x32, 0x32, 0x32, 0xFF, 0x31, 0x31, 0x31, 0xFF, 0x30, 0x30, 0x30, 0xFF,
        0x30, 0x30, 0x30, 0xFF, 0x30, 0x30, 0x30, 0xFF, 0x30, 0x30, 0x30, 0xFF,
        0x30, 0x30, 0x30, 0xFF, 0x30, 0x30, 0x30, 0xFF, 0x30, 0x30, 0x30, 0xFF,
        0x30, 0x30, 0x30, 0xFF, 0x30, 0x30, 0x30, 0xFF, 0x30, 0x30, 0x30, 0xFF,
        0x30, 0x30, 0x30, 0xFF, 0x30, 0x30, 0x30, 0xFF, 0x30, 0x30, 0x30, 0xFF,
        0x30, 0x30, 0x30, 0xFF, 0x30, 0x30, 0x30, 0xFF, 0x30, 0x30, 0x30, 0xFF,
        0x30, 0x30, 0x30, 0xFF, 0x30, 0x30, 0x30, 0xFF, 0x30, 0x30, 0x30, 0xFF,
        0x30, 0x30, 0x30, 0xFF, 0x30, 0x30, 0x30, 0xFF, 0x30, 0x30, 0x30, 0xFF,
        0x30, 0x30, 0x30, 0xFF, 0x30, 0x30, 0x30, 0xFF, 0x30, 0x30, 0x30, 0xFF,
        0x30, 0x30, 0x30, 0xFF, 0x30, 0x30, 0x30, 0xFF, 0x30, 0x30, 0x30, 0xFF,
        0x30, 0x30, 0x30, 0xFF, 0x30, 0x30, 0x30, 0xFF, 0x30, 0x30, 0x30, 0xFF,
        0x30, 0x30, 0x30, 0xFF, 0x30, 0x30, 0x30, 0xFF, 0x30, 0x30, 0x30, 0xFF,
        0x30, 0x30, 0x30, 0xFF, 0x30, 0x30, 0x30, 0xFF, 0x30, 0x30, 0x30, 0xFF,
        0x30, 0x30, 0x30, 0xFF, 0x30, 0x30, 0x30, 0xFF, 0x30, 0x30, 0x30, 0xFF,
        0x30, 0x30, 0x30, 0xFF, 0x30, 0x30, 0x30, 0xFF, 0x30, 0x30, 0x30, 0xFF,
        0x30, 0x30, 0x30, 0xFF, 0x30, 0x30, 0x30, 0xFF, 0x30, 0x30, 0x30, 0xFF,
        0x31, 0x31, 0x31, 0xFF, 0x32, 0x32, 0x32, 0xFF, 0x31, 0x31, 0x31, 0xFF,
        0x33, 0x33, 0x33, 0xFF, 0x35, 0x35, 0x35, 0xFF, 0x37, 0x37, 0x37, 0xFF,
        0x3C, 0x3C, 0x3C, 0xF1, 0x3F, 0x3F, 0x3F, 0x16, 0xFF, 0xFF, 0xFF, 0x00,
        0xFF, 0xFF, 0xFF, 0x00, 0x19, 0x19, 0x19, 0x82, 0x1C, 0x1C, 0x1C, 0xFF,
        0x21, 0x21, 0x21, 0xFF, 0x25, 0x25, 0x25, 0xFF, 0x28, 0x28, 0x28, 0xFF,
        0x29, 0x29, 0x29, 0xFF, 0x29, 0x29, 0x29, 0xFF, 0x29, 0x29, 0x29, 0xFF,
        0x29, 0x29, 0x29, 0xFF, 0x29, 0x29, 0x29, 0xFF, 0x29, 0x29, 0x29, 0xFF,
        0x29, 0x29, 0x29, 0xFF, 0x29, 0x29, 0x29, 0xFF, 0x29, 0x29, 0x29, 0xFF,
        0x29, 0x29, 0x29, 0xFF, 0x29, 0x29, 0x29, 0xFF, 0x29, 0x29, 0x29, 0xFF,
        0x29, 0x29, 0x29, 0xFF, 0x29, 0x29, 0x29, 0xFF, 0x29, 0x29, 0x29, 0xFF,
        0x29, 0x29, 0x29, 0xFF, 0x29, 0x29, 0x29, 0xFF, 0x29, 0x29, 0x29, 0xFF,
        0x29, 0x29, 0x29, 0xFF, 0x29, 0x29, 0x29, 0xFF, 0x29, 0x29, 0x29, 0xFF,
        0x29, 0x29, 0x29, 0xFF, 0x29, 0x29, 0x29, 0xFF, 0x29, 0x29, 0x29, 0xFF,
        0x29, 0x29, 0x29, 0xFF, 0x29, 0x29, 0x29, 0xFF, 0x29, 0x29, 0x29, 0xFF,
        0x29, 0x29, 0x29, 0xFF, 0x29, 0x29, 0x29, 0xFF, 0x29, 0x29, 0x29, 0xFF,
        0x29, 0x29, 0x29, 0xFF, 0x29, 0x29, 0x29, 0xFF, 0x29, 0x29, 0x29, 0xFF,
        0x29, 0x29, 0x29, 0xFF, 0x29, 0x29, 0x29, 0xFF, 0x29, 0x29, 0x29, 0xFF,
        0x29, 0x29, 0x29, 0xFF, 0x29, 0x29, 0x29, 0xFF, 0x29, 0x29, 0x29, 0xFF,
        0x29, 0x29, 0x29, 0xFF, 0x29, 0x29, 0x29, 0xFF, 0x29, 0x29, 0x29, 0xFF,
        0x29, 0x29, 0x29, 0xFF, 0x29, 0x29, 0x29, 0xFF, 0x29, 0x29, 0x29, 0xFF,
        0x29, 0x29, 0x29, 0xFF, 0x29, 0x29, 0x29, 0xFF, 0x29, 0x29, 0x29, 0xFF,
        0x29, 0x29, 0x29, 0xFF, 0x29, 0x29, 0x29, 0xFF, 0x29, 0x29, 0x29, 0xFF,
        0x29, 0x29, 0x29, 0xFF, 0x28, 0x28, 0x28, 0xFF, 0x25, 0x25, 0x25, 0xFF,
        0x21, 0x21, 0x21, 0xFF, 0x1C, 0x1C, 0x1C, 0xFF, 0x19, 0x19, 0x19, 0x86,
        0xFF, 0xFF, 0xFF, 0x00, 0xFF, 0xFF, 0xFF, 0x00, 0x44, 0x44, 0x44, 0x82,
        0x3D, 0x3D, 0x3D, 0xFF, 0x38, 0x38, 0x38, 0xFF, 0x33, 0x33, 0x33, 0xFF,
        0x31, 0x31, 0x31, 0xFF, 0x31, 0x31, 0x31, 0xFF, 0x30, 0x30, 0x30, 0xFF,
        0x30, 0x30, 0x30, 0xFF, 0x30, 0x30, 0x30, 0xFF, 0x30, 0x30, 0x30, 0xFF,
        0x30, 0x30, 0x30, 0xFF, 0x30, 0x30, 0x30, 0xFF, 0x30, 0x30, 0x30, 0xFF,
        0x30, 0x30, 0x30, 0xFF, 0x30, 0x30, 0x30, 0xFF, 0x30, 0x30, 0x30, 0xFF,
        0x30, 0x30, 0x30, 0xFF, 0x30, 0x30, 0x30, 0xFF, 0x30, 0x30, 0x30, 0xFF,
        0x30, 0x30, 0x30, 0xFF, 0x30, 0x30, 0x30, 0xFF, 0x30, 0x30, 0x30, 0xFF,
        0x30, 0x30, 0x30, 0xFF, 0x30, 0x30, 0x30, 0xFF, 0x30, 0x30, 0x30, 0xFF,
        0x30, 0x30, 0x30, 0xFF, 0x30, 0x30, 0x30, 0xFF, 0x30, 0x30, 0x30, 0xFF,
        0x30, 0x30, 0x30, 0xFF, 0x30, 0x30, 0x30, 0xFF, 0x30, 0x30, 0x30, 0xFF,
        0x30, 0x30, 0x30, 0xFF, 0x30, 0x30, 0x30, 0xFF, 0x30, 0x30, 0x30, 0xFF,
        0x30, 0x30, 0x30, 0xFF, 0x30, 0x30, 0x30, 0xFF, 0x30, 0x30, 0x30, 0xFF,
        0x30, 0x30, 0x30, 0xFF, 0x30, 0x30, 0x30, 0xFF, 0x30, 0x30, 0x30, 0xFF,
        0x30, 0x30, 0x30, 0xFF, 0x30, 0x30, 0x30, 0xFF, 0x30, 0x30, 0x30, 0xFF,
        0x30, 0x30, 0x30, 0xFF, 0x30, 0x30, 0x30, 0xFF, 0x30, 0x30, 0x30, 0xFF,
        0x30, 0x30, 0x30, 0xFF, 0x30, 0x30, 0x30, 0xFF, 0x30, 0x30, 0x30, 0xFF,
        0x30, 0x30, 0x30, 0xFF, 0x30, 0x30, 0x30, 0xFF, 0x30, 0x30, 0x30, 0xFF,
        0x30, 0x30, 0x30, 0xFF, 0x30, 0x30, 0x30, 0xFF, 0x30, 0x30, 0x30, 0xFF,
        0x30, 0x30, 0x30, 0xFF, 0x31, 0x31, 0x31, 0xFF, 0x31, 0x31, 0x31, 0xFF,
        0x33, 0x33, 0x33, 0xFF, 0x38, 0x38, 0x38, 0xFF, 0x3D, 0x3D, 0x3D, 0xFF,
        0x44, 0x44, 0x44, 0x86, 0xFF, 0xFF, 0xFF, 0x00, 0xFF, 0xFF, 0xFF, 0x00,
        0x1C, 0x1C, 0x1C, 0xD0, 0x20, 0x20, 0x20, 0xFF, 0x25, 0x25, 0x25, 0xFF,
        0x28, 0x28, 0x28, 0xFF, 0x29, 0x29, 0x29, 0xFF, 0x29, 0x29, 0x29, 0xFF,
        0x29, 0x29, 0x29, 0xFF, 0x29, 0x29, 0x29, 0xFF, 0x29, 0x29, 0x29, 0xFF,
        0x29, 0x29, 0x29, 0xFF, 0x29, 0x29, 0x29, 0xFF, 0x29, 0x29, 0x29, 0xFF,
        0x29, 0x29, 0x29, 0xFF, 0x29, 0x29, 0x29, 0xFF, 0x29, 0x29, 0x29, 0xFF,
        0x29, 0x29, 0x29, 0xFF, 0x29, 0x29, 0x29, 0xFF, 0x29, 0x29, 0x29, 0xFF,
        0x29, 0x29, 0x29, 0xFF, 0x29, 0x29, 0x29, 0xFF, 0x29, 0x29, 0x29, 0xFF,
        0x29, 0x29, 0x29, 0xFF, 0x29, 0x29, 0x29, 0xFF, 0x29, 0x29, 0x29, 0xFF,
        0x29, 0x29, 0x29, 0xFF, 0x29, 0x29, 0x29, 0xFF, 0x29, 0x29, 0x29, 0xFF,
        0x29, 0x29, 0x29, 0xFF, 0x29, 0x29, 0x29, 0xFF, 0x29, 0x29, 0x29, 0xFF,
        0x29, 0x29, 0x29, 0xFF, 0x29, 0x29, 0x29, 0xFF, 0x29, 0x29, 0x29, 0xFF,
        0x29, 0x29, 0x29, 0xFF, 0x29, 0x29, 0x29, 0xFF, 0x29, 0x29, 0x29, 0xFF,
        0x29, 0x29, 0x29, 0xFF, 0x29, 0x29, 0x29, 0xFF, 0x29, 0x29, 0x29, 0xFF,
        0x29, 0x29, 0x29, 0xFF, 0x29, 0x29, 0x29, 0xFF, 0x29, 0x29, 0x29, 0xFF,
        0x29, 0x29, 0x29, 0xFF, 0x29, 0x29, 0x29, 0xFF, 0x29, 0x29, 0x29, 0xFF,
        0x29, 0x29, 0x29, 0xFF, 0x29, 0x29, 0x29, 0xFF, 0x29, 0x29, 0x29, 0xFF,
        0x29, 0x29, 0x29, 0xFF, 0x29, 0x29, 0x29, 0xFF, 0x29, 0x29, 0x29, 0xFF,
        0x29, 0x29, 0x29, 0xFF, 0x29, 0x29, 0x29, 0xFF, 0x29, 0x29, 0x29, 0xFF,
        0x29, 0x29, 0x29, 0xFF, 0x29, 0x29, 0x29, 0xFF, 0x29, 0x29, 0x29, 0xFF,
        0x29, 0x29, 0x29, 0xFF, 0x28, 0x28, 0x28, 0xFF, 0x25, 0x25, 0x25, 0xFF,
        0x20, 0x20, 0x20, 0xFF, 0x1C, 0x1C, 0x1C, 0xD2, 0xFF, 0xFF, 0xFF, 0x00,
        0xFF, 0xFF, 0xFF, 0x00, 0x49, 0x49, 0x49, 0xD0, 0x3F, 0x3F, 0x3F, 0xFF,
        0x38, 0x38, 0x38, 0xFF, 0x31, 0x31, 0x31, 0xFF, 0x31, 0x31, 0x31, 0xFF,
        0x30, 0x30, 0x30, 0xFF, 0x30, 0x30, 0x30, 0xFF, 0x30, 0x30, 0x30, 0xFF,
        0x30, 0x30, 0x30, 0xFF, 0x30, 0x30, 0x30, 0xFF, 0x30, 0x30, 0x30, 0xFF,
        0x30, 0x30, 0x30, 0xFF, 0x30, 0x30, 0x30, 0xFF, 0x30, 0x30, 0x30, 0xFF,
        0x30, 0x30, 0x30, 0xFF, 0x30, 0x30, 0x30, 0xFF, 0x30, 0x30, 0x30, 0xFF,
        0x30, 0x30, 0x30, 0xFF, 0x30, 0x30, 0x30, 0xFF, 0x30, 0x30, 0x30, 0xFF,
        0x30, 0x30, 0x30, 0xFF, 0x30, 0x30, 0x30, 0xFF, 0x30, 0x30, 0x30, 0xFF,
        0x30, 0x30, 0x30, 0xFF, 0x30, 0x30, 0x30, 0xFF, 0x30, 0x30, 0x30, 0xFF,
        0x30, 0x30, 0x30, 0xFF, 0x30, 0x30, 0x30, 0xFF, 0x30, 0x30, 0x30, 0xFF,
        0x30, 0x30, 0x30, 0xFF, 0x30, 0x30, 0x30, 0xFF, 0x30, 0x30, 0x30, 0xFF,
        0x30, 0x30, 0x30, 0xFF, 0x30, 0x30, 0x30, 0xFF, 0x30, 0x30, 0x30, 0xFF,
        0x30, 0x30, 0x30, 0xFF, 0x30, 0x30, 0x30, 0xFF, 0x30, 0x30, 0x30, 0xFF,
        0x30, 0x30, 0x30, 0xFF, 0x30, 0x30, 0x30, 0xFF, 0x30, 0x30, 0x30, 0xFF,
        0x30, 0x30, 0x30, 0xFF, 0x30, 0x30, 0x30, 0xFF, 0x30, 0x30, 0x30, 0xFF,
        0x30, 0x30, 0x30, 0xFF, 0x30, 0x30, 0x30, 0xFF, 0x30, 0x30, 0x30, 0xFF,
        0x30, 0x30, 0x30, 0xFF, 0x30, 0x30, 0x30, 0xFF, 0x30, 0x30, 0x30, 0xFF,
        0x30, 0x30, 0x30, 0xFF, 0x30, 0x30, 0x30, 0xFF, 0x30, 0x30, 0x30, 0xFF,
        0x30, 0x30, 0x30, 0xFF, 0x30, 0x30, 0x30, 0xFF, 0x30, 0x30, 0x30, 0xFF,
        0x30, 0x30, 0x30, 0xFF, 0x31, 0x31, 0x31, 0xFF, 0x31, 0x31, 0x31, 0xFF,
        0x37, 0x37, 0x37, 0xFF, 0x3F, 0x3F, 0x3F, 0xFF, 0x49, 0x49, 0x49, 0xD2,
        0xFF, 0xFF, 0xFF, 0x00, 0xFF, 0xFF, 0xFF, 0x00, 0x1E, 0x1E, 0x1E, 0xF8,
        0x22, 0x22, 0x22, 0xFF, 0x25, 0x25, 0x25, 0xFF, 0x28, 0x28, 0x28, 0xFF,
        0x28, 0x28, 0x28, 0xFF, 0x28, 0x28, 0x28, 0xFF, 0x28, 0x28, 0x28, 0xFF,
        0x28, 0x28, 0x28, 0xFF, 0x28, 0x28, 0x28, 0xFF, 0x28, 0x28, 0x28, 0xFF,
        0x28, 0x28, 0x28, 0xFF, 0x28, 0x28, 0x28, 0xFF, 0x28, 0x28, 0x28, 0xFF,
        0x28, 0x28, 0x28, 0xFF, 0x28, 0x28, 0x28, 0xFF, 0x28, 0x28, 0x28, 0xFF,
        0x28, 0x28, 0x28, 0xFF, 0x28, 0x28, 0x28, 0xFF, 0x28, 0x28, 0x28, 0xFF,
        0x28, 0x28, 0x28, 0xFF, 0x28, 0x28, 0x28, 0xFF, 0x28, 0x28, 0x28, 0xFF,
        0x28, 0x28, 0x28, 0xFF, 0x28, 0x28, 0x28, 0xFF, 0x28, 0x28, 0x28, 0xFF,
        0x28, 0x28, 0x28, 0xFF, 0x28, 0x28, 0x28, 0xFF, 0x28, 0x28, 0x28, 0xFF,
        0x28, 0x28, 0x28, 0xFF, 0x28, 0x28, 0x28, 0xFF, 0x28, 0x28, 0x28, 0xFF,
        0x28, 0x28, 0x28, 0xFF, 0x28, 0x28, 0x28, 0xFF, 0x28, 0x28, 0x28, 0xFF,
        0x28, 0x28, 0x28, 0xFF, 0x28, 0x28, 0x28, 0xFF, 0x28, 0x28, 0x28, 0xFF,
        0x28, 0x28, 0x28, 0xFF, 0x28, 0x28, 0x28, 0xFF, 0x28, 0x28, 0x28, 0xFF,
        0x28, 0x28, 0x28, 0xFF, 0x28, 0x28, 0x28, 0xFF, 0x28, 0x28, 0x28, 0xFF,
        0x28, 0x28, 0x28, 0xFF, 0x28, 0x28, 0x28, 0xFF, 0x28, 0x28, 0x28, 0xFF,
        0x28, 0x28, 0x28, 0xFF, 0x28, 0x28, 0x28, 0xFF, 0x28, 0x28, 0x28, 0xFF,
        0x28, 0x28, 0x28, 0xFF, 0x28, 0x28, 0x28, 0xFF, 0x28, 0x28, 0x28, 0xFF,
        0x28, 0x28, 0x28, 0xFF, 0x28, 0x28, 0x28, 0xFF, 0x28, 0x28, 0x28, 0xFF,
        0x28, 0x28, 0x28, 0xFF, 0x28, 0x28, 0x28, 0xFF, 0x28, 0x28, 0x28, 0xFF,
        0x28, 0x28, 0x28, 0xFF, 0x25, 0x25, 0x25, 0xFF, 0x22, 0x22, 0x22, 0xFF,
        0x1E, 0x1E, 0x1E, 0xF9, 0xFF, 0xFF, 0xFF, 0x00, 0xFF, 0xFF, 0xFF, 0x00,
        0x4B, 0x4B, 0x4B, 0xF8, 0x3F, 0x3F, 0x3F, 0xFF, 0x37, 0x37, 0x37, 0xFF,
        0x31, 0x31, 0x31, 0xFF, 0x2F, 0x2F, 0x2F, 0xFF, 0x2F, 0x2F, 0x2F, 0xFF,
        0x2F, 0x2F, 0x2F, 0xFF, 0x2F, 0x2F, 0x2F, 0xFF, 0x2F, 0x2F, 0x2F, 0xFF,
        0x2F, 0x2F, 0x2F, 0xFF, 0x2F, 0x2F, 0x2F, 0xFF, 0x2F, 0x2F, 0x2F, 0xFF,
        0x2F, 0x2F, 0x2F, 0xFF, 0x2F, 0x2F, 0x2F, 0xFF, 0x2F, 0x2F, 0x2F, 0xFF,
        0x2F, 0x2F, 0x2F, 0xFF, 0x2F, 0x2F, 0x2F, 0xFF, 0x2F, 0x2F, 0x2F, 0xFF,
        0x2F, 0x2F, 0x2F, 0xFF, 0x2F, 0x2F, 0x2F, 0xFF, 0x2F, 0x2F, 0x2F, 0xFF,
        0x2F, 0x2F, 0x2F, 0xFF, 0x2F, 0x2F, 0x2F, 0xFF, 0x2F, 0x2F, 0x2F, 0xFF,
        0x2F, 0x2F, 0x2F, 0xFF, 0x2F, 0x2F, 0x2F, 0xFF, 0x2F, 0x2F, 0x2F, 0xFF,
        0x2F, 0x2F, 0x2F, 0xFF, 0x2F, 0x2F, 0x2F, 0xFF, 0x2F, 0x2F, 0x2F, 0xFF,
        0x2F, 0x2F, 0x2F, 0xFF, 0x2F, 0x2F, 0x2F, 0xFF, 0x2F, 0x2F, 0x2F, 0xFF,
        0x2F, 0x2F, 0x2F, 0xFF, 0x2F, 0x2F, 0x2F, 0xFF, 0x2F, 0x2F, 0x2F, 0xFF,
        0x2F, 0x2F, 0x2F, 0xFF, 0x2F, 0x2F, 0x2F, 0xFF, 0x2F, 0x2F, 0x2F, 0xFF,
        0x2F, 0x2F, 0x2F, 0xFF, 0x2F, 0x2F, 0x2F, 0xFF, 0x2F, 0x2F, 0x2F, 0xFF,
        0x2F, 0x2F, 0x2F, 0xFF, 0x2F, 0x2F, 0x2F, 0xFF, 0x2F, 0x2F, 0x2F, 0xFF,
        0x2F, 0x2F, 0x2F, 0xFF, 0x2F, 0x2F, 0x2F, 0xFF, 0x2F, 0x2F, 0x2F, 0xFF,
        0x2F, 0x2F, 0x2F, 0xFF, 0x2F, 0x2F, 0x2F, 0xFF, 0x2F, 0x2F, 0x2F, 0xFF,
        0x2F, 0x2F, 0x2F, 0xFF, 0x2F, 0x2F, 0x2F, 0xFF, 0x2F, 0x2F, 0x2F, 0xFF,
        0x2F, 0x2F, 0x2F, 0xFF, 0x2F, 0x2F, 0x2F, 0xFF, 0x2F, 0x2F, 0x2F, 0xFF,
        0x2F, 0x2F, 0x2F, 0xFF, 0x31, 0x31, 0x31, 0xFF, 0x37, 0x37, 0x37, 0xFF,
        0x40, 0x40, 0x40, 0xFF, 0x4B, 0x4B, 0x4B, 0xF9, 0xFF, 0xFF, 0xFF, 0x00,
        0xFF, 0xFF, 0xFF, 0x00, 0x1F, 0x1F, 0x1F, 0xFF, 0x24, 0x24, 0x24, 0xFF,
        0x27, 0x27, 0x27, 0xFF, 0x28, 0x28, 0x28, 0xFF, 0x28, 0x28, 0x28, 0xFF,
        0x28, 0x28, 0x28, 0xFF, 0x28, 0x28, 0x28, 0xFF, 0x28, 0x28, 0x28, 0xFF,
        0x28, 0x28, 0x28, 0xFF, 0x28, 0x28, 0x28, 0xFF, 0x28, 0x28, 0x28, 0xFF,
        0x28, 0x28, 0x28, 0xFF, 0x28, 0x28, 0x28, 0xFF, 0x28, 0x28, 0x28, 0xFF,
        0x28, 0x28, 0x28, 0xFF, 0x28, 0x28, 0x28, 0xFF, 0x28, 0x28, 0x28, 0xFF,
        0x28, 0x28, 0x28, 0xFF, 0x28, 0x28, 0x28, 0xFF, 0x28, 0x28, 0x28, 0xFF,
        0x28, 0x28, 0x28, 0xFF, 0x28, 0x28, 0x28, 0xFF, 0x28, 0x28, 0x28, 0xFF,
        0x28, 0x28, 0x28, 0xFF, 0x28, 0x28, 0x28, 0xFF, 0x28, 0x28, 0x28, 0xFF,
        0x28, 0x28, 0x28, 0xFF, 0x28, 0x28, 0x28, 0xFF, 0x28, 0x28, 0x28, 0xFF,
        0x28, 0x28, 0x28, 0xFF, 0x28, 0x28, 0x28, 0xFF, 0x28, 0x28, 0x28, 0xFF,
        0x28, 0x28, 0x28, 0xFF, 0x28, 0x28, 0x28, 0xFF, 0x28, 0x28, 0x28, 0xFF,
        0x28, 0x28, 0x28, 0xFF, 0x28, 0x28, 0x28, 0xFF, 0x28, 0x28, 0x28, 0xFF,
        0x28, 0x28, 0x28, 0xFF, 0x28, 0x28, 0x28, 0xFF, 0x28, 0x28, 0x28, 0xFF,
        0x28, 0x28, 0x28, 0xFF, 0x28, 0x28, 0x28, 0xFF, 0x28, 0x28, 0x28, 0xFF,
        0x28, 0x28, 0x28, 0xFF, 0x28, 0x28, 0x28, 0xFF, 0x28, 0x28, 0x28, 0xFF,
        0x28, 0x28, 0x28, 0xFF, 0x28, 0x28, 0x28, 0xFF, 0x28, 0x28, 0x28, 0xFF,
        0x28, 0x28, 0x28, 0xFF, 0x28, 0x28, 0x28, 0xFF, 0x28, 0x28, 0x28, 0xFF,
        0x28, 0x28, 0x28, 0xFF, 0x28, 0x28, 0x28, 0xFF, 0x28, 0x28, 0x28, 0xFF,
        0x28, 0x28, 0x28, 0xFF, 0x28, 0x28, 0x28, 0xFF, 0x28, 0x28, 0x28, 0xFF,
        0x27, 0x27, 0x27, 0xFF, 0x24, 0x24, 0x24, 0xFF, 0x20, 0x20, 0x20, 0xFF,
        0xFF, 0xFF, 0xFF, 0x00, 0xFF, 0xFF, 0xFF, 0x00, 0x4D, 0x4D, 0x4D, 0xFF,
        0x3F, 0x3F, 0x3F, 0xFF, 0x36, 0x36, 0x36, 0xFF, 0x30, 0x30, 0x30, 0xFF,
        0x2F, 0x2F, 0x2F, 0xFF, 0x2F, 0x2F, 0x2F, 0xFF, 0x2F, 0x2F, 0x2F, 0xFF,
        0x2F, 0x2F, 0x2F, 0xFF, 0x2F, 0x2F, 0x2F, 0xFF, 0x2F, 0x2F, 0x2F, 0xFF,
        0x2F, 0x2F, 0x2F, 0xFF, 0x2F, 0x2F, 0x2F, 0xFF, 0x2F, 0x2F, 0x2F, 0xFF,
        0x2F, 0x2F, 0x2F, 0xFF, 0x2F, 0x2F, 0x2F, 0xFF, 0x2F, 0x2F, 0x2F, 0xFF,
        0x2F, 0x2F, 0x2F, 0xFF, 0x2F, 0x2F, 0x2F, 0xFF, 0x2F, 0x2F, 0x2F, 0xFF,
        0x2F, 0x2F, 0x2F, 0xFF, 0x2F, 0x2F, 0x2F, 0xFF, 0x2F, 0x2F, 0x2F, 0xFF,
        0x2F, 0x2F, 0x2F, 0xFF, 0x2F, 0x2F, 0x2F, 0xFF, 0x2F, 0x2F, 0x2F, 0xFF,
        0x2F, 0x2F, 0x2F, 0xFF, 0x2F, 0x2F, 0x2F, 0xFF, 0x2F, 0x2F, 0x2F, 0xFF,
        0x2F, 0x2F, 0x2F, 0xFF, 0x2F, 0x2F, 0x2F, 0xFF, 0x2F, 0x2F, 0x2F, 0xFF,
        0x2F, 0x2F, 0x2F, 0xFF, 0x2F, 0x2F, 0x2F, 0xFF, 0x2F, 0x2F, 0x2F, 0xFF,
        0x2F, 0x2F, 0x2F, 0xFF, 0x2F, 0x2F, 0x2F, 0xFF, 0x2F, 0x2F, 0x2F, 0xFF,
        0x2F, 0x2F, 0x2F, 0xFF, 0x2F, 0x2F, 0x2F, 0xFF, 0x2F, 0x2F, 0x2F, 0xFF,
        0x2F, 0x2F, 0x2F, 0xFF, 0x2F, 0x2F, 0x2F, 0xFF, 0x2F, 0x2F, 0x2F, 0xFF,
        0x2F, 0x2F, 0x2F, 0xFF, 0x2F, 0x2F, 0x2F, 0xFF, 0x2F, 0x2F, 0x2F, 0xFF,
        0x2F, 0x2F, 0x2F, 0xFF, 0x2F, 0x2F, 0x2F, 0xFF, 0x2F, 0x2F, 0x2F, 0xFF,
        0x2F, 0x2F, 0x2F, 0xFF, 0x2F, 0x2F, 0x2F, 0xFF, 0x2F, 0x2F, 0x2F, 0xFF,
        0x2F, 0x2F, 0x2F, 0xFF, 0x2F, 0x2F, 0x2F, 0xFF, 0x2F, 0x2F, 0x2F, 0xFF,
        0x2F, 0x2F, 0x2F, 0xFF, 0x2F, 0x2F, 0x2F, 0xFF, 0x2F, 0x2F, 0x2F, 0xFF,
        0x30, 0x30, 0x30, 0xFF, 0x36, 0x36, 0x36, 0xFF, 0x40, 0x40, 0x40, 0xFF,
        0x4D, 0x4D, 0x4D, 0xFF, 0xFF, 0xFF, 0xFF, 0x00, 0xFF, 0xFF, 0xFF, 0x00,
        0x20, 0x20, 0x20, 0xFF, 0x23, 0x23, 0x23, 0xFF, 0x26, 0x26, 0x26, 0xFF,
        0x27, 0x27, 0x27, 0xFF, 0x27, 0x27, 0x27, 0xFF, 0x27, 0x27, 0x27, 0xFF,
        0x27, 0x27, 0x27, 0xFF, 0x27, 0x27, 0x27, 0xFF, 0x27, 0x27, 0x27, 0xFF,
        0x27, 0x27, 0x27, 0xFF, 0x27, 0x27, 0x27, 0xFF, 0x27, 0x27, 0x27, 0xFF,
        0x27, 0x27, 0x27, 0xFF, 0x27, 0x27, 0x27, 0xFF, 0x27, 0x27, 0x27, 0xFF,
        0x27, 0x27, 0x27, 0xFF, 0x27, 0x27, 0x27, 0xFF, 0x27, 0x27, 0x27, 0xFF,
        0x27, 0x27, 0x27, 0xFF, 0x27, 0x27, 0x27, 0xFF, 0x27, 0x27, 0x27, 0xFF,
        0x27, 0x27, 0x27, 0xFF, 0x27, 0x27, 0x27, 0xFF, 0x27, 0x27, 0x27, 0xFF,
        0x27, 0x27, 0x27, 0xFF, 0x27, 0x27, 0x27, 0xFF, 0x27, 0x27, 0x27, 0xFF,
        0x27, 0x27, 0x27, 0xFF, 0x27, 0x27, 0x27, 0xFF, 0x27, 0x27, 0x27, 0xFF,
        0x27, 0x27, 0x27, 0xFF, 0x27, 0x27, 0x27, 0xFF, 0x27, 0x27, 0x27, 0xFF,
        0x27, 0x27, 0x27, 0xFF, 0x27, 0x27, 0x27, 0xFF, 0x27, 0x27, 0x27, 0xFF,
        0x27, 0x27, 0x27, 0xFF, 0x27, 0x27, 0x27, 0xFF, 0x27, 0x27, 0x27, 0xFF,
        0x27, 0x27, 0x27, 0xFF, 0x27, 0x27, 0x27, 0xFF, 0x27, 0x27, 0x27, 0xFF,
        0x27, 0x27, 0x27, 0xFF, 0x27, 0x27, 0x27, 0xFF, 0x27, 0x27, 0x27, 0xFF,
        0x27, 0x27, 0x27, 0xFF, 0x27, 0x27, 0x27, 0xFF, 0x27, 0x27, 0x27, 0xFF,
        0x27, 0x27, 0x27, 0xFF, 0x27, 0x27, 0x27, 0xFF, 0x27, 0x27, 0x27, 0xFF,
        0x27, 0x27, 0x27, 0xFF, 0x27, 0x27, 0x27, 0xFF, 0x27, 0x27, 0x27, 0xFF,
        0x27, 0x27, 0x27, 0xFF, 0x27, 0x27, 0x27, 0xFF, 0x27, 0x27, 0x27, 0xFF,
        0x27, 0x27, 0x27, 0xFF, 0x27, 0x27, 0x27, 0xFF, 0x26, 0x26, 0x26, 0xFF,
        0x23, 0x23, 0x23, 0xFF, 0x20, 0x20, 0x20, 0xFF, 0xFF, 0xFF, 0xFF, 0x00,
        0xFF, 0xFF, 0xFF, 0x00, 0x4C, 0x4C, 0x4C, 0xFF, 0x40, 0x40, 0x40, 0xFF,
        0x35, 0x35, 0x35, 0xFF, 0x2E, 0x2E, 0x2E, 0xFF, 0x2E, 0x2E, 0x2E, 0xFF,
        0x2E, 0x2E, 0x2E, 0xFF, 0x2E, 0x2E, 0x2E, 0xFF, 0x2E, 0x2E, 0x2E, 0xFF,
        0x2E, 0x2E, 0x2E, 0xFF, 0x2E, 0x2E, 0x2E, 0xFF, 0x2E, 0x2E, 0x2E, 0xFF,
        0x2E, 0x2E, 0x2E, 0xFF, 0x2E, 0x2E, 0x2E, 0xFF, 0x2E, 0x2E, 0x2E, 0xFF,
        0x2E, 0x2E, 0x2E, 0xFF, 0x2E, 0x2E, 0x2E, 0xFF, 0x2E, 0x2E, 0x2E, 0xFF,
        0x2E, 0x2E, 0x2E, 0xFF, 0x2E, 0x2E, 0x2E, 0xFF, 0x2E, 0x2E, 0x2E, 0xFF,
        0x2E, 0x2E, 0x2E, 0xFF, 0x2E, 0x2E, 0x2E, 0xFF, 0x2E, 0x2E, 0x2E, 0xFF,
        0x2E, 0x2E, 0x2E, 0xFF, 0x2E, 0x2E, 0x2E, 0xFF, 0x2E, 0x2E, 0x2E, 0xFF,
        0x2E, 0x2E, 0x2E, 0xFF, 0x2E, 0x2E, 0x2E, 0xFF, 0x2E, 0x2E, 0x2E, 0xFF,
        0x2E, 0x2E, 0x2E, 0xFF, 0x2E, 0x2E, 0x2E, 0xFF, 0x2E, 0x2E, 0x2E, 0xFF,
        0x2E, 0x2E, 0x2E, 0xFF, 0x2E, 0x2E, 0x2E, 0xFF, 0x2E, 0x2E, 0x2E, 0xFF,
        0x2E, 0x2E, 0x2E, 0xFF, 0x2E, 0x2E, 0x2E, 0xFF, 0x2E, 0x2E, 0x2E, 0xFF,
        0x2E, 0x2E, 0x2E, 0xFF, 0x2E, 0x2E, 0x2E, 0xFF, 0x2E, 0x2E, 0x2E, 0xFF,
        0x2E, 0x2E, 0x2E, 0xFF, 0x2E, 0x2E, 0x2E, 0xFF, 0x2E, 0x2E, 0x2E, 0xFF,
        0x2E, 0x2E, 0x2E, 0xFF, 0x2E, 0x2E, 0x2E, 0xFF, 0x2E, 0x2E, 0x2E, 0xFF,
        0x2E, 0x2E, 0x2E, 0xFF, 0x2E, 0x2E, 0x2E, 0xFF, 0x2E, 0x2E, 0x2E, 0xFF,
        0x2E, 0x2E, 0x2E, 0xFF, 0x2E, 0x2E, 0x2E, 0xFF, 0x2E, 0x2E, 0x2E, 0xFF,
        0x2E, 0x2E, 0x2E, 0xFF, 0x2E, 0x2E, 0x2E, 0xFF, 0x2E, 0x2E, 0x2E, 0xFF,
        0x2E, 0x2E, 0x2E, 0xFF, 0x2E, 0x2E, 0x2E, 0xFF, 0x2E, 0x2E, 0x2E, 0xFF,
        0x35, 0x35, 0x35, 0xFF, 0x40, 0x40, 0x40, 0xFF, 0x4C, 0x4C, 0x4C, 0xFF,
        0xFF, 0xFF, 0xFF, 0x00, 0xFF, 0xFF, 0xFF, 0x00, 0x20, 0x20, 0x20, 0xFF,
        0x23, 0x23, 0x23, 0xFF, 0x26, 0x26, 0x26, 0xFF, 0x27, 0x27, 0x27, 0xFF,
        0x27, 0x27, 0x27, 0xFF, 0x27, 0x27, 0x27, 0xFF, 0x27, 0x27, 0x27, 0xFF,
        0x27, 0x27, 0x27, 0xFF, 0x27, 0x27, 0x27, 0xFF, 0x27, 0x27, 0x27, 0xFF,
        0x27, 0x27, 0x27, 0xFF, 0x27, 0x27, 0x27, 0xFF, 0x27, 0x27, 0x27, 0xFF,
        0x27, 0x27, 0x27, 0xFF, 0x27, 0x27, 0x27, 0xFF, 0x27, 0x27, 0x27, 0xFF,
        0x27, 0x27, 0x27, 0xFF, 0x27, 0x27, 0x27, 0xFF, 0x27, 0x27, 0x27, 0xFF,
        0x27, 0x27, 0x27, 0xFF, 0x27, 0x27, 0x27, 0xFF, 0x27, 0x27, 0x27, 0xFF,
        0x27, 0x27, 0x27, 0xFF, 0x27, 0x27, 0x27, 0xFF, 0x27, 0x27, 0x27, 0xFF,
        0x27, 0x27, 0x27, 0xFF, 0x27, 0x27, 0x27, 0xFF, 0x27, 0x27, 0x27, 0xFF,
        0x27, 0x27, 0x27, 0xFF, 0x27, 0x27, 0x27, 0xFF, 0x27, 0x27, 0x27, 0xFF,
        0x27, 0x27, 0x27, 0xFF, 0x27, 0x27, 0x27, 0xFF, 0x27, 0x27, 0x27, 0xFF,
        0x27, 0x27, 0x27, 0xFF, 0x27, 0x27, 0x27, 0xFF, 0x27, 0x27, 0x27, 0xFF,
        0x27, 0x27, 0x27, 0xFF, 0x27, 0x27, 0x27, 0xFF, 0x27, 0x27, 0x27, 0xFF,
        0x27, 0x27, 0x27, 0xFF, 0x27, 0x27, 0x27, 0xFF, 0x27, 0x27, 0x27, 0xFF,
        0x27, 0x27, 0x27, 0xFF, 0x27, 0x27, 0x27, 0xFF, 0x27, 0x27, 0x27, 0xFF,
        0x27, 0x27, 0x27, 0xFF, 0x27, 0x27, 0x27, 0xFF, 0x27, 0x27, 0x27, 0xFF,
        0x27, 0x27, 0x27, 0xFF, 0x27, 0x27, 0x27, 0xFF, 0x27, 0x27, 0x27, 0xFF,
        0x27, 0x27, 0x27, 0xFF, 0x27, 0x27, 0x27, 0xFF, 0x27, 0x27, 0x27, 0xFF,
        0x27, 0x27, 0x27, 0xFF, 0x27, 0x27, 0x27, 0xFF, 0x27, 0x27, 0x27, 0xFF,
        0x27, 0x27, 0x27, 0xFF, 0x26, 0x26, 0x26, 0xFF, 0x23, 0x23, 0x23, 0xFF,
        0x20, 0x20, 0x20, 0xFF, 0xFF, 0xFF, 0xFF, 0x00, 0xFF, 0xFF, 0xFF, 0x00,
        0x4D, 0x4D, 0x4D, 0xFF, 0x3E, 0x3E, 0x3E, 0xFF, 0x34, 0x34, 0x34, 0xFF,
        0x2D, 0x2D, 0x2D, 0xFF, 0x2D, 0x2D, 0x2D, 0xFF, 0x2D, 0x2D, 0x2D, 0xFF,
        0x2D, 0x2D, 0x2D, 0xFF, 0x2D, 0x2D, 0x2D, 0xFF, 0x2D, 0x2D, 0x2D, 0xFF,
        0x2D, 0x2D, 0x2D, 0xFF, 0x2D, 0x2D, 0x2D, 0xFF, 0x2D, 0x2D, 0x2D, 0xFF,
        0x2D, 0x2D, 0x2D, 0xFF, 0x2D, 0x2D, 0x2D, 0xFF, 0x2D, 0x2D, 0x2D, 0xFF,
        0x2D, 0x2D, 0x2D, 0xFF, 0x2D, 0x2D, 0x2D, 0xFF, 0x2D, 0x2D, 0x2D, 0xFF,
        0x2D, 0x2D, 0x2D, 0xFF, 0x2D, 0x2D, 0x2D, 0xFF, 0x2D, 0x2D, 0x2D, 0xFF,
        0x2D, 0x2D, 0x2D, 0xFF, 0x2D, 0x2D, 0x2D, 0xFF, 0x2D, 0x2D, 0x2D, 0xFF,
        0x2D, 0x2D, 0x2D, 0xFF, 0x2D, 0x2D, 0x2D, 0xFF, 0x2D, 0x2D, 0x2D, 0xFF,
        0x2D, 0x2D, 0x2D, 0xFF, 0x2D, 0x2D, 0x2D, 0xFF, 0x2D, 0x2D, 0x2D, 0xFF,
        0x2D, 0x2D, 0x2D, 0xFF, 0x2D, 0x2D, 0x2D, 0xFF, 0x2D, 0x2D, 0x2D, 0xFF,
        0x2D, 0x2D, 0x2D, 0xFF, 0x2D, 0x2D, 0x2D, 0xFF, 0x2D, 0x2D, 0x2D, 0xFF,
        0x2D, 0x2D, 0x2D, 0xFF, 0x2D, 0x2D, 0x2D, 0xFF, 0x2D, 0x2D, 0x2D, 0xFF,
        0x2D, 0x2D, 0x2D, 0xFF, 0x2D, 0x2D, 0x2D, 0xFF, 0x2D, 0x2D, 0x2D, 0xFF,
        0x2D, 0x2D, 0x2D, 0xFF, 0x2D, 0x2D, 0x2D, 0xFF, 0x2D, 0x2D, 0x2D, 0xFF,
        0x2D, 0x2D, 0x2D, 0xFF, 0x2D, 0x2D, 0x2D, 0xFF, 0x2D, 0x2D, 0x2D, 0xFF,
        0x2D, 0x2D, 0x2D, 0xFF, 0x2D, 0x2D, 0x2D, 0xFF, 0x2D, 0x2D, 0x2D, 0xFF,
        0x2D, 0x2D, 0x2D, 0xFF, 0x2D, 0x2D, 0x2D, 0xFF, 0x2D, 0x2D, 0x2D, 0xFF,
        0x2D, 0x2D, 0x2D, 0xFF, 0x2D, 0x2D, 0x2D, 0xFF, 0x2D, 0x2D, 0x2D, 0xFF,
        0x2D, 0x2D, 0x2D, 0xFF, 0x2D, 0x2D, 0x2D, 0xFF, 0x34, 0x34, 0x34, 0xFF,
        0x3E, 0x3E, 0x3E, 0xFF, 0x4D, 0x4D, 0x4D, 0xFF, 0xFF, 0xFF, 0xFF, 0x00,
        0xFF, 0xFF, 0xFF, 0x00, 0x1F, 0x1F, 0x1F, 0xFF, 0x22, 0x22, 0x22, 0xFF,
        0x25, 0x25, 0x25, 0xFF, 0x26, 0x26, 0x26, 0xFF, 0x26, 0x26, 0x26, 0xFF,
        0x26, 0x26, 0x26, 0xFF, 0x26, 0x26, 0x26, 0xFF, 0x26, 0x26, 0x26, 0xFF,
        0x26, 0x26, 0x26, 0xFF, 0x26, 0x26, 0x26, 0xFF, 0x26, 0x26, 0x26, 0xFF,
        0x26, 0x26, 0x26, 0xFF, 0x26, 0x26, 0x26, 0xFF, 0x26, 0x26, 0x26, 0xFF,
        0x26, 0x26, 0x26, 0xFF, 0x26, 0x26, 0x26, 0xFF, 0x26, 0x26, 0x26, 0xFF,
        0x26, 0x26, 0x26, 0xFF, 0x26, 0x26, 0x26, 0xFF, 0x26, 0x26, 0x26, 0xFF,
        0x26, 0x26, 0x26, 0xFF, 0x26, 0x26, 0x26, 0xFF, 0x26, 0x26, 0x26, 0xFF,
        0x26, 0x26, 0x26, 0xFF, 0x26, 0x26, 0x26, 0xFF, 0x26, 0x26, 0x26, 0xFF,
        0x26, 0x26, 0x26, 0xFF, 0x26, 0x26, 0x26, 0xFF, 0x26, 0x26, 0x26, 0xFF,
        0x26, 0x26, 0x26, 0xFF, 0x26, 0x26, 0x26, 0xFF, 0x26, 0x26, 0x26, 0xFF,
        0x26, 0x26, 0x26, 0xFF, 0x26, 0x26, 0x26, 0xFF, 0x26, 0x26, 0x26, 0xFF,
        0x26, 0x26, 0x26, 0xFF, 0x26, 0x26, 0x26, 0xFF, 0x26, 0x26, 0x26, 0xFF,
        0x26, 0x26, 0x26, 0xFF, 0x26, 0x26, 0x26, 0xFF, 0x26, 0x26, 0x26, 0xFF,
        0x26, 0x26, 0x26, 0xFF, 0x26, 0x26, 0x26, 0xFF, 0x26, 0x26, 0x26, 0xFF,
        0x26, 0x26, 0x26, 0xFF, 0x26, 0x26, 0x26, 0xFF, 0x26, 0x26, 0x26, 0xFF,
        0x26, 0x26, 0x26, 0xFF, 0x26, 0x26, 0x26, 0xFF, 0x26, 0x26, 0x26, 0xFF,
        0x26, 0x26, 0x26, 0xFF, 0x26, 0x26, 0x26, 0xFF, 0x26, 0x26, 0x26, 0xFF,
        0x26, 0x26, 0x26, 0xFF, 0x26, 0x26, 0x26, 0xFF, 0x26, 0x26, 0x26, 0xFF,
        0x26, 0x26, 0x26, 0xFF, 0x26, 0x26, 0x26, 0xFF, 0x26, 0x26, 0x26, 0xFF,
        0x25, 0x25, 0x25, 0xFF, 0x22, 0x22, 0x22, 0xFF, 0x1F, 0x1F, 0x1F, 0xFF,
        0xFF, 0xFF, 0xFF, 0x00, 0xFF, 0xFF, 0xFF, 0x00, 0x4D, 0x4D, 0x4D, 0xFF,
        0x3F, 0x3F, 0x3F, 0xFF, 0x34, 0x34, 0x34, 0xFF, 0x2D, 0x2D, 0x2D, 0xFF,
        0x2D, 0x2D, 0x2D, 0xFF, 0x2D, 0x2D, 0x2D, 0xFF, 0x2D, 0x2D, 0x2D, 0xFF,
        0x2D, 0x2D, 0x2D, 0xFF, 0x2D, 0x2D, 0x2D, 0xFF, 0x2D, 0x2D, 0x2D, 0xFF,
        0x2D, 0x2D, 0x2D, 0xFF, 0x2D, 0x2D, 0x2D, 0xFF, 0x2D, 0x2D, 0x2D, 0xFF,
        0x2D, 0x2D, 0x2D, 0xFF, 0x2D, 0x2D, 0x2D, 0xFF, 0x2D, 0x2D, 0x2D, 0xFF,
        0x2D, 0x2D, 0x2D, 0xFF, 0x2D, 0x2D, 0x2D, 0xFF, 0x2D, 0x2D, 0x2D, 0xFF,
        0x2D, 0x2D, 0x2D, 0xFF, 0x2D, 0x2D, 0x2D, 0xFF, 0x2D, 0x2D, 0x2D, 0xFF,
        0x2D, 0x2D, 0x2D, 0xFF, 0x2D, 0x2D, 0x2D, 0xFF, 0x2D, 0x2D, 0x2D, 0xFF,
        0x2D, 0x2D, 0x2D, 0xFF, 0x2D, 0x2D, 0x2D, 0xFF, 0x2D, 0x2D, 0x2D, 0xFF,
        0x2D, 0x2D, 0x2D, 0xFF, 0x2D, 0x2D, 0x2D, 0xFF, 0x2D, 0x2D, 0x2D, 0xFF,
        0x2D, 0x2D, 0x2D, 0xFF, 0x2D, 0x2D, 0x2D, 0xFF, 0x2D, 0x2D, 0x2D, 0xFF,
        0x2D, 0x2D, 0x2D, 0xFF, 0x2D, 0x2D, 0x2D, 0xFF, 0x2D, 0x2D, 0x2D, 0xFF,
        0x2D, 0x2D, 0x2D, 0xFF, 0x2D, 0x2D, 0x2D, 0xFF, 0x2D, 0x2D, 0x2D, 0xFF,
        0x2D, 0x2D, 0x2D, 0xFF, 0x2D, 0x2D, 0x2D, 0xFF, 0x2D, 0x2D, 0x2D, 0xFF,
        0x2D, 0x2D, 0x2D, 0xFF, 0x2D, 0x2D, 0x2D, 0xFF, 0x2D, 0x2D, 0x2D, 0xFF,
        0x2D, 0x2D, 0x2D, 0xFF, 0x2D, 0x2D, 0x2D, 0xFF, 0x2D, 0x2D, 0x2D, 0xFF,
        0x2D, 0x2D, 0x2D, 0xFF, 0x2D, 0x2D, 0x2D, 0xFF, 0x2D, 0x2D, 0x2D, 0xFF,
        0x2D, 0x2D, 0x2D, 0xFF, 0x2D, 0x2D, 0x2D, 0xFF, 0x2D, 0x2D, 0x2D, 0xFF,
        0x2D, 0x2D, 0x2D, 0xFF, 0x2D, 0x2D, 0x2D, 0xFF, 0x2D, 0x2D, 0x2D, 0xFF,
        0x2D, 0x2D, 0x2D, 0xFF, 0x34, 0x34, 0x34, 0xFF, 0x3F, 0x3F, 0x3F, 0xFF,
        0x4D, 0x4D, 0x4D, 0xFF, 0xFF, 0xFF, 0xFF, 0x00, 0xFF, 0xFF, 0xFF, 0x00,
        0x1F, 0x1F, 0x1F, 0xFF, 0x22, 0x22, 0x22, 0xFF, 0x25, 0x25, 0x25, 0xFF,
        0x26, 0x26, 0x26, 0xFF, 0x26, 0x26, 0x26, 0xFF, 0x26, 0x26, 0x26, 0xFF,
        0x26, 0x26, 0x26, 0xFF, 0x26, 0x26, 0x26, 0xFF, 0x26, 0x26, 0x26, 0xFF,
        0x26, 0x26, 0x26, 0xFF, 0x26, 0x26, 0x26, 0xFF, 0x26, 0x26, 0x26, 0xFF,
        0x26, 0x26, 0x26, 0xFF, 0x26, 0x26, 0x26, 0xFF, 0x26, 0x26, 0x26, 0xFF,
        0x26, 0x26, 0x26, 0xFF, 0x26, 0x26, 0x26, 0xFF, 0x26, 0x26, 0x26, 0xFF,
        0x26, 0x26, 0x26, 0xFF, 0x26, 0x26, 0x26, 0xFF, 0x26, 0x26, 0x26, 0xFF,
        0x26, 0x26, 0x26, 0xFF, 0x26, 0x26, 0x26, 0xFF, 0x26, 0x26, 0x26, 0xFF,
        0x26, 0x26, 0x26, 0xFF, 0x26, 0x26, 0x26, 0xFF, 0x26, 0x26, 0x26, 0xFF,
        0x26, 0x26, 0x26, 0xFF, 0x26, 0x26, 0x26, 0xFF, 0x26, 0x26, 0x26, 0xFF,
        0x26, 0x26, 0x26, 0xFF, 0x26, 0x26, 0x26, 0xFF, 0x26, 0x26, 0x26, 0xFF,
        0x26, 0x26, 0x26, 0xFF, 0x26, 0x26, 0x26, 0xFF, 0x26, 0x26, 0x26, 0xFF,
        0x26, 0x26, 0x26, 0xFF, 0x26, 0x26, 0x26, 0xFF, 0x26, 0x26, 0x26, 0xFF,
        0x26, 0x26, 0x26, 0xFF, 0x26, 0x26, 0x26, 0xFF, 0x26, 0x26, 0x26, 0xFF,
        0x26, 0x26, 0x26, 0xFF, 0x26, 0x26, 0x26, 0xFF, 0x26, 0x26, 0x26, 0xFF,
        0x26, 0x26, 0x26, 0xFF, 0x26, 0x26, 0x26, 0xFF, 0x26, 0x26, 0x26, 0xFF,
        0x26, 0x26, 0x26, 0xFF, 0x26, 0x26, 0x26, 0xFF, 0x26, 0x26, 0x26, 0xFF,
        0x26, 0x26, 0x26, 0xFF, 0x26, 0x26, 0x26, 0xFF, 0x26, 0x26, 0x26, 0xFF,
        0x26, 0x26, 0x26, 0xFF, 0x26, 0x26, 0x26, 0xFF, 0x26, 0x26, 0x26, 0xFF,
        0x26, 0x26, 0x26, 0xFF, 0x26, 0x26, 0x26, 0xFF, 0x25, 0x25, 0x25, 0xFF,
        0x22, 0x22, 0x22, 0xFF, 0x1F, 0x1F, 0x1F, 0xFF, 0xFF, 0xFF, 0xFF, 0x00,
        0xFF, 0xFF, 0xFF, 0x00, 0x4D, 0x4D, 0x4D, 0xFF, 0x3E, 0x3E, 0x3E, 0xFF,
        0x33, 0x33, 0x33, 0xFF, 0x2C, 0x2C, 0x2C, 0xFF, 0x2C, 0x2C, 0x2C, 0xFF,
        0x2C, 0x2C, 0x2C, 0xFF, 0x2C, 0x2C, 0x2C, 0xFF, 0x2C, 0x2C, 0x2C, 0xFF,
        0x2C, 0x2C, 0x2C, 0xFF, 0x2C, 0x2C, 0x2C, 0xFF, 0x2C, 0x2C, 0x2C, 0xFF,
        0x2C, 0x2C, 0x2C, 0xFF, 0x2C, 0x2C, 0x2C, 0xFF, 0x2C, 0x2C, 0x2C, 0xFF,
        0x2C, 0x2C, 0x2C, 0xFF, 0x2C, 0x2C, 0x2C, 0xFF, 0x2C, 0x2C, 0x2C, 0xFF,
        0x2C, 0x2C, 0x2C, 0xFF, 0x2C, 0x2C, 0x2C, 0xFF, 0x2C, 0x2C, 0x2C, 0xFF,
        0x2C, 0x2C, 0x2C, 0xFF, 0x2C, 0x2C, 0x2C, 0xFF, 0x2C, 0x2C, 0x2C, 0xFF,
        0x2C, 0x2C, 0x2C, 0xFF, 0x2C, 0x2C, 0x2C, 0xFF, 0x2C, 0x2C, 0x2C, 0xFF,
        0x2C, 0x2C, 0x2C, 0xFF, 0x2C, 0x2C, 0x2C, 0xFF, 0x2C, 0x2C, 0x2C, 0xFF,
        0x2C, 0x2C, 0x2C, 0xFF, 0x2C, 0x2C, 0x2C, 0xFF, 0x2C, 0x2C, 0x2C, 0xFF,
        0x2C, 0x2C, 0x2C, 0xFF, 0x2C, 0x2C, 0x2C, 0xFF, 0x2C, 0x2C, 0x2C, 0xFF,
        0x2C, 0x2C, 0x2C, 0xFF, 0x2C, 0x2C, 0x2C, 0xFF, 0x2C, 0x2C, 0x2C, 0xFF,
        0x2C, 0x2C, 0x2C, 0xFF, 0x2C, 0x2C, 0x2C, 0xFF, 0x2C, 0x2C, 0x2C, 0xFF,
        0x2C, 0x2C, 0x2C, 0xFF, 0x2C, 0x2C, 0x2C, 0xFF, 0x2C, 0x2C, 0x2C, 0xFF,
        0x2C, 0x2C, 0x2C, 0xFF, 0x2C, 0x2C, 0x2C, 0xFF, 0x2C, 0x2C, 0x2C, 0xFF,
        0x2C, 0x2C, 0x2C, 0xFF, 0x2C, 0x2C, 0x2C, 0xFF, 0x2C, 0x2C, 0x2C, 0xFF,
        0x2C, 0x2C, 0x2C, 0xFF, 0x2C, 0x2C, 0x2C, 0xFF, 0x2C, 0x2C, 0x2C, 0xFF,
        0x2C, 0x2C, 0x2C, 0xFF, 0x2C, 0x2C, 0x2C, 0xFF, 0x2C, 0x2C, 0x2C, 0xFF,
        0x2C, 0x2C, 0x2C, 0xFF, 0x2C, 0x2C, 0x2C, 0xFF, 0x2C, 0x2C, 0x2C, 0xFF,
        0x33, 0x33, 0x33, 0xFF, 0x3E, 0x3E, 0x3E, 0xFF, 0x4D, 0x4D, 0x4D, 0xFF,
        0xFF, 0xFF, 0xFF, 0x00, 0xFF, 0xFF, 0xFF, 0x00, 0x1E, 0x1E, 0x1E, 0xFF,
        0x22, 0x22, 0x22, 0xFF, 0x24, 0x24, 0x24, 0xFF, 0x25, 0x25, 0x25, 0xFF,
        0x25, 0x25, 0x25, 0xFF, 0x25, 0x25, 0x25, 0xFF, 0x25, 0x25, 0x25, 0xFF,
        0x25, 0x25, 0x25, 0xFF, 0x25, 0x25, 0x25, 0xFF, 0x25, 0x25, 0x25, 0xFF,
        0x25, 0x25, 0x25, 0xFF, 0x25, 0x25, 0x25, 0xFF, 0x25, 0x25, 0x25, 0xFF,
        0x25, 0x25, 0x25, 0xFF, 0x25, 0x25, 0x25, 0xFF, 0x25, 0x25, 0x25, 0xFF,
        0x25, 0x25, 0x25, 0xFF, 0x25, 0x25, 0x25, 0xFF, 0x25, 0x25, 0x25, 0xFF,
        0x25, 0x25, 0x25, 0xFF, 0x25, 0x25, 0x25, 0xFF, 0x25, 0x25, 0x25, 0xFF,
        0x25, 0x25, 0x25, 0xFF, 0x25, 0x25, 0x25, 0xFF, 0x25, 0x25, 0x25, 0xFF,
        0x25, 0x25, 0x25, 0xFF, 0x25, 0x25, 0x25, 0xFF, 0x25, 0x25, 0x25, 0xFF,
        0x25, 0x25, 0x25, 0xFF, 0x25, 0x25, 0x25, 0xFF, 0x25, 0x25, 0x25, 0xFF,
        0x25, 0x25, 0x25, 0xFF, 0x25, 0x25, 0x25, 0xFF, 0x25, 0x25, 0x25, 0xFF,
        0x25, 0x25, 0x25, 0xFF, 0x25, 0x25, 0x25, 0xFF, 0x25, 0x25, 0x25, 0xFF,
        0x25, 0x25, 0x25, 0xFF, 0x25, 0x25, 0x25, 0xFF, 0x25, 0x25, 0x25, 0xFF,
        0x25, 0x25, 0x25, 0xFF, 0x25, 0x25, 0x25, 0xFF, 0x25, 0x25, 0x25, 0xFF,
        0x25, 0x25, 0x25, 0xFF, 0x25, 0x25, 0x25, 0xFF, 0x25, 0x25, 0x25, 0xFF,
        0x25, 0x25, 0x25, 0xFF, 0x25, 0x25, 0x25, 0xFF, 0x25, 0x25, 0x25, 0xFF,
        0x25, 0x25, 0x25, 0xFF, 0x25, 0x25, 0x25, 0xFF, 0x25, 0x25, 0x25, 0xFF,
        0x25, 0x25, 0x25, 0xFF, 0x25, 0x25, 0x25, 0xFF, 0x25, 0x25, 0x25, 0xFF,
        0x25, 0x25, 0x25, 0xFF, 0x25, 0x25, 0x25, 0xFF, 0x25, 0x25, 0x25, 0xFF,
        0x25, 0x25, 0x25, 0xFF, 0x24, 0x24, 0x24, 0xFF, 0x22, 0x22, 0x22, 0xFF,
        0x1E, 0x1E, 0x1E, 0xFF, 0xFF, 0xFF, 0xFF, 0x00, 0xFF, 0xFF, 0xFF, 0x00,
        0x4C, 0x4C, 0x4C, 0xFF, 0x3E, 0x3E, 0x3E, 0xFF, 0x32, 0x32, 0x32, 0xFF,
        0x2B, 0x2B, 0x2B, 0xFF, 0x2B, 0x2B, 0x2B, 0xFF, 0x2B, 0x2B, 0x2B, 0xFF,
        0x2B, 0x2B, 0x2B, 0xFF, 0x2B, 0x2B, 0x2B, 0xFF, 0x2B, 0x2B, 0x2B, 0xFF,
        0x2B, 0x2B, 0x2B, 0xFF, 0x2B, 0x2B, 0x2B, 0xFF, 0x2B, 0x2B, 0x2B, 0xFF,
        0x2B, 0x2B, 0x2B, 0xFF, 0x2B, 0x2B, 0x2B, 0xFF, 0x2B, 0x2B, 0x2B, 0xFF,
        0x2B, 0x2B, 0x2B, 0xFF, 0x2B, 0x2B, 0x2B, 0xFF, 0x2B, 0x2B, 0x2B, 0xFF,
        0x2B, 0x2B, 0x2B, 0xFF, 0x2B, 0x2B, 0x2B, 0xFF, 0x2B, 0x2B, 0x2B, 0xFF,
        0x2B, 0x2B, 0x2B, 0xFF, 0x2B, 0x2B, 0x2B, 0xFF, 0x2B, 0x2B, 0x2B, 0xFF,
        0x2B, 0x2B, 0x2B, 0xFF, 0x2B, 0x2B, 0x2B, 0xFF, 0x2B, 0x2B, 0x2B, 0xFF,
        0x2B, 0x2B, 0x2B, 0xFF, 0x2B, 0x2B, 0x2B, 0xFF, 0x2B, 0x2B, 0x2B, 0xFF,
        0x2B, 0x2B, 0x2B, 0xFF, 0x2B, 0x2B, 0x2B, 0xFF, 0x2B, 0x2B, 0x2B, 0xFF,
        0x2B, 0x2B, 0x2B, 0xFF, 0x2B, 0x2B, 0x2B, 0xFF, 0x2B, 0x2B, 0x2B, 0xFF,
        0x2B, 0x2B, 0x2B, 0xFF, 0x2B, 0x2B, 0x2B, 0xFF, 0x2B, 0x2B, 0x2B, 0xFF,
        0x2B, 0x2B, 0x2B, 0xFF, 0x2B, 0x2B, 0x2B, 0xFF, 0x2B, 0x2B, 0x2B, 0xFF,
        0x2B, 0x2B, 0x2B, 0xFF, 0x2B, 0x2B, 0x2B, 0xFF, 0x2B, 0x2B, 0x2B, 0xFF,
        0x2B, 0x2B, 0x2B, 0xFF, 0x2B, 0x2B, 0x2B, 0xFF, 0x2B, 0x2B, 0x2B, 0xFF,
        0x2B, 0x2B, 0x2B, 0xFF, 0x2B, 0x2B, 0x2B, 0xFF, 0x2B, 0x2B, 0x2B, 0xFF,
        0x2B, 0x2B, 0x2B, 0xFF, 0x2B, 0x2B, 0x2B, 0xFF, 0x2B, 0x2B, 0x2B, 0xFF,
        0x2B, 0x2B, 0x2B, 0xFF, 0x2B, 0x2B, 0x2B, 0xFF, 0x2B, 0x2B, 0x2B, 0xFF,
        0x2B, 0x2B, 0x2B, 0xFF, 0x2B, 0x2B, 0x2B, 0xFF, 0x32, 0x32, 0x32, 0xFF,
        0x3E, 0x3E, 0x3E, 0xFF, 0x4C, 0x4C, 0x4C, 0xFF, 0xFF, 0xFF, 0xFF, 0x00,
        0xFF, 0xFF, 0xFF, 0x00, 0x1E, 0x1E, 0x1E, 0xFF, 0x22, 0x22, 0x22, 0xFF,
        0x24, 0x24, 0x24, 0xFF, 0x25, 0x25, 0x25, 0xFF, 0x25, 0x25, 0x25, 0xFF,
        0x25, 0x25, 0x25, 0xFF, 0x25, 0x25, 0x25, 0xFF, 0x25, 0x25, 0x25, 0xFF,
        0x25, 0x25, 0x25, 0xFF, 0x25, 0x25, 0x25, 0xFF, 0x25, 0x25, 0x25, 0xFF,
        0x25, 0x25, 0x25, 0xFF, 0x25, 0x25, 0x25, 0xFF, 0x25, 0x25, 0x25, 0xFF,
        0x25, 0x25, 0x25, 0xFF, 0x25, 0x25, 0x25, 0xFF, 0x25, 0x25, 0x25, 0xFF,
        0x25, 0x25, 0x25, 0xFF, 0x25, 0x25, 0x25, 0xFF, 0x25, 0x25, 0x25, 0xFF,
        0x25, 0x25, 0x25, 0xFF, 0x25, 0x25, 0x25, 0xFF, 0x25, 0x25, 0x25, 0xFF,
        0x25, 0x25, 0x25, 0xFF, 0x25, 0x25, 0x25, 0xFF, 0x25, 0x25, 0x25, 0xFF,
        0x25, 0x25, 0x25, 0xFF, 0x25, 0x25, 0x25, 0xFF, 0x25, 0x25, 0x25, 0xFF,
        0x25, 0x25, 0x25, 0xFF, 0x25, 0x25, 0x25, 0xFF, 0x25, 0x25, 0x25, 0xFF,
        0x25, 0x25, 0x25, 0xFF, 0x25, 0x25, 0x25, 0xFF, 0x25, 0x25, 0x25, 0xFF,
        0x25, 0x25, 0x25, 0xFF, 0x25, 0x25, 0x25, 0xFF, 0x25, 0x25, 0x25, 0xFF,
        0x25, 0x25, 0x25, 0xFF, 0x25, 0x25, 0x25, 0xFF, 0x25, 0x25, 0x25, 0xFF,
        0x25, 0x25, 0x25, 0xFF, 0x25, 0x25, 0x25, 0xFF, 0x25, 0x25, 0x25, 0xFF,
        0x25, 0x25, 0x25, 0xFF, 0x25, 0x25, 0x25, 0xFF, 0x25, 0x25, 0x25, 0xFF,
        0x25, 0x25, 0x25, 0xFF, 0x25, 0x25, 0x25, 0xFF, 0x25, 0x25, 0x25, 0xFF,
        0x25, 0x25, 0x25, 0xFF, 0x25, 0x25, 0x25, 0xFF, 0x25, 0x25, 0x25, 0xFF,
        0x25, 0x25, 0x25, 0xFF, 0x25, 0x25, 0x25, 0xFF, 0x25, 0x25, 0x25, 0xFF,
        0x25, 0x25, 0x25, 0xFF, 0x25, 0x25, 0x25, 0xFF, 0x25, 0x25, 0x25, 0xFF,
        0x24, 0x24, 0x24, 0xFF, 0x22, 0x22, 0x22, 0xFF, 0x1E, 0x1E, 0x1E, 0xFF,
        0xFF, 0xFF, 0xFF, 0x00, 0xFF, 0xFF, 0xFF, 0x00, 0x4C, 0x4C, 0x4C, 0xFF,
        0x3E, 0x3E, 0x3E, 0xFF, 0x32, 0x32, 0x32, 0xFF, 0x2B, 0x2B, 0x2B, 0xFF,
        0x2B, 0x2B, 0x2B, 0xFF, 0x2B, 0x2B, 0x2B, 0xFF, 0x2B, 0x2B, 0x2B, 0xFF,
        0x2B, 0x2B, 0x2B, 0xFF, 0x2B, 0x2B, 0x2B, 0xFF, 0x2B, 0x2B, 0x2B, 0xFF,
        0x2B, 0x2B, 0x2B, 0xFF, 0x2B, 0x2B, 0x2B, 0xFF, 0x2B, 0x2B, 0x2B, 0xFF,
        0x2B, 0x2B, 0x2B, 0xFF, 0x2B, 0x2B, 0x2B, 0xFF, 0x2B, 0x2B, 0x2B, 0xFF,
        0x2B, 0x2B, 0x2B, 0xFF, 0x2B, 0x2B, 0x2B, 0xFF, 0x2B, 0x2B, 0x2B, 0xFF,
        0x2B, 0x2B, 0x2B, 0xFF, 0x2B, 0x2B, 0x2B, 0xFF, 0x2B, 0x2B, 0x2B, 0xFF,
        0x2B, 0x2B, 0x2B, 0xFF, 0x2B, 0x2B, 0x2B, 0xFF, 0x2B, 0x2B, 0x2B, 0xFF,
        0x2B, 0x2B, 0x2B, 0xFF, 0x2B, 0x2B, 0x2B, 0xFF, 0x2B, 0x2B, 0x2B, 0xFF,
        0x2B, 0x2B, 0x2B, 0xFF, 0x2B, 0x2B, 0x2B, 0xFF, 0x2B, 0x2B, 0x2B, 0xFF,
        0x2B, 0x2B, 0x2B, 0xFF, 0x2B, 0x2B, 0x2B, 0xFF, 0x2B, 0x2B, 0x2B, 0xFF,
        0x2B, 0x2B, 0x2B, 0xFF, 0x2B, 0x2B, 0x2B, 0xFF, 0x2B, 0x2B, 0x2B, 0xFF,
        0x2B, 0x2B, 0x2B, 0xFF, 0x2B, 0x2B, 0x2B, 0xFF, 0x2B, 0x2B, 0x2B, 0xFF,
        0x2B, 0x2B, 0x2B, 0xFF, 0x2B, 0x2B, 0x2B, 0xFF, 0x2B, 0x2B, 0x2B, 0xFF,
        0x2B, 0x2B, 0x2B, 0xFF, 0x2B, 0x2B, 0x2B, 0xFF, 0x2B, 0x2B, 0x2B, 0xFF,
        0x2B, 0x2B, 0x2B, 0xFF, 0x2B, 0x2B, 0x2B, 0xFF, 0x2B, 0x2B, 0x2B, 0xFF,
        0x2B, 0x2B, 0x2B, 0xFF, 0x2B, 0x2B, 0x2B, 0xFF, 0x2B, 0x2B, 0x2B, 0xFF,
        0x2B, 0x2B, 0x2B, 0xFF, 0x2B, 0x2B, 0x2B, 0xFF, 0x2B, 0x2B, 0x2B, 0xFF,
        0x2B, 0x2B, 0x2B, 0xFF, 0x2B, 0x2B, 0x2B, 0xFF, 0x2B, 0x2B, 0x2B, 0xFF,
        0x2B, 0x2B, 0x2B, 0xFF, 0x32, 0x32, 0x32, 0xFF, 0x3E, 0x3E, 0x3E, 0xFF,
        0x4C, 0x4C, 0x4C, 0xFF, 0xFF, 0xFF, 0xFF, 0x00, 0xFF, 0xFF, 0xFF, 0x00,
        0x1E, 0x1E, 0x1E, 0xFF, 0x22, 0x22, 0x22, 0xFF, 0x24, 0x24, 0x24, 0xFF,
        0x25, 0x25, 0x25, 0xFF, 0x25, 0x25, 0x25, 0xFF, 0x25, 0x25, 0x25, 0xFF,
        0x25, 0x25, 0x25, 0xFF, 0x25, 0x25, 0x25, 0xFF, 0x25, 0x25, 0x25, 0xFF,
        0x25, 0x25, 0x25, 0xFF, 0x25, 0x25, 0x25, 0xFF, 0x25, 0x25, 0x25, 0xFF,
        0x25, 0x25, 0x25, 0xFF, 0x25, 0x25, 0x25, 0xFF, 0x25, 0x25, 0x25, 0xFF,
        0x25, 0x25, 0x25, 0xFF, 0x25, 0x25, 0x25, 0xFF, 0x25, 0x25, 0x25, 0xFF,
        0x25, 0x25, 0x25, 0xFF, 0x25, 0x25, 0x25, 0xFF, 0x25, 0x25, 0x25, 0xFF,
        0x25, 0x25, 0x25, 0xFF, 0x25, 0x25, 0x25, 0xFF, 0x25, 0x25, 0x25, 0xFF,
        0x25, 0x25, 0x25, 0xFF, 0x25, 0x25, 0x25, 0xFF, 0x25, 0x25, 0x25, 0xFF,
        0x25, 0x25, 0x25, 0xFF, 0x25, 0x25, 0x25, 0xFF, 0x25, 0x25, 0x25, 0xFF,
        0x25, 0x25, 0x25, 0xFF, 0x25, 0x25, 0x25, 0xFF, 0x25, 0x25, 0x25, 0xFF,
        0x25, 0x25, 0x25, 0xFF, 0x25, 0x25, 0x25, 0xFF, 0x25, 0x25, 0x25, 0xFF,
        0x25, 0x25, 0x25, 0xFF, 0x25, 0x25, 0x25, 0xFF, 0x25, 0x25, 0x25, 0xFF,
        0x25, 0x25, 0x25, 0xFF, 0x25, 0x25, 0x25, 0xFF, 0x25, 0x25, 0x25, 0xFF,
        0x25, 0x25, 0x25, 0xFF, 0x25, 0x25, 0x25, 0xFF, 0x25, 0x25, 0x25, 0xFF,
        0x25, 0x25, 0x25, 0xFF, 0x25, 0x25, 0x25, 0xFF, 0x25, 0x25, 0x25, 0xFF,
        0x25, 0x25, 0x25, 0xFF, 0x25, 0x25, 0x25, 0xFF, 0x25, 0x25, 0x25, 0xFF,
        0x25, 0x25, 0x25, 0xFF, 0x25, 0x25, 0x25, 0xFF, 0x25, 0x25, 0x25, 0xFF,
        0x25, 0x25, 0x25, 0xFF, 0x25, 0x25, 0x25, 0xFF, 0x25, 0x25, 0x25, 0xFF,
        0x25, 0x25, 0x25, 0xFF, 0x25, 0x25, 0x25, 0xFF, 0x24, 0x24, 0x24, 0xFF,
        0x22, 0x22, 0x22, 0xFF, 0x1E, 0x1E, 0x1E, 0xFF, 0xFF, 0xFF, 0xFF, 0x00,
        0xFF, 0xFF, 0xFF, 0x00, 0x4B, 0x4B, 0x4B, 0xFF, 0x3D, 0x3D, 0x3D, 0xFF,
        0x31, 0x31, 0x31, 0xFF, 0x2A, 0x2A, 0x2A, 0xFF, 0x2A, 0x2A, 0x2A, 0xFF,
        0x2A, 0x2A, 0x2A, 0xFF, 0x2A, 0x2A, 0x2A, 0xFF, 0x2A, 0x2A, 0x2A, 0xFF,
        0x2A, 0x2A, 0x2A, 0xFF, 0x2A, 0x2A, 0x2A, 0xFF, 0x2A, 0x2A, 0x2A, 0xFF,
        0x2A, 0x2A, 0x2A, 0xFF, 0x2A, 0x2A, 0x2A, 0xFF, 0x2A, 0x2A, 0x2A, 0xFF,
        0x2A, 0x2A, 0x2A, 0xFF, 0x2A, 0x2A, 0x2A, 0xFF, 0x2A, 0x2A, 0x2A, 0xFF,
        0x2A, 0x2A, 0x2A, 0xFF, 0x2A, 0x2A, 0x2A, 0xFF, 0x2A, 0x2A, 0x2A, 0xFF,
        0x2A, 0x2A, 0x2A, 0xFF, 0x2A, 0x2A, 0x2A, 0xFF, 0x2A, 0x2A, 0x2A, 0xFF,
        0x2A, 0x2A, 0x2A, 0xFF, 0x2A, 0x2A, 0x2A, 0xFF, 0x2A, 0x2A, 0x2A, 0xFF,
        0x2A, 0x2A, 0x2A, 0xFF, 0x2A, 0x2A, 0x2A, 0xFF, 0x2A, 0x2A, 0x2A, 0xFF,
        0x2A, 0x2A, 0x2A, 0xFF, 0x2A, 0x2A, 0x2A, 0xFF, 0x2A, 0x2A, 0x2A, 0xFF,
        0x2A, 0x2A, 0x2A, 0xFF, 0x2A, 0x2A, 0x2A, 0xFF, 0x2A, 0x2A, 0x2A, 0xFF,
        0x2A, 0x2A, 0x2A, 0xFF, 0x2A, 0x2A, 0x2A, 0xFF, 0x2A, 0x2A, 0x2A, 0xFF,
        0x2A, 0x2A, 0x2A, 0xFF, 0x2A, 0x2A, 0x2A, 0xFF, 0x2A, 0x2A, 0x2A, 0xFF,
        0x2A, 0x2A, 0x2A, 0xFF, 0x2A, 0x2A, 0x2A, 0xFF, 0x2A, 0x2A, 0x2A, 0xFF,
        0x2A, 0x2A, 0x2A, 0xFF, 0x2A, 0x2A, 0x2A, 0xFF, 0x2A, 0x2A, 0x2A, 0xFF,
        0x2A, 0x2A, 0x2A, 0xFF, 0x2A, 0x2A, 0x2A, 0xFF, 0x2A, 0x2A, 0x2A, 0xFF,
        0x2A, 0x2A, 0x2A, 0xFF, 0x2A, 0x2A, 0x2A, 0xFF, 0x2A, 0x2A, 0x2A, 0xFF,
        0x2A, 0x2A, 0x2A, 0xFF, 0x2A, 0x2A, 0x2A, 0xFF, 0x2A, 0x2A, 0x2A, 0xFF,
        0x2A, 0x2A, 0x2A, 0xFF, 0x2A, 0x2A, 0x2A, 0xFF, 0x2A, 0x2A, 0x2A, 0xFF,
        0x31, 0x31, 0x31, 0xFF, 0x3D, 0x3D, 0x3D, 0xFF, 0x4B, 0x4B, 0x4B, 0xFF,
        0xFF, 0xFF, 0xFF, 0x00, 0xFF, 0xFF, 0xFF, 0x00, 0x1D, 0x1D, 0x1D, 0xFF,
        0x21, 0x21, 0x21, 0xFF, 0x23, 0x23, 0x23, 0xFF, 0x24, 0x24, 0x24, 0xFF,
        0x24, 0x24, 0x24, 0xFF, 0x24, 0x24, 0x24, 0xFF, 0x24, 0x24, 0x24, 0xFF,
        0x24, 0x24, 0x24, 0xFF, 0x24, 0x24, 0x24, 0xFF, 0x24, 0x24, 0x24, 0xFF,
        0x24, 0x24, 0x24, 0xFF, 0x24, 0x24, 0x24, 0xFF, 0x24, 0x24, 0x24, 0xFF,
        0x24, 0x24, 0x24, 0xFF, 0x24, 0x24, 0x24, 0xFF, 0x24, 0x24, 0x24, 0xFF,
        0x24, 0x24, 0x24, 0xFF, 0x24, 0x24, 0x24, 0xFF, 0x24, 0x24, 0x24, 0xFF,
        0x24, 0x24, 0x24, 0xFF, 0x24, 0x24, 0x24, 0xFF, 0x24, 0x24, 0x24, 0xFF,
        0x24, 0x24, 0x24, 0xFF, 0x24, 0x24, 0x24, 0xFF, 0x24, 0x24, 0x24, 0xFF,
        0x24, 0x24, 0x24, 0xFF, 0x24, 0x24, 0x24, 0xFF, 0x24, 0x24, 0x24, 0xFF,
        0x24, 0x24, 0x24, 0xFF, 0x24, 0x24, 0x24, 0xFF, 0x24, 0x24, 0x24, 0xFF,
        0x24, 0x24, 0x24, 0xFF, 0x24, 0x24, 0x24, 0xFF, 0x24, 0x24, 0x24, 0xFF,
        0x24, 0x24, 0x24, 0xFF, 0x24, 0x24, 0x24, 0xFF, 0x24, 0x24, 0x24, 0xFF,
        0x24, 0x24, 0x24, 0xFF, 0x24, 0x24, 0x24, 0xFF, 0x24, 0x24, 0x24, 0xFF,
        0x24, 0x24, 0x24, 0xFF, 0x24, 0x24, 0x24, 0xFF, 0x24, 0x24, 0x24, 0xFF,
        0x24, 0x24, 0x24, 0xFF, 0x24, 0x24, 0x24, 0xFF, 0x24, 0x24, 0x24, 0xFF,
        0x24, 0x24, 0x24, 0xFF, 0x24, 0x24, 0x24, 0xFF, 0x24, 0x24, 0x24, 0xFF,
        0x24, 0x24, 0x24, 0xFF, 0x24, 0x24, 0x24, 0xFF, 0x24, 0x24, 0x24, 0xFF,
        0x24, 0x24, 0x24, 0xFF, 0x24, 0x24, 0x24, 0xFF, 0x24, 0x24, 0x24, 0xFF,
        0x24, 0x24, 0x24, 0xFF, 0x24, 0x24, 0x24, 0xFF, 0x24, 0x24, 0x24, 0xFF,
        0x24, 0x24, 0x24, 0xFF, 0x23, 0x23, 0x23, 0xFF, 0x21, 0x21, 0x21, 0xFF,
        0x1D, 0x1D, 0x1D, 0xFF, 0xFF, 0xFF, 0xFF, 0x00, 0xFF, 0xFF, 0xFF, 0x00,
        0x4B, 0x4B, 0x4B, 0xFF, 0x3D, 0x3D, 0x3D, 0xFF, 0x31, 0x31, 0x31, 0xFF,
        0x2A, 0x2A, 0x2A, 0xFF, 0x2A, 0x2A, 0x2A, 0xFF, 0x2A, 0x2A, 0x2A, 0xFF,
        0x2A, 0x2A, 0x2A, 0xFF, 0x2A, 0x2A, 0x2A, 0xFF, 0x2A, 0x2A, 0x2A, 0xFF,
        0x2A, 0x2A, 0x2A, 0xFF, 0x2A, 0x2A, 0x2A, 0xFF, 0x2A, 0x2A, 0x2A, 0xFF,
        0x2A, 0x2A, 0x2A, 0xFF, 0x2A, 0x2A, 0x2A, 0xFF, 0x2A, 0x2A, 0x2A, 0xFF,
        0x2A, 0x2A, 0x2A, 0xFF, 0x2A, 0x2A, 0x2A, 0xFF, 0x2A, 0x2A, 0x2A, 0xFF,
        0x2A, 0x2A, 0x2A, 0xFF, 0x2A, 0x2A, 0x2A, 0xFF, 0x2A, 0x2A, 0x2A, 0xFF,
        0x2A, 0x2A, 0x2A, 0xFF, 0x2A, 0x2A, 0x2A, 0xFF, 0x2A, 0x2A, 0x2A, 0xFF,
        0x2A, 0x2A, 0x2A, 0xFF, 0x2A, 0x2A, 0x2A, 0xFF, 0x2A, 0x2A, 0x2A, 0xFF,
        0x2A, 0x2A, 0x2A, 0xFF, 0x2A, 0x2A, 0x2A, 0xFF, 0x2A, 0x2A, 0x2A, 0xFF,
        0x2A, 0x2A, 0x2A, 0xFF, 0x2A, 0x2A, 0x2A, 0xFF, 0x2A, 0x2A, 0x2A, 0xFF,
        0x2A, 0x2A, 0x2A, 0xFF, 0x2A, 0x2A, 0x2A, 0xFF, 0x2A, 0x2A, 0x2A, 0xFF,
        0x2A, 0x2A, 0x2A, 0xFF, 0x2A, 0x2A, 0x2A, 0xFF, 0x2A, 0x2A, 0x2A, 0xFF,
        0x2A, 0x2A, 0x2A, 0xFF, 0x2A, 0x2A, 0x2A, 0xFF, 0x2A, 0x2A, 0x2A, 0xFF,
        0x2A, 0x2A, 0x2A, 0xFF, 0x2A, 0x2A, 0x2A, 0xFF, 0x2A, 0x2A, 0x2A, 0xFF,
        0x2A, 0x2A, 0x2A, 0xFF, 0x2A, 0x2A, 0x2A, 0xFF, 0x2A, 0x2A, 0x2A, 0xFF,
        0x2A, 0x2A, 0x2A, 0xFF, 0x2A, 0x2A, 0x2A, 0xFF, 0x2A, 0x2A, 0x2A, 0xFF,
        0x2A, 0x2A, 0x2A, 0xFF, 0x2A, 0x2A, 0x2A, 0xFF, 0x2A, 0x2A, 0x2A, 0xFF,
        0x2A, 0x2A, 0x2A, 0xFF, 0x2A, 0x2A, 0x2A, 0xFF, 0x2A, 0x2A, 0x2A, 0xFF,
        0x2A, 0x2A, 0x2A, 0xFF, 0x2A, 0x2A, 0x2A, 0xFF, 0x31, 0x31, 0x31, 0xFF,
        0x3D, 0x3D, 0x3D, 0xFF, 0x4B, 0x4B, 0x4B, 0xFF, 0xFF, 0xFF, 0xFF, 0x00,
        0xFF, 0xFF, 0xFF, 0x00, 0x1D, 0x1D, 0x1D, 0xFF, 0x21, 0x21, 0x21, 0xFF,
        0x23, 0x23, 0x23, 0xFF, 0x24, 0x24, 0x24, 0xFF, 0x24, 0x24, 0x24, 0xFF,
        0x24, 0x24, 0x24, 0xFF, 0x24, 0x24, 0x24, 0xFF, 0x24, 0x24, 0x24, 0xFF,
        0x24, 0x24, 0x24, 0xFF, 0x24, 0x24, 0x24, 0xFF, 0x24, 0x24, 0x24, 0xFF,
        0x24, 0x24, 0x24, 0xFF, 0x24, 0x24, 0x24, 0xFF, 0x24, 0x24, 0x24, 0xFF,
        0x24, 0x24, 0x24, 0xFF, 0x24, 0x24, 0x24, 0xFF, 0x24, 0x24, 0x24, 0xFF,
        0x24, 0x24, 0x24, 0xFF, 0x24, 0x24, 0x24, 0xFF, 0x24, 0x24, 0x24, 0xFF,
        0x24, 0x24, 0x24, 0xFF, 0x24, 0x24, 0x24, 0xFF, 0x24, 0x24, 0x24, 0xFF,
        0x24, 0x24, 0x24, 0xFF, 0x24, 0x24, 0x24, 0xFF, 0x24, 0x24, 0x24, 0xFF,
        0x24, 0x24, 0x24, 0xFF, 0x24, 0x24, 0x24, 0xFF, 0x24, 0x24, 0x24, 0xFF,
        0x24, 0x24, 0x24, 0xFF, 0x24, 0x24, 0x24, 0xFF, 0x24, 0x24, 0x24, 0xFF,
        0x24, 0x24, 0x24, 0xFF, 0x24, 0x24, 0x24, 0xFF, 0x24, 0x24, 0x24, 0xFF,
        0x24, 0x24, 0x24, 0xFF, 0x24, 0x24, 0x24, 0xFF, 0x24, 0x24, 0x24, 0xFF,
        0x24, 0x24, 0x24, 0xFF, 0x24, 0x24, 0x24, 0xFF, 0x24, 0x24, 0x24, 0xFF,
        0x24, 0x24, 0x24, 0xFF, 0x24, 0x24, 0x24, 0xFF, 0x24, 0x24, 0x24, 0xFF,
        0x24, 0x24, 0x24, 0xFF, 0x24, 0x24, 0x24, 0xFF, 0x24, 0x24, 0x24, 0xFF,
        0x24, 0x24, 0x24, 0xFF, 0x24, 0x24, 0x24, 0xFF, 0x24, 0x24, 0x24, 0xFF,
        0x24, 0x24, 0x24, 0xFF, 0x24, 0x24, 0x24, 0xFF, 0x24, 0x24, 0x24, 0xFF,
        0x24, 0x24, 0x24, 0xFF, 0x24, 0x24, 0x24, 0xFF, 0x24, 0x24, 0x24, 0xFF,
        0x24, 0x24, 0x24, 0xFF, 0x24, 0x24, 0x24, 0xFF, 0x24, 0x24, 0x24, 0xFF,
        0x23, 0x23, 0x23, 0xFF, 0x21, 0x21, 0x21, 0xFF, 0x1D, 0x1D, 0x1D, 0xFF,
        0xFF, 0xFF, 0xFF, 0x00, 0xFF, 0xFF, 0xFF, 0x00, 0x4B, 0x4B, 0x4B, 0xFF,
        0x3C, 0x3C, 0x3C, 0xFF, 0x30, 0x30, 0x30, 0xFF, 0x29, 0x29, 0x29, 0xFF,
        0x29, 0x29, 0x29, 0xFF, 0x29, 0x29, 0x29, 0xFF, 0x29, 0x29, 0x29, 0xFF,
        0x29, 0x29, 0x29, 0xFF, 0x29, 0x29, 0x29, 0xFF, 0x29, 0x29, 0x29, 0xFF,
        0x29, 0x29, 0x29, 0xFF, 0x29, 0x29, 0x29, 0xFF, 0x29, 0x29, 0x29, 0xFF,
        0x29, 0x29, 0x29, 0xFF, 0x29, 0x29, 0x29, 0xFF, 0x29, 0x29, 0x29, 0xFF,
        0x29, 0x29, 0x29, 0xFF, 0x29, 0x29, 0x29, 0xFF, 0x29, 0x29, 0x29, 0xFF,
        0x29, 0x29, 0x29, 0xFF, 0x29, 0x29, 0x29, 0xFF, 0x29, 0x29, 0x29, 0xFF,
        0x29, 0x29, 0x29, 0xFF, 0x29, 0x29, 0x29, 0xFF, 0x29, 0x29, 0x29, 0xFF,
        0x29, 0x29, 0x29, 0xFF, 0x29, 0x29, 0x29, 0xFF, 0x29, 0x29, 0x29, 0xFF,
        0x29, 0x29, 0x29, 0xFF, 0x29, 0x29, 0x29, 0xFF, 0x29, 0x29, 0x29, 0xFF,
        0x29, 0x29, 0x29, 0xFF, 0x29, 0x29, 0x29, 0xFF, 0x29, 0x29, 0x29, 0xFF,
        0x29, 0x29, 0x29, 0xFF, 0x29, 0x29, 0x29, 0xFF, 0x29, 0x29, 0x29, 0xFF,
        0x29, 0x29, 0x29, 0xFF, 0x29, 0x29, 0x29, 0xFF, 0x29, 0x29, 0x29, 0xFF,
        0x29, 0x29, 0x29, 0xFF, 0x29, 0x29, 0x29, 0xFF, 0x29, 0x29, 0x29, 0xFF,
        0x29, 0x29, 0x29, 0xFF, 0x29, 0x29, 0x29, 0xFF, 0x29, 0x29, 0x29, 0xFF,
        0x29, 0x29, 0x29, 0xFF, 0x29, 0x29, 0x29, 0xFF, 0x29, 0x29, 0x29, 0xFF,
        0x29, 0x29, 0x29, 0xFF, 0x29, 0x29, 0x29, 0xFF, 0x29, 0x29, 0x29, 0xFF,
        0x29, 0x29, 0x29, 0xFF, 0x29, 0x29, 0x29, 0xFF, 0x29, 0x29, 0x29, 0xFF,
        0x29, 0x29, 0x29, 0xFF, 0x29, 0x29, 0x29, 0xFF, 0x29, 0x29, 0x29, 0xFF,
        0x29, 0x29, 0x29, 0xFF, 0x30, 0x30, 0x30, 0xFF, 0x3C, 0x3C, 0x3C, 0xFF,
        0x4B, 0x4B, 0x4B, 0xFF, 0xFF, 0xFF, 0xFF, 0x00, 0xFF, 0xFF, 0xFF, 0x00,
        0x1D, 0x1D, 0x1D, 0xFF, 0x21, 0x21, 0x21, 0xFF, 0x23, 0x23, 0x23, 0xFF,
        0x24, 0x24, 0x24, 0xFF, 0x24, 0x24, 0x24, 0xFF, 0x24, 0x24, 0x24, 0xFF,
        0x24, 0x24, 0x24, 0xFF, 0x24, 0x24, 0x24, 0xFF, 0x24, 0x24, 0x24, 0xFF,
        0x24, 0x24, 0x24, 0xFF, 0x24, 0x24, 0x24, 0xFF, 0x24, 0x24, 0x24, 0xFF,
        0x24, 0x24, 0x24, 0xFF, 0x24, 0x24, 0x24, 0xFF, 0x24, 0x24, 0x24, 0xFF,
        0x24, 0x24, 0x24, 0xFF, 0x24, 0x24, 0x24, 0xFF, 0x24, 0x24, 0x24, 0xFF,
        0x24, 0x24, 0x24, 0xFF, 0x24, 0x24, 0x24, 0xFF, 0x24, 0x24, 0x24, 0xFF,
        0x24, 0x24, 0x24, 0xFF, 0x24, 0x24, 0x24, 0xFF, 0x24, 0x24, 0x24, 0xFF,
        0x24, 0x24, 0x24, 0xFF, 0x24, 0x24, 0x24, 0xFF, 0x24, 0x24, 0x24, 0xFF,
        0x24, 0x24, 0x24, 0xFF, 0x24, 0x24, 0x24, 0xFF, 0x24, 0x24, 0x24, 0xFF,
        0x24, 0x24, 0x24, 0xFF, 0x24, 0x24, 0x24, 0xFF, 0x24, 0x24, 0x24, 0xFF,
        0x24, 0x24, 0x24, 0xFF, 0x24, 0x24, 0x24, 0xFF, 0x24, 0x24, 0x24, 0xFF,
        0x24, 0x24, 0x24, 0xFF, 0x24, 0x24, 0x24, 0xFF, 0x24, 0x24, 0x24, 0xFF,
        0x24, 0x24, 0x24, 0xFF, 0x24, 0x24, 0x24, 0xFF, 0x24, 0x24, 0x24, 0xFF,
        0x24, 0x24, 0x24, 0xFF, 0x24, 0x24, 0x24, 0xFF, 0x24, 0x24, 0x24, 0xFF,
        0x24, 0x24, 0x24, 0xFF, 0x24, 0x24, 0x24, 0xFF, 0x24, 0x24, 0x24, 0xFF,
        0x24, 0x24, 0x24, 0xFF, 0x24, 0x24, 0x24, 0xFF, 0x24, 0x24, 0x24, 0xFF,
        0x24, 0x24, 0x24, 0xFF, 0x24, 0x24, 0x24, 0xFF, 0x24, 0x24, 0x24, 0xFF,
        0x24, 0x24, 0x24, 0xFF, 0x24, 0x24, 0x24, 0xFF, 0x24, 0x24, 0x24, 0xFF,
        0x24, 0x24, 0x24, 0xFF, 0x24, 0x24, 0x24, 0xFF, 0x23, 0x23, 0x23, 0xFF,
        0x21, 0x21, 0x21, 0xFF, 0x1D, 0x1D, 0x1D, 0xFF, 0xFF, 0xFF, 0xFF, 0x00,
        0xFF, 0xFF, 0xFF, 0x00, 0x4B, 0x4B, 0x4B, 0xFF, 0x3C, 0x3C, 0x3C, 0xFF,
        0x30, 0x30, 0x30, 0xFF, 0x29, 0x29, 0x29, 0xFF, 0x29, 0x29, 0x29, 0xFF,
        0x29, 0x29, 0x29, 0xFF, 0x29, 0x29, 0x29, 0xFF, 0x29, 0x29, 0x29, 0xFF,
        0x29, 0x29, 0x29, 0xFF, 0x29, 0x29, 0x29, 0xFF, 0x29, 0x29, 0x29, 0xFF,
        0x29, 0x29, 0x29, 0xFF, 0x29, 0x29, 0x29, 0xFF, 0x29, 0x29, 0x29, 0xFF,
        0x29, 0x29, 0x29, 0xFF, 0x29, 0x29, 0x29, 0xFF, 0x29, 0x29, 0x29, 0xFF,
        0x29, 0x29, 0x29, 0xFF, 0x29, 0x29, 0x29, 0xFF, 0x29, 0x29, 0x29, 0xFF,
        0x29, 0x29, 0x29, 0xFF, 0x29, 0x29, 0x29, 0xFF, 0x29, 0x29, 0x29, 0xFF,
        0x29, 0x29, 0x29, 0xFF, 0x29, 0x29, 0x29, 0xFF, 0x29, 0x29, 0x29, 0xFF,
        0x29, 0x29, 0x29, 0xFF, 0x29, 0x29, 0x29, 0xFF, 0x29, 0x29, 0x29, 0xFF,
        0x29, 0x29, 0x29, 0xFF, 0x29, 0x29, 0x29, 0xFF, 0x29, 0x29, 0x29, 0xFF,
        0x29, 0x29, 0x29, 0xFF, 0x29, 0x29, 0x29, 0xFF, 0x29, 0x29, 0x29, 0xFF,
        0x29, 0x29, 0x29, 0xFF, 0x29, 0x29, 0x29, 0xFF, 0x29, 0x29, 0x29, 0xFF,
        0x29, 0x29, 0x29, 0xFF, 0x29, 0x29, 0x29, 0xFF, 0x29, 0x29, 0x29, 0xFF,
        0x29, 0x29, 0x29, 0xFF, 0x29, 0x29, 0x29, 0xFF, 0x29, 0x29, 0x29, 0xFF,
        0x29, 0x29, 0x29, 0xFF, 0x29, 0x29, 0x29, 0xFF, 0x29, 0x29, 0x29, 0xFF,
        0x29, 0x29, 0x29, 0xFF, 0x29, 0x29, 0x29, 0xFF, 0x29, 0x29, 0x29, 0xFF,
        0x29, 0x29, 0x29, 0xFF, 0x29, 0x29, 0x29, 0xFF, 0x29, 0x29, 0x29, 0xFF,
        0x29, 0x29, 0x29, 0xFF, 0x29, 0x29, 0x29, 0xFF, 0x29, 0x29, 0x29, 0xFF,
        0x29, 0x29, 0x29, 0xFF, 0x29, 0x29, 0x29, 0xFF, 0x29, 0x29, 0x29, 0xFF,
        0x30, 0x30, 0x30, 0xFF, 0x3C, 0x3C, 0x3C, 0xFF, 0x4B, 0x4B, 0x4B, 0xFF,
        0xFF, 0xFF, 0xFF, 0x00, 0xFF, 0xFF, 0xFF, 0x00, 0x1C, 0x1C, 0x1C, 0xFF,
        0x20, 0x20, 0x20, 0xFF, 0x22, 0x22, 0x22, 0xFF, 0x23, 0x23, 0x23, 0xFF,
        0x23, 0x23, 0x23, 0xFF, 0x23, 0x23, 0x23, 0xFF, 0x23, 0x23, 0x23, 0xFF,
        0x23, 0x23, 0x23, 0xFF, 0x23, 0x23, 0x23, 0xFF, 0x23, 0x23, 0x23, 0xFF,
        0x23, 0x23, 0x23, 0xFF, 0x23, 0x23, 0x23, 0xFF, 0x23, 0x23, 0x23, 0xFF,
        0x23, 0x23, 0x23, 0xFF, 0x23, 0x23, 0x23, 0xFF, 0x23, 0x23, 0x23, 0xFF,
        0x23, 0x23, 0x23, 0xFF, 0x23, 0x23, 0x23, 0xFF, 0x23, 0x23, 0x23, 0xFF,
        0x23, 0x23, 0x23, 0xFF, 0x23, 0x23, 0x23, 0xFF, 0x23, 0x23, 0x23, 0xFF,
        0x23, 0x23, 0x23, 0xFF, 0x23, 0x23, 0x23, 0xFF, 0x23, 0x23, 0x23, 0xFF,
        0x23, 0x23, 0x23, 0xFF, 0x23, 0x23, 0x23, 0xFF, 0x23, 0x23, 0x23, 0xFF,
        0x23, 0x23, 0x23, 0xFF, 0x23, 0x23, 0x23, 0xFF, 0x23, 0x23, 0x23, 0xFF,
        0x23, 0x23, 0x23, 0xFF, 0x23, 0x23, 0x23, 0xFF, 0x23, 0x23, 0x23, 0xFF,
        0x23, 0x23, 0x23, 0xFF, 0x23, 0x23, 0x23, 0xFF, 0x23, 0x23, 0x23, 0xFF,
        0x23, 0x23, 0x23, 0xFF, 0x23, 0x23, 0x23, 0xFF, 0x23, 0x23, 0x23, 0xFF,
        0x23, 0x23, 0x23, 0xFF, 0x23, 0x23, 0x23, 0xFF, 0x23, 0x23, 0x23, 0xFF,
        0x23, 0x23, 0x23, 0xFF, 0x23, 0x23, 0x23, 0xFF, 0x23, 0x23, 0x23, 0xFF,
        0x23, 0x23, 0x23, 0xFF, 0x23, 0x23, 0x23, 0xFF, 0x23, 0x23, 0x23, 0xFF,
        0x23, 0x23, 0x23, 0xFF, 0x23, 0x23, 0x23, 0xFF, 0x23, 0x23, 0x23, 0xFF,
        0x23, 0x23, 0x23, 0xFF, 0x23, 0x23, 0x23, 0xFF, 0x23, 0x23, 0x23, 0xFF,
        0x23, 0x23, 0x23, 0xFF, 0x23, 0x23, 0x23, 0xFF, 0x23, 0x23, 0x23, 0xFF,
        0x23, 0x23, 0x23, 0xFF, 0x22, 0x22, 0x22, 0xFF, 0x20, 0x20, 0x20, 0xFF,
        0x1C, 0x1C, 0x1C, 0xFF, 0xFF, 0xFF, 0xFF, 0x00, 0xFF, 0xFF, 0xFF, 0x00,
        0x4B, 0x4B, 0x4B, 0xFF, 0x3C, 0x3C, 0x3C, 0xFF, 0x30, 0x30, 0x30, 0xFF,
        0x29, 0x29, 0x29, 0xFF, 0x29, 0x29, 0x29, 0xFF, 0x29, 0x29, 0x29, 0xFF,
        0x29, 0x29, 0x29, 0xFF, 0x29, 0x29, 0x29, 0xFF, 0x29, 0x29, 0x29, 0xFF,
        0x29, 0x29, 0x29, 0xFF, 0x29, 0x29, 0x29, 0xFF, 0x29, 0x29, 0x29, 0xFF,
        0x29, 0x29, 0x29, 0xFF, 0x29, 0x29, 0x29, 0xFF, 0x29, 0x29, 0x29, 0xFF,
        0x29, 0x29, 0x29, 0xFF, 0x29, 0x29, 0x29, 0xFF, 0x29, 0x29, 0x29, 0xFF,
        0x29, 0x29, 0x29, 0xFF, 0x29, 0x29, 0x29, 0xFF, 0x29, 0x29, 0x29, 0xFF,
        0x29, 0x29, 0x29, 0xFF, 0x29, 0x29, 0x29, 0xFF, 0x29, 0x29, 0x29, 0xFF,
        0x29, 0x29, 0x29, 0xFF, 0x29, 0x29, 0x29, 0xFF, 0x29, 0x29, 0x29, 0xFF,
        0x29, 0x29, 0x29, 0xFF, 0x29, 0x29, 0x29, 0xFF, 0x29, 0x29, 0x29, 0xFF,
        0x29, 0x29, 0x29, 0xFF, 0x29, 0x29, 0x29, 0xFF, 0x29, 0x29, 0x29, 0xFF,
        0x29, 0x29, 0x29, 0xFF, 0x29, 0x29, 0x29, 0xFF, 0x29, 0x29, 0x29, 0xFF,
        0x29, 0x29, 0x29, 0xFF, 0x29, 0x29, 0x29, 0xFF, 0x29, 0x29, 0x29, 0xFF,
        0x29, 0x29, 0x29, 0xFF, 0x29, 0x29, 0x29, 0xFF, 0x29, 0x29, 0x29, 0xFF,
        0x29, 0x29, 0x29, 0xFF, 0x29, 0x29, 0x29, 0xFF, 0x29, 0x29, 0x29, 0xFF,
        0x29, 0x29, 0x29, 0xFF, 0x29, 0x29, 0x29, 0xFF, 0x29, 0x29, 0x29, 0xFF,
        0x29, 0x29, 0x29, 0xFF, 0x29, 0x29, 0x29, 0xFF, 0x29, 0x29, 0x29, 0xFF,
        0x29, 0x29, 0x29, 0xFF, 0x29, 0x29, 0x29, 0xFF, 0x29, 0x29, 0x29, 0xFF,
        0x29, 0x29, 0x29, 0xFF, 0x29, 0x29, 0x29, 0xFF, 0x29, 0x29, 0x29, 0xFF,
        0x29, 0x29, 0x29, 0xFF, 0x29, 0x29, 0x29, 0xFF, 0x30, 0x30, 0x30, 0xFF,
        0x3C, 0x3C, 0x3C, 0xFF, 0x4B, 0x4B, 0x4B, 0xFF, 0xFF, 0xFF, 0xFF, 0x00,
        0xFF, 0xFF, 0xFF, 0x00, 0x1C, 0x1C, 0x1C, 0xFF, 0x20, 0x20, 0x20, 0xFF,
        0x22, 0x22, 0x22, 0xFF, 0x23, 0x23, 0x23, 0xFF, 0x23, 0x23, 0x23, 0xFF,
        0x23, 0x23, 0x23, 0xFF, 0x23, 0x23, 0x23, 0xFF, 0x23, 0x23, 0x23, 0xFF,
        0x23, 0x23, 0x23, 0xFF, 0x23, 0x23, 0x23, 0xFF, 0x23, 0x23, 0x23, 0xFF,
        0x23, 0x23, 0x23, 0xFF, 0x23, 0x23, 0x23, 0xFF, 0x23, 0x23, 0x23, 0xFF,
        0x23, 0x23, 0x23, 0xFF, 0x23, 0x23, 0x23, 0xFF, 0x23, 0x23, 0x23, 0xFF,
        0x23, 0x23, 0x23, 0xFF, 0x23, 0x23, 0x23, 0xFF, 0x23, 0x23, 0x23, 0xFF,
        0x23, 0x23, 0x23, 0xFF, 0x23, 0x23, 0x23, 0xFF, 0x23, 0x23, 0x23, 0xFF,
        0x23, 0x23, 0x23, 0xFF, 0x23, 0x23, 0x23, 0xFF, 0x23, 0x23, 0x23, 0xFF,
        0x23, 0x23, 0x23, 0xFF, 0x23, 0x23, 0x23, 0xFF, 0x23, 0x23, 0x23, 0xFF,
        0x23, 0x23, 0x23, 0xFF, 0x23, 0x23, 0x23, 0xFF, 0x23, 0x23, 0x23, 0xFF,
        0x23, 0x23, 0x23, 0xFF, 0x23, 0x23, 0x23, 0xFF, 0x23, 0x23, 0x23, 0xFF,
        0x23, 0x23, 0x23, 0xFF, 0x23, 0x23, 0x23, 0xFF, 0x23, 0x23, 0x23, 0xFF,
        0x23, 0x23, 0x23, 0xFF, 0x23, 0x23, 0x23, 0xFF, 0x23, 0x23, 0x23, 0xFF,
        0x23, 0x23, 0x23, 0xFF, 0x23, 0x23, 0x23, 0xFF, 0x23, 0x23, 0x23, 0xFF,
        0x23, 0x23, 0x23, 0xFF, 0x23, 0x23, 0x23, 0xFF, 0x23, 0x23, 0x23, 0xFF,
        0x23, 0x23, 0x23, 0xFF, 0x23, 0x23, 0x23, 0xFF, 0x23, 0x23, 0x23, 0xFF,
        0x23, 0x23, 0x23, 0xFF, 0x23, 0x23, 0x23, 0xFF, 0x23, 0x23, 0x23, 0xFF,
        0x23, 0x23, 0x23, 0xFF, 0x23, 0x23, 0x23, 0xFF, 0x23, 0x23, 0x23, 0xFF,
        0x23, 0x23, 0x23, 0xFF, 0x23, 0x23, 0x23, 0xFF, 0x23, 0x23, 0x23, 0xFF,
        0x22, 0x22, 0x22, 0xFF, 0x20, 0x20, 0x20, 0xFF, 0x1C, 0x1C, 0x1C, 0xFF,
        0xFF, 0xFF, 0xFF, 0x00, 0xFF, 0xFF, 0xFF, 0x00, 0x4A, 0x4A, 0x4A, 0xFF,
        0x3B, 0x3B, 0x3B, 0xFF, 0x2F, 0x2F, 0x2F, 0xFF, 0x28, 0x28, 0x28, 0xFF,
        0x28, 0x28, 0x28, 0xFF, 0x28, 0x28, 0x28, 0xFF, 0x28, 0x28, 0x28, 0xFF,
        0x28, 0x28, 0x28, 0xFF, 0x28, 0x28, 0x28, 0xFF, 0x28, 0x28, 0x28, 0xFF,
        0x28, 0x28, 0x28, 0xFF, 0x28, 0x28, 0x28, 0xFF, 0x28, 0x28, 0x28, 0xFF,
        0x28, 0x28, 0x28, 0xFF, 0x28, 0x28, 0x28, 0xFF, 0x28, 0x28, 0x28, 0xFF,
        0x28, 0x28, 0x28, 0xFF, 0x28, 0x28, 0x28, 0xFF, 0x28, 0x28, 0x28, 0xFF,
        0x28, 0x28, 0x28, 0xFF, 0x28, 0x28, 0x28, 0xFF, 0x28, 0x28, 0x28, 0xFF,
        0x28, 0x28, 0x28, 0xFF, 0x28, 0x28, 0x28, 0xFF, 0x28, 0x28, 0x28, 0xFF,
        0x28, 0x28, 0x28, 0xFF, 0x28, 0x28, 0x28, 0xFF, 0x28, 0x28, 0x28, 0xFF,
        0x28, 0x28, 0x28, 0xFF, 0x28, 0x28, 0x28, 0xFF, 0x28, 0x28, 0x28, 0xFF,
        0x28, 0x28, 0x28, 0xFF, 0x28, 0x28, 0x28, 0xFF, 0x28, 0x28, 0x28, 0xFF,
        0x28, 0x28, 0x28, 0xFF, 0x28, 0x28, 0x28, 0xFF, 0x28, 0x28, 0x28, 0xFF,
        0x28, 0x28, 0x28, 0xFF, 0x28, 0x28, 0x28, 0xFF, 0x28, 0x28, 0x28, 0xFF,
        0x28, 0x28, 0x28, 0xFF, 0x28, 0x28, 0x28, 0xFF, 0x28, 0x28, 0x28, 0xFF,
        0x28, 0x28, 0x28, 0xFF, 0x28, 0x28, 0x28, 0xFF, 0x28, 0x28, 0x28, 0xFF,
        0x28, 0x28, 0x28, 0xFF, 0x28, 0x28, 0x28, 0xFF, 0x28, 0x28, 0x28, 0xFF,
        0x28, 0x28, 0x28, 0xFF, 0x28, 0x28, 0x28, 0xFF, 0x28, 0x28, 0x28, 0xFF,
        0x28, 0x28, 0x28, 0xFF, 0x28, 0x28, 0x28, 0xFF, 0x28, 0x28, 0x28, 0xFF,
        0x28, 0x28, 0x28, 0xFF, 0x28, 0x28, 0x28, 0xFF, 0x28, 0x28, 0x28, 0xFF,
        0x28, 0x28, 0x28, 0xFF, 0x2F, 0x2F, 0x2F, 0xFF, 0x3B, 0x3B, 0x3B, 0xFF,
        0x4A, 0x4A, 0x4A, 0xFF, 0xFF, 0xFF, 0xFF, 0x00, 0xFF, 0xFF, 0xFF, 0x00,
        0x1C, 0x1C, 0x1C, 0xFF, 0x20, 0x20, 0x20, 0xFF, 0x22, 0x22, 0x22, 0xFF,
        0x23, 0x23, 0x23, 0xFF, 0x23, 0x23, 0x23, 0xFF, 0x23, 0x23, 0x23, 0xFF,
        0x23, 0x23, 0x23, 0xFF, 0x23, 0x23, 0x23, 0xFF, 0x23, 0x23, 0x23, 0xFF,
        0x23, 0x23, 0x23, 0xFF, 0x23, 0x23, 0x23, 0xFF, 0x23, 0x23, 0x23, 0xFF,
        0x23, 0x23, 0x23, 0xFF, 0x23, 0x23, 0x23, 0xFF, 0x23, 0x23, 0x23, 0xFF,
        0x23, 0x23, 0x23, 0xFF, 0x23, 0x23, 0x23, 0xFF, 0x23, 0x23, 0x23, 0xFF,
        0x23, 0x23, 0x23, 0xFF, 0x23, 0x23, 0x23, 0xFF, 0x23, 0x23, 0x23, 0xFF,
        0x23, 0x23, 0x23, 0xFF, 0x23, 0x23, 0x23, 0xFF, 0x23, 0x23, 0x23, 0xFF,
        0x23, 0x23, 0x23, 0xFF, 0x23, 0x23, 0x23, 0xFF, 0x23, 0x23, 0x23, 0xFF,
        0x23, 0x23, 0x23, 0xFF, 0x23, 0x23, 0x23, 0xFF, 0x23, 0x23, 0x23, 0xFF,
        0x23, 0x23, 0x23, 0xFF, 0x23, 0x23, 0x23, 0xFF, 0x23, 0x23, 0x23, 0xFF,
        0x23, 0x23, 0x23, 0xFF, 0x23, 0x23, 0x23, 0xFF, 0x23, 0x23, 0x23, 0xFF,
        0x23, 0x23, 0x23, 0xFF, 0x23, 0x23, 0x23, 0xFF, 0x23, 0x23, 0x23, 0xFF,
        0x23, 0x23, 0x23, 0xFF, 0x23, 0x23, 0x23, 0xFF, 0x23, 0x23, 0x23, 0xFF,
        0x23, 0x23, 0x23, 0xFF, 0x23, 0x23, 0x23, 0xFF, 0x23, 0x23, 0x23, 0xFF,
        0x23, 0x23, 0x23, 0xFF, 0x23, 0x23, 0x23, 0xFF, 0x23, 0x23, 0x23, 0xFF,
        0x23, 0x23, 0x23, 0xFF, 0x23, 0x23, 0x23, 0xFF, 0x23, 0x23, 0x23, 0xFF,
        0x23, 0x23, 0x23, 0xFF, 0x23, 0x23, 0x23, 0xFF, 0x23, 0x23, 0x23, 0xFF,
        0x23, 0x23, 0x23, 0xFF, 0x23, 0x23, 0x23, 0xFF, 0x23, 0x23, 0x23, 0xFF,
        0x23, 0x23, 0x23, 0xFF, 0x23, 0x23, 0x23, 0xFF, 0x22, 0x22, 0x22, 0xFF,
        0x20, 0x20, 0x20, 0xFF, 0x1C, 0x1C, 0x1C, 0xFF, 0xFF, 0xFF, 0xFF, 0x00,
        0xFF, 0xFF, 0xFF, 0x00, 0x4A, 0x4A, 0x4A, 0xFF, 0x3B, 0x3B, 0x3B, 0xFF,
        0x2F, 0x2F, 0x2F, 0xFF, 0x28, 0x28, 0x28, 0xFF, 0x28, 0x28, 0x28, 0xFF,
        0x28, 0x28, 0x28, 0xFF, 0x28, 0x28, 0x28, 0xFF, 0x28, 0x28, 0x28, 0xFF,
        0x28, 0x28, 0x28, 0xFF, 0x28, 0x28, 0x28, 0xFF, 0x28, 0x28, 0x28, 0xFF,
        0x28, 0x28, 0x28, 0xFF, 0x28, 0x28, 0x28, 0xFF, 0x28, 0x28, 0x28, 0xFF,
        0x28, 0x28, 0x28, 0xFF, 0x28, 0x28, 0x28, 0xFF, 0x28, 0x28, 0x28, 0xFF,
        0x28, 0x28, 0x28, 0xFF, 0x28, 0x28, 0x28, 0xFF, 0x28, 0x28, 0x28, 0xFF,
        0x28, 0x28, 0x28, 0xFF, 0x28, 0x28, 0x28, 0xFF, 0x28, 0x28, 0x28, 0xFF,
        0x28, 0x28, 0x28, 0xFF, 0x28, 0x28, 0x28, 0xFF, 0x28, 0x28, 0x28, 0xFF,
        0x28, 0x28, 0x28, 0xFF, 0x28, 0x28, 0x28, 0xFF, 0x28, 0x28, 0x28, 0xFF,
        0x28, 0x28, 0x28, 0xFF, 0x28, 0x28, 0x28, 0xFF, 0x28, 0x28, 0x28, 0xFF,
        0x28, 0x28, 0x28, 0xFF, 0x28, 0x28, 0x28, 0xFF, 0x28, 0x28, 0x28, 0xFF,
        0x28, 0x28, 0x28, 0xFF, 0x28, 0x28, 0x28, 0xFF, 0x28, 0x28, 0x28, 0xFF,
        0x28, 0x28, 0x28, 0xFF, 0x28, 0x28, 0x28, 0xFF, 0x28, 0x28, 0x28, 0xFF,
        0x28, 0x28, 0x28, 0xFF, 0x28, 0x28, 0x28, 0xFF, 0x28, 0x28, 0x28, 0xFF,
        0x28, 0x28, 0x28, 0xFF, 0x28, 0x28, 0x28, 0xFF, 0x28, 0x28, 0x28, 0xFF,
        0x28, 0x28, 0x28, 0xFF, 0x28, 0x28, 0x28, 0xFF, 0x28, 0x28, 0x28, 0xFF,
        0x28, 0x28, 0x28, 0xFF, 0x28, 0x28, 0x28, 0xFF, 0x28, 0x28, 0x28, 0xFF,
        0x28, 0x28, 0x28, 0xFF, 0x28, 0x28, 0x28, 0xFF, 0x28, 0x28, 0x28, 0xFF,
        0x28, 0x28, 0x28, 0xFF, 0x28, 0x28, 0x28, 0xFF, 0x28, 0x28, 0x28, 0xFF,
        0x2F, 0x2F, 0x2F, 0xFF, 0x3B, 0x3B, 0x3B, 0xFF, 0x4A, 0x4A, 0x4A, 0xFF,
        0xFF, 0xFF, 0xFF, 0x00, 0xFF, 0xFF, 0xFF, 0x00, 0x1C, 0x1C, 0x1C, 0xFF,
        0x20, 0x20, 0x20, 0xFF, 0x22, 0x22, 0x22, 0xFF, 0x23, 0x23, 0x23, 0xFF,
        0x23, 0x23, 0x23, 0xFF, 0x23, 0x23, 0x23, 0xFF, 0x23, 0x23, 0x23, 0xFF,
        0x23, 0x23, 0x23, 0xFF, 0x23, 0x23, 0x23, 0xFF, 0x23, 0x23, 0x23, 0xFF,
        0x23, 0x23, 0x23, 0xFF, 0x23, 0x23, 0x23, 0xFF, 0x23, 0x23, 0x23, 0xFF,
        0x23, 0x23, 0x23, 0xFF, 0x23, 0x23, 0x23, 0xFF, 0x23, 0x23, 0x23, 0xFF,
        0x23, 0x23, 0x23, 0xFF, 0x23, 0x23, 0x23, 0xFF, 0x23, 0x23, 0x23, 0xFF,
        0x23, 0x23, 0x23, 0xFF, 0x23, 0x23, 0x23, 0xFF, 0x23, 0x23, 0x23, 0xFF,
        0x23, 0x23, 0x23, 0xFF, 0x23, 0x23, 0x23, 0xFF, 0x23, 0x23, 0x23, 0xFF,
        0x23, 0x23, 0x23, 0xFF, 0x23, 0x23, 0x23, 0xFF, 0x23, 0x23, 0x23, 0xFF,
        0x23, 0x23, 0x23, 0xFF, 0x23, 0x23, 0x23, 0xFF, 0x23, 0x23, 0x23, 0xFF,
        0x23, 0x23, 0x23, 0xFF, 0x23, 0x23, 0x23, 0xFF, 0x23, 0x23, 0x23, 0xFF,
        0x23, 0x23, 0x23, 0xFF, 0x23, 0x23, 0x23, 0xFF, 0x23, 0x23, 0x23, 0xFF,
        0x23, 0x23, 0x23, 0xFF, 0x23, 0x23, 0x23, 0xFF, 0x23, 0x23, 0x23, 0xFF,
        0x23, 0x23, 0x23, 0xFF, 0x23, 0x23, 0x23, 0xFF, 0x23, 0x23, 0x23, 0xFF,
        0x23, 0x23, 0x23, 0xFF, 0x23, 0x23, 0x23, 0xFF, 0x23, 0x23, 0x23, 0xFF,
        0x23, 0x23, 0x23, 0xFF, 0x23, 0x23, 0x23, 0xFF, 0x23, 0x23, 0x23, 0xFF,
        0x23, 0x23, 0x23, 0xFF, 0x23, 0x23, 0x23, 0xFF, 0x23, 0x23, 0x23, 0xFF,
        0x23, 0x23, 0x23, 0xFF, 0x23, 0x23, 0x23, 0xFF, 0x23, 0x23, 0x23, 0xFF,
        0x23, 0x23, 0x23, 0xFF, 0x23, 0x23, 0x23, 0xFF, 0x23, 0x23, 0x23, 0xFF,
        0x23, 0x23, 0x23, 0xFF, 0x22, 0x22, 0x22, 0xFF, 0x20, 0x20, 0x20, 0xFF,
        0x1C, 0x1C, 0x1C, 0xFF, 0xFF, 0xFF, 0xFF, 0x00, 0xFF, 0xFF, 0xFF, 0x00,
        0x4A, 0x4A, 0x4A, 0xFF, 0x3B, 0x3B, 0x3B, 0xFF, 0x2F, 0x2F, 0x2F, 0xFF,
        0x28, 0x28, 0x28, 0xFF, 0x28, 0x28, 0x28, 0xFF, 0x28, 0x28, 0x28, 0xFF,
        0x28, 0x28, 0x28, 0xFF, 0x28, 0x28, 0x28, 0xFF, 0x28, 0x28, 0x28, 0xFF,
        0x28, 0x28, 0x28, 0xFF, 0x28, 0x28, 0x28, 0xFF, 0x28, 0x28, 0x28, 0xFF,
        0x28, 0x28, 0x28, 0xFF, 0x28, 0x28, 0x28, 0xFF, 0x28, 0x28, 0x28, 0xFF,
        0x28, 0x28, 0x28, 0xFF, 0x28, 0x28, 0x28, 0xFF, 0x28, 0x28, 0x28, 0xFF,
        0x28, 0x28, 0x28, 0xFF, 0x28, 0x28, 0x28, 0xFF, 0x28, 0x28, 0x28, 0xFF,
        0x28, 0x28, 0x28, 0xFF, 0x28, 0x28, 0x28, 0xFF, 0x28, 0x28, 0x28, 0xFF,
        0x28, 0x28, 0x28, 0xFF, 0x28, 0x28, 0x28, 0xFF, 0x28, 0x28, 0x28, 0xFF,
        0x28, 0x28, 0x28, 0xFF, 0x28, 0x28, 0x28, 0xFF, 0x28, 0x28, 0x28, 0xFF,
        0x28, 0x28, 0x28, 0xFF, 0x28, 0x28, 0x28, 0xFF, 0x28, 0x28, 0x28, 0xFF,
        0x28, 0x28, 0x28, 0xFF, 0x28, 0x28, 0x28, 0xFF, 0x28, 0x28, 0x28, 0xFF,
        0x28, 0x28, 0x28, 0xFF, 0x28, 0x28, 0x28, 0xFF, 0x28, 0x28, 0x28, 0xFF,
        0x28, 0x28, 0x28, 0xFF, 0x28, 0x28, 0x28, 0xFF, 0x28, 0x28, 0x28, 0xFF,
        0x28, 0x28, 0x28, 0xFF, 0x28, 0x28, 0x28, 0xFF, 0x28, 0x28, 0x28, 0xFF,
        0x28, 0x28, 0x28, 0xFF, 0x28, 0x28, 0x28, 0xFF, 0x28, 0x28, 0x28, 0xFF,
        0x28, 0x28, 0x28, 0xFF, 0x28, 0x28, 0x28, 0xFF, 0x28, 0x28, 0x28, 0xFF,
        0x28, 0x28, 0x28, 0xFF, 0x28, 0x28, 0x28, 0xFF, 0x28, 0x28, 0x28, 0xFF,
        0x28, 0x28, 0x28, 0xFF, 0x28, 0x28, 0x28, 0xFF, 0x28, 0x28, 0x28, 0xFF,
        0x28, 0x28, 0x28, 0xFF, 0x28, 0x28, 0x28, 0xFF, 0x2F, 0x2F, 0x2F, 0xFF,
        0x3B, 0x3B, 0x3B, 0xFF, 0x4A, 0x4A, 0x4A, 0xFF, 0xFF, 0xFF, 0xFF, 0x00,
        0xFF, 0xFF, 0xFF, 0x00, 0x1C, 0x1C, 0x1C, 0xFF, 0x20, 0x20, 0x20, 0xFF,
        0x22, 0x22, 0x22, 0xFF, 0x23, 0x23, 0x23, 0xFF, 0x23, 0x23, 0x23, 0xFF,
        0x23, 0x23, 0x23, 0xFF, 0x23, 0x23, 0x23, 0xFF, 0x23, 0x23, 0x23, 0xFF,
        0x23, 0x23, 0x23, 0xFF, 0x23, 0x23, 0x23, 0xFF, 0x23, 0x23, 0x23, 0xFF,
        0x23, 0x23, 0x23, 0xFF, 0x23, 0x23, 0x23, 0xFF, 0x23, 0x23, 0x23, 0xFF,
        0x23, 0x23, 0x23, 0xFF, 0x23, 0x23, 0x23, 0xFF, 0x23, 0x23, 0x23, 0xFF,
        0x23, 0x23, 0x23, 0xFF, 0x23, 0x23, 0x23, 0xFF, 0x23, 0x23, 0x23, 0xFF,
        0x23, 0x23, 0x23, 0xFF, 0x23, 0x23, 0x23, 0xFF, 0x23, 0x23, 0x23, 0xFF,
        0x23, 0x23, 0x23, 0xFF, 0x23, 0x23, 0x23, 0xFF, 0x23, 0x23, 0x23, 0xFF,
        0x23, 0x23, 0x23, 0xFF, 0x23, 0x23, 0x23, 0xFF, 0x23, 0x23, 0x23, 0xFF,
        0x23, 0x23, 0x23, 0xFF, 0x23, 0x23, 0x23, 0xFF, 0x23, 0x23, 0x23, 0xFF,
        0x23, 0x23, 0x23, 0xFF, 0x23, 0x23, 0x23, 0xFF, 0x23, 0x23, 0x23, 0xFF,
        0x23, 0x23, 0x23, 0xFF, 0x23, 0x23, 0x23, 0xFF, 0x23, 0x23, 0x23, 0xFF,
        0x23, 0x23, 0x23, 0xFF, 0x23, 0x23, 0x23, 0xFF, 0x23, 0x23, 0x23, 0xFF,
        0x23, 0x23, 0x23, 0xFF, 0x23, 0x23, 0x23, 0xFF, 0x23, 0x23, 0x23, 0xFF,
        0x23, 0x23, 0x23, 0xFF, 0x23, 0x23, 0x23, 0xFF, 0x23, 0x23, 0x23, 0xFF,
        0x23, 0x23, 0x23, 0xFF, 0x23, 0x23, 0x23, 0xFF, 0x23, 0x23, 0x23, 0xFF,
        0x23, 0x23, 0x23, 0xFF, 0x23, 0x23, 0x23, 0xFF, 0x23, 0x23, 0x23, 0xFF,
        0x23, 0x23, 0x23, 0xFF, 0x23, 0x23, 0x23, 0xFF, 0x23, 0x23, 0x23, 0xFF,
        0x23, 0x23, 0x23, 0xFF, 0x23, 0x23, 0x23, 0xFF, 0x23, 0x23, 0x23, 0xFF,
        0x22, 0x22, 0x22, 0xFF, 0x20, 0x20, 0x20, 0xFF, 0x1C, 0x1C, 0x1C, 0xFF,
        0xFF, 0xFF, 0xFF, 0x00, 0xFF, 0xFF, 0xFF, 0x00, 0x4A, 0x4A, 0x4A, 0xFF,
        0x3B, 0x3B, 0x3B, 0xFF, 0x2F, 0x2F, 0x2F, 0xFF, 0x28, 0x28, 0x28, 0xFF,
        0x28, 0x28, 0x28, 0xFF, 0x28, 0x28, 0x28, 0xFF, 0x28, 0x28, 0x28, 0xFF,
        0x28, 0x28, 0x28, 0xFF, 0x28, 0x28, 0x28, 0xFF, 0x28, 0x28, 0x28, 0xFF,
        0x28, 0x28, 0x28, 0xFF, 0x28, 0x28, 0x28, 0xFF, 0x28, 0x28, 0x28, 0xFF,
        0x28, 0x28, 0x28, 0xFF, 0x28, 0x28, 0x28, 0xFF, 0x28, 0x28, 0x28, 0xFF,
        0x28, 0x28, 0x28, 0xFF, 0x28, 0x28, 0x28, 0xFF, 0x28, 0x28, 0x28, 0xFF,
        0x28, 0x28, 0x28, 0xFF, 0x28, 0x28, 0x28, 0xFF, 0x28, 0x28, 0x28, 0xFF,
        0x28, 0x28, 0x28, 0xFF, 0x28, 0x28, 0x28, 0xFF, 0x28, 0x28, 0x28, 0xFF,
        0x28, 0x28, 0x28, 0xFF, 0x28, 0x28, 0x28, 0xFF, 0x28, 0x28, 0x28, 0xFF,
        0x28, 0x28, 0x28, 0xFF, 0x28, 0x28, 0x28, 0xFF, 0x28, 0x28, 0x28, 0xFF,
        0x28, 0x28, 0x28, 0xFF, 0x28, 0x28, 0x28, 0xFF, 0x28, 0x28, 0x28, 0xFF,
        0x28, 0x28, 0x28, 0xFF, 0x28, 0x28, 0x28, 0xFF, 0x28, 0x28, 0x28, 0xFF,
        0x28, 0x28, 0x28, 0xFF, 0x28, 0x28, 0x28, 0xFF, 0x28, 0x28, 0x28, 0xFF,
        0x28, 0x28, 0x28, 0xFF, 0x28, 0x28, 0x28, 0xFF, 0x28, 0x28, 0x28, 0xFF,
        0x28, 0x28, 0x28, 0xFF, 0x28, 0x28, 0x28, 0xFF, 0x28, 0x28, 0x28, 0xFF,
        0x28, 0x28, 0x28, 0xFF, 0x28, 0x28, 0x28, 0xFF, 0x28, 0x28, 0x28, 0xFF,
        0x28, 0x28, 0x28, 0xFF, 0x28, 0x28, 0x28, 0xFF, 0x28, 0x28, 0x28, 0xFF,
        0x28, 0x28, 0x28, 0xFF, 0x28, 0x28, 0x28, 0xFF, 0x28, 0x28, 0x28, 0xFF,
        0x28, 0x28, 0x28, 0xFF, 0x28, 0x28, 0x28, 0xFF, 0x28, 0x28, 0x28, 0xFF,
        0x28, 0x28, 0x28, 0xFF, 0x2F, 0x2F, 0x2F, 0xFF, 0x3B, 0x3B, 0x3B, 0xFF,
        0x4A, 0x4A, 0x4A, 0xFF, 0xFF, 0xFF, 0xFF, 0x00, 0xFF, 0xFF, 0xFF, 0x00,
        0x1C, 0x1C, 0x1C, 0xFF, 0x20, 0x20, 0x20, 0xFF, 0x22, 0x22, 0x22, 0xFF,
        0x23, 0x23, 0x23, 0xFF, 0x23, 0x23, 0x23, 0xFF, 0x23, 0x23, 0x23, 0xFF,
        0x23, 0x23, 0x23, 0xFF, 0x23, 0x23, 0x23, 0xFF, 0x23, 0x23, 0x23, 0xFF,
        0x23, 0x23, 0x23, 0xFF, 0x23, 0x23, 0x23, 0xFF, 0x23, 0x23, 0x23, 0xFF,
        0x23, 0x23, 0x23, 0xFF, 0x23, 0x23, 0x23, 0xFF, 0x23, 0x23, 0x23, 0xFF,
        0x23, 0x23, 0x23, 0xFF, 0x23, 0x23, 0x23, 0xFF, 0x23, 0x23, 0x23, 0xFF,
        0x23, 0x23, 0x23, 0xFF, 0x23, 0x23, 0x23, 0xFF, 0x23, 0x23, 0x23, 0xFF,
        0x23, 0x23, 0x23, 0xFF, 0x23, 0x23, 0x23, 0xFF, 0x23, 0x23, 0x23, 0xFF,
        0x23, 0x23, 0x23, 0xFF, 0x23, 0x23, 0x23, 0xFF, 0x23, 0x23, 0x23, 0xFF,
        0x23, 0x23, 0x23, 0xFF, 0x23, 0x23, 0x23, 0xFF, 0x23, 0x23, 0x23, 0xFF,
        0x23, 0x23, 0x23, 0xFF, 0x23, 0x23, 0x23, 0xFF, 0x23, 0x23, 0x23, 0xFF,
        0x23, 0x23, 0x23, 0xFF, 0x23, 0x23, 0x23, 0xFF, 0x23, 0x23, 0x23, 0xFF,
        0x23, 0x23, 0x23, 0xFF, 0x23, 0x23, 0x23, 0xFF, 0x23, 0x23, 0x23, 0xFF,
        0x23, 0x23, 0x23, 0xFF, 0x23, 0x23, 0x23, 0xFF, 0x23, 0x23, 0x23, 0xFF,
        0x23, 0x23, 0x23, 0xFF, 0x23, 0x23, 0x23, 0xFF, 0x23, 0x23, 0x23, 0xFF,
        0x23, 0x23, 0x23, 0xFF, 0x23, 0x23, 0x23, 0xFF, 0x23, 0x23, 0x23, 0xFF,
        0x23, 0x23, 0x23, 0xFF, 0x23, 0x23, 0x23, 0xFF, 0x23, 0x23, 0x23, 0xFF,
        0x23, 0x23, 0x23, 0xFF, 0x23, 0x23, 0x23, 0xFF, 0x23, 0x23, 0x23, 0xFF,
        0x23, 0x23, 0x23, 0xFF, 0x23, 0x23, 0x23, 0xFF, 0x23, 0x23, 0x23, 0xFF,
        0x23, 0x23, 0x23, 0xFF, 0x23, 0x23, 0x23, 0xFF, 0x22, 0x22, 0x22, 0xFF,
        0x20, 0x20, 0x20, 0xFF, 0x1C, 0x1C, 0x1C, 0xFF, 0xFF, 0xFF, 0xFF, 0x00,
        0xFF, 0xFF, 0xFF, 0x00, 0x4A, 0x4A, 0x4A, 0xFF, 0x3B, 0x3B, 0x3B, 0xFF,
        0x2F, 0x2F, 0x2F, 0xFF, 0x28, 0x28, 0x28, 0xFF, 0x28, 0x28, 0x28, 0xFF,
        0x28, 0x28, 0x28, 0xFF, 0x28, 0x28, 0x28, 0xFF, 0x28, 0x28, 0x28, 0xFF,
        0x28, 0x28, 0x28, 0xFF, 0x28, 0x28, 0x28, 0xFF, 0x28, 0x28, 0x28, 0xFF,
        0x28, 0x28, 0x28, 0xFF, 0x28, 0x28, 0x28, 0xFF, 0x28, 0x28, 0x28, 0xFF,
        0x28, 0x28, 0x28, 0xFF, 0x28, 0x28, 0x28, 0xFF, 0x28, 0x28, 0x28, 0xFF,
        0x28, 0x28, 0x28, 0xFF, 0x28, 0x28, 0x28, 0xFF, 0x28, 0x28, 0x28, 0xFF,
        0x28, 0x28, 0x28, 0xFF, 0x28, 0x28, 0x28, 0xFF, 0x28, 0x28, 0x28, 0xFF,
        0x28, 0x28, 0x28, 0xFF, 0x28, 0x28, 0x28, 0xFF, 0x28, 0x28, 0x28, 0xFF,
        0x28, 0x28, 0x28, 0xFF, 0x28, 0x28, 0x28, 0xFF, 0x28, 0x28, 0x28, 0xFF,
        0x28, 0x28, 0x28, 0xFF, 0x28, 0x28, 0x28, 0xFF, 0x28, 0x28, 0x28, 0xFF,
        0x28, 0x28, 0x28, 0xFF, 0x28, 0x28, 0x28, 0xFF, 0x28, 0x28, 0x28, 0xFF,
        0x28, 0x28, 0x28, 0xFF, 0x28, 0x28, 0x28, 0xFF, 0x28, 0x28, 0x28, 0xFF,
        0x28, 0x28, 0x28, 0xFF, 0x28, 0x28, 0x28, 0xFF, 0x28, 0x28, 0x28, 0xFF,
        0x28, 0x28, 0x28, 0xFF, 0x28, 0x28, 0x28, 0xFF, 0x28, 0x28, 0x28, 0xFF,
        0x28, 0x28, 0x28, 0xFF, 0x28, 0x28, 0x28, 0xFF, 0x28, 0x28, 0x28, 0xFF,
        0x28, 0x28, 0x28, 0xFF, 0x28, 0x28, 0x28, 0xFF, 0x28, 0x28, 0x28, 0xFF,
        0x28, 0x28, 0x28, 0xFF, 0x28, 0x28, 0x28, 0xFF, 0x28, 0x28, 0x28, 0xFF,
        0x28, 0x28, 0x28, 0xFF, 0x28, 0x28, 0x28, 0xFF, 0x28, 0x28, 0x28, 0xFF,
        0x28, 0x28, 0x28, 0xFF, 0x28, 0x28, 0x28, 0xFF, 0x28, 0x28, 0x28, 0xFF,
        0x2F, 0x2F, 0x2F, 0xFF, 0x3B, 0x3B, 0x3B, 0xFF, 0x4A, 0x4A, 0x4A, 0xFF,
        0xFF, 0xFF, 0xFF, 0x00, 0xFF, 0xFF, 0xFF, 0x00, 0x1C, 0x1C, 0x1C, 0xFF,
        0x20, 0x20, 0x20, 0xFF, 0x22, 0x22, 0x22, 0xFF, 0x23, 0x23, 0x23, 0xFF,
        0x23, 0x23, 0x23, 0xFF, 0x23, 0x23, 0x23, 0xFF, 0x23, 0x23, 0x23, 0xFF,
        0x23, 0x23, 0x23, 0xFF, 0x23, 0x23, 0x23, 0xFF, 0x23, 0x23, 0x23, 0xFF,
        0x23, 0x23, 0x23, 0xFF, 0x23, 0x23, 0x23, 0xFF, 0x23, 0x23, 0x23, 0xFF,
        0x23, 0x23, 0x23, 0xFF, 0x23, 0x23, 0x23, 0xFF, 0x23, 0x23, 0x23, 0xFF,
        0x23, 0x23, 0x23, 0xFF, 0x23, 0x23, 0x23, 0xFF, 0x23, 0x23, 0x23, 0xFF,
        0x23, 0x23, 0x23, 0xFF, 0x23, 0x23, 0x23, 0xFF, 0x23, 0x23, 0x23, 0xFF,
        0x23, 0x23, 0x23, 0xFF, 0x23, 0x23, 0x23, 0xFF, 0x23, 0x23, 0x23, 0xFF,
        0x23, 0x23, 0x23, 0xFF, 0x23, 0x23, 0x23, 0xFF, 0x23, 0x23, 0x23, 0xFF,
        0x23, 0x23, 0x23, 0xFF, 0x23, 0x23, 0x23, 0xFF, 0x23, 0x23, 0x23, 0xFF,
        0x23, 0x23, 0x23, 0xFF, 0x23, 0x23, 0x23, 0xFF, 0x23, 0x23, 0x23, 0xFF,
        0x23, 0x23, 0x23, 0xFF, 0x23, 0x23, 0x23, 0xFF, 0x23, 0x23, 0x23, 0xFF,
        0x23, 0x23, 0x23, 0xFF, 0x23, 0x23, 0x23, 0xFF, 0x23, 0x23, 0x23, 0xFF,
        0x23, 0x23, 0x23, 0xFF, 0x23, 0x23, 0x23, 0xFF, 0x23, 0x23, 0x23, 0xFF,
        0x23, 0x23, 0x23, 0xFF, 0x23, 0x23, 0x23, 0xFF, 0x23, 0x23, 0x23, 0xFF,
        0x23, 0x23, 0x23, 0xFF, 0x23, 0x23, 0x23, 0xFF, 0x23, 0x23, 0x23, 0xFF,
        0x23, 0x23, 0x23, 0xFF, 0x23, 0x23, 0x23, 0xFF, 0x23, 0x23, 0x23, 0xFF,
        0x23, 0x23, 0x23, 0xFF, 0x23, 0x23, 0x23, 0xFF, 0x23, 0x23, 0x23, 0xFF,
        0x23, 0x23, 0x23, 0xFF, 0x23, 0x23, 0x23, 0xFF, 0x23, 0x23, 0x23, 0xFF,
        0x23, 0x23, 0x23, 0xFF, 0x22, 0x22, 0x22, 0xFF, 0x20, 0x20, 0x20, 0xFF,
        0x1C, 0x1C, 0x1C, 0xFF, 0xFF, 0xFF, 0xFF, 0x00, 0xFF, 0xFF, 0xFF, 0x00,
        0x4A, 0x4A, 0x4A, 0xFF, 0x3B, 0x3B, 0x3B, 0xFF, 0x2F, 0x2F, 0x2F, 0xFF,
        0x28, 0x28, 0x28, 0xFF, 0x28, 0x28, 0x28, 0xFF, 0x28, 0x28, 0x28, 0xFF,
        0x28, 0x28, 0x28, 0xFF, 0x28, 0x28, 0x28, 0xFF, 0x28, 0x28, 0x28, 0xFF,
        0x28, 0x28, 0x28, 0xFF, 0x28, 0x28, 0x28, 0xFF, 0x28, 0x28, 0x28, 0xFF,
        0x28, 0x28, 0x28, 0xFF, 0x28, 0x28, 0x28, 0xFF, 0x28, 0x28, 0x28, 0xFF,
        0x28, 0x28, 0x28, 0xFF, 0x28, 0x28, 0x28, 0xFF, 0x28, 0x28, 0x28, 0xFF,
        0x28, 0x28, 0x28, 0xFF, 0x28, 0x28, 0x28, 0xFF, 0x28, 0x28, 0x28, 0xFF,
        0x28, 0x28, 0x28, 0xFF, 0x28, 0x28, 0x28, 0xFF, 0x28, 0x28, 0x28, 0xFF,
        0x28, 0x28, 0x28, 0xFF, 0x28, 0x28, 0x28, 0xFF, 0x28, 0x28, 0x28, 0xFF,
        0x28, 0x28, 0x28, 0xFF, 0x28, 0x28, 0x28, 0xFF, 0x28, 0x28, 0x28, 0xFF,
        0x28, 0x28, 0x28, 0xFF, 0x28, 0x28, 0x28, 0xFF, 0x28, 0x28, 0x28, 0xFF,
        0x28, 0x28, 0x28, 0xFF, 0x28, 0x28, 0x28, 0xFF, 0x28, 0x28, 0x28, 0xFF,
        0x28, 0x28, 0x28, 0xFF, 0x28, 0x28, 0x28, 0xFF, 0x28, 0x28, 0x28, 0xFF,
        0x28, 0x28, 0x28, 0xFF, 0x28, 0x28, 0x28, 0xFF, 0x28, 0x28, 0x28, 0xFF,
        0x28, 0x28, 0x28, 0xFF, 0x28, 0x28, 0x28, 0xFF, 0x28, 0x28, 0x28, 0xFF,
        0x28, 0x28, 0x28, 0xFF, 0x28, 0x28, 0x28, 0xFF, 0x28, 0x28, 0x28, 0xFF,
        0x28, 0x28, 0x28, 0xFF, 0x28, 0x28, 0x28, 0xFF, 0x28, 0x28, 0x28, 0xFF,
        0x28, 0x28, 0x28, 0xFF, 0x28, 0x28, 0x28, 0xFF, 0x28, 0x28, 0x28, 0xFF,
        0x28, 0x28, 0x28, 0xFF, 0x28, 0x28, 0x28, 0xFF, 0x28, 0x28, 0x28, 0xFF,
        0x28, 0x28, 0x28, 0xFF, 0x28, 0x28, 0x28, 0xFF, 0x2F, 0x2F, 0x2F, 0xFF,
        0x3B, 0x3B, 0x3B, 0xFF, 0x4A, 0x4A, 0x4A, 0xFF, 0xFF, 0xFF, 0xFF, 0x00,
        0xFF, 0xFF, 0xFF, 0x00, 0x1D, 0x1D, 0x1D, 0xFF, 0x21, 0x21, 0x21, 0xFF,
        0x23, 0x23, 0x23, 0xFF, 0x24, 0x24, 0x24, 0xFF, 0x24, 0x24, 0x24, 0xFF,
        0x24, 0x24, 0x24, 0xFF, 0x24, 0x24, 0x24, 0xFF, 0x24, 0x24, 0x24, 0xFF,
        0x24, 0x24, 0x24, 0xFF, 0x24, 0x24, 0x24, 0xFF, 0x24, 0x24, 0x24, 0xFF,
        0x24, 0x24, 0x24, 0xFF, 0x24, 0x24, 0x24, 0xFF, 0x24, 0x24, 0x24, 0xFF,
        0x24, 0x24, 0x24, 0xFF, 0x24, 0x24, 0x24, 0xFF, 0x24, 0x24, 0x24, 0xFF,
        0x24, 0x24, 0x24, 0xFF, 0x24, 0x24, 0x24, 0xFF, 0x24, 0x24, 0x24, 0xFF,
        0x24, 0x24, 0x24, 0xFF, 0x24, 0x24, 0x24, 0xFF, 0x24, 0x24, 0x24, 0xFF,
        0x24, 0x24, 0x24, 0xFF, 0x24, 0x24, 0x24, 0xFF, 0x24, 0x24, 0x24, 0xFF,
        0x24, 0x24, 0x24, 0xFF, 0x24, 0x24, 0x24, 0xFF, 0x24, 0x24, 0x24, 0xFF,
        0x24, 0x24, 0x24, 0xFF, 0x24, 0x24, 0x24, 0xFF, 0x24, 0x24, 0x24, 0xFF,
        0x24, 0x24, 0x24, 0xFF, 0x24, 0x24, 0x24, 0xFF, 0x24, 0x24, 0x24, 0xFF,
        0x24, 0x24, 0x24, 0xFF, 0x24, 0x24, 0x24, 0xFF, 0x24, 0x24, 0x24, 0xFF,
        0x24, 0x24, 0x24, 0xFF, 0x24, 0x24, 0x24, 0xFF, 0x24, 0x24, 0x24, 0xFF,
        0x24, 0x24, 0x24, 0xFF, 0x24, 0x24, 0x24, 0xFF, 0x24, 0x24, 0x24, 0xFF,
        0x24, 0x24, 0x24, 0xFF, 0x24, 0x24, 0x24, 0xFF, 0x24, 0x24, 0x24, 0xFF,
        0x24, 0x24, 0x24, 0xFF, 0x24, 0x24, 0x24, 0xFF, 0x24, 0x24, 0x24, 0xFF,
        0x24, 0x24, 0x24, 0xFF, 0x24, 0x24, 0x24, 0xFF, 0x24, 0x24, 0x24, 0xFF,
        0x24, 0x24, 0x24, 0xFF, 0x24, 0x24, 0x24, 0xFF, 0x24, 0x24, 0x24, 0xFF,
        0x24, 0x24, 0x24, 0xFF, 0x24, 0x24, 0x24, 0xFF, 0x24, 0x24, 0x24, 0xFF,
        0x23, 0x23, 0x23, 0xFF, 0x21, 0x21, 0x21, 0xFF, 0x1D, 0x1D, 0x1D, 0xFF,
        0xFF, 0xFF, 0xFF, 0x00, 0xFF, 0xFF, 0xFF, 0x00, 0x4B, 0x4B, 0x4B, 0xFF,
        0x3C, 0x3C, 0x3C, 0xFF, 0x30, 0x30, 0x30, 0xFF, 0x29, 0x29, 0x29, 0xFF,
        0x29, 0x29, 0x29, 0xFF, 0x29, 0x29, 0x29, 0xFF, 0x29, 0x29, 0x29, 0xFF,
        0x29, 0x29, 0x29, 0xFF, 0x29, 0x29, 0x29, 0xFF, 0x29, 0x29, 0x29, 0xFF,
        0x29, 0x29, 0x29, 0xFF, 0x29, 0x29, 0x29, 0xFF, 0x29, 0x29, 0x29, 0xFF,
        0x29, 0x29, 0x29, 0xFF, 0x29, 0x29, 0x29, 0xFF, 0x29, 0x29, 0x29, 0xFF,
        0x29, 0x29, 0x29, 0xFF, 0x29, 0x29, 0x29, 0xFF, 0x29, 0x29, 0x29, 0xFF,
        0x29, 0x29, 0x29, 0xFF, 0x29, 0x29, 0x29, 0xFF, 0x29, 0x29, 0x29, 0xFF,
        0x29, 0x29, 0x29, 0xFF, 0x29, 0x29, 0x29, 0xFF, 0x29, 0x29, 0x29, 0xFF,
        0x29, 0x29, 0x29, 0xFF, 0x29, 0x29, 0x29, 0xFF, 0x29, 0x29, 0x29, 0xFF,
        0x29, 0x29, 0x29, 0xFF, 0x29, 0x29, 0x29, 0xFF, 0x29, 0x29, 0x29, 0xFF,
        0x29, 0x29, 0x29, 0xFF, 0x29, 0x29, 0x29, 0xFF, 0x29, 0x29, 0x29, 0xFF,
        0x29, 0x29, 0x29, 0xFF, 0x29, 0x29, 0x29, 0xFF, 0x29, 0x29, 0x29, 0xFF,
        0x29, 0x29, 0x29, 0xFF, 0x29, 0x29, 0x29, 0xFF, 0x29, 0x29, 0x29, 0xFF,
        0x29, 0x29, 0x29, 0xFF, 0x29, 0x29, 0x29, 0xFF, 0x29, 0x29, 0x29, 0xFF,
        0x29, 0x29, 0x29, 0xFF, 0x29, 0x29, 0x29, 0xFF, 0x29, 0x29, 0x29, 0xFF,
        0x29, 0x29, 0x29, 0xFF, 0x29, 0x29, 0x29, 0xFF, 0x29, 0x29, 0x29, 0xFF,
        0x29, 0x29, 0x29, 0xFF, 0x29, 0x29, 0x29, 0xFF, 0x29, 0x29, 0x29, 0xFF,
        0x29, 0x29, 0x29, 0xFF, 0x29, 0x29, 0x29, 0xFF, 0x29, 0x29, 0x29, 0xFF,
        0x29, 0x29, 0x29, 0xFF, 0x29, 0x29, 0x29, 0xFF, 0x29, 0x29, 0x29, 0xFF,
        0x29, 0x29, 0x29, 0xFF, 0x30, 0x30, 0x30, 0xFF, 0x3C, 0x3C, 0x3C, 0xFF,
        0x4B, 0x4B, 0x4B, 0xFF, 0xFF, 0xFF, 0xFF, 0x00, 0xFF, 0xFF, 0xFF, 0x00,
        0x1D, 0x1D, 0x1D, 0xFF, 0x21, 0x21, 0x21, 0xFF, 0x23, 0x23, 0x23, 0xFF,
        0x24, 0x24, 0x24, 0xFF, 0x24, 0x24, 0x24, 0xFF, 0x24, 0x24, 0x24, 0xFF,
        0x24, 0x24, 0x24, 0xFF, 0x24, 0x24, 0x24, 0xFF, 0x24, 0x24, 0x24, 0xFF,
        0x24, 0x24, 0x24, 0xFF, 0x24, 0x24, 0x24, 0xFF, 0x24, 0x24, 0x24, 0xFF,
        0x24, 0x24, 0x24, 0xFF, 0x24, 0x24, 0x24, 0xFF, 0x24, 0x24, 0x24, 0xFF,
        0x24, 0x24, 0x24, 0xFF, 0x24, 0x24, 0x24, 0xFF, 0x24, 0x24, 0x24, 0xFF,
        0x24, 0x24, 0x24, 0xFF, 0x24, 0x24, 0x24, 0xFF, 0x24, 0x24, 0x24, 0xFF,
        0x24, 0x24, 0x24, 0xFF, 0x24, 0x24, 0x24, 0xFF, 0x24, 0x24, 0x24, 0xFF,
        0x24, 0x24, 0x24, 0xFF, 0x24, 0x24, 0x24, 0xFF, 0x24, 0x24, 0x24, 0xFF,
        0x24, 0x24, 0x24, 0xFF, 0x24, 0x24, 0x24, 0xFF, 0x24, 0x24, 0x24, 0xFF,
        0x24, 0x24, 0x24, 0xFF, 0x24, 0x24, 0x24, 0xFF, 0x24, 0x24, 0x24, 0xFF,
        0x24, 0x24, 0x24, 0xFF, 0x24, 0x24, 0x24, 0xFF, 0x24, 0x24, 0x24, 0xFF,
        0x24, 0x24, 0x24, 0xFF, 0x24, 0x24, 0x24, 0xFF, 0x24, 0x24, 0x24, 0xFF,
        0x24, 0x24, 0x24, 0xFF, 0x24, 0x24, 0x24, 0xFF, 0x24, 0x24, 0x24, 0xFF,
        0x24, 0x24, 0x24, 0xFF, 0x24, 0x24, 0x24, 0xFF, 0x24, 0x24, 0x24, 0xFF,
        0x24, 0x24, 0x24, 0xFF, 0x24, 0x24, 0x24, 0xFF, 0x24, 0x24, 0x24, 0xFF,
        0x24, 0x24, 0x24, 0xFF, 0x24, 0x24, 0x24, 0xFF, 0x24, 0x24, 0x24, 0xFF,
        0x24, 0x24, 0x24, 0xFF, 0x24, 0x24, 0x24, 0xFF, 0x24, 0x24, 0x24, 0xFF,
        0x24, 0x24, 0x24, 0xFF, 0x24, 0x24, 0x24, 0xFF, 0x24, 0x24, 0x24, 0xFF,
        0x24, 0x24, 0x24, 0xFF, 0x24, 0x24, 0x24, 0xFF, 0x23, 0x23, 0x23, 0xFF,
        0x21, 0x21, 0x21, 0xFF, 0x1D, 0x1D, 0x1D, 0xFF, 0xFF, 0xFF, 0xFF, 0x00,
        0xFF, 0xFF, 0xFF, 0x00, 0x4B, 0x4B, 0x4B, 0xFF, 0x3C, 0x3C, 0x3C, 0xFF,
        0x30, 0x30, 0x30, 0xFF, 0x29, 0x29, 0x29, 0xFF, 0x29, 0x29, 0x29, 0xFF,
        0x29, 0x29, 0x29, 0xFF, 0x29, 0x29, 0x29, 0xFF, 0x29, 0x29, 0x29, 0xFF,
        0x29, 0x29, 0x29, 0xFF, 0x29, 0x29, 0x29, 0xFF, 0x29, 0x29, 0x29, 0xFF,
        0x29, 0x29, 0x29, 0xFF, 0x29, 0x29, 0x29, 0xFF, 0x29, 0x29, 0x29, 0xFF,
        0x29, 0x29, 0x29, 0xFF, 0x29, 0x29, 0x29, 0xFF, 0x29, 0x29, 0x29, 0xFF,
        0x29, 0x29, 0x29, 0xFF, 0x29, 0x29, 0x29, 0xFF, 0x29, 0x29, 0x29, 0xFF,
        0x29, 0x29, 0x29, 0xFF, 0x29, 0x29, 0x29, 0xFF, 0x29, 0x29, 0x29, 0xFF,
        0x29, 0x29, 0x29, 0xFF, 0x29, 0x29, 0x29, 0xFF, 0x29, 0x29, 0x29, 0xFF,
        0x29, 0x29, 0x29, 0xFF, 0x29, 0x29, 0x29, 0xFF, 0x29, 0x29, 0x29, 0xFF,
        0x29, 0x29, 0x29, 0xFF, 0x29, 0x29, 0x29, 0xFF, 0x29, 0x29, 0x29, 0xFF,
        0x29, 0x29, 0x29, 0xFF, 0x29, 0x29, 0x29, 0xFF, 0x29, 0x29, 0x29, 0xFF,
        0x29, 0x29, 0x29, 0xFF, 0x29, 0x29, 0x29, 0xFF, 0x29, 0x29, 0x29, 0xFF,
        0x29, 0x29, 0x29, 0xFF, 0x29, 0x29, 0x29, 0xFF, 0x29, 0x29, 0x29, 0xFF,
        0x29, 0x29, 0x29, 0xFF, 0x29, 0x29, 0x29, 0xFF, 0x29, 0x29, 0x29, 0xFF,
        0x29, 0x29, 0x29, 0xFF, 0x29, 0x29, 0x29, 0xFF, 0x29, 0x29, 0x29, 0xFF,
        0x29, 0x29, 0x29, 0xFF, 0x29, 0x29, 0x29, 0xFF, 0x29, 0x29, 0x29, 0xFF,
        0x29, 0x29, 0x29, 0xFF, 0x29, 0x29, 0x29, 0xFF, 0x29, 0x29, 0x29, 0xFF,
        0x29, 0x29, 0x29, 0xFF, 0x29, 0x29, 0x29, 0xFF, 0x29, 0x29, 0x29, 0xFF,
        0x29, 0x29, 0x29, 0xFF, 0x29, 0x29, 0x29, 0xFF, 0x29, 0x29, 0x29, 0xFF,
        0x30, 0x30, 0x30, 0xFF, 0x3C, 0x3C, 0x3C, 0xFF, 0x4B, 0x4B, 0x4B, 0xFF,
        0xFF, 0xFF, 0xFF, 0x00, 0xFF, 0xFF, 0xFF, 0x00, 0x1D, 0x1D, 0x1D, 0xFF,
        0x21, 0x21, 0x21, 0xFF, 0x23, 0x23, 0x23, 0xFF, 0x24, 0x24, 0x24, 0xFF,
        0x24, 0x24, 0x24, 0xFF, 0x24, 0x24, 0x24, 0xFF, 0x24, 0x24, 0x24, 0xFF,
        0x24, 0x24, 0x24, 0xFF, 0x24, 0x24, 0x24, 0xFF, 0x24, 0x24, 0x24, 0xFF,
        0x24, 0x24, 0x24, 0xFF, 0x24, 0x24, 0x24, 0xFF, 0x24, 0x24, 0x24, 0xFF,
        0x24, 0x24, 0x24, 0xFF, 0x24, 0x24, 0x24, 0xFF, 0x24, 0x24, 0x24, 0xFF,
        0x24, 0x24, 0x24, 0xFF, 0x24, 0x24, 0x24, 0xFF, 0x24, 0x24, 0x24, 0xFF,
        0x24, 0x24, 0x24, 0xFF, 0x24, 0x24, 0x24, 0xFF, 0x24, 0x24, 0x24, 0xFF,
        0x24, 0x24, 0x24, 0xFF, 0x24, 0x24, 0x24, 0xFF, 0x24, 0x24, 0x24, 0xFF,
        0x24, 0x24, 0x24, 0xFF, 0x24, 0x24, 0x24, 0xFF, 0x24, 0x24, 0x24, 0xFF,
        0x24, 0x24, 0x24, 0xFF, 0x24, 0x24, 0x24, 0xFF, 0x24, 0x24, 0x24, 0xFF,
        0x24, 0x24, 0x24, 0xFF, 0x24, 0x24, 0x24, 0xFF, 0x24, 0x24, 0x24, 0xFF,
        0x24, 0x24, 0x24, 0xFF, 0x24, 0x24, 0x24, 0xFF, 0x24, 0x24, 0x24, 0xFF,
        0x24, 0x24, 0x24, 0xFF, 0x24, 0x24, 0x24, 0xFF, 0x24, 0x24, 0x24, 0xFF,
        0x24, 0x24, 0x24, 0xFF, 0x24, 0x24, 0x24, 0xFF, 0x24, 0x24, 0x24, 0xFF,
        0x24, 0x24, 0x24, 0xFF, 0x24, 0x24, 0x24, 0xFF, 0x24, 0x24, 0x24, 0xFF,
        0x24, 0x24, 0x24, 0xFF, 0x24, 0x24, 0x24, 0xFF, 0x24, 0x24, 0x24, 0xFF,
        0x24, 0x24, 0x24, 0xFF, 0x24, 0x24, 0x24, 0xFF, 0x24, 0x24, 0x24, 0xFF,
        0x24, 0x24, 0x24, 0xFF, 0x24, 0x24, 0x24, 0xFF, 0x24, 0x24, 0x24, 0xFF,
        0x24, 0x24, 0x24, 0xFF, 0x24, 0x24, 0x24, 0xFF, 0x24, 0x24, 0x24, 0xFF,
        0x24, 0x24, 0x24, 0xFF, 0x23, 0x23, 0x23, 0xFF, 0x21, 0x21, 0x21, 0xFF,
        0x1D, 0x1D, 0x1D, 0xFF, 0xFF, 0xFF, 0xFF, 0x00, 0xFF, 0xFF, 0xFF, 0x00,
        0x4B, 0x4B, 0x4B, 0xFF, 0x3D, 0x3D, 0x3D, 0xFF, 0x31, 0x31, 0x31, 0xFF,
        0x2A, 0x2A, 0x2A, 0xFF, 0x2A, 0x2A, 0x2A, 0xFF, 0x2A, 0x2A, 0x2A, 0xFF,
        0x2A, 0x2A, 0x2A, 0xFF, 0x2A, 0x2A, 0x2A, 0xFF, 0x2A, 0x2A, 0x2A, 0xFF,
        0x2A, 0x2A, 0x2A, 0xFF, 0x2A, 0x2A, 0x2A, 0xFF, 0x2A, 0x2A, 0x2A, 0xFF,
        0x2A, 0x2A, 0x2A, 0xFF, 0x2A, 0x2A, 0x2A, 0xFF, 0x2A, 0x2A, 0x2A, 0xFF,
        0x2A, 0x2A, 0x2A, 0xFF, 0x2A, 0x2A, 0x2A, 0xFF, 0x2A, 0x2A, 0x2A, 0xFF,
        0x2A, 0x2A, 0x2A, 0xFF, 0x2A, 0x2A, 0x2A, 0xFF, 0x2A, 0x2A, 0x2A, 0xFF,
        0x2A, 0x2A, 0x2A, 0xFF, 0x2A, 0x2A, 0x2A, 0xFF, 0x2A, 0x2A, 0x2A, 0xFF,
        0x2A, 0x2A, 0x2A, 0xFF, 0x2A, 0x2A, 0x2A, 0xFF, 0x2A, 0x2A, 0x2A, 0xFF,
        0x2A, 0x2A, 0x2A, 0xFF, 0x2A, 0x2A, 0x2A, 0xFF, 0x2A, 0x2A, 0x2A, 0xFF,
        0x2A, 0x2A, 0x2A, 0xFF, 0x2A, 0x2A, 0x2A, 0xFF, 0x2A, 0x2A, 0x2A, 0xFF,
        0x2A, 0x2A, 0x2A, 0xFF, 0x2A, 0x2A, 0x2A, 0xFF, 0x2A, 0x2A, 0x2A, 0xFF,
        0x2A, 0x2A, 0x2A, 0xFF, 0x2A, 0x2A, 0x2A, 0xFF, 0x2A, 0x2A, 0x2A, 0xFF,
        0x2A, 0x2A, 0x2A, 0xFF, 0x2A, 0x2A, 0x2A, 0xFF, 0x2A, 0x2A, 0x2A, 0xFF,
        0x2A, 0x2A, 0x2A, 0xFF, 0x2A, 0x2A, 0x2A, 0xFF, 0x2A, 0x2A, 0x2A, 0xFF,
        0x2A, 0x2A, 0x2A, 0xFF, 0x2A, 0x2A, 0x2A, 0xFF, 0x2A, 0x2A, 0x2A, 0xFF,
        0x2A, 0x2A, 0x2A, 0xFF, 0x2A, 0x2A, 0x2A, 0xFF, 0x2A, 0x2A, 0x2A, 0xFF,
        0x2A, 0x2A, 0x2A, 0xFF, 0x2A, 0x2A, 0x2A, 0xFF, 0x2A, 0x2A, 0x2A, 0xFF,
        0x2A, 0x2A, 0x2A, 0xFF, 0x2A, 0x2A, 0x2A, 0xFF, 0x2A, 0x2A, 0x2A, 0xFF,
        0x2A, 0x2A, 0x2A, 0xFF, 0x2A, 0x2A, 0x2A, 0xFF, 0x31, 0x31, 0x31, 0xFF,
        0x3D, 0x3D, 0x3D, 0xFF, 0x4B, 0x4B, 0x4B, 0xFF, 0xFF, 0xFF, 0xFF, 0x00,
        0xFF, 0xFF, 0xFF, 0x00, 0x1E, 0x1E, 0x1E, 0xFF, 0x22, 0x22, 0x22, 0xFF,
        0x24, 0x24, 0x24, 0xFF, 0x25, 0x25, 0x25, 0xFF, 0x25, 0x25, 0x25, 0xFF,
        0x25, 0x25, 0x25, 0xFF, 0x25, 0x25, 0x25, 0xFF, 0x25, 0x25, 0x25, 0xFF,
        0x25, 0x25, 0x25, 0xFF, 0x25, 0x25, 0x25, 0xFF, 0x25, 0x25, 0x25, 0xFF,
        0x25, 0x25, 0x25, 0xFF, 0x25, 0x25, 0x25, 0xFF, 0x25, 0x25, 0x25, 0xFF,
        0x25, 0x25, 0x25, 0xFF, 0x25, 0x25, 0x25, 0xFF, 0x25, 0x25, 0x25, 0xFF,
        0x25, 0x25, 0x25, 0xFF, 0x25, 0x25, 0x25, 0xFF, 0x25, 0x25, 0x25, 0xFF,
        0x25, 0x25, 0x25, 0xFF, 0x25, 0x25, 0x25, 0xFF, 0x25, 0x25, 0x25, 0xFF,
        0x25, 0x25, 0x25, 0xFF, 0x25, 0x25, 0x25, 0xFF, 0x25, 0x25, 0x25, 0xFF,
        0x25, 0x25, 0x25, 0xFF, 0x25, 0x25, 0x25, 0xFF, 0x25, 0x25, 0x25, 0xFF,
        0x25, 0x25, 0x25, 0xFF, 0x25, 0x25, 0x25, 0xFF, 0x25, 0x25, 0x25, 0xFF,
        0x25, 0x25, 0x25, 0xFF, 0x25, 0x25, 0x25, 0xFF, 0x25, 0x25, 0x25, 0xFF,
        0x25, 0x25, 0x25, 0xFF, 0x25, 0x25, 0x25, 0xFF, 0x25, 0x25, 0x25, 0xFF,
        0x25, 0x25, 0x25, 0xFF, 0x25, 0x25, 0x25, 0xFF, 0x25, 0x25, 0x25, 0xFF,
        0x25, 0x25, 0x25, 0xFF, 0x25, 0x25, 0x25, 0xFF, 0x25, 0x25, 0x25, 0xFF,
        0x25, 0x25, 0x25, 0xFF, 0x25, 0x25, 0x25, 0xFF, 0x25, 0x25, 0x25, 0xFF,
        0x25, 0x25, 0x25, 0xFF, 0x25, 0x25, 0x25, 0xFF, 0x25, 0x25, 0x25, 0xFF,
        0x25, 0x25, 0x25, 0xFF, 0x25, 0x25, 0x25, 0xFF, 0x25, 0x25, 0x25, 0xFF,
        0x25, 0x25, 0x25, 0xFF, 0x25, 0x25, 0x25, 0xFF, 0x25, 0x25, 0x25, 0xFF,
        0x25, 0x25, 0x25, 0xFF, 0x25, 0x25, 0x25, 0xFF, 0x25, 0x25, 0x25, 0xFF,
        0x24, 0x24, 0x24, 0xFF, 0x22, 0x22, 0x22, 0xFF, 0x1E, 0x1E, 0x1E, 0xFF,
        0xFF, 0xFF, 0xFF, 0x00, 0xFF, 0xFF, 0xFF, 0x00, 0x4B, 0x4B, 0x4B, 0xFF,
        0x3D, 0x3D, 0x3D, 0xFF, 0x31, 0x31, 0x31, 0xFF, 0x2A, 0x2A, 0x2A, 0xFF,
        0x2A, 0x2A, 0x2A, 0xFF, 0x2A, 0x2A, 0x2A, 0xFF, 0x2A, 0x2A, 0x2A, 0xFF,
        0x2A, 0x2A, 0x2A, 0xFF, 0x2A, 0x2A, 0x2A, 0xFF, 0x2A, 0x2A, 0x2A, 0xFF,
        0x2A, 0x2A, 0x2A, 0xFF, 0x2A, 0x2A, 0x2A, 0xFF, 0x2A, 0x2A, 0x2A, 0xFF,
        0x2A, 0x2A, 0x2A, 0xFF, 0x2A, 0x2A, 0x2A, 0xFF, 0x2A, 0x2A, 0x2A, 0xFF,
        0x2A, 0x2A, 0x2A, 0xFF, 0x2A, 0x2A, 0x2A, 0xFF, 0x2A, 0x2A, 0x2A, 0xFF,
        0x2A, 0x2A, 0x2A, 0xFF, 0x2A, 0x2A, 0x2A, 0xFF, 0x2A, 0x2A, 0x2A, 0xFF,
        0x2A, 0x2A, 0x2A, 0xFF, 0x2A, 0x2A, 0x2A, 0xFF, 0x2A, 0x2A, 0x2A, 0xFF,
        0x2A, 0x2A, 0x2A, 0xFF, 0x2A, 0x2A, 0x2A, 0xFF, 0x2A, 0x2A, 0x2A, 0xFF,
        0x2A, 0x2A, 0x2A, 0xFF, 0x2A, 0x2A, 0x2A, 0xFF, 0x2A, 0x2A, 0x2A, 0xFF,
        0x2A, 0x2A, 0x2A, 0xFF, 0x2A, 0x2A, 0x2A, 0xFF, 0x2A, 0x2A, 0x2A, 0xFF,
        0x2A, 0x2A, 0x2A, 0xFF, 0x2A, 0x2A, 0x2A, 0xFF, 0x2A, 0x2A, 0x2A, 0xFF,
        0x2A, 0x2A, 0x2A, 0xFF, 0x2A, 0x2A, 0x2A, 0xFF, 0x2A, 0x2A, 0x2A, 0xFF,
        0x2A, 0x2A, 0x2A, 0xFF, 0x2A, 0x2A, 0x2A, 0xFF, 0x2A, 0x2A, 0x2A, 0xFF,
        0x2A, 0x2A, 0x2A, 0xFF, 0x2A, 0x2A, 0x2A, 0xFF, 0x2A, 0x2A, 0x2A, 0xFF,
        0x2A, 0x2A, 0x2A, 0xFF, 0x2A, 0x2A, 0x2A, 0xFF, 0x2A, 0x2A, 0x2A, 0xFF,
        0x2A, 0x2A, 0x2A, 0xFF, 0x2A, 0x2A, 0x2A, 0xFF, 0x2A, 0x2A, 0x2A, 0xFF,
        0x2A, 0x2A, 0x2A, 0xFF, 0x2A, 0x2A, 0x2A, 0xFF, 0x2A, 0x2A, 0x2A, 0xFF,
        0x2A, 0x2A, 0x2A, 0xFF, 0x2A, 0x2A, 0x2A, 0xFF, 0x2A, 0x2A, 0x2A, 0xFF,
        0x2A, 0x2A, 0x2A, 0xFF, 0x31, 0x31, 0x31, 0xFF, 0x3D, 0x3D, 0x3D, 0xFF,
        0x4B, 0x4B, 0x4B, 0xFF, 0xFF, 0xFF, 0xFF, 0x00, 0xFF, 0xFF, 0xFF, 0x00,
        0x1E, 0x1E, 0x1E, 0xFF, 0x22, 0x22, 0x22, 0xFF, 0x24, 0x24, 0x24, 0xFF,
        0x25, 0x25, 0x25, 0xFF, 0x25, 0x25, 0x25, 0xFF, 0x25, 0x25, 0x25, 0xFF,
        0x25, 0x25, 0x25, 0xFF, 0x25, 0x25, 0x25, 0xFF, 0x25, 0x25, 0x25, 0xFF,
        0x25, 0x25, 0x25, 0xFF, 0x25, 0x25, 0x25, 0xFF, 0x25, 0x25, 0x25, 0xFF,
        0x25, 0x25, 0x25, 0xFF, 0x25, 0x25, 0x25, 0xFF, 0x25, 0x25, 0x25, 0xFF,
        0x25, 0x25, 0x25, 0xFF, 0x25, 0x25, 0x25, 0xFF, 0x25, 0x25, 0x25, 0xFF,
        0x25, 0x25, 0x25, 0xFF, 0x25, 0x25, 0x25, 0xFF, 0x25, 0x25, 0x25, 0xFF,
        0x25, 0x25, 0x25, 0xFF, 0x25, 0x25, 0x25, 0xFF, 0x25, 0x25, 0x25, 0xFF,
        0x25, 0x25, 0x25, 0xFF, 0x25, 0x25, 0x25, 0xFF, 0x25, 0x25, 0x25, 0xFF,
        0x25, 0x25, 0x25, 0xFF, 0x25, 0x25, 0x25, 0xFF, 0x25, 0x25, 0x25, 0xFF,
        0x25, 0x25, 0x25, 0xFF, 0x25, 0x25, 0x25, 0xFF, 0x25, 0x25, 0x25, 0xFF,
        0x25, 0x25, 0x25, 0xFF, 0x25, 0x25, 0x25, 0xFF, 0x25, 0x25, 0x25, 0xFF,
        0x25, 0x25, 0x25, 0xFF, 0x25, 0x25, 0x25, 0xFF, 0x25, 0x25, 0x25, 0xFF,
        0x25, 0x25, 0x25, 0xFF, 0x25, 0x25, 0x25, 0xFF, 0x25, 0x25, 0x25, 0xFF,
        0x25, 0x25, 0x25, 0xFF, 0x25, 0x25, 0x25, 0xFF, 0x25, 0x25, 0x25, 0xFF,
        0x25, 0x25, 0x25, 0xFF, 0x25, 0x25, 0x25, 0xFF, 0x25, 0x25, 0x25, 0xFF,
        0x25, 0x25, 0x25, 0xFF, 0x25, 0x25, 0x25, 0xFF, 0x25, 0x25, 0x25, 0xFF,
        0x25, 0x25, 0x25, 0xFF, 0x25, 0x25, 0x25, 0xFF, 0x25, 0x25, 0x25, 0xFF,
        0x25, 0x25, 0x25, 0xFF, 0x25, 0x25, 0x25, 0xFF, 0x25, 0x25, 0x25, 0xFF,
        0x25, 0x25, 0x25, 0xFF, 0x25, 0x25, 0x25, 0xFF, 0x24, 0x24, 0x24, 0xFF,
        0x22, 0x22, 0x22, 0xFF, 0x1E, 0x1E, 0x1E, 0xFF, 0xFF, 0xFF, 0xFF, 0x00,
        0xFF, 0xFF, 0xFF, 0x00, 0x4C, 0x4C, 0x4C, 0xFF, 0x3E, 0x3E, 0x3E, 0xFF,
        0x32, 0x32, 0x32, 0xFF, 0x2B, 0x2B, 0x2B, 0xFF, 0x2B, 0x2B, 0x2B, 0xFF,
        0x2B, 0x2B, 0x2B, 0xFF, 0x2B, 0x2B, 0x2B, 0xFF, 0x2B, 0x2B, 0x2B, 0xFF,
        0x2B, 0x2B, 0x2B, 0xFF, 0x2B, 0x2B, 0x2B, 0xFF, 0x2B, 0x2B, 0x2B, 0xFF,
        0x2B, 0x2B, 0x2B, 0xFF, 0x2B, 0x2B, 0x2B, 0xFF, 0x2B, 0x2B, 0x2B, 0xFF,
        0x2B, 0x2B, 0x2B, 0xFF, 0x2B, 0x2B, 0x2B, 0xFF, 0x2B, 0x2B, 0x2B, 0xFF,
        0x2B, 0x2B, 0x2B, 0xFF, 0x2B, 0x2B, 0x2B, 0xFF, 0x2B, 0x2B, 0x2B, 0xFF,
        0x2B, 0x2B, 0x2B, 0xFF, 0x2B, 0x2B, 0x2B, 0xFF, 0x2B, 0x2B, 0x2B, 0xFF,
        0x2B, 0x2B, 0x2B, 0xFF, 0x2B, 0x2B, 0x2B, 0xFF, 0x2B, 0x2B, 0x2B, 0xFF,
        0x2B, 0x2B, 0x2B, 0xFF, 0x2B, 0x2B, 0x2B, 0xFF, 0x2B, 0x2B, 0x2B, 0xFF,
        0x2B, 0x2B, 0x2B, 0xFF, 0x2B, 0x2B, 0x2B, 0xFF, 0x2B, 0x2B, 0x2B, 0xFF,
        0x2B, 0x2B, 0x2B, 0xFF, 0x2B, 0x2B, 0x2B, 0xFF, 0x2B, 0x2B, 0x2B, 0xFF,
        0x2B, 0x2B, 0x2B, 0xFF, 0x2B, 0x2B, 0x2B, 0xFF, 0x2B, 0x2B, 0x2B, 0xFF,
        0x2B, 0x2B, 0x2B, 0xFF, 0x2B, 0x2B, 0x2B, 0xFF, 0x2B, 0x2B, 0x2B, 0xFF,
        0x2B, 0x2B, 0x2B, 0xFF, 0x2B, 0x2B, 0x2B, 0xFF, 0x2B, 0x2B, 0x2B, 0xFF,
        0x2B, 0x2B, 0x2B, 0xFF, 0x2B, 0x2B, 0x2B, 0xFF, 0x2B, 0x2B, 0x2B, 0xFF,
        0x2B, 0x2B, 0x2B, 0xFF, 0x2B, 0x2B, 0x2B, 0xFF, 0x2B, 0x2B, 0x2B, 0xFF,
        0x2B, 0x2B, 0x2B, 0xFF, 0x2B, 0x2B, 0x2B, 0xFF, 0x2B, 0x2B, 0x2B, 0xFF,
        0x2B, 0x2B, 0x2B, 0xFF, 0x2B, 0x2B, 0x2B, 0xFF, 0x2B, 0x2B, 0x2B, 0xFF,
        0x2B, 0x2B, 0x2B, 0xFF, 0x2B, 0x2B, 0x2B, 0xFF, 0x2B, 0x2B, 0x2B, 0xFF,
        0x32, 0x32, 0x32, 0xFF, 0x3E, 0x3E, 0x3E, 0xFF, 0x4C, 0x4C, 0x4C, 0xFF,
        0xFF, 0xFF, 0xFF, 0x00, 0xFF, 0xFF, 0xFF, 0x00, 0x1E, 0x1E, 0x1E, 0xFF,
        0x22, 0x22, 0x22, 0xFF, 0x24, 0x24, 0x24, 0xFF, 0x25, 0x25, 0x25, 0xFF,
        0x25, 0x25, 0x25, 0xFF, 0x25, 0x25, 0x25, 0xFF, 0x25, 0x25, 0x25, 0xFF,
        0x25, 0x25, 0x25, 0xFF, 0x25, 0x25, 0x25, 0xFF, 0x25, 0x25, 0x25, 0xFF,
        0x25, 0x25, 0x25, 0xFF, 0x25, 0x25, 0x25, 0xFF, 0x25, 0x25, 0x25, 0xFF,
        0x25, 0x25, 0x25, 0xFF, 0x25, 0x25, 0x25, 0xFF, 0x25, 0x25, 0x25, 0xFF,
        0x25, 0x25, 0x25, 0xFF, 0x25, 0x25, 0x25, 0xFF, 0x25, 0x25, 0x25, 0xFF,
        0x25, 0x25, 0x25, 0xFF, 0x25, 0x25, 0x25, 0xFF, 0x25, 0x25, 0x25, 0xFF,
        0x25, 0x25, 0x25, 0xFF, 0x25, 0x25, 0x25, 0xFF, 0x25, 0x25, 0x25, 0xFF,
        0x25, 0x25, 0x25, 0xFF, 0x25, 0x25, 0x25, 0xFF, 0x25, 0x25, 0x25, 0xFF,
        0x25, 0x25, 0x25, 0xFF, 0x25, 0x25, 0x25, 0xFF, 0x25, 0x25, 0x25, 0xFF,
        0x25, 0x25, 0x25, 0xFF, 0x25, 0x25, 0x25, 0xFF, 0x25, 0x25, 0x25, 0xFF,
        0x25, 0x25, 0x25, 0xFF, 0x25, 0x25, 0x25, 0xFF, 0x25, 0x25, 0x25, 0xFF,
        0x25, 0x25, 0x25, 0xFF, 0x25, 0x25, 0x25, 0xFF, 0x25, 0x25, 0x25, 0xFF,
        0x25, 0x25, 0x25, 0xFF, 0x25, 0x25, 0x25, 0xFF, 0x25, 0x25, 0x25, 0xFF,
        0x25, 0x25, 0x25, 0xFF, 0x25, 0x25, 0x25, 0xFF, 0x25, 0x25, 0x25, 0xFF,
        0x25, 0x25, 0x25, 0xFF, 0x25, 0x25, 0x25, 0xFF, 0x25, 0x25, 0x25, 0xFF,
        0x25, 0x25, 0x25, 0xFF, 0x25, 0x25, 0x25, 0xFF, 0x25, 0x25, 0x25, 0xFF,
        0x25, 0x25, 0x25, 0xFF, 0x25, 0x25, 0x25, 0xFF, 0x25, 0x25, 0x25, 0xFF,
        0x25, 0x25, 0x25, 0xFF, 0x25, 0x25, 0x25, 0xFF, 0x25, 0x25, 0x25, 0xFF,
        0x25, 0x25, 0x25, 0xFF, 0x24, 0x24, 0x24, 0xFF, 0x22, 0x22, 0x22, 0xFF,
        0x1E, 0x1E, 0x1E, 0xFF, 0xFF, 0xFF, 0xFF, 0x00, 0xFF, 0xFF, 0xFF, 0x00,
        0x4C, 0x4C, 0x4C, 0xFF, 0x3E, 0x3E, 0x3E, 0xFF, 0x32, 0x32, 0x32, 0xFF,
        0x2B, 0x2B, 0x2B, 0xFF, 0x2B, 0x2B, 0x2B, 0xFF, 0x2B, 0x2B, 0x2B, 0xFF,
        0x2B, 0x2B, 0x2B, 0xFF, 0x2B, 0x2B, 0x2B, 0xFF, 0x2B, 0x2B, 0x2B, 0xFF,
        0x2B, 0x2B, 0x2B, 0xFF, 0x2B, 0x2B, 0x2B, 0xFF, 0x2B, 0x2B, 0x2B, 0xFF,
        0x2B, 0x2B, 0x2B, 0xFF, 0x2B, 0x2B, 0x2B, 0xFF, 0x2B, 0x2B, 0x2B, 0xFF,
        0x2B, 0x2B, 0x2B, 0xFF, 0x2B, 0x2B, 0x2B, 0xFF, 0x2B, 0x2B, 0x2B, 0xFF,
        0x2B, 0x2B, 0x2B, 0xFF, 0x2B, 0x2B, 0x2B, 0xFF, 0x2B, 0x2B, 0x2B, 0xFF,
        0x2B, 0x2B, 0x2B, 0xFF, 0x2B, 0x2B, 0x2B, 0xFF, 0x2B, 0x2B, 0x2B, 0xFF,
        0x2B, 0x2B, 0x2B, 0xFF, 0x2B, 0x2B, 0x2B, 0xFF, 0x2B, 0x2B, 0x2B, 0xFF,
        0x2B, 0x2B, 0x2B, 0xFF, 0x2B, 0x2B, 0x2B, 0xFF, 0x2B, 0x2B, 0x2B, 0xFF,
        0x2B, 0x2B, 0x2B, 0xFF, 0x2B, 0x2B, 0x2B, 0xFF, 0x2B, 0x2B, 0x2B, 0xFF,
        0x2B, 0x2B, 0x2B, 0xFF, 0x2B, 0x2B, 0x2B, 0xFF, 0x2B, 0x2B, 0x2B, 0xFF,
        0x2B, 0x2B, 0x2B, 0xFF, 0x2B, 0x2B, 0x2B, 0xFF, 0x2B, 0x2B, 0x2B, 0xFF,
        0x2B, 0x2B, 0x2B, 0xFF, 0x2B, 0x2B, 0x2B, 0xFF, 0x2B, 0x2B, 0x2B, 0xFF,
        0x2B, 0x2B, 0x2B, 0xFF, 0x2B, 0x2B, 0x2B, 0xFF, 0x2B, 0x2B, 0x2B, 0xFF,
        0x2B, 0x2B, 0x2B, 0xFF, 0x2B, 0x2B, 0x2B, 0xFF, 0x2B, 0x2B, 0x2B, 0xFF,
        0x2B, 0x2B, 0x2B, 0xFF, 0x2B, 0x2B, 0x2B, 0xFF, 0x2B, 0x2B, 0x2B, 0xFF,
        0x2B, 0x2B, 0x2B, 0xFF, 0x2B, 0x2B, 0x2B, 0xFF, 0x2B, 0x2B, 0x2B, 0xFF,
        0x2B, 0x2B, 0x2B, 0xFF, 0x2B, 0x2B, 0x2B, 0xFF, 0x2B, 0x2B, 0x2B, 0xFF,
        0x2B, 0x2B, 0x2B, 0xFF, 0x2B, 0x2B, 0x2B, 0xFF, 0x32, 0x32, 0x32, 0xFF,
        0x3E, 0x3E, 0x3E, 0xFF, 0x4C, 0x4C, 0x4C, 0xFF, 0xFF, 0xFF, 0xFF, 0x00,
        0xFF, 0xFF, 0xFF, 0x00, 0x1F, 0x1F, 0x1F, 0xFF, 0x22, 0x22, 0x22, 0xFF,
        0x25, 0x25, 0x25, 0xFF, 0x26, 0x26, 0x26, 0xFF, 0x26, 0x26, 0x26, 0xFF,
        0x26, 0x26, 0x26, 0xFF, 0x26, 0x26, 0x26, 0xFF, 0x26, 0x26, 0x26, 0xFF,
        0x26, 0x26, 0x26, 0xFF, 0x26, 0x26, 0x26, 0xFF, 0x26, 0x26, 0x26, 0xFF,
        0x26, 0x26, 0x26, 0xFF, 0x26, 0x26, 0x26, 0xFF, 0x26, 0x26, 0x26, 0xFF,
        0x26, 0x26, 0x26, 0xFF, 0x26, 0x26, 0x26, 0xFF, 0x26, 0x26, 0x26, 0xFF,
        0x26, 0x26, 0x26, 0xFF, 0x26, 0x26, 0x26, 0xFF, 0x26, 0x26, 0x26, 0xFF,
        0x26, 0x26, 0x26, 0xFF, 0x26, 0x26, 0x26, 0xFF, 0x26, 0x26, 0x26, 0xFF,
        0x26, 0x26, 0x26, 0xFF, 0x26, 0x26, 0x26, 0xFF, 0x26, 0x26, 0x26, 0xFF,
        0x26, 0x26, 0x26, 0xFF, 0x26, 0x26, 0x26, 0xFF, 0x26, 0x26, 0x26, 0xFF,
        0x26, 0x26, 0x26, 0xFF, 0x26, 0x26, 0x26, 0xFF, 0x26, 0x26, 0x26, 0xFF,
        0x26, 0x26, 0x26, 0xFF, 0x26, 0x26, 0x26, 0xFF, 0x26, 0x26, 0x26, 0xFF,
        0x26, 0x26, 0x26, 0xFF, 0x26, 0x26, 0x26, 0xFF, 0x26, 0x26, 0x26, 0xFF,
        0x26, 0x26, 0x26, 0xFF, 0x26, 0x26, 0x26, 0xFF, 0x26, 0x26, 0x26, 0xFF,
        0x26, 0x26, 0x26, 0xFF, 0x26, 0x26, 0x26, 0xFF, 0x26, 0x26, 0x26, 0xFF,
        0x26, 0x26, 0x26, 0xFF, 0x26, 0x26, 0x26, 0xFF, 0x26, 0x26, 0x26, 0xFF,
        0x26, 0x26, 0x26, 0xFF, 0x26, 0x26, 0x26, 0xFF, 0x26, 0x26, 0x26, 0xFF,
        0x26, 0x26, 0x26, 0xFF, 0x26, 0x26, 0x26, 0xFF, 0x26, 0x26, 0x26, 0xFF,
        0x26, 0x26, 0x26, 0xFF, 0x26, 0x26, 0x26, 0xFF, 0x26, 0x26, 0x26, 0xFF,
        0x26, 0x26, 0x26, 0xFF, 0x26, 0x26, 0x26, 0xFF, 0x26, 0x26, 0x26, 0xFF,
        0x25, 0x25, 0x25, 0xFF, 0x22, 0x22, 0x22, 0xFF, 0x1F, 0x1F, 0x1F, 0xFF,
        0xFF, 0xFF, 0xFF, 0x00, 0xFF, 0xFF, 0xFF, 0x00, 0x4D, 0x4D, 0x4D, 0xFF,
        0x3E, 0x3E, 0x3E, 0xFF, 0x33, 0x33, 0x33, 0xFF, 0x2C, 0x2C, 0x2C, 0xFF,
        0x2C, 0x2C, 0x2C, 0xFF, 0x2C, 0x2C, 0x2C, 0xFF, 0x2C, 0x2C, 0x2C, 0xFF,
        0x2C, 0x2C, 0x2C, 0xFF, 0x2C, 0x2C, 0x2C, 0xFF, 0x2C, 0x2C, 0x2C, 0xFF,
        0x2C, 0x2C, 0x2C, 0xFF, 0x2C, 0x2C, 0x2C, 0xFF, 0x2C, 0x2C, 0x2C, 0xFF,
        0x2C, 0x2C, 0x2C, 0xFF, 0x2C, 0x2C, 0x2C, 0xFF, 0x2C, 0x2C, 0x2C, 0xFF,
        0x2C, 0x2C, 0x2C, 0xFF, 0x2C, 0x2C, 0x2C, 0xFF, 0x2C, 0x2C, 0x2C, 0xFF,
        0x2C, 0x2C, 0x2C, 0xFF, 0x2C, 0x2C, 0x2C, 0xFF, 0x2C, 0x2C, 0x2C, 0xFF,
        0x2C, 0x2C, 0x2C, 0xFF, 0x2C, 0x2C, 0x2C, 0xFF, 0x2C, 0x2C, 0x2C, 0xFF,
        0x2C, 0x2C, 0x2C, 0xFF, 0x2C, 0x2C, 0x2C, 0xFF, 0x2C, 0x2C, 0x2C, 0xFF,
        0x2C, 0x2C, 0x2C, 0xFF, 0x2C, 0x2C, 0x2C, 0xFF, 0x2C, 0x2C, 0x2C, 0xFF,
        0x2C, 0x2C, 0x2C, 0xFF, 0x2C, 0x2C, 0x2C, 0xFF, 0x2C, 0x2C, 0x2C, 0xFF,
        0x2C, 0x2C, 0x2C, 0xFF, 0x2C, 0x2C, 0x2C, 0xFF, 0x2C, 0x2C, 0x2C, 0xFF,
        0x2C, 0x2C, 0x2C, 0xFF, 0x2C, 0x2C, 0x2C, 0xFF, 0x2C, 0x2C, 0x2C, 0xFF,
        0x2C, 0x2C, 0x2C, 0xFF, 0x2C, 0x2C, 0x2C, 0xFF, 0x2C, 0x2C, 0x2C, 0xFF,
        0x2C, 0x2C, 0x2C, 0xFF, 0x2C, 0x2C, 0x2C, 0xFF, 0x2C, 0x2C, 0x2C, 0xFF,
        0x2C, 0x2C, 0x2C, 0xFF, 0x2C, 0x2C, 0x2C, 0xFF, 0x2C, 0x2C, 0x2C, 0xFF,
        0x2C, 0x2C, 0x2C, 0xFF, 0x2C, 0x2C, 0x2C, 0xFF, 0x2C, 0x2C, 0x2C, 0xFF,
        0x2C, 0x2C, 0x2C, 0xFF, 0x2C, 0x2C, 0x2C, 0xFF, 0x2C, 0x2C, 0x2C, 0xFF,
        0x2C, 0x2C, 0x2C, 0xFF, 0x2C, 0x2C, 0x2C, 0xFF, 0x2C, 0x2C, 0x2C, 0xFF,
        0x2C, 0x2C, 0x2C, 0xFF, 0x33, 0x33, 0x33, 0xFF, 0x3E, 0x3E, 0x3E, 0xFF,
        0x4D, 0x4D, 0x4D, 0xFF, 0xFF, 0xFF, 0xFF, 0x00, 0xFF, 0xFF, 0xFF, 0x00,
        0x1F, 0x1F, 0x1F, 0xFF, 0x22, 0x22, 0x22, 0xFF, 0x25, 0x25, 0x25, 0xFF,
        0x26, 0x26, 0x26, 0xFF, 0x26, 0x26, 0x26, 0xFF, 0x26, 0x26, 0x26, 0xFF,
        0x26, 0x26, 0x26, 0xFF, 0x26, 0x26, 0x26, 0xFF, 0x26, 0x26, 0x26, 0xFF,
        0x26, 0x26, 0x26, 0xFF, 0x26, 0x26, 0x26, 0xFF, 0x26, 0x26, 0x26, 0xFF,
        0x26, 0x26, 0x26, 0xFF, 0x26, 0x26, 0x26, 0xFF, 0x26, 0x26, 0x26, 0xFF,
        0x26, 0x26, 0x26, 0xFF, 0x26, 0x26, 0x26, 0xFF, 0x26, 0x26, 0x26, 0xFF,
        0x26, 0x26, 0x26, 0xFF, 0x26, 0x26, 0x26, 0xFF, 0x26, 0x26, 0x26, 0xFF,
        0x26, 0x26, 0x26, 0xFF, 0x26, 0x26, 0x26, 0xFF, 0x26, 0x26, 0x26, 0xFF,
        0x26, 0x26, 0x26, 0xFF, 0x26, 0x26, 0x26, 0xFF, 0x26, 0x26, 0x26, 0xFF,
        0x26, 0x26, 0x26, 0xFF, 0x26, 0x26, 0x26, 0xFF, 0x26, 0x26, 0x26, 0xFF,
        0x26, 0x26, 0x26, 0xFF, 0x26, 0x26, 0x26, 0xFF, 0x26, 0x26, 0x26, 0xFF,
        0x26, 0x26, 0x26, 0xFF, 0x26, 0x26, 0x26, 0xFF, 0x26, 0x26, 0x26, 0xFF,
        0x26, 0x26, 0x26, 0xFF, 0x26, 0x26, 0x26, 0xFF, 0x26, 0x26, 0x26, 0xFF,
        0x26, 0x26, 0x26, 0xFF, 0x26, 0x26, 0x26, 0xFF, 0x26, 0x26, 0x26, 0xFF,
        0x26, 0x26, 0x26, 0xFF, 0x26, 0x26, 0x26, 0xFF, 0x26, 0x26, 0x26, 0xFF,
        0x26, 0x26, 0x26, 0xFF, 0x26, 0x26, 0x26, 0xFF, 0x26, 0x26, 0x26, 0xFF,
        0x26, 0x26, 0x26, 0xFF, 0x26, 0x26, 0x26, 0xFF, 0x26, 0x26, 0x26, 0xFF,
        0x26, 0x26, 0x26, 0xFF, 0x26, 0x26, 0x26, 0xFF, 0x26, 0x26, 0x26, 0xFF,
        0x26, 0x26, 0x26, 0xFF, 0x26, 0x26, 0x26, 0xFF, 0x26, 0x26, 0x26, 0xFF,
        0x26, 0x26, 0x26, 0xFF, 0x26, 0x26, 0x26, 0xFF, 0x25, 0x25, 0x25, 0xFF,
        0x22, 0x22, 0x22, 0xFF, 0x1F, 0x1F, 0x1F, 0xFF, 0xFF, 0xFF, 0xFF, 0x00,
        0xFF, 0xFF, 0xFF, 0x00, 0x4D, 0x4D, 0x4D, 0xFF, 0x3F, 0x3F, 0x3F, 0xFF,
        0x34, 0x34, 0x34, 0xFF, 0x2D, 0x2D, 0x2D, 0xFF, 0x2D, 0x2D, 0x2D, 0xFF,
        0x2D, 0x2D, 0x2D, 0xFF, 0x2D, 0x2D, 0x2D, 0xFF, 0x2D, 0x2D, 0x2D, 0xFF,
        0x2D, 0x2D, 0x2D, 0xFF, 0x2D, 0x2D, 0x2D, 0xFF, 0x2D, 0x2D, 0x2D, 0xFF,
        0x2D, 0x2D, 0x2D, 0xFF, 0x2D, 0x2D, 0x2D, 0xFF, 0x2D, 0x2D, 0x2D, 0xFF,
        0x2D, 0x2D, 0x2D, 0xFF, 0x2D, 0x2D, 0x2D, 0xFF, 0x2D, 0x2D, 0x2D, 0xFF,
        0x2D, 0x2D, 0x2D, 0xFF, 0x2D, 0x2D, 0x2D, 0xFF, 0x2D, 0x2D, 0x2D, 0xFF,
        0x2D, 0x2D, 0x2D, 0xFF, 0x2D, 0x2D, 0x2D, 0xFF, 0x2D, 0x2D, 0x2D, 0xFF,
        0x2D, 0x2D, 0x2D, 0xFF, 0x2D, 0x2D, 0x2D, 0xFF, 0x2D, 0x2D, 0x2D, 0xFF,
        0x2D, 0x2D, 0x2D, 0xFF, 0x2D, 0x2D, 0x2D, 0xFF, 0x2D, 0x2D, 0x2D, 0xFF,
        0x2D, 0x2D, 0x2D, 0xFF, 0x2D, 0x2D, 0x2D, 0xFF, 0x2D, 0x2D, 0x2D, 0xFF,
        0x2D, 0x2D, 0x2D, 0xFF, 0x2D, 0x2D, 0x2D, 0xFF, 0x2D, 0x2D, 0x2D, 0xFF,
        0x2D, 0x2D, 0x2D, 0xFF, 0x2D, 0x2D, 0x2D, 0xFF, 0x2D, 0x2D, 0x2D, 0xFF,
        0x2D, 0x2D, 0x2D, 0xFF, 0x2D, 0x2D, 0x2D, 0xFF, 0x2D, 0x2D, 0x2D, 0xFF,
        0x2D, 0x2D, 0x2D, 0xFF, 0x2D, 0x2D, 0x2D, 0xFF, 0x2D, 0x2D, 0x2D, 0xFF,
        0x2D, 0x2D, 0x2D, 0xFF, 0x2D, 0x2D, 0x2D, 0xFF, 0x2D, 0x2D, 0x2D, 0xFF,
        0x2D, 0x2D, 0x2D, 0xFF, 0x2D, 0x2D, 0x2D, 0xFF, 0x2D, 0x2D, 0x2D, 0xFF,
        0x2D, 0x2D, 0x2D, 0xFF, 0x2D, 0x2D, 0x2D, 0xFF, 0x2D, 0x2D, 0x2D, 0xFF,
        0x2D, 0x2D, 0x2D, 0xFF, 0x2D, 0x2D, 0x2D, 0xFF, 0x2D, 0x2D, 0x2D, 0xFF,
        0x2D, 0x2D, 0x2D, 0xFF, 0x2D, 0x2D, 0x2D, 0xFF, 0x2D, 0x2D, 0x2D, 0xFF,
        0x34, 0x34, 0x34, 0xFF, 0x40, 0x40, 0x40, 0xFF, 0x4D, 0x4D, 0x4D, 0xFF,
        0xFF, 0xFF, 0xFF, 0x00, 0xFF, 0xFF, 0xFF, 0x00, 0x20, 0x20, 0x20, 0xFF,
        0x23, 0x23, 0x23, 0xFF, 0x26, 0x26, 0x26, 0xFF, 0x27, 0x27, 0x27, 0xFF,
        0x27, 0x27, 0x27, 0xFF, 0x27, 0x27, 0x27, 0xFF, 0x27, 0x27, 0x27, 0xFF,
        0x27, 0x27, 0x27, 0xFF, 0x27, 0x27, 0x27, 0xFF, 0x27, 0x27, 0x27, 0xFF,
        0x27, 0x27, 0x27, 0xFF, 0x27, 0x27, 0x27, 0xFF, 0x27, 0x27, 0x27, 0xFF,
        0x27, 0x27, 0x27, 0xFF, 0x27, 0x27, 0x27, 0xFF, 0x27, 0x27, 0x27, 0xFF,
        0x27, 0x27, 0x27, 0xFF, 0x27, 0x27, 0x27, 0xFF, 0x27, 0x27, 0x27, 0xFF,
        0x27, 0x27, 0x27, 0xFF, 0x27, 0x27, 0x27, 0xFF, 0x27, 0x27, 0x27, 0xFF,
        0x27, 0x27, 0x27, 0xFF, 0x27, 0x27, 0x27, 0xFF, 0x27, 0x27, 0x27, 0xFF,
        0x27, 0x27, 0x27, 0xFF, 0x27, 0x27, 0x27, 0xFF, 0x27, 0x27, 0x27, 0xFF,
        0x27, 0x27, 0x27, 0xFF, 0x27, 0x27, 0x27, 0xFF, 0x27, 0x27, 0x27, 0xFF,
        0x27, 0x27, 0x27, 0xFF, 0x27, 0x27, 0x27, 0xFF, 0x27, 0x27, 0x27, 0xFF,
        0x27, 0x27, 0x27, 0xFF, 0x27, 0x27, 0x27, 0xFF, 0x27, 0x27, 0x27, 0xFF,
        0x27, 0x27, 0x27, 0xFF, 0x27, 0x27, 0x27, 0xFF, 0x27, 0x27, 0x27, 0xFF,
        0x27, 0x27, 0x27, 0xFF, 0x27, 0x27, 0x27, 0xFF, 0x27, 0x27, 0x27, 0xFF,
        0x27, 0x27, 0x27, 0xFF, 0x27, 0x27, 0x27, 0xFF, 0x27, 0x27, 0x27, 0xFF,
        0x27, 0x27, 0x27, 0xFF, 0x27, 0x27, 0x27, 0xFF, 0x27, 0x27, 0x27, 0xFF,
        0x27, 0x27, 0x27, 0xFF, 0x27, 0x27, 0x27, 0xFF, 0x27, 0x27, 0x27, 0xFF,
        0x27, 0x27, 0x27, 0xFF, 0x27, 0x27, 0x27, 0xFF, 0x27, 0x27, 0x27, 0xFF,
        0x27, 0x27, 0x27, 0xFF, 0x27, 0x27, 0x27, 0xFF, 0x27, 0x27, 0x27, 0xFF,
        0x27, 0x27, 0x27, 0xFF, 0x26, 0x26, 0x26, 0xFF, 0x23, 0x23, 0x23, 0xFF,
        0x20, 0x20, 0x20, 0xFF, 0xFF, 0xFF, 0xFF, 0x00, 0xFF, 0xFF, 0xFF, 0x00,
        0x4D, 0x4D, 0x4D, 0xFF, 0x40, 0x40, 0x40, 0xFF, 0x34, 0x34, 0x34, 0xFF,
        0x2D, 0x2D, 0x2D, 0xFF, 0x2D, 0x2D, 0x2D, 0xFF, 0x2D, 0x2D, 0x2D, 0xFF,
        0x2D, 0x2D, 0x2D, 0xFF, 0x2D, 0x2D, 0x2D, 0xFF, 0x2D, 0x2D, 0x2D, 0xFF,
        0x2D, 0x2D, 0x2D, 0xFF, 0x2D, 0x2D, 0x2D, 0xFF, 0x2D, 0x2D, 0x2D, 0xFF,
        0x2D, 0x2D, 0x2D, 0xFF, 0x2D, 0x2D, 0x2D, 0xFF, 0x2D, 0x2D, 0x2D, 0xFF,
        0x2D, 0x2D, 0x2D, 0xFF, 0x2D, 0x2D, 0x2D, 0xFF, 0x2D, 0x2D, 0x2D, 0xFF,
        0x2D, 0x2D, 0x2D, 0xFF, 0x2D, 0x2D, 0x2D, 0xFF, 0x2D, 0x2D, 0x2D, 0xFF,
        0x2D, 0x2D, 0x2D, 0xFF, 0x2D, 0x2D, 0x2D, 0xFF, 0x2D, 0x2D, 0x2D, 0xFF,
        0x2D, 0x2D, 0x2D, 0xFF, 0x2D, 0x2D, 0x2D, 0xFF, 0x2D, 0x2D, 0x2D, 0xFF,
        0x2D, 0x2D, 0x2D, 0xFF, 0x2D, 0x2D, 0x2D, 0xFF, 0x2D, 0x2D, 0x2D, 0xFF,
        0x2D, 0x2D, 0x2D, 0xFF, 0x2D, 0x2D, 0x2D, 0xFF, 0x2D, 0x2D, 0x2D, 0xFF,
        0x2D, 0x2D, 0x2D, 0xFF, 0x2D, 0x2D, 0x2D, 0xFF, 0x2D, 0x2D, 0x2D, 0xFF,
        0x2D, 0x2D, 0x2D, 0xFF, 0x2D, 0x2D, 0x2D, 0xFF, 0x2D, 0x2D, 0x2D, 0xFF,
        0x2D, 0x2D, 0x2D, 0xFF, 0x2D, 0x2D, 0x2D, 0xFF, 0x2D, 0x2D, 0x2D, 0xFF,
        0x2D, 0x2D, 0x2D, 0xFF, 0x2D, 0x2D, 0x2D, 0xFF, 0x2D, 0x2D, 0x2D, 0xFF,
        0x2D, 0x2D, 0x2D, 0xFF, 0x2D, 0x2D, 0x2D, 0xFF, 0x2D, 0x2D, 0x2D, 0xFF,
        0x2D, 0x2D, 0x2D, 0xFF, 0x2D, 0x2D, 0x2D, 0xFF, 0x2D, 0x2D, 0x2D, 0xFF,
        0x2D, 0x2D, 0x2D, 0xFF, 0x2D, 0x2D, 0x2D, 0xFF, 0x2D, 0x2D, 0x2D, 0xFF,
        0x2D, 0x2D, 0x2D, 0xFF, 0x2D, 0x2D, 0x2D, 0xFF, 0x2D, 0x2D, 0x2D, 0xFF,
        0x2D, 0x2D, 0x2D, 0xFF, 0x2D, 0x2D, 0x2D, 0xFF, 0x34, 0x34, 0x34, 0xFF,
        0x40, 0x40, 0x40, 0xFF, 0x4D, 0x4D, 0x4D, 0xFF, 0xFF, 0xFF, 0xFF, 0x00,
        0xFF, 0xFF, 0xFF, 0x00, 0x21, 0x21, 0x21, 0xFF, 0x24, 0x24, 0x24, 0xFF,
        0x26, 0x26, 0x26, 0xFF, 0x27, 0x27, 0x27, 0xFF, 0x27, 0x27, 0x27, 0xFF,
        0x27, 0x27, 0x27, 0xFF, 0x27, 0x27, 0x27, 0xFF, 0x27, 0x27, 0x27, 0xFF,
        0x27, 0x27, 0x27, 0xFF, 0x27, 0x27, 0x27, 0xFF, 0x27, 0x27, 0x27, 0xFF,
        0x27, 0x27, 0x27, 0xFF, 0x27, 0x27, 0x27, 0xFF, 0x27, 0x27, 0x27, 0xFF,
        0x27, 0x27, 0x27, 0xFF, 0x27, 0x27, 0x27, 0xFF, 0x27, 0x27, 0x27, 0xFF,
        0x27, 0x27, 0x27, 0xFF, 0x27, 0x27, 0x27, 0xFF, 0x27, 0x27, 0x27, 0xFF,
        0x27, 0x27, 0x27, 0xFF, 0x27, 0x27, 0x27, 0xFF, 0x27, 0x27, 0x27, 0xFF,
        0x27, 0x27, 0x27, 0xFF, 0x27, 0x27, 0x27, 0xFF, 0x27, 0x27, 0x27, 0xFF,
        0x27, 0x27, 0x27, 0xFF, 0x27, 0x27, 0x27, 0xFF, 0x27, 0x27, 0x27, 0xFF,
        0x27, 0x27, 0x27, 0xFF, 0x27, 0x27, 0x27, 0xFF, 0x27, 0x27, 0x27, 0xFF,
        0x27, 0x27, 0x27, 0xFF, 0x27, 0x27, 0x27, 0xFF, 0x27, 0x27, 0x27, 0xFF,
        0x27, 0x27, 0x27, 0xFF, 0x27, 0x27, 0x27, 0xFF, 0x27, 0x27, 0x27, 0xFF,
        0x27, 0x27, 0x27, 0xFF, 0x27, 0x27, 0x27, 0xFF, 0x27, 0x27, 0x27, 0xFF,
        0x27, 0x27, 0x27, 0xFF, 0x27, 0x27, 0x27, 0xFF, 0x27, 0x27, 0x27, 0xFF,
        0x27, 0x27, 0x27, 0xFF, 0x27, 0x27, 0x27, 0xFF, 0x27, 0x27, 0x27, 0xFF,
        0x27, 0x27, 0x27, 0xFF, 0x27, 0x27, 0x27, 0xFF, 0x27, 0x27, 0x27, 0xFF,
        0x27, 0x27, 0x27, 0xFF, 0x27, 0x27, 0x27, 0xFF, 0x27, 0x27, 0x27, 0xFF,
        0x27, 0x27, 0x27, 0xFF, 0x27, 0x27, 0x27, 0xFF, 0x27, 0x27, 0x27, 0xFF,
        0x27, 0x27, 0x27, 0xFF, 0x27, 0x27, 0x27, 0xFF, 0x27, 0x27, 0x27, 0xFF,
        0x26, 0x26, 0x26, 0xFF, 0x24, 0x24, 0x24, 0xFF, 0x21, 0x21, 0x21, 0xFF,
        0xFF, 0xFF, 0xFF, 0x00, 0xFF, 0xFF, 0xFF, 0x00, 0x50, 0x50, 0x50, 0xFF,
        0x41, 0x41, 0x41, 0xFF, 0x36, 0x36, 0x36, 0xFF, 0x2F, 0x2F, 0x2F, 0xFF,
        0x2E, 0x2E, 0x2E, 0xFF, 0x2E, 0x2E, 0x2E, 0xFF, 0x2E, 0x2E, 0x2E, 0xFF,
        0x2E, 0x2E, 0x2E, 0xFF, 0x2E, 0x2E, 0x2E, 0xFF, 0x2E, 0x2E, 0x2E, 0xFF,
        0x2E, 0x2E, 0x2E, 0xFF, 0x2E, 0x2E, 0x2E, 0xFF, 0x2E, 0x2E, 0x2E, 0xFF,
        0x2E, 0x2E, 0x2E, 0xFF, 0x2E, 0x2E, 0x2E, 0xFF, 0x2E, 0x2E, 0x2E, 0xFF,
        0x2E, 0x2E, 0x2E, 0xFF, 0x2E, 0x2E, 0x2E, 0xFF, 0x2E, 0x2E, 0x2E, 0xFF,
        0x2E, 0x2E, 0x2E, 0xFF, 0x2E, 0x2E, 0x2E, 0xFF, 0x2E, 0x2E, 0x2E, 0xFF,
        0x2E, 0x2E, 0x2E, 0xFF, 0x2E, 0x2E, 0x2E, 0xFF, 0x2E, 0x2E, 0x2E, 0xFF,
        0x2E, 0x2E, 0x2E, 0xFF, 0x2E, 0x2E, 0x2E, 0xFF, 0x2E, 0x2E, 0x2E, 0xFF,
        0x2E, 0x2E, 0x2E, 0xFF, 0x2E, 0x2E, 0x2E, 0xFF, 0x2E, 0x2E, 0x2E, 0xFF,
        0x2E, 0x2E, 0x2E, 0xFF, 0x2E, 0x2E, 0x2E, 0xFF, 0x2E, 0x2E, 0x2E, 0xFF,
        0x2E, 0x2E, 0x2E, 0xFF, 0x2E, 0x2E, 0x2E, 0xFF, 0x2E, 0x2E, 0x2E, 0xFF,
        0x2E, 0x2E, 0x2E, 0xFF, 0x2E, 0x2E, 0x2E, 0xFF, 0x2E, 0x2E, 0x2E, 0xFF,
        0x2E, 0x2E, 0x2E, 0xFF, 0x2E, 0x2E, 0x2E, 0xFF, 0x2E, 0x2E, 0x2E, 0xFF,
        0x2E, 0x2E, 0x2E, 0xFF, 0x2E, 0x2E, 0x2E, 0xFF, 0x2E, 0x2E, 0x2E, 0xFF,
        0x2E, 0x2E, 0x2E, 0xFF, 0x2E, 0x2E, 0x2E, 0xFF, 0x2E, 0x2E, 0x2E, 0xFF,
        0x2E, 0x2E, 0x2E, 0xFF, 0x2E, 0x2E, 0x2E, 0xFF, 0x2E, 0x2E, 0x2E, 0xFF,
        0x2E, 0x2E, 0x2E, 0xFF, 0x2E, 0x2E, 0x2E, 0xFF, 0x2E, 0x2E, 0x2E, 0xFF,
        0x2E, 0x2E, 0x2E, 0xFF, 0x2E, 0x2E, 0x2E, 0xFF, 0x2E, 0x2E, 0x2E, 0xFF,
        0x2F, 0x2F, 0x2F, 0xFF, 0x36, 0x36, 0x36, 0xFF, 0x42, 0x42, 0x42, 0xFF,
        0x50, 0x50, 0x50, 0xFF, 0xFF, 0xFF, 0xFF, 0x00, 0xFF, 0xFF, 0xFF, 0x00,
        0x23, 0x23, 0x23, 0xF8, 0x26, 0x26, 0x26, 0xFF, 0x28, 0x28, 0x28, 0xFF,
        0x28, 0x28, 0x28, 0xFF, 0x28, 0x28, 0x28, 0xFF, 0x28, 0x28, 0x28, 0xFF,
        0x28, 0x28, 0x28, 0xFF, 0x28, 0x28, 0x28, 0xFF, 0x28, 0x28, 0x28, 0xFF,
        0x28, 0x28, 0x28, 0xFF, 0x28, 0x28, 0x28, 0xFF, 0x28, 0x28, 0x28, 0xFF,
        0x28, 0x28, 0x28, 0xFF, 0x28, 0x28, 0x28, 0xFF, 0x28, 0x28, 0x28, 0xFF,
        0x28, 0x28, 0x28, 0xFF, 0x28, 0x28, 0x28, 0xFF, 0x28, 0x28, 0x28, 0xFF,
        0x28, 0x28, 0x28, 0xFF, 0x28, 0x28, 0x28, 0xFF, 0x28, 0x28, 0x28, 0xFF,
        0x28, 0x28, 0x28, 0xFF, 0x28, 0x28, 0x28, 0xFF, 0x28, 0x28, 0x28, 0xFF,
        0x28, 0x28, 0x28, 0xFF, 0x28, 0x28, 0x28, 0xFF, 0x28, 0x28, 0x28, 0xFF,
        0x28, 0x28, 0x28, 0xFF, 0x28, 0x28, 0x28, 0xFF, 0x28, 0x28, 0x28, 0xFF,
        0x28, 0x28, 0x28, 0xFF, 0x28, 0x28, 0x28, 0xFF, 0x28, 0x28, 0x28, 0xFF,
        0x28, 0x28, 0x28, 0xFF, 0x28, 0x28, 0x28, 0xFF, 0x28, 0x28, 0x28, 0xFF,
        0x28, 0x28, 0x28, 0xFF, 0x28, 0x28, 0x28, 0xFF, 0x28, 0x28, 0x28, 0xFF,
        0x28, 0x28, 0x28, 0xFF, 0x28, 0x28, 0x28, 0xFF, 0x28, 0x28, 0x28, 0xFF,
        0x28, 0x28, 0x28, 0xFF, 0x28, 0x28, 0x28, 0xFF, 0x28, 0x28, 0x28, 0xFF,
        0x28, 0x28, 0x28, 0xFF, 0x28, 0x28, 0x28, 0xFF, 0x28, 0x28, 0x28, 0xFF,
        0x28, 0x28, 0x28, 0xFF, 0x28, 0x28, 0x28, 0xFF, 0x28, 0x28, 0x28, 0xFF,
        0x28, 0x28, 0x28, 0xFF, 0x28, 0x28, 0x28, 0xFF, 0x28, 0x28, 0x28, 0xFF,
        0x28, 0x28, 0x28, 0xFF, 0x28, 0x28, 0x28, 0xFF, 0x28, 0x28, 0x28, 0xFF,
        0x28, 0x28, 0x28, 0xFF, 0x28, 0x28, 0x28, 0xFF, 0x27, 0x27, 0x27, 0xFF,
        0x26, 0x26, 0x26, 0xFF, 0x23, 0x23, 0x23, 0xF3, 0xFF, 0xFF, 0xFF, 0x00,
        0xFF, 0xFF, 0xFF, 0x00, 0x56, 0x56, 0x56, 0xF8, 0x47, 0x47, 0x47, 0xFF,
        0x3A, 0x3A, 0x3A, 0xFF, 0x31, 0x31, 0x31, 0xFF, 0x2F, 0x2F, 0x2F, 0xFF,
        0x2F, 0x2F, 0x2F, 0xFF, 0x2F, 0x2F, 0x2F, 0xFF, 0x2F, 0x2F, 0x2F, 0xFF,
        0x2F, 0x2F, 0x2F, 0xFF, 0x2F, 0x2F, 0x2F, 0xFF, 0x2F, 0x2F, 0x2F, 0xFF,
        0x2F, 0x2F, 0x2F, 0xFF, 0x2F, 0x2F, 0x2F, 0xFF, 0x2F, 0x2F, 0x2F, 0xFF,
        0x2F, 0x2F, 0x2F, 0xFF, 0x2F, 0x2F, 0x2F, 0xFF, 0x2F, 0x2F, 0x2F, 0xFF,
        0x2F, 0x2F, 0x2F, 0xFF, 0x2F, 0x2F, 0x2F, 0xFF, 0x2F, 0x2F, 0x2F, 0xFF,
        0x2F, 0x2F, 0x2F, 0xFF, 0x2F, 0x2F, 0x2F, 0xFF, 0x2F, 0x2F, 0x2F, 0xFF,
        0x2F, 0x2F, 0x2F, 0xFF, 0x2F, 0x2F, 0x2F, 0xFF, 0x2F, 0x2F, 0x2F, 0xFF,
        0x2F, 0x2F, 0x2F, 0xFF, 0x2F, 0x2F, 0x2F, 0xFF, 0x2F, 0x2F, 0x2F, 0xFF,
        0x2F, 0x2F, 0x2F, 0xFF, 0x2F, 0x2F, 0x2F, 0xFF, 0x2F, 0x2F, 0x2F, 0xFF,
        0x2F, 0x2F, 0x2F, 0xFF, 0x2F, 0x2F, 0x2F, 0xFF, 0x2F, 0x2F, 0x2F, 0xFF,
        0x2F, 0x2F, 0x2F, 0xFF, 0x2F, 0x2F, 0x2F, 0xFF, 0x2F, 0x2F, 0x2F, 0xFF,
        0x2F, 0x2F, 0x2F, 0xFF, 0x2F, 0x2F, 0x2F, 0xFF, 0x2F, 0x2F, 0x2F, 0xFF,
        0x2F, 0x2F, 0x2F, 0xFF, 0x2F, 0x2F, 0x2F, 0xFF, 0x2F, 0x2F, 0x2F, 0xFF,
        0x2F, 0x2F, 0x2F, 0xFF, 0x2F, 0x2F, 0x2F, 0xFF, 0x2F, 0x2F, 0x2F, 0xFF,
        0x2F, 0x2F, 0x2F, 0xFF, 0x2F, 0x2F, 0x2F, 0xFF, 0x2F, 0x2F, 0x2F, 0xFF,
        0x2F, 0x2F, 0x2F, 0xFF, 0x2F, 0x2F, 0x2F, 0xFF, 0x2F, 0x2F, 0x2F, 0xFF,
        0x2F, 0x2F, 0x2F, 0xFF, 0x2F, 0x2F, 0x2F, 0xFF, 0x2F, 0x2F, 0x2F, 0xFF,
        0x2F, 0x2F, 0x2F, 0xFF, 0x2F, 0x2F, 0x2F, 0xFF, 0x31, 0x31, 0x31, 0xFF,
        0x39, 0x39, 0x39, 0xFF, 0x47, 0x47, 0x47, 0xFF, 0x56, 0x56, 0x56, 0xF3,
        0xFF, 0xFF, 0xFF, 0x00, 0xFF, 0xFF, 0xFF, 0x00, 0x24, 0x24, 0x24, 0xD0,
        0x27, 0x27, 0x27, 0xFF, 0x28, 0x28, 0x28, 0xFF, 0x28, 0x28, 0x28, 0xFF,
        0x28, 0x28, 0x28, 0xFF, 0x28, 0x28, 0x28, 0xFF, 0x28, 0x28, 0x28, 0xFF,
        0x28, 0x28, 0x28, 0xFF, 0x28, 0x28, 0x28, 0xFF, 0x28, 0x28, 0x28, 0xFF,
        0x28, 0x28, 0x28, 0xFF, 0x28, 0x28, 0x28, 0xFF, 0x28, 0x28, 0x28, 0xFF,
        0x28, 0x28, 0x28, 0xFF, 0x28, 0x28, 0x28, 0xFF, 0x28, 0x28, 0x28, 0xFF,
        0x28, 0x28, 0x28, 0xFF, 0x28, 0x28, 0x28, 0xFF, 0x28, 0x28, 0x28, 0xFF,
        0x28, 0x28, 0x28, 0xFF, 0x28, 0x28, 0x28, 0xFF, 0x28, 0x28, 0x28, 0xFF,
        0x28, 0x28, 0x28, 0xFF, 0x28, 0x28, 0x28, 0xFF, 0x28, 0x28, 0x28, 0xFF,
        0x28, 0x28, 0x28, 0xFF, 0x28, 0x28, 0x28, 0xFF, 0x28, 0x28, 0x28, 0xFF,
        0x28, 0x28, 0x28, 0xFF, 0x28, 0x28, 0x28, 0xFF, 0x28, 0x28, 0x28, 0xFF,
        0x28, 0x28, 0x28, 0xFF, 0x28, 0x28, 0x28, 0xFF, 0x28, 0x28, 0x28, 0xFF,
        0x28, 0x28, 0x28, 0xFF, 0x28, 0x28, 0x28, 0xFF, 0x28, 0x28, 0x28, 0xFF,
        0x28, 0x28, 0x28, 0xFF, 0x28, 0x28, 0x28, 0xFF, 0x28, 0x28, 0x28, 0xFF,
        0x28, 0x28, 0x28, 0xFF, 0x28, 0x28, 0x28, 0xFF, 0x28, 0x28, 0x28, 0xFF,
        0x28, 0x28, 0x28, 0xFF, 0x28, 0x28, 0x28, 0xFF, 0x28, 0x28, 0x28, 0xFF,
        0x28, 0x28, 0x28, 0xFF, 0x28, 0x28, 0x28, 0xFF, 0x28, 0x28, 0x28, 0xFF,
        0x28, 0x28, 0x28, 0xFF, 0x28, 0x28, 0x28, 0xFF, 0x28, 0x28, 0x28, 0xFF,
        0x28, 0x28, 0x28, 0xFF, 0x28, 0x28, 0x28, 0xFF, 0x28, 0x28, 0x28, 0xFF,
        0x28, 0x28, 0x28, 0xFF, 0x28, 0x28, 0x28, 0xFF, 0x28, 0x28, 0x28, 0xFF,
        0x28, 0x28, 0x28, 0xFF, 0x28, 0x28, 0x28, 0xFF, 0x27, 0x27, 0x27, 0xFF,
        0x23, 0x23, 0x23, 0xD1, 0xFF, 0xFF, 0xFF, 0x00, 0xFF, 0xFF, 0xFF, 0x00,
        0x5C, 0x5C, 0x5C, 0xD0, 0x4B, 0x4B, 0x4B, 0xFF, 0x3D, 0x3D, 0x3D, 0xFF,
        0x32, 0x32, 0x32, 0xFF, 0x30, 0x30, 0x30, 0xFF, 0x2F, 0x2F, 0x2F, 0xFF,
        0x2F, 0x2F, 0x2F, 0xFF, 0x2F, 0x2F, 0x2F, 0xFF, 0x2F, 0x2F, 0x2F, 0xFF,
        0x2F, 0x2F, 0x2F, 0xFF, 0x2F, 0x2F, 0x2F, 0xFF, 0x2F, 0x2F, 0x2F, 0xFF,
        0x2F, 0x2F, 0x2F, 0xFF, 0x2F, 0x2F, 0x2F, 0xFF, 0x2F, 0x2F, 0x2F, 0xFF,
        0x2F, 0x2F, 0x2F, 0xFF, 0x2F, 0x2F, 0x2F, 0xFF, 0x2F, 0x2F, 0x2F, 0xFF,
        0x2F, 0x2F, 0x2F, 0xFF, 0x2F, 0x2F, 0x2F, 0xFF, 0x2F, 0x2F, 0x2F, 0xFF,
        0x2F, 0x2F, 0x2F, 0xFF, 0x2F, 0x2F, 0x2F, 0xFF, 0x2F, 0x2F, 0x2F, 0xFF,
        0x2F, 0x2F, 0x2F, 0xFF, 0x2F, 0x2F, 0x2F, 0xFF, 0x2F, 0x2F, 0x2F, 0xFF,
        0x2F, 0x2F, 0x2F, 0xFF, 0x2F, 0x2F, 0x2F, 0xFF, 0x2F, 0x2F, 0x2F, 0xFF,
        0x2F, 0x2F, 0x2F, 0xFF, 0x2F, 0x2F, 0x2F, 0xFF, 0x2F, 0x2F, 0x2F, 0xFF,
        0x2F, 0x2F, 0x2F, 0xFF, 0x2F, 0x2F, 0x2F, 0xFF, 0x2F, 0x2F, 0x2F, 0xFF,
        0x2F, 0x2F, 0x2F, 0xFF, 0x2F, 0x2F, 0x2F, 0xFF, 0x2F, 0x2F, 0x2F, 0xFF,
        0x2F, 0x2F, 0x2F, 0xFF, 0x2F, 0x2F, 0x2F, 0xFF, 0x2F, 0x2F, 0x2F, 0xFF,
        0x2F, 0x2F, 0x2F, 0xFF, 0x2F, 0x2F, 0x2F, 0xFF, 0x2F, 0x2F, 0x2F, 0xFF,
        0x2F, 0x2F, 0x2F, 0xFF, 0x2F, 0x2F, 0x2F, 0xFF, 0x2F, 0x2F, 0x2F, 0xFF,
        0x2F, 0x2F, 0x2F, 0xFF, 0x2F, 0x2F, 0x2F, 0xFF, 0x2F, 0x2F, 0x2F, 0xFF,
        0x2F, 0x2F, 0x2F, 0xFF, 0x2F, 0x2F, 0x2F, 0xFF, 0x2F, 0x2F, 0x2F, 0xFF,
        0x2F, 0x2F, 0x2F, 0xFF, 0x2F, 0x2F, 0x2F, 0xFF, 0x2F, 0x2F, 0x2F, 0xFF,
        0x30, 0x30, 0x30, 0xFF, 0x32, 0x32, 0x32, 0xFF, 0x3D, 0x3D, 0x3D, 0xFF,
        0x4B, 0x4B, 0x4B, 0xFF, 0x5C, 0x5C, 0x5C, 0xD1, 0xFF, 0xFF, 0xFF, 0x00,
        0xFF, 0xFF, 0xFF, 0x00, 0x25, 0x25, 0x25, 0x82, 0x28, 0x28, 0x28, 0xFF,
        0x2A, 0x2A, 0x2A, 0xFF, 0x2A, 0x2A, 0x2A, 0xFF, 0x29, 0x29, 0x29, 0xFF,
        0x29, 0x29, 0x29, 0xFF, 0x29, 0x29, 0x29, 0xFF, 0x29, 0x29, 0x29, 0xFF,
        0x29, 0x29, 0x29, 0xFF, 0x29, 0x29, 0x29, 0xFF, 0x29, 0x29, 0x29, 0xFF,
        0x29, 0x29, 0x29, 0xFF, 0x29, 0x29, 0x29, 0xFF, 0x29, 0x29, 0x29, 0xFF,
        0x29, 0x29, 0x29, 0xFF, 0x29, 0x29, 0x29, 0xFF, 0x29, 0x29, 0x29, 0xFF,
        0x29, 0x29, 0x29, 0xFF, 0x29, 0x29, 0x29, 0xFF, 0x29, 0x29, 0x29, 0xFF,
        0x29, 0x29, 0x29, 0xFF, 0x29, 0x29, 0x29, 0xFF, 0x29, 0x29, 0x29, 0xFF,
        0x29, 0x29, 0x29, 0xFF, 0x29, 0x29, 0x29, 0xFF, 0x29, 0x29, 0x29, 0xFF,
        0x29, 0x29, 0x29, 0xFF, 0x29, 0x29, 0x29, 0xFF, 0x29, 0x29, 0x29, 0xFF,
        0x29, 0x29, 0x29, 0xFF, 0x29, 0x29, 0x29, 0xFF, 0x29, 0x29, 0x29, 0xFF,
        0x29, 0x29, 0x29, 0xFF, 0x29, 0x29, 0x29, 0xFF, 0x29, 0x29, 0x29, 0xFF,
        0x29, 0x29, 0x29, 0xFF, 0x29, 0x29, 0x29, 0xFF, 0x29, 0x29, 0x29, 0xFF,
        0x29, 0x29, 0x29, 0xFF, 0x29, 0x29, 0x29, 0xFF, 0x29, 0x29, 0x29, 0xFF,
        0x29, 0x29, 0x29, 0xFF, 0x29, 0x29, 0x29, 0xFF, 0x29, 0x29, 0x29, 0xFF,
        0x29, 0x29, 0x29, 0xFF, 0x29, 0x29, 0x29, 0xFF, 0x29, 0x29, 0x29, 0xFF,
        0x29, 0x29, 0x29, 0xFF, 0x29, 0x29, 0x29, 0xFF, 0x29, 0x29, 0x29, 0xFF,
        0x29, 0x29, 0x29, 0xFF, 0x29, 0x29, 0x29, 0xFF, 0x29, 0x29, 0x29, 0xFF,
        0x29, 0x29, 0x29, 0xFF, 0x29, 0x29, 0x29, 0xFF, 0x29, 0x29, 0x29, 0xFF,
        0x29, 0x29, 0x29, 0xFF, 0x29, 0x29, 0x29, 0xFF, 0x2A, 0x2A, 0x2A, 0xFF,
        0x2A, 0x2A, 0x2A, 0xFF, 0x28, 0x28, 0x28, 0xFF, 0x25, 0x25, 0x25, 0x86,
        0xFF, 0xFF, 0xFF, 0x00, 0xFF, 0xFF, 0xFF, 0x00, 0x60, 0x60, 0x60, 0x82,
        0x55, 0x55, 0x55, 0xFF, 0x44, 0x44, 0x44, 0xFF, 0x39, 0x39, 0x39, 0xFF,
        0x32, 0x32, 0x32, 0xFF, 0x31, 0x31, 0x31, 0xFF, 0x30, 0x30, 0x30, 0xFF,
        0x30, 0x30, 0x30, 0xFF, 0x30, 0x30, 0x30, 0xFF, 0x30, 0x30, 0x30, 0xFF,
        0x30, 0x30, 0x30, 0xFF, 0x30, 0x30, 0x30, 0xFF, 0x30, 0x30, 0x30, 0xFF,
        0x30, 0x30, 0x30, 0xFF, 0x30, 0x30, 0x30, 0xFF, 0x30, 0x30, 0x30, 0xFF,
        0x30, 0x30, 0x30, 0xFF, 0x30, 0x30, 0x30, 0xFF, 0x30, 0x30, 0x30, 0xFF,
        0x30, 0x30, 0x30, 0xFF, 0x30, 0x30, 0x30, 0xFF, 0x30, 0x30, 0x30, 0xFF,
        0x30, 0x30, 0x30, 0xFF, 0x30, 0x30, 0x30, 0xFF, 0x30, 0x30, 0x30, 0xFF,
        0x30, 0x30, 0x30, 0xFF, 0x30, 0x30, 0x30, 0xFF, 0x30, 0x30, 0x30, 0xFF,
        0x30, 0x30, 0x30, 0xFF, 0x30, 0x30, 0x30, 0xFF, 0x30, 0x30, 0x30, 0xFF,
        0x30, 0x30, 0x30, 0xFF, 0x30, 0x30, 0x30, 0xFF, 0x30, 0x30, 0x30, 0xFF,
        0x30, 0x30, 0x30, 0xFF, 0x30, 0x30, 0x30, 0xFF, 0x30, 0x30, 0x30, 0xFF,
        0x30, 0x30, 0x30, 0xFF, 0x30, 0x30, 0x30, 0xFF, 0x30, 0x30, 0x30, 0xFF,
        0x30, 0x30, 0x30, 0xFF, 0x30, 0x30, 0x30, 0xFF, 0x30, 0x30, 0x30, 0xFF,
        0x30, 0x30, 0x30, 0xFF, 0x30, 0x30, 0x30, 0xFF, 0x30, 0x30, 0x30, 0xFF,
        0x30, 0x30, 0x30, 0xFF, 0x30, 0x30, 0x30, 0xFF, 0x30, 0x30, 0x30, 0xFF,
        0x30, 0x30, 0x30, 0xFF, 0x30, 0x30, 0x30, 0xFF, 0x30, 0x30, 0x30, 0xFF,
        0x30, 0x30, 0x30, 0xFF, 0x30, 0x30, 0x30, 0xFF, 0x30, 0x30, 0x30, 0xFF,
        0x30, 0x30, 0x30, 0xFF, 0x31, 0x31, 0x31, 0xFF, 0x32, 0x32, 0x32, 0xFF,
        0x39, 0x39, 0x39, 0xFF, 0x44, 0x44, 0x44, 0xFF, 0x55, 0x55, 0x55, 0xFF,
        0x60, 0x60, 0x60, 0x86, 0xFF, 0xFF, 0xFF, 0x00, 0xFF, 0xFF, 0xFF, 0x00,
        0x25, 0x25, 0x25, 0x16, 0x29, 0x29, 0x29, 0xF1, 0x2B, 0x2B, 0x2B, 0xFF,
        0x2B, 0x2B, 0x2B, 0xFF, 0x2A, 0x2A, 0x2A, 0xFF, 0x2A, 0x2A, 0x2A, 0xFF,
        0x29, 0x29, 0x29, 0xFF, 0x29, 0x29, 0x29, 0xFF, 0x29, 0x29, 0x29, 0xFF,
        0x29, 0x29, 0x29, 0xFF, 0x29, 0x29, 0x29, 0xFF, 0x29, 0x29, 0x29, 0xFF,
        0x29, 0x29, 0x29, 0xFF, 0x29, 0x29, 0x29, 0xFF, 0x29, 0x29, 0x29, 0xFF,
        0x29, 0x29, 0x29, 0xFF, 0x29, 0x29, 0x29, 0xFF, 0x29, 0x29, 0x29, 0xFF,
        0x29, 0x29, 0x29, 0xFF, 0x29, 0x29, 0x29, 0xFF, 0x29, 0x29, 0x29, 0xFF,
        0x29, 0x29, 0x29, 0xFF, 0x29, 0x29, 0x29, 0xFF, 0x29, 0x29, 0x29, 0xFF,
        0x29, 0x29, 0x29, 0xFF, 0x29, 0x29, 0x29, 0xFF, 0x29, 0x29, 0x29, 0xFF,
        0x29, 0x29, 0x29, 0xFF, 0x29, 0x29, 0x29, 0xFF, 0x29, 0x29, 0x29, 0xFF,
        0x29, 0x29, 0x29, 0xFF, 0x29, 0x29, 0x29, 0xFF, 0x29, 0x29, 0x29, 0xFF,
        0x29, 0x29, 0x29, 0xFF, 0x29, 0x29, 0x29, 0xFF, 0x29, 0x29, 0x29, 0xFF,
        0x29, 0x29, 0x29, 0xFF, 0x29, 0x29, 0x29, 0xFF, 0x29, 0x29, 0x29, 0xFF,
        0x29, 0x29, 0x29, 0xFF, 0x29, 0x29, 0x29, 0xFF, 0x29, 0x29, 0x29, 0xFF,
        0x29, 0x29, 0x29, 0xFF, 0x29, 0x29, 0x29, 0xFF, 0x29, 0x29, 0x29, 0xFF,
        0x29, 0x29, 0x29, 0xFF, 0x29, 0x29, 0x29, 0xFF, 0x29, 0x29, 0x29, 0xFF,
        0x29, 0x29, 0x29, 0xFF, 0x29, 0x29, 0x29, 0xFF, 0x29, 0x29, 0x29, 0xFF,
        0x29, 0x29, 0x29, 0xFF, 0x29, 0x29, 0x29, 0xFF, 0x29, 0x29, 0x29, 0xFF,
        0x29, 0x29, 0x29, 0xFF, 0x29, 0x29, 0x29, 0xFF, 0x2A, 0x2A, 0x2A, 0xFF,
        0x2A, 0x2A, 0x2A, 0xFF, 0x2B, 0x2B, 0x2B, 0xFF, 0x2B, 0x2B, 0x2B, 0xFF,
        0x29, 0x29, 0x29, 0xF1, 0x25, 0x25, 0x25, 0x16, 0xFF, 0xFF, 0xFF, 0x00,
        0xFF, 0xFF, 0xFF, 0x00, 0x5E, 0x5E, 0x5E, 0x16, 0x60, 0x60, 0x60, 0xF1,
        0x50, 0x50, 0x50, 0xFF, 0x41, 0x41, 0x41, 0xFF, 0x39, 0x39, 0x39, 0xFF,
        0x34, 0x34, 0x34, 0xFF, 0x32, 0x32, 0x32, 0xFF, 0x31, 0x31, 0x31, 0xFF,
        0x30, 0x30, 0x30, 0xFF, 0x30, 0x30, 0x30, 0xFF, 0x30, 0x30, 0x30, 0xFF,
        0x30, 0x30, 0x30, 0xFF, 0x30, 0x30, 0x30, 0xFF, 0x30, 0x30, 0x30, 0xFF,
        0x30, 0x30, 0x30, 0xFF, 0x30, 0x30, 0x30, 0xFF, 0x30, 0x30, 0x30, 0xFF,
        0x30, 0x30, 0x30, 0xFF, 0x30, 0x30, 0x30, 0xFF, 0x30, 0x30, 0x30, 0xFF,
        0x30, 0x30, 0x30, 0xFF, 0x30, 0x30, 0x30, 0xFF, 0x30, 0x30, 0x30, 0xFF,
        0x30, 0x30, 0x30, 0xFF, 0x30, 0x30, 0x30, 0xFF, 0x30, 0x30, 0x30, 0xFF,
        0x30, 0x30, 0x30, 0xFF, 0x30, 0x30, 0x30, 0xFF, 0x30, 0x30, 0x30, 0xFF,
        0x30, 0x30, 0x30, 0xFF, 0x30, 0x30, 0x30, 0xFF, 0x30, 0x30, 0x30, 0xFF,
        0x30, 0x30, 0x30, 0xFF, 0x30, 0x30, 0x30, 0xFF, 0x30, 0x30, 0x30, 0xFF,
        0x30, 0x30, 0x30, 0xFF, 0x30, 0x30, 0x30, 0xFF, 0x30, 0x30, 0x30, 0xFF,
        0x30, 0x30, 0x30, 0xFF, 0x30, 0x30, 0x30, 0xFF, 0x30, 0x30, 0x30, 0xFF,
        0x30, 0x30, 0x30, 0xFF, 0x30, 0x30, 0x30, 0xFF, 0x30, 0x30, 0x30, 0xFF,
        0x30, 0x30, 0x30, 0xFF, 0x30, 0x30, 0x30, 0xFF, 0x30, 0x30, 0x30, 0xFF,
        0x30, 0x30, 0x30, 0xFF, 0x30, 0x30, 0x30, 0xFF, 0x30, 0x30, 0x30, 0xFF,
        0x30, 0x30, 0x30, 0xFF, 0x30, 0x30, 0x30, 0xFF, 0x30, 0x30, 0x30, 0xFF,
        0x30, 0x30, 0x30, 0xFF, 0x31, 0x31, 0x31, 0xFF, 0x32, 0x32, 0x32, 0xFF,
        0x34, 0x34, 0x34, 0xFF, 0x39, 0x39, 0x39, 0xFF, 0x43, 0x43, 0x43, 0xFF,
        0x50, 0x50, 0x50, 0xFF, 0x60, 0x60, 0x60, 0xF1, 0x5E, 0x5E, 0x5E, 0x16,
        0xFF, 0xFF, 0xFF, 0x00, 0xFF, 0xFF, 0xFF, 0x00, 0xFF, 0xFF, 0xFF, 0x00,
        0x29, 0x29, 0x29, 0x53, 0x2C, 0x2C, 0x2C, 0xFE, 0x2D, 0x2D, 0x2D, 0xFF,
        0x2C, 0x2C, 0x2C, 0xFF, 0x2C, 0x2C, 0x2C, 0xFF, 0x2B, 0x2B, 0x2B, 0xFF,
        0x2B, 0x2B, 0x2B, 0xFF, 0x2B, 0x2B, 0x2B, 0xFF, 0x2A, 0x2A, 0x2A, 0xFF,
        0x2A, 0x2A, 0x2A, 0xFF, 0x2A, 0x2A, 0x2A, 0xFF, 0x2A, 0x2A, 0x2A, 0xFF,
        0x2A, 0x2A, 0x2A, 0xFF, 0x2A, 0x2A, 0x2A, 0xFF, 0x2A, 0x2A, 0x2A, 0xFF,
        0x2A, 0x2A, 0x2A, 0xFF, 0x2A, 0x2A, 0x2A, 0xFF, 0x2A, 0x2A, 0x2A, 0xFF,
        0x2A, 0x2A, 0x2A, 0xFF, 0x2A, 0x2A, 0x2A, 0xFF, 0x2A, 0x2A, 0x2A, 0xFF,
        0x2A, 0x2A, 0x2A, 0xFF, 0x2A, 0x2A, 0x2A, 0xFF, 0x2A, 0x2A, 0x2A, 0xFF,
        0x2A, 0x2A, 0x2A, 0xFF, 0x2A, 0x2A, 0x2A, 0xFF, 0x2A, 0x2A, 0x2A, 0xFF,
        0x2A, 0x2A, 0x2A, 0xFF, 0x2A, 0x2A, 0x2A, 0xFF, 0x2A, 0x2A, 0x2A, 0xFF,
        0x2A, 0x2A, 0x2A, 0xFF, 0x2A, 0x2A, 0x2A, 0xFF, 0x2A, 0x2A, 0x2A, 0xFF,
        0x2A, 0x2A, 0x2A, 0xFF, 0x2A, 0x2A, 0x2A, 0xFF, 0x2A, 0x2A, 0x2A, 0xFF,
        0x2A, 0x2A, 0x2A, 0xFF, 0x2A, 0x2A, 0x2A, 0xFF, 0x2A, 0x2A, 0x2A, 0xFF,
        0x2A, 0x2A, 0x2A, 0xFF, 0x2A, 0x2A, 0x2A, 0xFF, 0x2A, 0x2A, 0x2A, 0xFF,
        0x2A, 0x2A, 0x2A, 0xFF, 0x2A, 0x2A, 0x2A, 0xFF, 0x2A, 0x2A, 0x2A, 0xFF,
        0x2A, 0x2A, 0x2A, 0xFF, 0x2A, 0x2A, 0x2A, 0xFF, 0x2A, 0x2A, 0x2A, 0xFF,
        0x2A, 0x2A, 0x2A, 0xFF, 0x2A, 0x2A, 0x2A, 0xFF, 0x2A, 0x2A, 0x2A, 0xFF,
        0x2A, 0x2A, 0x2A, 0xFF, 0x2B, 0x2B, 0x2B, 0xFF, 0x2B, 0x2B, 0x2B, 0xFF,
        0x2B, 0x2B, 0x2B, 0xFF, 0x2C, 0x2C, 0x2C, 0xFF, 0x2C, 0x2C, 0x2C, 0xFF,
        0x2D, 0x2D, 0x2D, 0xFF, 0x2C, 0x2C, 0x2C, 0xFE, 0x29, 0x29, 0x29, 0x53,
        0xFF, 0xFF, 0xFF, 0x00, 0xFF, 0xFF, 0xFF, 0x00, 0xFF, 0xFF, 0xFF, 0x00,
        0xFF, 0xFF, 0xFF, 0x00, 0x64, 0x64, 0x64, 0x53, 0x60, 0x60, 0x60, 0xFE,
        0x54, 0x54, 0x54, 0xFF, 0x49, 0x49, 0x49, 0xFF, 0x41, 0x41, 0x41, 0xFF,
        0x3E, 0x3E, 0x3E, 0xFF, 0x3C, 0x3C, 0x3C, 0xFF, 0x3B, 0x3B, 0x3B, 0xFF,
        0x3A, 0x3A, 0x3A, 0xFF, 0x3A, 0x3A, 0x3A, 0xFF, 0x3A, 0x3A, 0x3A, 0xFF,
        0x3A, 0x3A, 0x3A, 0xFF, 0x3A, 0x3A, 0x3A, 0xFF, 0x3A, 0x3A, 0x3A, 0xFF,
        0x3A, 0x3A, 0x3A, 0xFF, 0x3A, 0x3A, 0x3A, 0xFF, 0x3A, 0x3A, 0x3A, 0xFF,
        0x3A, 0x3A, 0x3A, 0xFF, 0x3A, 0x3A, 0x3A, 0xFF, 0x3A, 0x3A, 0x3A, 0xFF,
        0x3A, 0x3A, 0x3A, 0xFF, 0x3A, 0x3A, 0x3A, 0xFF, 0x3A, 0x3A, 0x3A, 0xFF,
        0x3A, 0x3A, 0x3A, 0xFF, 0x3A, 0x3A, 0x3A, 0xFF, 0x3A, 0x3A, 0x3A, 0xFF,
        0x3A, 0x3A, 0x3A, 0xFF, 0x3A, 0x3A, 0x3A, 0xFF, 0x3A, 0x3A, 0x3A, 0xFF,
        0x3A, 0x3A, 0x3A, 0xFF, 0x3A, 0x3A, 0x3A, 0xFF, 0x3A, 0x3A, 0x3A, 0xFF,
        0x3A, 0x3A, 0x3A, 0xFF, 0x3A, 0x3A, 0x3A, 0xFF, 0x3A, 0x3A, 0x3A, 0xFF,
        0x3A, 0x3A, 0x3A, 0xFF, 0x3A, 0x3A, 0x3A, 0xFF, 0x3A, 0x3A, 0x3A, 0xFF,
        0x3A, 0x3A, 0x3A, 0xFF, 0x3A, 0x3A, 0x3A, 0xFF, 0x3A, 0x3A, 0x3A, 0xFF,
        0x3A, 0x3A, 0x3A, 0xFF, 0x3A, 0x3A, 0x3A, 0xFF, 0x3A, 0x3A, 0x3A, 0xFF,
        0x3A, 0x3A, 0x3A, 0xFF, 0x3A, 0x3A, 0x3A, 0xFF, 0x3A, 0x3A, 0x3A, 0xFF,
        0x3A, 0x3A, 0x3A, 0xFF, 0x3A, 0x3A, 0x3A, 0xFF, 0x3A, 0x3A, 0x3A, 0xFF,
        0x3A, 0x3A, 0x3A, 0xFF, 0x3A, 0x3A, 0x3A, 0xFF, 0x3B, 0x3B, 0x3B, 0xFF,
        0x3C, 0x3C, 0x3C, 0xFF, 0x3E, 0x3E, 0x3E, 0xFF, 0x41, 0x41, 0x41, 0xFF,
        0x49, 0x49, 0x49, 0xFF, 0x54, 0x54, 0x54, 0xFF, 0x60, 0x60, 0x60, 0xFE,
        0x64, 0x64, 0x64, 0x53, 0xFF, 0xFF, 0xFF, 0x00, 0xFF, 0xFF, 0xFF, 0x00,
        0xFF, 0xFF, 0xFF, 0x00, 0xFF, 0xFF, 0xFF, 0x00, 0xFF, 0xFF, 0xFF, 0x00,
        0x2C, 0x2C, 0x2C, 0x54, 0x2F, 0x2F, 0x2F, 0xF2, 0x30, 0x30, 0x30, 0xFF,
        0x2F, 0x2F, 0x2F, 0xFF, 0x2F, 0x2F, 0x2F, 0xFF, 0x2F, 0x2F, 0x2F, 0xFF,
        0x2F, 0x2F, 0x2F, 0xFF, 0x2F, 0x2F, 0x2F, 0xFF, 0x2F, 0x2F, 0x2F, 0xFF,
        0x2F, 0x2F, 0x2F, 0xFF, 0x2F, 0x2F, 0x2F, 0xFF, 0x2F, 0x2F, 0x2F, 0xFF,
        0x2F, 0x2F, 0x2F, 0xFF, 0x2F, 0x2F, 0x2F, 0xFF, 0x2F, 0x2F, 0x2F, 0xFF,
        0x2F, 0x2F, 0x2F, 0xFF, 0x2F, 0x2F, 0x2F, 0xFF, 0x2F, 0x2F, 0x2F, 0xFF,
        0x2F, 0x2F, 0x2F, 0xFF, 0x2F, 0x2F, 0x2F, 0xFF, 0x2F, 0x2F, 0x2F, 0xFF,
        0x2F, 0x2F, 0x2F, 0xFF, 0x2F, 0x2F, 0x2F, 0xFF, 0x2F, 0x2F, 0x2F, 0xFF,
        0x2F, 0x2F, 0x2F, 0xFF, 0x2F, 0x2F, 0x2F, 0xFF, 0x2F, 0x2F, 0x2F, 0xFF,
        0x2F, 0x2F, 0x2F, 0xFF, 0x2F, 0x2F, 0x2F, 0xFF, 0x2F, 0x2F, 0x2F, 0xFF,
        0x2F, 0x2F, 0x2F, 0xFF, 0x2F, 0x2F, 0x2F, 0xFF, 0x2F, 0x2F, 0x2F, 0xFF,
        0x2F, 0x2F, 0x2F, 0xFF, 0x2F, 0x2F, 0x2F, 0xFF, 0x2F, 0x2F, 0x2F, 0xFF,
        0x2F, 0x2F, 0x2F, 0xFF, 0x2F, 0x2F, 0x2F, 0xFF, 0x2F, 0x2F, 0x2F, 0xFF,
        0x2F, 0x2F, 0x2F, 0xFF, 0x2F, 0x2F, 0x2F, 0xFF, 0x2F, 0x2F, 0x2F, 0xFF,
        0x2F, 0x2F, 0x2F, 0xFF, 0x2F, 0x2F, 0x2F, 0xFF, 0x2F, 0x2F, 0x2F, 0xFF,
        0x2F, 0x2F, 0x2F, 0xFF, 0x2F, 0x2F, 0x2F, 0xFF, 0x2F, 0x2F, 0x2F, 0xFF,
        0x2F, 0x2F, 0x2F, 0xFF, 0x2F, 0x2F, 0x2F, 0xFF, 0x2F, 0x2F, 0x2F, 0xFF,
        0x2F, 0x2F, 0x2F, 0xFF, 0x2F, 0x2F, 0x2F, 0xFF, 0x2F, 0x2F, 0x2F, 0xFF,
        0x2F, 0x2F, 0x2F, 0xFF, 0x30, 0x30, 0x30, 0xFF, 0x2F, 0x2F, 0x2F, 0xF2,
        0x2C, 0x2C, 0x2C, 0x53, 0xFF, 0xFF, 0xFF, 0x00, 0xFF, 0xFF, 0xFF, 0x00,
        0xFF, 0xFF, 0xFF, 0x00, 0xFF, 0xFF, 0xFF, 0x00, 0xFF, 0xFF, 0xFF, 0x00,
        0xFF, 0xFF, 0xFF, 0x00, 0x67, 0x67, 0x67, 0x54, 0x65, 0x65, 0x65, 0xF2,
        0x5D, 0x5D, 0x5D, 0xFF, 0x55, 0x55, 0x55, 0xFF, 0x4F, 0x4F, 0x4F, 0xFF,
        0x4D, 0x4D, 0x4D, 0xFF, 0x4C, 0x4C, 0x4C, 0xFF, 0x4B, 0x4B, 0x4B, 0xFF,
        0x4B, 0x4B, 0x4B, 0xFF, 0x4B, 0x4B, 0x4B, 0xFF, 0x4B, 0x4B, 0x4B, 0xFF,
        0x4B, 0x4B, 0x4B, 0xFF, 0x4B, 0x4B, 0x4B, 0xFF, 0x4B, 0x4B, 0x4B, 0xFF,
        0x4B, 0x4B, 0x4B, 0xFF, 0x4B, 0x4B, 0x4B, 0xFF, 0x4B, 0x4B, 0x4B, 0xFF,
        0x4B, 0x4B, 0x4B, 0xFF, 0x4B, 0x4B, 0x4B, 0xFF, 0x4B, 0x4B, 0x4B, 0xFF,
        0x4B, 0x4B, 0x4B, 0xFF, 0x4B, 0x4B, 0x4B, 0xFF, 0x4B, 0x4B, 0x4B, 0xFF,
        0x4B, 0x4B, 0x4B, 0xFF, 0x4B, 0x4B, 0x4B, 0xFF, 0x4B, 0x4B, 0x4B, 0xFF,
        0x4B, 0x4B, 0x4B, 0xFF, 0x4B, 0x4B, 0x4B, 0xFF, 0x4B, 0x4B, 0x4B, 0xFF,
        0x4B, 0x4B, 0x4B, 0xFF, 0x4B, 0x4B, 0x4B, 0xFF, 0x4B, 0x4B, 0x4B, 0xFF,
        0x4B, 0x4B, 0x4B, 0xFF, 0x4B, 0x4B, 0x4B, 0xFF, 0x4B, 0x4B, 0x4B, 0xFF,
        0x4B, 0x4B, 0x4B, 0xFF, 0x4B, 0x4B, 0x4B, 0xFF, 0x4B, 0x4B, 0x4B, 0xFF,
        0x4B, 0x4B, 0x4B, 0xFF, 0x4B, 0x4B, 0x4B, 0xFF, 0x4B, 0x4B, 0x4B, 0xFF,
        0x4B, 0x4B, 0x4B, 0xFF, 0x4B, 0x4B, 0x4B, 0xFF, 0x4B, 0x4B, 0x4B, 0xFF,
        0x4B, 0x4B, 0x4B, 0xFF, 0x4B, 0x4B, 0x4B, 0xFF, 0x4B, 0x4B, 0x4B, 0xFF,
        0x4B, 0x4B, 0x4B, 0xFF, 0x4B, 0x4B, 0x4B, 0xFF, 0x4B, 0x4B, 0x4B, 0xFF,
        0x4C, 0x4C, 0x4C, 0xFF, 0x4C, 0x4C, 0x4C, 0xFF, 0x4D, 0x4D, 0x4D, 0xFF,
        0x4F, 0x4F, 0x4F, 0xFF, 0x55, 0x55, 0x55, 0xFF, 0x5D, 0x5D, 0x5D, 0xFF,
        0x66, 0x66, 0x66, 0xF2, 0x67, 0x67, 0x67, 0x53, 0xFF, 0xFF, 0xFF, 0x00,
        0xFF, 0xFF, 0xFF, 0x00, 0xFF, 0xFF, 0xFF, 0x00, 0xFF, 0xFF, 0xFF, 0x00,
        0xFF, 0xFF, 0xFF, 0x00, 0xFF, 0xFF, 0xFF, 0x00, 0xFF, 0xFF, 0xFF, 0x00,
        0x2D, 0x2D, 0x2D, 0x14, 0x2F, 0x2F, 0x2F, 0x86, 0x30, 0x30, 0x30, 0xD3,
        0x32, 0x32, 0x32, 0xFA, 0x32, 0x32, 0x32, 0xFF, 0x32, 0x32, 0x32, 0xFF,
        0x32, 0x32, 0x32, 0xFF, 0x32, 0x32, 0x32, 0xFF, 0x32, 0x32, 0x32, 0xFF,
        0x32, 0x32, 0x32, 0xFF, 0x32, 0x32, 0x32, 0xFF, 0x32, 0x32, 0x32, 0xFF,
        0x32, 0x32, 0x32, 0xFF, 0x32, 0x32, 0x32, 0xFF, 0x32, 0x32, 0x32, 0xFF,
        0x32, 0x32, 0x32, 0xFF, 0x32, 0x32, 0x32, 0xFF, 0x32, 0x32, 0x32, 0xFF,
        0x32, 0x32, 0x32, 0xFF, 0x32, 0x32, 0x32, 0xFF, 0x32, 0x32, 0x32, 0xFF,
        0x32, 0x32, 0x32, 0xFF, 0x32, 0x32, 0x32, 0xFF, 0x32, 0x32, 0x32, 0xFF,
        0x32, 0x32, 0x32, 0xFF, 0x32, 0x32, 0x32, 0xFF, 0x32, 0x32, 0x32, 0xFF,
        0x32, 0x32, 0x32, 0xFF, 0x32, 0x32, 0x32, 0xFF, 0x32, 0x32, 0x32, 0xFF,
        0x32, 0x32, 0x32, 0xFF, 0x32, 0x32, 0x32, 0xFF, 0x32, 0x32, 0x32, 0xFF,
        0x32, 0x32, 0x32, 0xFF, 0x32, 0x32, 0x32, 0xFF, 0x32, 0x32, 0x32, 0xFF,
        0x32, 0x32, 0x32, 0xFF, 0x32, 0x32, 0x32, 0xFF, 0x32, 0x32, 0x32, 0xFF,
        0x32, 0x32, 0x32, 0xFF, 0x32, 0x32, 0x32, 0xFF, 0x32, 0x32, 0x32, 0xFF,
        0x32, 0x32, 0x32, 0xFF, 0x32, 0x32, 0x32, 0xFF, 0x32, 0x32, 0x32, 0xFF,
        0x32, 0x32, 0x32, 0xFF, 0x32, 0x32, 0x32, 0xFF, 0x32, 0x32, 0x32, 0xFF,
        0x32, 0x32, 0x32, 0xFF, 0x32, 0x32, 0x32, 0xFF, 0x32, 0x32, 0x32, 0xFF,
        0x32, 0x32, 0x32, 0xFF, 0x32, 0x32, 0x32, 0xF4, 0x30, 0x30, 0x30, 0xCE,
        0x2F, 0x2F, 0x2F, 0x83, 0x2D, 0x2D, 0x2D, 0x14, 0xFF, 0xFF, 0xFF, 0x00,
        0xFF, 0xFF, 0xFF, 0x00, 0xFF, 0xFF, 0xFF, 0x00, 0xFF, 0xFF, 0xFF, 0x00,
        0xFF, 0xFF, 0xFF, 0x00, 0xFF, 0xFF, 0xFF, 0x00, 0xFF, 0xFF, 0xFF, 0x00,
        0xFF, 0xFF, 0xFF, 0x00, 0x67, 0x67, 0x67, 0x14, 0x6C, 0x6C, 0x6C, 0x86,
        0x6A, 0x6A, 0x6A, 0xD3, 0x66, 0x66, 0x66, 0xFA, 0x64, 0x64, 0x64, 0xFF,
        0x63, 0x63, 0x63, 0xFF, 0x63, 0x63, 0x63, 0xFF, 0x63, 0x63, 0x63, 0xFF,
        0x63, 0x63, 0x63, 0xFF, 0x63, 0x63, 0x63, 0xFF, 0x63, 0x63, 0x63, 0xFF,
        0x63, 0x63, 0x63, 0xFF, 0x63, 0x63, 0x63, 0xFF, 0x63, 0x63, 0x63, 0xFF,
        0x63, 0x63, 0x63, 0xFF, 0x63, 0x63, 0x63, 0xFF, 0x63, 0x63, 0x63, 0xFF,
        0x63, 0x63, 0x63, 0xFF, 0x63, 0x63, 0x63, 0xFF, 0x63, 0x63, 0x63, 0xFF,
        0x63, 0x63, 0x63, 0xFF, 0x63, 0x63, 0x63, 0xFF, 0x63, 0x63, 0x63, 0xFF,
        0x63, 0x63, 0x63, 0xFF, 0x63, 0x63, 0x63, 0xFF, 0x63, 0x63, 0x63, 0xFF,
        0x63, 0x63, 0x63, 0xFF, 0x63, 0x63, 0x63, 0xFF, 0x63, 0x63, 0x63, 0xFF,
        0x63, 0x63, 0x63, 0xFF, 0x63, 0x63, 0x63, 0xFF, 0x63, 0x63, 0x63, 0xFF,
        0x63, 0x63, 0x63, 0xFF, 0x63, 0x63, 0x63, 0xFF, 0x63, 0x63, 0x63, 0xFF,
        0x63, 0x63, 0x63, 0xFF, 0x63, 0x63, 0x63, 0xFF, 0x63, 0x63, 0x63, 0xFF,
        0x63, 0x63, 0x63, 0xFF, 0x63, 0x63, 0x63, 0xFF, 0x63, 0x63, 0x63, 0xFF,
        0x63, 0x63, 0x63, 0xFF, 0x63, 0x63, 0x63, 0xFF, 0x63, 0x63, 0x63, 0xFF,
        0x63, 0x63, 0x63, 0xFF, 0x63, 0x63, 0x63, 0xFF, 0x63, 0x63, 0x63, 0xFF,
        0x63, 0x63, 0x63, 0xFF, 0x63, 0x63, 0x63, 0xFF, 0x63, 0x63, 0x63, 0xFF,
        0x63, 0x63, 0x63, 0xFF, 0x64, 0x64, 0x64, 0xFF, 0x67, 0x67, 0x67, 0xF4,
        0x6A, 0x6A, 0x6A, 0xCE, 0x6C, 0x6C, 0x6C, 0x83, 0x67, 0x67, 0x67, 0x14,
        0xFF, 0xFF, 0xFF, 0x00, 0xFF, 0xFF, 0xFF, 0x00, 0xFF, 0xFF, 0xFF, 0x00,
        0xFF, 0xFF, 0xFF, 0x00, 0xFF, 0xFF, 0xFF, 0x00, 0xFF, 0xFF, 0xFF, 0x00,
        0xFF, 0xFF, 0xFF, 0x00, 0xFF, 0xFF, 0xFF, 0x00, 0xFF, 0xFF, 0xFF, 0x00,
        0xFF, 0xFF, 0xFF, 0x00, 0xFF, 0xFF, 0xFF, 0x00, 0xFF, 0xFF, 0xFF, 0x00,
        0xFF, 0xFF, 0xFF, 0x00, 0xFF, 0xFF, 0xFF, 0x00, 0xFF, 0xFF, 0xFF, 0x00,
        0xFF, 0xFF, 0xFF, 0x00, 0xFF, 0xFF, 0xFF, 0x00, 0xFF, 0xFF, 0xFF, 0x00,
        0xFF, 0xFF, 0xFF, 0x00, 0xFF, 0xFF, 0xFF, 0x00, 0xFF, 0xFF, 0xFF, 0x00,
        0xFF, 0xFF, 0xFF, 0x00, 0xFF, 0xFF, 0xFF, 0x00, 0xFF, 0xFF, 0xFF, 0x00,
        0xFF, 0xFF, 0xFF, 0x00, 0xFF, 0xFF, 0xFF, 0x00, 0xFF, 0xFF, 0xFF, 0x00,
        0xFF, 0xFF, 0xFF, 0x00, 0xFF, 0xFF, 0xFF, 0x00, 0xFF, 0xFF, 0xFF, 0x00,
        0xFF, 0xFF, 0xFF, 0x00, 0xFF, 0xFF, 0xFF, 0x00, 0xFF, 0xFF, 0xFF, 0x00,
        0xFF, 0xFF, 0xFF, 0x00, 0xFF, 0xFF, 0xFF, 0x00, 0xFF, 0xFF, 0xFF, 0x00,
        0xFF, 0xFF, 0xFF, 0x00, 0xFF, 0xFF, 0xFF, 0x00, 0xFF, 0xFF, 0xFF, 0x00,
        0xFF, 0xFF, 0xFF, 0x00, 0xFF, 0xFF, 0xFF, 0x00, 0xFF, 0xFF, 0xFF, 0x00,
        0xFF, 0xFF, 0xFF, 0x00, 0xFF, 0xFF, 0xFF, 0x00, 0xFF, 0xFF, 0xFF, 0x00,
        0xFF, 0xFF, 0xFF, 0x00, 0xFF, 0xFF, 0xFF, 0x00, 0xFF, 0xFF, 0xFF, 0x00,
        0xFF, 0xFF, 0xFF, 0x00, 0xFF, 0xFF, 0xFF, 0x00, 0xFF, 0xFF, 0xFF, 0x00,
        0xFF, 0xFF, 0xFF, 0x00, 0xFF, 0xFF, 0xFF, 0x00, 0xFF, 0xFF, 0xFF, 0x00,
        0xFF, 0xFF, 0xFF, 0x00, 0xFF, 0xFF, 0xFF, 0x00, 0xFF, 0xFF, 0xFF, 0x00,
        0xFF, 0xFF, 0xFF, 0x00, 0xFF, 0xFF, 0xFF, 0x00, 0xFF, 0xFF, 0xFF, 0x00,
        0xFF, 0xFF, 0xFF, 0x00, 0xFF, 0xFF, 0xFF, 0x00, 0xFF, 0xFF, 0xFF, 0x00,
        0xFF, 0xFF, 0xFF, 0x00, 0xFF, 0xFF, 0xFF, 0x00, 0xFF, 0xFF, 0xFF, 0x00,
        0xFF, 0xFF, 0xFF, 0x00, 0xFF, 0xFF, 0xFF, 0x00, 0xFF, 0xFF, 0xFF, 0x00,
        0xFF, 0xFF, 0xFF, 0x00, 0xFF, 0xFF, 0xFF, 0x00, 0xFF, 0xFF, 0xFF, 0x00,
        0xFF, 0xFF, 0xFF, 0x00, 0xFF, 0xFF, 0xFF, 0x00, 0xFF, 0xFF, 0xFF, 0x00,
        0xFF, 0xFF, 0xFF, 0x00, 0xFF, 0xFF, 0xFF, 0x00, 0xFF, 0xFF, 0xFF, 0x00,
        0xFF, 0xFF, 0xFF, 0x00, 0xFF, 0xFF, 0xFF, 0x00, 0xFF, 0xFF, 0xFF, 0x00,
        0xFF, 0xFF, 0xFF, 0x00, 0xFF, 0xFF, 0xFF, 0x00, 0xFF, 0xFF, 0xFF, 0x00,
        0xFF, 0xFF, 0xFF, 0x00, 0xFF, 0xFF, 0xFF, 0x00, 0xFF, 0xFF, 0xFF, 0x00,
        0xFF, 0xFF, 0xFF, 0x00, 0xFF, 0xFF, 0xFF, 0x00, 0xFF, 0xFF, 0xFF, 0x00,
        0xFF, 0xFF, 0xFF, 0x00, 0xFF, 0xFF, 0xFF, 0x00, 0xFF, 0xFF, 0xFF, 0x00,
        0xFF, 0xFF, 0xFF, 0x00, 0xFF, 0xFF, 0xFF, 0x00, 0xFF, 0xFF, 0xFF, 0x00,
        0xFF, 0xFF, 0xFF, 0x00, 0xFF, 0xFF, 0xFF, 0x00, 0xFF, 0xFF, 0xFF, 0x00,
        0xFF, 0xFF, 0xFF, 0x00, 0xFF, 0xFF, 0xFF, 0x00, 0xFF, 0xFF, 0xFF, 0x00,
        0xFF, 0xFF, 0xFF, 0x00, 0xFF, 0xFF, 0xFF, 0x00, 0xFF, 0xFF, 0xFF, 0x00,
        0xFF, 0xFF, 0xFF, 0x00, 0xFF, 0xFF, 0xFF, 0x00, 0xFF, 0xFF, 0xFF, 0x00,
        0xFF, 0xFF, 0xFF, 0x00, 0xFF, 0xFF, 0xFF, 0x00, 0xFF, 0xFF, 0xFF, 0x00,
        0xFF, 0xFF, 0xFF, 0x00, 0xFF, 0xFF, 0xFF, 0x00, 0xFF, 0xFF, 0xFF, 0x00,
        0xFF, 0xFF, 0xFF, 0x00, 0xFF, 0xFF, 0xFF, 0x00, 0xFF, 0xFF, 0xFF, 0x00,
        0xFF, 0xFF, 0xFF, 0x00, 0xFF, 0xFF, 0xFF, 0x00, 0xFF, 0xFF, 0xFF, 0x00,
        0xFF, 0xFF, 0xFF, 0x00, 0xFF, 0xFF, 0xFF, 0x00, 0xFF, 0xFF, 0xFF, 0x00,
        0xFF, 0xFF, 0xFF, 0x00, 0xFF, 0xFF, 0xFF, 0x00, 0xFF, 0xFF, 0xFF, 0x00,
        0xFF, 0xFF, 0xFF, 0x00, 0xFF, 0xFF, 0xFF, 0x00, 0xFF, 0xFF, 0xFF, 0x00,
        0xFF, 0xFF, 0xFF, 0x00, 0xFF, 0xFF, 0xFF, 0x00, 0xFF, 0xFF, 0xFF, 0x00,
        0xFF, 0xFF, 0xFF, 0x00, 0xFF, 0xFF, 0xFF, 0x00, 0xFF, 0xFF, 0xFF, 0x00,
        0xFF, 0xFF, 0xFF, 0x00, 0xFF, 0xFF, 0xFF, 0x00, 0xFF, 0xFF, 0xFF, 0x00,
        0xFF, 0xFF, 0xFF, 0x00, 0xFF, 0xFF, 0xFF, 0x00, 0xFF, 0xFF, 0xFF, 0x00,
        0xFF, 0xFF, 0xFF, 0x00, 0xFF, 0xFF, 0xFF, 0x00, 0xFF, 0xFF, 0xFF, 0x00,
        0xFF, 0xFF, 0xFF, 0x00, 0xFF, 0xFF, 0xFF, 0x00, 0xFF, 0xFF, 0xFF, 0x00,
        0xFF, 0xFF, 0xFF, 0x00, 0xFF, 0xFF, 0xFF, 0x00, 0xFF, 0xFF, 0xFF, 0x00,
        0xFF, 0xFF, 0xFF, 0x00, 0xFF, 0xFF, 0xFF, 0x00, 0xFF, 0xFF, 0xFF, 0x00,
        0xFF, 0xFF, 0xFF, 0x00, 0xFF, 0xFF, 0xFF, 0x00, 0xFF, 0xFF, 0xFF, 0x00,
        0xFF, 0xFF, 0xFF, 0x00, 0xFF, 0xFF, 0xFF, 0x00, 0xFF, 0xFF, 0xFF, 0x00,
        0xFF, 0xFF, 0xFF, 0x00, 0xFF, 0xFF, 0xFF, 0x00, 0xFF, 0xFF, 0xFF, 0x00,
        0xFF, 0xFF, 0xFF, 0x00, 0xFF, 0xFF, 0xFF, 0x00, 0xFF, 0xFF, 0xFF, 0x00,
        0xFF, 0xFF, 0xFF, 0x00, 0xFF, 0xFF, 0xFF, 0x00, 0xFF, 0xFF, 0xFF, 0x00,
        0xFF, 0xFF, 0xFF, 0x00, 0xFF, 0xFF, 0xFF, 0x00, 0xFF, 0xFF, 0xFF, 0x00,
        0xFF, 0xFF, 0xFF, 0x00, 0xFF, 0xFF, 0xFF, 0x00, 0xFF, 0xFF, 0xFF, 0x00,
        0xFF, 0xFF, 0xFF, 0x00, 0xFF, 0xFF, 0xFF, 0x00, 0xFF, 0xFF, 0xFF, 0x00,
        0xFF, 0xFF, 0xFF, 0x00, 0xFF, 0xFF, 0xFF, 0x00, 0xFF, 0xFF, 0xFF, 0x00,
        0xFF, 0xFF, 0xFF, 0x00, 0xFF, 0xFF, 0xFF, 0x00, 0xFF, 0xFF, 0xFF, 0x00,
        0xFF, 0xFF, 0xFF, 0x00, 0xFF, 0xFF, 0xFF, 0x00, 0xFF, 0xFF, 0xFF, 0x00,
        0xFF, 0xFF, 0xFF, 0x00, 0xFF, 0xFF, 0xFF, 0x00, 0xFF, 0xFF, 0xFF, 0x00,
        0xFF, 0xFF, 0xFF, 0x00, 0xFF, 0xFF, 0xFF, 0x00, 0xFF, 0xFF, 0xFF, 0x00,
        0xFF, 0xFF, 0xFF, 0x00, 0xFF, 0xFF, 0xFF, 0x00, 0xFF, 0xFF, 0xFF, 0x00,
        0xFF, 0xFF, 0xFF, 0x00, 0xFF, 0xFF, 0xFF, 0x00, 0xFF, 0xFF, 0xFF, 0x00,
        0xFF, 0xFF, 0xFF, 0x00, 0xFF, 0xFF, 0xFF, 0x00, 0xFF, 0xFF, 0xFF, 0x00,
        0xFF, 0xFF, 0xFF, 0x00, 0xFF, 0xFF, 0xFF, 0x00, 0xFF, 0xFF, 0xFF, 0x00,
        0xFF, 0xFF, 0xFF, 0x00, 0xFF, 0xFF, 0xFF, 0x00, 0xFF, 0xFF, 0xFF, 0x00,
        0xFF, 0xFF, 0xFF, 0x00, 0xFF, 0xFF, 0xFF, 0x00, 0xFF, 0xFF, 0xFF, 0x00,
        0xFF, 0xFF, 0xFF, 0x00, 0xFF, 0xFF, 0xFF, 0x00, 0xFF, 0xFF, 0xFF, 0x00,
        0xFF, 0xFF, 0xFF, 0x00, 0xFF, 0xFF, 0xFF, 0x00, 0xFF, 0xFF, 0xFF, 0x00,
        0xFF, 0xFF, 0xFF, 0x00, 0xFF, 0xFF, 0xFF, 0x00, 0xFF, 0xFF, 0xFF, 0x00,
        0xFF, 0xFF, 0xFF, 0x00, 0xFF, 0xFF, 0xFF, 0x00, 0xFF, 0xFF, 0xFF, 0x00,
        0xFF, 0xFF, 0xFF, 0x00, 0xFF, 0xFF, 0xFF, 0x00, 0xFF, 0xFF, 0xFF, 0x00,
        0xFF, 0xFF, 0xFF, 0x00, 0xFF, 0xFF, 0xFF, 0x00, 0xFF, 0xFF, 0xFF, 0x00,
        0xFF, 0xFF, 0xFF, 0x00, 0xFF, 0xFF, 0xFF, 0x00, 0xFF, 0xFF, 0xFF, 0x00,
        0xFF, 0xFF, 0xFF, 0x00, 0xFF, 0xFF, 0xFF, 0x00, 0xFF, 0xFF, 0xFF, 0x00,
        0xFF, 0xFF, 0xFF, 0x00, 0xFF, 0xFF, 0xFF, 0x00, 0xFF, 0xFF, 0xFF, 0x00,
        0xFF, 0xFF, 0xFF, 0x00, 0xFF, 0xFF, 0xFF, 0x00, 0xFF, 0xFF, 0xFF, 0x00,
        0xFF, 0xFF, 0xFF, 0x00, 0xFF, 0xFF, 0xFF, 0x00, 0xFF, 0xFF, 0xFF, 0x00,
        0xFF, 0xFF, 0xFF, 0x00, 0xFF, 0xFF, 0xFF, 0x00, 0xFF, 0xFF, 0xFF, 0x00,
        0xFF, 0xFF, 0xFF, 0x00, 0xFF, 0xFF, 0xFF, 0x00, 0xFF, 0xFF, 0xFF, 0x00,
        0xFF, 0xFF, 0xFF, 0x00, 0xFF, 0xFF, 0xFF, 0x00, 0xFF, 0xFF, 0xFF, 0x00,
        0xFF, 0xFF, 0xFF, 0x00, 0xFF, 0xFF, 0xFF, 0x00, 0xFF, 0xFF, 0xFF, 0x00,
        0xFF, 0xFF, 0xFF, 0x00, 0xFF, 0xFF, 0xFF, 0x00, 0xFF, 0xFF, 0xFF, 0x00,
        0xFF, 0xFF, 0xFF, 0x00, 0xFF, 0xFF, 0xFF, 0x00, 0xFF, 0xFF, 0xFF, 0x00,
        0xFF, 0xFF, 0xFF, 0x00, 0xFF, 0xFF, 0xFF, 0x00, 0xFF, 0xFF, 0xFF, 0x00,
        0xFF, 0xFF, 0xFF, 0x00, 0xFF, 0xFF, 0xFF, 0x00, 0xFF, 0xFF, 0xFF, 0x00,
        0xFF, 0xFF, 0xFF, 0x00, 0xFF, 0xFF, 0xFF, 0x00, 0xFF, 0xFF, 0xFF, 0x00,
        0xFF, 0xFF, 0xFF, 0x00, 0xFF, 0xFF, 0xFF, 0x00, 0xFF, 0xFF, 0xFF, 0x00,
        0xFF, 0xFF, 0xFF, 0x00, 0xFF, 0xFF, 0xFF, 0x00, 0xFF, 0xFF, 0xFF, 0x00,
        0xFF, 0xFF, 0xFF, 0x00, 0xFF, 0xFF, 0xFF, 0x00, 0xFF, 0xFF, 0xFF, 0x00,
        0xFF, 0xFF, 0xFF, 0x00, 0xFF, 0xFF, 0xFF, 0x00, 0xFF, 0xFF, 0xFF, 0x00,
        0xFF, 0xFF, 0xFF, 0x00, 0xFF, 0xFF, 0xFF, 0x00, 0xFF, 0xFF, 0xFF, 0x00,
        0xFF, 0xFF, 0xFF, 0x00, 0xFF, 0xFF, 0xFF, 0x00, 0xFF, 0xFF, 0xFF, 0x00,
        0xFF, 0xFF, 0xFF, 0x00, 0xFF, 0xFF, 0xFF, 0x00, 0xFF, 0xFF, 0xFF, 0x00,
        0xFF, 0xFF, 0xFF, 0x00, 0xFF, 0xFF, 0xFF, 0x00, 0xFF, 0xFF, 0xFF, 0x00,
        0xFF, 0xFF, 0xFF, 0x00, 0xFF, 0xFF, 0xFF, 0x00, 0xFF, 0xFF, 0xFF, 0x00,
        0xFF, 0xFF, 0xFF, 0x00, 0xFF, 0xFF, 0xFF, 0x00, 0xFF, 0xFF, 0xFF, 0x00,
        0xFF, 0xFF, 0xFF, 0x00, 0xFF, 0xFF, 0xFF, 0x00, 0xFF, 0xFF, 0xFF, 0x00,
        0xFF, 0xFF, 0xFF, 0x00, 0xFF, 0xFF, 0xFF, 0x00, 0xFF, 0xFF, 0xFF, 0x00,
        0xFF, 0xFF, 0xFF, 0x00, 0xFF, 0xFF, 0xFF, 0x00, 0xFF, 0xFF, 0xFF, 0x00,
        0xFF, 0xFF, 0xFF, 0x00, 0xFF, 0xFF, 0xFF, 0x00, 0xFF, 0xFF, 0xFF, 0x00,
        0xFF, 0xFF, 0xFF, 0x00, 0xFF, 0xFF, 0xFF, 0x00, 0xFF, 0xFF, 0xFF, 0x00,
        0xFF, 0xFF, 0xFF, 0x00, 0xFF, 0xFF, 0xFF, 0x00, 0xFF, 0xFF, 0xFF, 0x00,
        0xFF, 0xFF, 0xFF, 0x00, 0xFF, 0xFF, 0xFF, 0x00, 0xFF, 0xFF, 0xFF, 0x00,
        0xFF, 0xFF, 0xFF, 0x00, 0xFF, 0xFF, 0xFF, 0x00, 0xFF, 0xFF, 0xFF, 0x00,
        0xFF, 0xFF, 0xFF, 0x00, 0xFF, 0xFF, 0xFF, 0x00, 0xFF, 0xFF, 0xFF, 0x00,
        0xFF, 0xFF, 0xFF, 0x00, 0xFF, 0xFF, 0xFF, 0x00, 0xFF, 0xFF, 0xFF, 0x00,
        0xFF, 0xFF, 0xFF, 0x00, 0xFF, 0xFF, 0xFF, 0x00, 0xFF, 0xFF, 0xFF, 0x00,
        0xFF, 0xFF, 0xFF, 0x00, 0xFF, 0xFF, 0xFF, 0x00, 0xFF, 0xFF, 0xFF, 0x00,
        0xFF, 0xFF, 0xFF, 0x00, 0xFF, 0xFF, 0xFF, 0x00, 0xFF, 0xFF, 0xFF, 0x00,
        0xFF, 0xFF, 0xFF, 0x00, 0xFF, 0xFF, 0xFF, 0x00, 0xFF, 0xFF, 0xFF, 0x00,
        0xFF, 0xFF, 0xFF, 0x00, 0xFF, 0xFF, 0xFF, 0x00, 0xFF, 0xFF, 0xFF, 0x00,
        0xFF, 0xFF, 0xFF, 0x00, 0xFF, 0xFF, 0xFF, 0x00, 0xFF, 0xFF, 0xFF, 0x00,
        0xFF, 0xFF, 0xFF, 0x00, 0xFF, 0xFF, 0xFF, 0x00, 0xFF, 0xFF, 0xFF, 0x00,
        0xFF, 0xFF, 0xFF, 0x00, 0xFF, 0xFF, 0xFF, 0x00, 0xFF, 0xFF, 0xFF, 0x00,
        0xFF, 0xFF, 0xFF, 0x00, 0xFF, 0xFF, 0xFF, 0x00, 0xFF, 0xFF, 0xFF, 0x00,
        0xFF, 0xFF, 0xFF, 0x00, 0xFF, 0xFF, 0xFF, 0x00, 0xFF, 0xFF, 0xFF, 0x00,
        0xFF, 0xFF, 0xFF, 0x00, 0xFF, 0xFF, 0xFF, 0x00, 0xFF, 0xFF, 0xFF, 0x00,
        0xFF, 0xFF, 0xFF, 0x00, 0xFF, 0xFF, 0xFF, 0x00, 0xFF, 0xFF, 0xFF, 0x00,
        0xFF, 0xFF, 0xFF, 0x00, 0xFF, 0xFF, 0xFF, 0x00, 0xFF, 0xFF, 0xFF, 0x00,
        0xFF, 0xFF, 0xFF, 0x00, 0xFF, 0xFF, 0xFF, 0x00, 0xFF, 0xFF, 0xFF, 0x00,
        0xFF, 0xFF, 0xFF, 0x00, 0xFF, 0xFF, 0xFF, 0x00, 0xFF, 0xFF, 0xFF, 0x00,
        0xFF, 0xFF, 0xFF, 0x00, 0xFF, 0xFF, 0xFF, 0x00, 0xFF, 0xFF, 0xFF, 0x00,
        0xFF, 0xFF, 0xFF, 0x00, 0xFF, 0xFF, 0xFF, 0x00, 0xFF, 0xFF, 0xFF, 0x00,
        0xFF, 0xFF, 0xFF, 0x00, 0xFF, 0xFF, 0xFF, 0x00, 0xFF, 0xFF, 0xFF, 0x00,
        0xFF, 0xFF, 0xFF, 0x00, 0xFF, 0xFF, 0xFF, 0x00, 0xFF, 0xFF, 0xFF, 0x00,
        0xFF, 0xFF, 0xFF, 0x00, 0xFF, 0xFF, 0xFF, 0x00, 0xFF, 0xFF, 0xFF, 0x00,
        0xFF, 0xFF, 0xFF, 0x00, 0xFF, 0xFF, 0xFF, 0x00, 0xFF, 0xFF, 0xFF, 0x00,
        0xFF, 0xFF, 0xFF, 0x00, 0xFF, 0xFF, 0xFF, 0x00, 0xFF, 0xFF, 0xFF, 0x00,
        0xFF, 0xFF, 0xFF, 0x00, 0xFF, 0xFF, 0xFF, 0x00, 0xFF, 0xFF, 0xFF, 0x00,
        0xFF, 0xFF, 0xFF, 0x00, 0xFF, 0xFF, 0xFF, 0x00, 0xFF, 0xFF, 0xFF, 0x00,
        0xFF, 0xFF, 0xFF, 0x00, 0xFF, 0xFF, 0xFF, 0x00, 0xFF, 0xFF, 0xFF, 0x00,
        0xFF, 0xFF, 0xFF, 0x00, 0xFF, 0xFF, 0xFF, 0x00, 0xFF, 0xFF, 0xFF, 0x00,
        0xFF, 0xFF, 0xFF, 0x00, 0xFF, 0xFF, 0xFF, 0x00, 0xFF, 0xFF, 0xFF, 0x00,
        0xFF, 0xFF, 0xFF, 0x00, 0xFF, 0xFF, 0xFF, 0x00, 0xFF, 0xFF, 0xFF, 0x00,
        0xFF, 0xFF, 0xFF, 0x00, 0xFF, 0xFF, 0xFF, 0x00, 0xFF, 0xFF, 0xFF, 0x00,
        0xFF, 0xFF, 0xFF, 0x00, 0xFF, 0xFF, 0xFF, 0x00, 0xFF, 0xFF, 0xFF, 0x00,
        0xFF, 0xFF, 0xFF, 0x00, 0xFF, 0xFF, 0xFF, 0x00, 0xFF, 0xFF, 0xFF, 0x00,
        0xFF, 0xFF, 0xFF, 0x00, 0xFF, 0xFF, 0xFF, 0x00, 0xFF, 0xFF, 0xFF, 0x00,
        0xFF, 0xFF, 0xFF, 0x00, 0xFF, 0xFF, 0xFF, 0x00, 0xFF, 0xFF, 0xFF, 0x00,
        0xFF, 0xFF, 0xFF, 0x00, 0xFF, 0xFF, 0xFF, 0x00, 0xFF, 0xFF, 0xFF, 0x00,
        0xFF, 0xFF, 0xFF, 0x00, 0xFF, 0xFF, 0xFF, 0x00, 0xFF, 0xFF, 0xFF, 0x00,
        0xFF, 0xFF, 0xFF, 0x00, 0xFF, 0xFF, 0xFF, 0x00, 0xFF, 0xFF, 0xFF, 0x00,
        0xFF, 0xFF, 0xFF, 0x00, 0xFF, 0xFF, 0xFF, 0x00, 0xFF, 0xFF, 0xFF, 0x00,
        0xFF, 0xFF, 0xFF, 0x00, 0xFF, 0xFF, 0xFF, 0x00, 0xFF, 0xFF, 0xFF, 0x00,
        0xFF, 0xFF, 0xFF, 0x00, 0xFF, 0xFF, 0xFF, 0x00, 0xFF, 0xFF, 0xFF, 0x00,
        0xFF, 0xFF, 0xFF, 0x00, 0xFF, 0xFF, 0xFF, 0x00, 0xFF, 0xFF, 0xFF, 0x00,
        0xFF, 0xFF, 0xFF, 0x00, 0xFF, 0xFF, 0xFF, 0x00, 0xFF, 0xFF, 0xFF, 0x00,
        0xFF, 0xFF, 0xFF, 0x00, 0xFF, 0xFF, 0xFF, 0x00, 0xFF, 0xFF, 0xFF, 0x00,
        0xFF, 0xFF, 0xFF, 0x00, 0xFF, 0xFF, 0xFF, 0x00, 0xFF, 0xFF, 0xFF, 0x00,
        0xFF, 0xFF, 0xFF, 0x00, 0xFF, 0xFF, 0xFF, 0x00, 0xFF, 0xFF, 0xFF, 0x00,
        0xFF, 0xFF, 0xFF, 0x00, 0xFF, 0xFF, 0xFF, 0x00, 0xFF, 0xFF, 0xFF, 0x00,
        0xFF, 0xFF, 0xFF, 0x00, 0xFF, 0xFF, 0xFF, 0x00, 0xFF, 0xFF, 0xFF, 0x00,
        0xFF, 0xFF, 0xFF, 0x00, 0xFF, 0xFF, 0xFF, 0x00, 0xFF, 0xFF, 0xFF, 0x00,
        0xFF, 0xFF, 0xFF, 0x00, 0xFF, 0xFF, 0xFF, 0x00, 0xFF, 0xFF, 0xFF, 0x00,
        0xFF, 0xFF, 0xFF, 0x00, 0xFF, 0xFF, 0xFF, 0x00, 0xFF, 0xFF, 0xFF, 0x00,
        0xFF, 0xFF, 0xFF, 0x00, 0xFF, 0xFF, 0xFF, 0x00, 0xFF, 0xFF, 0xFF, 0x00,
        0xFF, 0xFF, 0xFF, 0x00, 0xFF, 0xFF, 0xFF, 0x00, 0xFF, 0xFF, 0xFF, 0x00,
        0xFF, 0xFF, 0xFF, 0x00, 0xFF, 0xFF, 0xFF, 0x00, 0xFF, 0xFF, 0xFF, 0x00,
        0xFF, 0xFF, 0xFF, 0x00, 0xFF, 0xFF, 0xFF, 0x00, 0xFF, 0xFF, 0xFF, 0x00,
        0xFF, 0xFF, 0xFF, 0x00, 0xFF, 0xFF, 0xFF, 0x00, 0xFF, 0xFF, 0xFF, 0x00,
        0xFF, 0xFF, 0xFF, 0x00, 0xFF, 0xFF, 0xFF, 0x00, 0xFF, 0xFF, 0xFF, 0x00,
        0xFF, 0xFF, 0xFF, 0x00, 0xFF, 0xFF, 0xFF, 0x00, 0xFF, 0xFF, 0xFF, 0x00,
        0xFF, 0xFF, 0xFF, 0x00, 0xFF, 0xFF, 0xFF, 0x00, 0xFF, 0xFF, 0xFF, 0x00,
        0xFF, 0xFF, 0xFF, 0x00, 0xFF, 0xFF, 0xFF, 0x00, 0xFF, 0xFF, 0xFF, 0x00,
        0xFF, 0xFF, 0xFF, 0x00, 0xFF, 0xFF, 0xFF, 0x00, 0xFF, 0xFF, 0xFF, 0x00,
        0xFF, 0xFF, 0xFF, 0x00, 0xFF, 0xFF, 0xFF, 0x00, 0xFF, 0xFF, 0xFF, 0x00,
        0xFF, 0xFF, 0xFF, 0x00, 0xFF, 0xFF, 0xFF, 0x00, 0xFF, 0xFF, 0xFF, 0x00,
        0xFF, 0xFF, 0xFF, 0x00, 0xFF, 0xFF, 0xFF, 0x00, 0xFF, 0xFF, 0xFF, 0x00,
        0xFF, 0xFF, 0xFF, 0x00, 0xFF, 0xFF, 0xFF, 0x00, 0xFF, 0xFF, 0xFF, 0x00,
        0xFF, 0xFF, 0xFF, 0x00, 0xFF, 0xFF, 0xFF, 0x00, 0xFF, 0xFF, 0xFF, 0x00,
        0xFF, 0xFF, 0xFF, 0x00, 0xFF, 0xFF, 0xFF, 0x00, 0xFF, 0xFF, 0xFF, 0x00,
        0xFF, 0xFF, 0xFF, 0x00, 0xFF, 0xFF, 0xFF, 0x00, 0xFF, 0xFF, 0xFF, 0x00,
        0xFF, 0xFF, 0xFF, 0x00, 0xFF, 0xFF, 0xFF, 0x00, 0xFF, 0xFF, 0xFF, 0x00,
        0xFF, 0xFF, 0xFF, 0x00, 0xFF, 0xFF, 0xFF, 0x00, 0xFF, 0xFF, 0xFF, 0x00,
        0xFF, 0xFF, 0xFF, 0x00, 0xFF, 0xFF, 0xFF, 0x00, 0xFF, 0xFF, 0xFF, 0x00,
        0xFF, 0xFF, 0xFF, 0x00, 0xFF, 0xFF, 0xFF, 0x00, 0xFF, 0xFF, 0xFF, 0x00,
        0xFF, 0xFF, 0xFF, 0x00, 0xFF, 0xFF, 0xFF, 0x00, 0xFF, 0xFF, 0xFF, 0x00,
        0xFF, 0xFF, 0xFF, 0x00, 0xFF, 0xFF, 0xFF, 0x00, 0xFF, 0xFF, 0xFF, 0x00,
        0xFF, 0xFF, 0xFF, 0x00, 0xFF, 0xFF, 0xFF, 0x00, 0xFF, 0xFF, 0xFF, 0x00,
        0xFF, 0xFF, 0xFF, 0x00, 0xFF, 0xFF, 0xFF, 0x00, 0xFF, 0xFF, 0xFF, 0x00,
        0xFF, 0xFF, 0xFF, 0x00, 0xFF, 0xFF, 0xFF, 0x00, 0xFF, 0xFF, 0xFF, 0x00,
        0xFF, 0xFF, 0xFF, 0x00, 0xFF, 0xFF, 0xFF, 0x00, 0xFF, 0xFF, 0xFF, 0x00,
        0xFF, 0xFF, 0xFF, 0x00, 0xFF, 0xFF, 0xFF, 0x00, 0xFF, 0xFF, 0xFF, 0x00,
        0xFF, 0xFF, 0xFF, 0x00, 0xFF, 0xFF, 0xFF, 0x00, 0xFF, 0xFF, 0xFF, 0x00,
        0xFF, 0xFF, 0xFF, 0x00, 0xFF, 0xFF, 0xFF, 0x00, 0xFF, 0xFF, 0xFF, 0x00,
        0xFF, 0xFF, 0xFF, 0x00, 0xFF, 0xFF, 0xFF, 0x00, 0xFF, 0xFF, 0xFF, 0x00,
        0xFF, 0xFF, 0xFF, 0x00, 0xFF, 0xFF, 0xFF, 0x00, 0xFF, 0xFF, 0xFF, 0x00,
        0xFF, 0xFF, 0xFF, 0x00, 0xFF, 0xFF, 0xFF, 0x00, 0xFF, 0xFF, 0xFF, 0x00,
        0xFF, 0xFF, 0xFF, 0x00, 0xFF, 0xFF, 0xFF, 0x00, 0xFF, 0xFF, 0xFF, 0x00,
        0xFF, 0xFF, 0xFF, 0x00, 0xFF, 0xFF, 0xFF, 0x00, 0xFF, 0xFF, 0xFF, 0x00,
        0xFF, 0xFF, 0xFF, 0x00, 0xFF, 0xFF, 0xFF, 0x00, 0xFF, 0xFF, 0xFF, 0x00,
        0xFF, 0xFF, 0xFF, 0x00, 0xFF, 0xFF, 0xFF, 0x00, 0xFF, 0xFF, 0xFF, 0x00,
        0xFF, 0xFF, 0xFF, 0x00, 0xFF, 0xFF, 0xFF, 0x00, 0xFF, 0xFF, 0xFF, 0x00,
        0xFF, 0xFF, 0xFF, 0x00, 0xFF, 0xFF, 0xFF, 0x00, 0xFF, 0xFF, 0xFF, 0x00,
        0xFF, 0xFF, 0xFF, 0x00, 0xFF, 0xFF, 0xFF, 0x00, 0xFF, 0xFF, 0xFF, 0x00,
        0xFF, 0xFF, 0xFF, 0x00, 0xFF, 0xFF, 0xFF, 0x00, 0xFF, 0xFF, 0xFF, 0x00,
        0xFF, 0xFF, 0xFF, 0x00, 0xFF, 0xFF, 0xFF, 0x00, 0xFF, 0xFF, 0xFF, 0x00,
        0xFF, 0xFF, 0xFF, 0x00, 0xFF, 0xFF, 0xFF, 0x00, 0xFF, 0xFF, 0xFF, 0x00,
        0xFF, 0xFF, 0xFF, 0x00, 0xFF, 0xFF, 0xFF, 0x00, 0xFF, 0xFF, 0xFF, 0x00,
        0xFF, 0xFF, 0xFF, 0x00, 0xFF, 0xFF, 0xFF, 0x00, 0xFF, 0xFF, 0xFF, 0x00,
        0xFF, 0xFF, 0xFF, 0x00, 0xFF, 0xFF, 0xFF, 0x00, 0xFF, 0xFF, 0xFF, 0x00,
        0xFF, 0xFF, 0xFF, 0x00, 0xFF, 0xFF, 0xFF, 0x00, 0xFF, 0xFF, 0xFF, 0x00,
        0xFF, 0xFF, 0xFF, 0x00, 0xFF, 0xFF, 0xFF, 0x00, 0xFF, 0xFF, 0xFF, 0x00,
        0xFF, 0xFF, 0xFF, 0x00, 0xFF, 0xFF, 0xFF, 0x00, 0xFF, 0xFF, 0xFF, 0x00,
        0xFF, 0xFF, 0xFF, 0x00, 0xFF, 0xFF, 0xFF, 0x00, 0xFF, 0xFF, 0xFF, 0x00,
        0xFF, 0xFF, 0xFF, 0x00, 0xFF, 0xFF, 0xFF, 0x00, 0xFF, 0xFF, 0xFF, 0x00,
        0xFF, 0xFF, 0xFF, 0x00, 0xFF, 0xFF, 0xFF, 0x00, 0xFF, 0xFF, 0xFF, 0x00,
        0xFF, 0xFF, 0xFF, 0x00, 0xFF, 0xFF, 0xFF, 0x00, 0xFF, 0xFF, 0xFF, 0x00,
        0xFF, 0xFF, 0xFF, 0x00, 0xFF, 0xFF, 0xFF, 0x00, 0xFF, 0xFF, 0xFF, 0x00,
        0xFF, 0xFF, 0xFF, 0x00, 0xFF, 0xFF, 0xFF, 0x00, 0xFF, 0xFF, 0xFF, 0x00,
        0xFF, 0xFF, 0xFF, 0x00, 0xFF, 0xFF, 0xFF, 0x00, 0xFF, 0xFF, 0xFF, 0x00,
        0xFF, 0xFF, 0xFF, 0x00, 0xFF, 0xFF, 0xFF, 0x00, 0xFF, 0xFF, 0xFF, 0x00,
        0xFF, 0xFF, 0xFF, 0x00, 0xFF, 0xFF, 0xFF, 0x00, 0xFF, 0xFF, 0xFF, 0x00,
        0xFF, 0xFF, 0xFF, 0x00, 0xFF, 0xFF, 0xFF, 0x00, 0xFF, 0xFF, 0xFF, 0x00,
        0xFF, 0xFF, 0xFF, 0x00, 0xFF, 0xFF, 0xFF, 0x00, 0xFF, 0xFF, 0xFF, 0x00,
        0xFF, 0xFF, 0xFF, 0x00, 0xFF, 0xFF, 0xFF, 0x00, 0xFF, 0xFF, 0xFF, 0x00,
        0xFF, 0xFF, 0xFF, 0x00, 0xFF, 0xFF, 0xFF, 0x00, 0xFF, 0xFF, 0xFF, 0x00,
        0xFF, 0xFF, 0xFF, 0x00, 0xFF, 0xFF, 0xFF, 0x00, 0xFF, 0xFF, 0xFF, 0x00,
        0xFF, 0xFF, 0xFF, 0x00, 0xFF, 0xFF, 0xFF, 0x00, 0xFF, 0xFF, 0xFF, 0x00,
        0xFF, 0xFF, 0xFF, 0x00, 0xFF, 0xFF, 0xFF, 0x00, 0xFF, 0xFF, 0xFF, 0x00,
        0xFF, 0xFF, 0xFF, 0x00, 0xFF, 0xFF, 0xFF, 0x00, 0xFF, 0xFF, 0xFF, 0x00,
        0xFF, 0xFF, 0xFF, 0x00, 0xFF, 0xFF, 0xFF, 0x00, 0xFF, 0xFF, 0xFF, 0x00,
        0xFF, 0xFF, 0xFF, 0x00, 0xFF, 0xFF, 0xFF, 0x00, 0xFF, 0xFF, 0xFF, 0x00,
        0xFF, 0xFF, 0xFF, 0x00, 0xFF, 0xFF, 0xFF, 0x00, 0xFF, 0xFF, 0xFF, 0x00,
        0xFF, 0xFF, 0xFF, 0x00, 0xFF, 0xFF, 0xFF, 0x00, 0xFF, 0xFF, 0xFF, 0x00,
        0xFF, 0xFF, 0xFF, 0x00, 0xFF, 0xFF, 0xFF, 0x00, 0xFF, 0xFF, 0xFF, 0x00,
        0xFF, 0xFF, 0xFF, 0x00, 0xFF, 0xFF, 0xFF, 0x00, 0xFF, 0xFF, 0xFF, 0x00,
        0xFF, 0xFF, 0xFF, 0x00, 0xFF, 0xFF, 0xFF, 0x00, 0xFF, 0xFF, 0xFF, 0x00,
        0xFF, 0xFF, 0xFF, 0x00, 0xFF, 0xFF, 0xFF, 0x00, 0xFF, 0xFF, 0xFF, 0x00,
        0xFF, 0xFF, 0xFF, 0x00, 0xFF, 0xFF, 0xFF, 0x00, 0xFF, 0xFF, 0xFF, 0x00,
        0xFF, 0xFF, 0xFF, 0x00, 0xFF, 0xFF, 0xFF, 0x00, 0xFF, 0xFF, 0xFF, 0x00,
        0xFF, 0xFF, 0xFF, 0x00, 0xFF, 0xFF, 0xFF, 0x00, 0xFF, 0xFF, 0xFF, 0x00,
        0xFF, 0xFF, 0xFF, 0x00, 0xFF, 0xFF, 0xFF, 0x00, 0xFF, 0xFF, 0xFF, 0x00,
        0xFF, 0xFF, 0xFF, 0x00, 0xFF, 0xFF, 0xFF, 0x00, 0xFF, 0xFF, 0xFF, 0x00,
        0xFF, 0xFF, 0xFF, 0x00, 0xFF, 0xFF, 0xFF, 0x00, 0xFF, 0xFF, 0xFF, 0x00,
        0xFF, 0xFF, 0xFF, 0x00, 0xFF, 0xFF, 0xFF, 0x00, 0xFF, 0xFF, 0xFF, 0x00,
        0xFF, 0xFF, 0xFF, 0x00, 0xFF, 0xFF, 0xFF, 0x00, 0xFF, 0xFF, 0xFF, 0x00,
        0xFF, 0xFF, 0xFF, 0x00, 0xFF, 0xFF, 0xFF, 0x00, 0xFF, 0xFF, 0xFF, 0x00,
        0xFF, 0xFF, 0xFF, 0x00, 0xFF, 0xFF, 0xFF, 0x00, 0xFF, 0xFF, 0xFF, 0x00,
        0xFF, 0xFF, 0xFF, 0x00, 0xFF, 0xFF, 0xFF, 0x00, 0xFF, 0xFF, 0xFF, 0x00,
        0xFF, 0xFF, 0xFF, 0x00, 0xFF, 0xFF, 0xFF, 0x00, 0xFF, 0xFF, 0xFF, 0x00,
        0xFF, 0xFF, 0xFF, 0x00, 0xFF, 0xFF, 0xFF, 0x00, 0xFF, 0xFF, 0xFF, 0x00,
        0xFF, 0xFF, 0xFF, 0x00, 0xFF, 0xFF, 0xFF, 0x00, 0xFF, 0xFF, 0xFF, 0x00,
        0xFF, 0xFF, 0xFF, 0x00, 0xFF, 0xFF, 0xFF, 0x00, 0xFF, 0xFF, 0xFF, 0x00,
        0xFF, 0xFF, 0xFF, 0x00, 0xFF, 0xFF, 0xFF, 0x00, 0xFF, 0xFF, 0xFF, 0x00,
        0xFF, 0xFF, 0xFF, 0x00, 0xFF, 0xFF, 0xFF, 0x00, 0xFF, 0xFF, 0xFF, 0x00,
        0xFF, 0xFF, 0xFF, 0x00, 0xFF, 0xFF, 0xFF, 0x00, 0xFF, 0xFF, 0xFF, 0x00,
        0xFF, 0xFF, 0xFF, 0x00, 0xFF, 0xFF, 0xFF, 0x00, 0xFF, 0xFF, 0xFF, 0x00,
        0xFF, 0xFF, 0xFF, 0x00, 0xFF, 0xFF, 0xFF, 0x00, 0xFF, 0xFF, 0xFF, 0x00,
        0xFF, 0xFF, 0xFF, 0x00, 0xFF, 0xFF, 0xFF, 0x00, 0xFF, 0xFF, 0xFF, 0x00,
        0xFF, 0xFF, 0xFF, 0x00, 0xFF, 0xFF, 0xFF, 0x00, 0xFF, 0xFF, 0xFF, 0x00,
        0xFF, 0xFF, 0xFF, 0x00, 0xFF, 0xFF, 0xFF, 0x00, 0xFF, 0xFF, 0xFF, 0x00,
        0xFF, 0xFF, 0xFF, 0x00, 0xFF, 0xFF, 0xFF, 0x00, 0xFF, 0xFF, 0xFF, 0x00,
        0xFF, 0xFF, 0xFF, 0x00, 0xFF, 0xFF, 0xFF, 0x00, 0xFF, 0xFF, 0xFF, 0x00,
        0xFF, 0xFF, 0xFF, 0x00, 0xFF, 0xFF, 0xFF, 0x00, 0xFF, 0xFF, 0xFF, 0x00,
        0xFF, 0xFF, 0xFF, 0x00, 0xFF, 0xFF, 0xFF, 0x00, 0xFF, 0xFF, 0xFF, 0x00,
        0xFF, 0xFF, 0xFF, 0x00, 0xFF, 0xFF, 0xFF, 0x00, 0xFF, 0xFF, 0xFF, 0x00,
        0xFF, 0xFF, 0xFF, 0x00, 0xFF, 0xFF, 0xFF, 0x00, 0xFF, 0xFF, 0xFF, 0x00,
        0xFF, 0xFF, 0xFF, 0x00, 0xFF, 0xFF, 0xFF, 0x00, 0xFF, 0xFF, 0xFF, 0x00,
        0xFF, 0xFF, 0xFF, 0x00, 0xFF, 0xFF, 0xFF, 0x00, 0xFF, 0xFF, 0xFF, 0x00,
        0xFF, 0xFF, 0xFF, 0x00, 0xFF, 0xFF, 0xFF, 0x00, 0xFF, 0xFF, 0xFF, 0x00,
        0xFF, 0xFF, 0xFF, 0x00, 0xFF, 0xFF, 0xFF, 0x00, 0xFF, 0xFF, 0xFF, 0x00,
        0xFF, 0xFF, 0xFF, 0x00, 0xFF, 0xFF, 0xFF, 0x00, 0xFF, 0xFF, 0xFF, 0x00,
        0xFF, 0xFF, 0xFF, 0x00, 0xFF, 0xFF, 0xFF, 0x00, 0xFF, 0xFF, 0xFF, 0x00,
        0xFF, 0xFF, 0xFF, 0x00, 0xFF, 0xFF, 0xFF, 0x00, 0xFF, 0xFF, 0xFF, 0x00,
        0xFF, 0xFF, 0xFF, 0x00, 0xFF, 0xFF, 0xFF, 0x00, 0xFF, 0xFF, 0xFF, 0x00,
        0xFF, 0xFF, 0xFF, 0x00, 0xFF, 0xFF, 0xFF, 0x00, 0xFF, 0xFF, 0xFF, 0x00,
        0xFF, 0xFF, 0xFF, 0x00, 0xFF, 0xFF, 0xFF, 0x00, 0xFF, 0xFF, 0xFF, 0x00,
        0xFF, 0xFF, 0xFF, 0x00, 0xFF, 0xFF, 0xFF, 0x00, 0xFF, 0xFF, 0xFF, 0x00,
        0xFF, 0xFF, 0xFF, 0x00, 0xFF, 0xFF, 0xFF, 0x00, 0xFF, 0xFF, 0xFF, 0x00,
        0xFF, 0xFF, 0xFF, 0x00, 0xFF, 0xFF, 0xFF, 0x00, 0xFF, 0xFF, 0xFF, 0x00,
        0xFF, 0xFF, 0xFF, 0x00, 0xFF, 0xFF, 0xFF, 0x00, 0xFF, 0xFF, 0xFF, 0x00,
        0xFF, 0xFF, 0xFF, 0x00, 0xFF, 0xFF, 0xFF, 0x00, 0xFF, 0xFF, 0xFF, 0x00,
        0xFF, 0xFF, 0xFF, 0x00, 0xFF, 0xFF, 0xFF, 0x00, 0xFF, 0xFF, 0xFF, 0x00,
        0xFF, 0xFF, 0xFF, 0x00, 0xFF, 0xFF, 0xFF, 0x00, 0xFF, 0xFF, 0xFF, 0x00,
        0xFF, 0xFF, 0xFF, 0x00, 0xFF, 0xFF, 0xFF, 0x00, 0xFF, 0xFF, 0xFF, 0x00,
        0xFF, 0xFF, 0xFF, 0x00, 0xFF, 0xFF, 0xFF, 0x00, 0xFF, 0xFF, 0xFF, 0x00,
        0xFF, 0xFF, 0xFF, 0x00, 0xFF, 0xFF, 0xFF, 0x00, 0xFF, 0xFF, 0xFF, 0x00,
        0xFF, 0xFF, 0xFF, 0x00, 0xFF, 0xFF, 0xFF, 0x00, 0xFF, 0xFF, 0xFF, 0x00,
        0xFF, 0xFF, 0xFF, 0x00, 0xFF, 0xFF, 0xFF, 0x00, 0xFF, 0xFF, 0xFF, 0x00,
        0xFF, 0xFF, 0xFF, 0x00, 0xFF, 0xFF, 0xFF, 0x00, 0xFF, 0xFF, 0xFF, 0x00,
        0xFF, 0xFF, 0xFF, 0x00, 0xFF, 0xFF, 0xFF, 0x00, 0xFF, 0xFF, 0xFF, 0x00,
        0xFF, 0xFF, 0xFF, 0x00, 0xFF, 0xFF, 0xFF, 0x00, 0xFF, 0xFF, 0xFF, 0x00,
        0xFF, 0xFF, 0xFF, 0x00, 0xFF, 0xFF, 0xFF, 0x00, 0xFF, 0xFF, 0xFF, 0x00,
        0xFF, 0xFF, 0xFF, 0x00, 0xFF, 0xFF, 0xFF, 0x00, 0xFF, 0xFF, 0xFF, 0x00,
        0xFF, 0xFF, 0xFF, 0x00, 0xFF, 0xFF, 0xFF, 0x00, 0xFF, 0xFF, 0xFF, 0x00,
        0xFF, 0xFF, 0xFF, 0x00, 0xFF, 0xFF, 0xFF, 0x00, 0xFF, 0xFF, 0xFF, 0x00,
        0xFF, 0xFF, 0xFF, 0x00, 0xFF, 0xFF, 0xFF, 0x00, 0xFF, 0xFF, 0xFF, 0x00,
        0xFF, 0xFF, 0xFF, 0x00, 0xFF, 0xFF, 0xFF, 0x00, 0xFF, 0xFF, 0xFF, 0x00,
        0xFF, 0xFF, 0xFF, 0x00, 0xFF, 0xFF, 0xFF, 0x00, 0xFF, 0xFF, 0xFF, 0x00,
        0xFF, 0xFF, 0xFF, 0x00, 0xFF, 0xFF, 0xFF, 0x00, 0xFF, 0xFF, 0xFF, 0x00,
        0xFF, 0xFF, 0xFF, 0x00, 0xFF, 0xFF, 0xFF, 0x00, 0xFF, 0xFF, 0xFF, 0x00,
        0xFF, 0xFF, 0xFF, 0x00, 0xFF, 0xFF, 0xFF, 0x00, 0xFF, 0xFF, 0xFF, 0x00,
        0xFF, 0xFF, 0xFF, 0x00, 0xFF, 0xFF, 0xFF, 0x00, 0xFF, 0xFF, 0xFF, 0x00,
        0xFF, 0xFF, 0xFF, 0x00, 0xFF, 0xFF, 0xFF, 0x00, 0xFF, 0xFF, 0xFF, 0x00,
        0xFF, 0xFF, 0xFF, 0x00, 0xFF, 0xFF, 0xFF, 0x00, 0xFF, 0xFF, 0xFF, 0x00,
        0xFF, 0xFF, 0xFF, 0x00, 0xFF, 0xFF, 0xFF, 0x00, 0xFF, 0xFF, 0xFF, 0x00,
        0xFF, 0xFF, 0xFF, 0x00, 0xFF, 0xFF, 0xFF, 0x00, 0xFF, 0xFF, 0xFF, 0x00,
        0xFF, 0xFF, 0xFF, 0x00, 0xFF, 0xFF, 0xFF, 0x00, 0xFF, 0xFF, 0xFF, 0x00,
        0xFF, 0xFF, 0xFF, 0x00, 0xFF, 0xFF, 0xFF, 0x00, 0xFF, 0xFF, 0xFF, 0x00,
        0xFF, 0xFF, 0xFF, 0x00, 0xFF, 0xFF, 0xFF, 0x00, 0xFF, 0xFF, 0xFF, 0x00,
        0xFF, 0xFF, 0xFF, 0x00, 0xFF, 0xFF, 0xFF, 0x00, 0xFF, 0xFF, 0xFF, 0x00,
        0xFF, 0xFF, 0xFF, 0x00, 0xFF, 0xFF, 0xFF, 0x00, 0xFF, 0xFF, 0xFF, 0x00,
        0xFF, 0xFF, 0xFF, 0x00, 0xFF, 0xFF, 0xFF, 0x00, 0xFF, 0xFF, 0xFF, 0x00,
        0xFF, 0xFF, 0xFF, 0x00, 0xFF, 0xFF, 0xFF, 0x00, 0xFF, 0xFF, 0xFF, 0x00,
        0xFF, 0xFF, 0xFF, 0x00, 0xFF, 0xFF, 0xFF, 0x00, 0xFF, 0xFF, 0xFF, 0x00,
        0xFF, 0xFF, 0xFF, 0x00, 0xFF, 0xFF, 0xFF, 0x00, 0xFF, 0xFF, 0xFF, 0x00,
        0xFF, 0xFF, 0xFF, 0x00, 0xFF, 0xFF, 0xFF, 0x00, 0xFF, 0xFF, 0xFF, 0x00,
        0xFF, 0xFF, 0xFF, 0x00, 0xFF, 0xFF, 0xFF, 0x00, 0xFF, 0xFF, 0xFF, 0x00,
        0xFF, 0xFF, 0xFF, 0x00, 0xFF, 0xFF, 0xFF, 0x00, 0xFF, 0xFF, 0xFF, 0x00,
        0xFF, 0xFF, 0xFF, 0x00, 0xFF, 0xFF, 0xFF, 0x00, 0xFF, 0xFF, 0xFF, 0x00,
        0xFF, 0xFF, 0xFF, 0x00, 0xFF, 0xFF, 0xFF, 0x00, 0xFF, 0xFF, 0xFF, 0x00,
        0xFF, 0xFF, 0xFF, 0x00, 0xFF, 0xFF, 0xFF, 0x00, 0xFF, 0xFF, 0xFF, 0x00,
        0xFF, 0xFF, 0xFF, 0x00, 0xFF, 0xFF, 0xFF, 0x00, 0xFF, 0xFF, 0xFF, 0x00,
        0xFF, 0xFF, 0xFF, 0x00, 0xFF, 0xFF, 0xFF, 0x00, 0xFF, 0xFF, 0xFF, 0x00,
        0xFF, 0xFF, 0xFF, 0x00, 0xFF, 0xFF, 0xFF, 0x00, 0xFF, 0xFF, 0xFF, 0x00,
        0xFF, 0xFF, 0xFF, 0x00, 0xFF, 0xFF, 0xFF, 0x00, 0xFF, 0xFF, 0xFF, 0x00,
        0xFF, 0xFF, 0xFF, 0x00, 0xFF, 0xFF, 0xFF, 0x00, 0xFF, 0xFF, 0xFF, 0x00,
        0xFF, 0xFF, 0xFF, 0x00, 0xFF, 0xFF, 0xFF, 0x00, 0xFF, 0xFF, 0xFF, 0x00,
        0xFF, 0xFF, 0xFF, 0x00, 0xFF, 0xFF, 0xFF, 0x00, 0xFF, 0xFF, 0xFF, 0x00,
        0xFF, 0xFF, 0xFF, 0x00, 0xFF, 0xFF, 0xFF, 0x00, 0xFF, 0xFF, 0xFF, 0x00,
        0xFF, 0xFF, 0xFF, 0x00, 0xFF, 0xFF, 0xFF, 0x00, 0xFF, 0xFF, 0xFF, 0x00,
        0xFF, 0xFF, 0xFF, 0x00, 0xFF, 0xFF, 0xFF, 0x00, 0xFF, 0xFF, 0xFF, 0x00,
        0xFF, 0xFF, 0xFF, 0x00, 0xFF, 0xFF, 0xFF, 0x00, 0xFF, 0xFF, 0xFF, 0x00,
        0xFF, 0xFF, 0xFF, 0x00, 0xFF, 0xFF, 0xFF, 0x00, 0xFF, 0xFF, 0xFF, 0x00,
        0xFF, 0xFF, 0xFF, 0x00, 0xFF, 0xFF, 0xFF, 0x00, 0xFF, 0xFF, 0xFF, 0x00,
        0xFF, 0xFF, 0xFF, 0x00, 0xFF, 0xFF, 0xFF, 0x00, 0xFF, 0xFF, 0xFF, 0x00,
        0xFF, 0xFF, 0xFF, 0x00, 0xFF, 0xFF, 0xFF, 0x00, 0xFF, 0xFF, 0xFF, 0x00,
        0xFF, 0xFF, 0xFF, 0x00, 0xFF, 0xFF, 0xFF, 0x00, 0xFF, 0xFF, 0xFF, 0x00,
        0xFF, 0xFF, 0xFF, 0x00, 0xFF, 0xFF, 0xFF, 0x00, 0xFF, 0xFF, 0xFF, 0x00,
        0xFF, 0xFF, 0xFF, 0x00, 0xFF, 0xFF, 0xFF, 0x00, 0xFF, 0xFF, 0xFF, 0x00,
        0xFF, 0xFF, 0xFF, 0x00, 0xFF, 0xFF, 0xFF, 0x00, 0xFF, 0xFF, 0xFF, 0x00,
        0xFF, 0xFF, 0xFF, 0x00, 0xFF, 0xFF, 0xFF, 0x00, 0xFF, 0xFF, 0xFF, 0x00,
        0xFF, 0xFF, 0xFF, 0x00, 0xFF, 0xFF, 0xFF, 0x00, 0xFF, 0xFF, 0xFF, 0x00,
        0xFF, 0xFF, 0xFF, 0x00, 0xFF, 0xFF, 0xFF, 0x00, 0xFF, 0xFF, 0xFF, 0x00,
        0xFF, 0xFF, 0xFF, 0x00, 0xFF, 0xFF, 0xFF, 0x00, 0xFF, 0xFF, 0xFF, 0x00,
        0xFF, 0xFF, 0xFF, 0x00, 0xFF, 0xFF, 0xFF, 0x00, 0xFF, 0xFF, 0xFF, 0x00,
        0xFF, 0xFF, 0xFF, 0x00, 0xFF, 0xFF, 0xFF, 0x00, 0xFF, 0xFF, 0xFF, 0x00,
        0xFF, 0xFF, 0xFF, 0x00, 0xFF, 0xFF, 0xFF, 0x00, 0xFF, 0xFF, 0xFF, 0x00,
        0xFF, 0xFF, 0xFF, 0x00, 0xFF, 0xFF, 0xFF, 0x00, 0xFF, 0xFF, 0xFF, 0x00,
        0xFF, 0xFF, 0xFF, 0x00, 0xFF, 0xFF, 0xFF, 0x00, 0xFF, 0xFF, 0xFF, 0x00,
        0xFF, 0xFF, 0xFF, 0x00, 0xFF, 0xFF, 0xFF, 0x00, 0xFF, 0xFF, 0xFF, 0x00,
        0xFF, 0xFF, 0xFF, 0x00, 0xFF, 0xFF, 0xFF, 0x00, 0xFF, 0xFF, 0xFF, 0x00,
        0xFF, 0xFF, 0xFF, 0x00, 0xFF, 0xFF, 0xFF, 0x00, 0xFF, 0xFF, 0xFF, 0x00,
        0xFF, 0xFF, 0xFF, 0x00, 0xFF, 0xFF, 0xFF, 0x00, 0xFF, 0xFF, 0xFF, 0x00,
        0xFF, 0xFF, 0xFF, 0x00, 0xFF, 0xFF, 0xFF, 0x00, 0xFF, 0xFF, 0xFF, 0x00,
        0xFF, 0xFF, 0xFF, 0x00, 0xFF, 0xFF, 0xFF, 0x00, 0xFF, 0xFF, 0xFF, 0x00,
        0xFF, 0xFF, 0xFF, 0x00, 0xFF, 0xFF, 0xFF, 0x00, 0xFF, 0xFF, 0xFF, 0x00,
        0xFF, 0xFF, 0xFF, 0x00, 0xFF, 0xFF, 0xFF, 0x00, 0xFF, 0xFF, 0xFF, 0x00,
        0xFF, 0xFF, 0xFF, 0x00, 0xFF, 0xFF, 0xFF, 0x00, 0xFF, 0xFF, 0xFF, 0x00,
        0xFF, 0xFF, 0xFF, 0x00, 0xFF, 0xFF, 0xFF, 0x00, 0xFF, 0xFF, 0xFF, 0x00,
        0xFF, 0xFF, 0xFF, 0x00, 0xFF, 0xFF, 0xFF, 0x00, 0xFF, 0xFF, 0xFF, 0x00,
        0xFF, 0xFF, 0xFF, 0x00, 0xFF, 0xFF, 0xFF, 0x00, 0xFF, 0xFF, 0xFF, 0x00,
        0xFF, 0xFF, 0xFF, 0x00, 0xFF, 0xFF, 0xFF, 0x00, 0xFF, 0xFF, 0xFF, 0x00,
        0xFF, 0xFF, 0xFF, 0x00, 0xFF, 0xFF, 0xFF, 0x00, 0xFF, 0xFF, 0xFF, 0x00,
        0xFF, 0xFF, 0xFF, 0x00, 0xFF, 0xFF, 0xFF, 0x00, 0xFF, 0xFF, 0xFF, 0x00,
        0xFF, 0xFF, 0xFF, 0x00, 0xFF, 0xFF, 0xFF, 0x00, 0xFF, 0xFF, 0xFF, 0x00,
        0xFF, 0xFF, 0xFF, 0x00, 0xFF, 0xFF, 0xFF, 0x00, 0xFF, 0xFF, 0xFF, 0x00,
        0xFF, 0xFF, 0xFF, 0x00, 0xFF, 0xFF, 0xFF, 0x00, 0xFF, 0xFF, 0xFF, 0x00,
        0xFF, 0xFF, 0xFF, 0x00, 0xFF, 0xFF, 0xFF, 0x00, 0xFF, 0xFF, 0xFF, 0x00,
        0xFF, 0xFF, 0xFF, 0x00, 0xFF, 0xFF, 0xFF, 0x00, 0xFF, 0xFF, 0xFF, 0x00,
        0xFF, 0xFF, 0xFF, 0x00, 0xFF, 0xFF, 0xFF, 0x00, 0xFF, 0xFF, 0xFF, 0x00,
        0xFF, 0xFF, 0xFF, 0x00, 0xFF, 0xFF, 0xFF, 0x00, 0xFF, 0xFF, 0xFF, 0x00,
        0xFF, 0xFF, 0xFF, 0x00, 0xFF, 0xFF, 0xFF, 0x00, 0xFF, 0xFF, 0xFF, 0x00,
        0xFF, 0xFF, 0xFF, 0x00, 0xFF, 0xFF, 0xFF, 0x00, 0xFF, 0xFF, 0xFF, 0x00,
        0xFF, 0xFF, 0xFF, 0x00, 0xFF, 0xFF, 0xFF, 0x00, 0xFF, 0xFF, 0xFF, 0x00,
        0xFF, 0xFF, 0xFF, 0x00, 0xFF, 0xFF, 0xFF, 0x00, 0xFF, 0xFF, 0xFF, 0x00,
        0xFF, 0xFF, 0xFF, 0x00, 0xFF, 0xFF, 0xFF, 0x00, 0xFF, 0xFF, 0xFF, 0x00,
        0xFF, 0xFF, 0xFF, 0x00, 0xFF, 0xFF, 0xFF, 0x00, 0xFF, 0xFF, 0xFF, 0x00,
        0xFF, 0xFF, 0xFF, 0x00, 0xFF, 0xFF, 0xFF, 0x00, 0xFF, 0xFF, 0xFF, 0x00,
        0xFF, 0xFF, 0xFF, 0x00, 0xFF, 0xFF, 0xFF, 0x00, 0xFF, 0xFF, 0xFF, 0x00,
        0xFF, 0xFF, 0xFF, 0x00, 0xFF, 0xFF, 0xFF, 0x00, 0xFF, 0xFF, 0xFF, 0x00,
        0xFF, 0xFF, 0xFF, 0x00, 0xFF, 0xFF, 0xFF, 0x00, 0xFF, 0xFF, 0xFF, 0x00,
        0xFF, 0xFF, 0xFF, 0x00, 0xFF, 0xFF, 0xFF, 0x00, 0xFF, 0xFF, 0xFF, 0x00,
        0xFF, 0xFF, 0xFF, 0x00, 0xFF, 0xFF, 0xFF, 0x00, 0xFF, 0xFF, 0xFF, 0x00,
        0xFF, 0xFF, 0xFF, 0x00, 0xFF, 0xFF, 0xFF, 0x00, 0xFF, 0xFF, 0xFF, 0x00,
        0xFF, 0xFF, 0xFF, 0x00, 0xFF, 0xFF, 0xFF, 0x00, 0xFF, 0xFF, 0xFF, 0x00,
        0xFF, 0xFF, 0xFF, 0x00, 0xFF, 0xFF, 0xFF, 0x00, 0xFF, 0xFF, 0xFF, 0x00,
        0xFF, 0xFF, 0xFF, 0x00, 0xFF, 0xFF, 0xFF, 0x00, 0xFF, 0xFF, 0xFF, 0x00,
        0xFF, 0xFF, 0xFF, 0x00, 0xFF, 0xFF, 0xFF, 0x00, 0xFF, 0xFF, 0xFF, 0x00,
        0xFF, 0xFF, 0xFF, 0x00, 0xFF, 0xFF, 0xFF, 0x00, 0xFF, 0xFF, 0xFF, 0x00,
        0xFF, 0xFF, 0xFF, 0x00, 0xFF, 0xFF, 0xFF, 0x00, 0xFF, 0xFF, 0xFF, 0x00,
        0xFF, 0xFF, 0xFF, 0x00, 0xFF, 0xFF, 0xFF, 0x00, 0xFF, 0xFF, 0xFF, 0x00,
        0xFF, 0xFF, 0xFF, 0x00, 0xFF, 0xFF, 0xFF, 0x00, 0xFF, 0xFF, 0xFF, 0x00,
        0xFF, 0xFF, 0xFF, 0x00, 0xFF, 0xFF, 0xFF, 0x00, 0xFF, 0xFF, 0xFF, 0x00,
        0xFF, 0xFF, 0xFF, 0x00, 0xFF, 0xFF, 0xFF, 0x00, 0xFF, 0xFF, 0xFF, 0x00,
        0xFF, 0xFF, 0xFF, 0x00, 0xFF, 0xFF, 0xFF, 0x00, 0xFF, 0xFF, 0xFF, 0x00,
        0xFF, 0xFF, 0xFF, 0x00, 0xFF, 0xFF, 0xFF, 0x00, 0xFF, 0xFF, 0xFF, 0x00,
        0xFF, 0xFF, 0xFF, 0x00, 0xFF, 0xFF, 0xFF, 0x00, 0xFF, 0xFF, 0xFF, 0x00,
        0xFF, 0xFF, 0xFF, 0x00, 0xFF, 0xFF, 0xFF, 0x00, 0xFF, 0xFF, 0xFF, 0x00,
        0xFF, 0xFF, 0xFF, 0x00, 0xFF, 0xFF, 0xFF, 0x00, 0xFF, 0xFF, 0xFF, 0x00,
        0xFF, 0xFF, 0xFF, 0x00, 0xFF, 0xFF, 0xFF, 0x00, 0xFF, 0xFF, 0xFF, 0x00,
        0xFF, 0xFF, 0xFF, 0x00, 0xFF, 0xFF, 0xFF, 0x00, 0xFF, 0xFF, 0xFF, 0x00,
        0xFF, 0xFF, 0xFF, 0x00, 0xFF, 0xFF, 0xFF, 0x00, 0xFF, 0xFF, 0xFF, 0x00,
        0xFF, 0xFF, 0xFF, 0x00, 0xFF, 0xFF, 0xFF, 0x00, 0xFF, 0xFF, 0xFF, 0x00,
        0xFF, 0xFF, 0xFF, 0x00, 0xFF, 0xFF, 0xFF, 0x00, 0xFF, 0xFF, 0xFF, 0x00,
        0xFF, 0xFF, 0xFF, 0x00, 0xFF, 0xFF, 0xFF, 0x00, 0xFF, 0xFF, 0xFF, 0x00,
        0xFF, 0xFF, 0xFF, 0x00, 0xFF, 0xFF, 0xFF, 0x00, 0xFF, 0xFF, 0xFF, 0x00,
        0xFF, 0xFF, 0xFF, 0x00, 0xFF, 0xFF, 0xFF, 0x00, 0xFF, 0xFF, 0xFF, 0x00,
        0xFF, 0xFF, 0xFF, 0x00, 0xFF, 0xFF, 0xFF, 0x00, 0xFF, 0xFF, 0xFF, 0x00,
        0xFF, 0xFF, 0xFF, 0x00, 0xFF, 0xFF, 0xFF, 0x00, 0xFF, 0xFF, 0xFF, 0x00,
        0xFF, 0xFF, 0xFF, 0x00, 0xFF, 0xFF, 0xFF, 0x00, 0xFF, 0xFF, 0xFF, 0x00,
        0xFF, 0xFF, 0xFF, 0x00, 0xFF, 0xFF, 0xFF, 0x00, 0xFF, 0xFF, 0xFF, 0x00,
        0xFF, 0xFF, 0xFF, 0x00, 0xFF, 0xFF, 0xFF, 0x00, 0xFF, 0xFF, 0xFF, 0x00,
        0xFF, 0xFF, 0xFF, 0x00, 0xFF, 0xFF, 0xFF, 0x00, 0xFF, 0xFF, 0xFF, 0x00,
        0xFF, 0xFF, 0xFF, 0x00, 0xFF, 0xFF, 0xFF, 0x00, 0xFF, 0xFF, 0xFF, 0x00,
        0xFF, 0xFF, 0xFF, 0x00, 0xFF, 0xFF, 0xFF, 0x00, 0xFF, 0xFF, 0xFF, 0x00,
        0xFF, 0xFF, 0xFF, 0x00, 0xFF, 0xFF, 0xFF, 0x00, 0xFF, 0xFF, 0xFF, 0x00,
        0xFF, 0xFF, 0xFF, 0x00, 0xFF, 0xFF, 0xFF, 0x00, 0xFF, 0xFF, 0xFF, 0x00,
        0xFF, 0xFF, 0xFF, 0x00, 0xFF, 0xFF, 0xFF, 0x00, 0xFF, 0xFF, 0xFF, 0x00,
        0xFF, 0xFF, 0xFF, 0x00, 0xFF, 0xFF, 0xFF, 0x00, 0xFF, 0xFF, 0xFF, 0x00,
        0xFF, 0xFF, 0xFF, 0x00, 0xFF, 0xFF, 0xFF, 0x00, 0xFF, 0xFF, 0xFF, 0x00,
        0xFF, 0xFF, 0xFF, 0x00, 0xFF, 0xFF, 0xFF, 0x00, 0xFF, 0xFF, 0xFF, 0x00,
        0xFF, 0xFF, 0xFF, 0x00, 0xFF, 0xFF, 0xFF, 0x00, 0xFF, 0xFF, 0xFF, 0x00,
        0xFF, 0xFF, 0xFF, 0x00, 0xFF, 0xFF, 0xFF, 0x00, 0xFF, 0xFF, 0xFF, 0x00,
        0xFF, 0xFF, 0xFF, 0x00, 0xFF, 0xFF, 0xFF, 0x00, 0xFF, 0xFF, 0xFF, 0x00,
        0xFF, 0xFF, 0xFF, 0x00, 0xFF, 0xFF, 0xFF, 0x00, 0xFF, 0xFF, 0xFF, 0x00,
        0xFF, 0xFF, 0xFF, 0x00, 0xFF, 0xFF, 0xFF, 0x00, 0xFF, 0xFF, 0xFF, 0x00,
        0xFF, 0xFF, 0xFF, 0x00, 0xFF, 0xFF, 0xFF, 0x00, 0xFF, 0xFF, 0xFF, 0x00,
        0xFF, 0xFF, 0xFF, 0x00, 0xFF, 0xFF, 0xFF, 0x00, 0xFF, 0xFF, 0xFF, 0x00,
        0xFF, 0xFF, 0xFF, 0x00, 0xFF, 0xFF, 0xFF, 0x00, 0xFF, 0xFF, 0xFF, 0x00,
        0xFF, 0xFF, 0xFF, 0x00, 0xFF, 0xFF, 0xFF, 0x00, 0xFF, 0xFF, 0xFF, 0x00,
        0xFF, 0xFF, 0xFF, 0x00, 0xFF, 0xFF, 0xFF, 0x00, 0xFF, 0xFF, 0xFF, 0x00,
        0xFF, 0xFF, 0xFF, 0x00, 0xFF, 0xFF, 0xFF, 0x00, 0xFF, 0xFF, 0xFF, 0x00,
        0xFF, 0xFF, 0xFF, 0x00, 0xFF, 0xFF, 0xFF, 0x00, 0xFF, 0xFF, 0xFF, 0x00,
        0xFF, 0xFF, 0xFF, 0x00, 0xFF, 0xFF, 0xFF, 0x00, 0xFF, 0xFF, 0xFF, 0x00,
        0xFF, 0xFF, 0xFF, 0x00, 0xFF, 0xFF, 0xFF, 0x00, 0xFF, 0xFF, 0xFF, 0x00,
        0xFF, 0xFF, 0xFF, 0x00, 0xFF, 0xFF, 0xFF, 0x00, 0xFF, 0xFF, 0xFF, 0x00,
        0xFF, 0xFF, 0xFF, 0x00, 0xFF, 0xFF, 0xFF, 0x00, 0xFF, 0xFF, 0xFF, 0x00,
        0xFF, 0xFF, 0xFF, 0x00, 0xFF, 0xFF, 0xFF, 0x00, 0xFF, 0xFF, 0xFF, 0x00,
        0xFF, 0xFF, 0xFF, 0x00, 0xFF, 0xFF, 0xFF, 0x00, 0xFF, 0xFF, 0xFF, 0x00,
        0xFF, 0xFF, 0xFF, 0x00, 0xFF, 0xFF, 0xFF, 0x00, 0xFF, 0xFF, 0xFF, 0x00,
        0xFF, 0xFF, 0xFF, 0x00, 0xFF, 0xFF, 0xFF, 0x00, 0xFF, 0xFF, 0xFF, 0x00,
        0xFF, 0xFF, 0xFF, 0x00, 0xFF, 0xFF, 0xFF, 0x00, 0xFF, 0xFF, 0xFF, 0x00,
        0xFF, 0xFF, 0xFF, 0x00, 0xFF, 0xFF, 0xFF, 0x00, 0xFF, 0xFF, 0xFF, 0x00,
        0xFF, 0xFF, 0xFF, 0x00, 0xFF, 0xFF, 0xFF, 0x00, 0xFF, 0xFF, 0xFF, 0x00,
        0xFF, 0xFF, 0xFF, 0x00, 0xFF, 0xFF, 0xFF, 0x00, 0xFF, 0xFF, 0xFF, 0x00,
        0xFF, 0xFF, 0xFF, 0x00, 0xFF, 0xFF, 0xFF, 0x00, 0xFF, 0xFF, 0xFF, 0x00,
        0xFF, 0xFF, 0xFF, 0x00, 0xFF, 0xFF, 0xFF, 0x00, 0xFF, 0xFF, 0xFF, 0x00,
        0xFF, 0xFF, 0xFF, 0x00, 0xFF, 0xFF, 0xFF, 0x00, 0xFF, 0xFF, 0xFF, 0x00,
        0xFF, 0xFF, 0xFF, 0x00, 0xFF, 0xFF, 0xFF, 0x00, 0xFF, 0xFF, 0xFF, 0x00,
        0xFF, 0xFF, 0xFF, 0x00, 0xFF, 0xFF, 0xFF, 0x00, 0xFF, 0xFF, 0xFF, 0x00,
        0xFF, 0xFF, 0xFF, 0x00, 0xFF, 0xFF, 0xFF, 0x00, 0xFF, 0xFF, 0xFF, 0x00,
        0xFF, 0xFF, 0xFF, 0x00, 0xFF, 0xFF, 0xFF, 0x00, 0xFF, 0xFF, 0xFF, 0x00,
        0xFF, 0xFF, 0xFF, 0x00, 0xFF, 0xFF, 0xFF, 0x00, 0xFF, 0xFF, 0xFF, 0x00,
        0xFF, 0xFF, 0xFF, 0x00, 0xFF, 0xFF, 0xFF, 0x00, 0xFF, 0xFF, 0xFF, 0x00,
        0xFF, 0xFF, 0xFF, 0x00, 0xFF, 0xFF, 0xFF, 0x00, 0xFF, 0xFF, 0xFF, 0x00,
        0xFF, 0xFF, 0xFF, 0x00, 0xFF, 0xFF, 0xFF, 0x00, 0xFF, 0xFF, 0xFF, 0x00,
        0xFF, 0xFF, 0xFF, 0x00, 0xFF, 0xFF, 0xFF, 0x00, 0xFF, 0xFF, 0xFF, 0x00,
        0xFF, 0xFF, 0xFF, 0x00, 0xFF, 0xFF, 0xFF, 0x00, 0xFF, 0xFF, 0xFF, 0x00,
        0xFF, 0xFF, 0xFF, 0x00, 0xFF, 0xFF, 0xFF, 0x00, 0xFF, 0xFF, 0xFF, 0x00,
        0xFF, 0xFF, 0xFF, 0x00, 0xFF, 0xFF, 0xFF, 0x00, 0xFF, 0xFF, 0xFF, 0x00,
        0xFF, 0xFF, 0xFF, 0x00, 0xFF, 0xFF, 0xFF, 0x00, 0xFF, 0xFF, 0xFF, 0x00,
        0xFF, 0xFF, 0xFF, 0x00, 0xFF, 0xFF, 0xFF, 0x00, 0xFF, 0xFF, 0xFF, 0x00,
        0xFF, 0xFF, 0xFF, 0x00, 0xFF, 0xFF, 0xFF, 0x00, 0xFF, 0xFF, 0xFF, 0x00,
        0xFF, 0xFF, 0xFF, 0x00, 0xFF, 0xFF, 0xFF, 0x00, 0xFF, 0xFF, 0xFF, 0x00,
        0xFF, 0xFF, 0xFF, 0x00, 0xFF, 0xFF, 0xFF, 0x00, 0xFF, 0xFF, 0xFF, 0x00,
        0xFF, 0xFF, 0xFF, 0x00, 0xFF, 0xFF, 0xFF, 0x00, 0xFF, 0xFF, 0xFF, 0x00,
        0xFF, 0xFF, 0xFF, 0x00, 0xFF, 0xFF, 0xFF, 0x00, 0xFF, 0xFF, 0xFF, 0x00,
        0xFF, 0xFF, 0xFF, 0x00, 0xFF, 0xFF, 0xFF, 0x00, 0xFF, 0xFF, 0xFF, 0x00,
        0xFF, 0xFF, 0xFF, 0x00, 0xFF, 0xFF, 0xFF, 0x00, 0xFF, 0xFF, 0xFF, 0x00,
        0xFF, 0xFF, 0xFF, 0x00, 0xFF, 0xFF, 0xFF, 0x00, 0xFF, 0xFF, 0xFF, 0x00,
        0xFF, 0xFF, 0xFF, 0x00, 0xFF, 0xFF, 0xFF, 0x00, 0xFF, 0xFF, 0xFF, 0x00,
        0xFF, 0xFF, 0xFF, 0x00, 0xFF, 0xFF, 0xFF, 0x00, 0xFF, 0xFF, 0xFF, 0x00,
        0xFF, 0xFF, 0xFF, 0x00, 0xFF, 0xFF, 0xFF, 0x00, 0xFF, 0xFF, 0xFF, 0x00,
        0xFF, 0xFF, 0xFF, 0x00, 0xFF, 0xFF, 0xFF, 0x00, 0xFF, 0xFF, 0xFF, 0x00,
        0xFF, 0xFF, 0xFF, 0x00, 0xFF, 0xFF, 0xFF, 0x00, 0xFF, 0xFF, 0xFF, 0x00,
        0xFF, 0xFF, 0xFF, 0x00, 0xFF, 0xFF, 0xFF, 0x00, 0xFF, 0xFF, 0xFF, 0x00,
        0xFF, 0xFF, 0xFF, 0x00, 0xFF, 0xFF, 0xFF, 0x00, 0xFF, 0xFF, 0xFF, 0x00,
        0xFF, 0xFF, 0xFF, 0x00, 0xFF, 0xFF, 0xFF, 0x00, 0xFF, 0xFF, 0xFF, 0x00,
        0xFF, 0xFF, 0xFF, 0x00, 0xFF, 0xFF, 0xFF, 0x00, 0xFF, 0xFF, 0xFF, 0x00,
        0xFF, 0xFF, 0xFF, 0x00, 0xFF, 0xFF, 0xFF, 0x00, 0xFF, 0xFF, 0xFF, 0x00,
        0xFF, 0xFF, 0xFF, 0x00, 0xFF, 0xFF, 0xFF, 0x00, 0xFF, 0xFF, 0xFF, 0x00,
        0xFF, 0xFF, 0xFF, 0x00, 0xFF, 0xFF, 0xFF, 0x00, 0xFF, 0xFF, 0xFF, 0x00,
        0xFF, 0xFF, 0xFF, 0x00, 0xFF, 0xFF, 0xFF, 0x00, 0xFF, 0xFF, 0xFF, 0x00,
        0xFF, 0xFF, 0xFF, 0x00, 0xFF, 0xFF, 0xFF, 0x00, 0xFF, 0xFF, 0xFF, 0x00,
        0xFF, 0xFF, 0xFF, 0x00, 0xFF, 0xFF, 0xFF, 0x00, 0xFF, 0xFF, 0xFF, 0x00,
        0xFF, 0xFF, 0xFF, 0x00, 0xFF, 0xFF, 0xFF, 0x00, 0xFF, 0xFF, 0xFF, 0x00,
        0xFF, 0xFF, 0xFF, 0x00, 0xFF, 0xFF, 0xFF, 0x00, 0xFF, 0xFF, 0xFF, 0x00,
        0xFF, 0xFF, 0xFF, 0x00, 0xFF, 0xFF, 0xFF, 0x00, 0xFF, 0xFF, 0xFF, 0x00,
        0xFF, 0xFF, 0xFF, 0x00, 0xFF, 0xFF, 0xFF, 0x00, 0xFF, 0xFF, 0xFF, 0x00,
        0xFF, 0xFF, 0xFF, 0x00, 0xFF, 0xFF, 0xFF, 0x00, 0xFF, 0xFF, 0xFF, 0x00,
        0xFF, 0xFF, 0xFF, 0x00, 0xFF, 0xFF, 0xFF, 0x00, 0xFF, 0xFF, 0xFF, 0x00,
        0xFF, 0xFF, 0xFF, 0x00, 0xFF, 0xFF, 0xFF, 0x00, 0xFF, 0xFF, 0xFF, 0x00,
        0xFF, 0xFF, 0xFF, 0x00, 0xFF, 0xFF, 0xFF, 0x00, 0xFF, 0xFF, 0xFF, 0x00,
        0xFF, 0xFF, 0xFF, 0x00, 0xFF, 0xFF, 0xFF, 0x00, 0xFF, 0xFF, 0xFF, 0x00,
        0xFF, 0xFF, 0xFF, 0x00, 0xFF, 0xFF, 0xFF, 0x00, 0xFF, 0xFF, 0xFF, 0x00,
        0xFF, 0xFF, 0xFF, 0x00, 0xFF, 0xFF, 0xFF, 0x00, 0xFF, 0xFF, 0xFF, 0x00,
        0xFF, 0xFF, 0xFF, 0x00, 0xFF, 0xFF, 0xFF, 0x00, 0xFF, 0xFF, 0xFF, 0x00,
        0xFF, 0xFF, 0xFF, 0x00, 0xFF, 0xFF, 0xFF, 0x00, 0xFF, 0xFF, 0xFF, 0x00,
        0xFF, 0xFF, 0xFF, 0x00, 0xFF, 0xFF, 0xFF, 0x00, 0xFF, 0xFF, 0xFF, 0x00,
        0xFF, 0xFF, 0xFF, 0x00, 0xFF, 0xFF, 0xFF, 0x00, 0xFF, 0xFF, 0xFF, 0x00,
        0xFF, 0xFF, 0xFF, 0x00, 0xFF, 0xFF, 0xFF, 0x00, 0xFF, 0xFF, 0xFF, 0x00,
        0xFF, 0xFF, 0xFF, 0x00, 0xFF, 0xFF, 0xFF, 0x00, 0xFF, 0xFF, 0xFF, 0x00,
        0xFF, 0xFF, 0xFF, 0x00, 0xFF, 0xFF, 0xFF, 0x00, 0xFF, 0xFF, 0xFF, 0x00,
        0xFF, 0xFF, 0xFF, 0x00, 0xFF, 0xFF, 0xFF, 0x00, 0xFF, 0xFF, 0xFF, 0x00,
        0xFF, 0xFF, 0xFF, 0x00, 0xFF, 0xFF, 0xFF, 0x00, 0xFF, 0xFF, 0xFF, 0x00,
        0xFF, 0xFF, 0xFF, 0x00, 0xFF, 0xFF, 0xFF, 0x00, 0xFF, 0xFF, 0xFF, 0x00,
        0xFF, 0xFF, 0xFF, 0x00, 0xFF, 0xFF, 0xFF, 0x00, 0xFF, 0xFF, 0xFF, 0x00,
        0xFF, 0xFF, 0xFF, 0x00, 0xFF, 0xFF, 0xFF, 0x00, 0xFF, 0xFF, 0xFF, 0x00,
        0xFF, 0xFF, 0xFF, 0x00, 0xFF, 0xFF, 0xFF, 0x00, 0xFF, 0xFF, 0xFF, 0x00,
        0xFF, 0xFF, 0xFF, 0x00, 0xFF, 0xFF, 0xFF, 0x00, 0xFF, 0xFF, 0xFF, 0x00,
        0xFF, 0xFF, 0xFF, 0x00, 0xFF, 0xFF, 0xFF, 0x00, 0xFF, 0xFF, 0xFF, 0x00,
        0xFF, 0xFF, 0xFF, 0x00, 0xFF, 0xFF, 0xFF, 0x00, 0xFF, 0xFF, 0xFF, 0x00,
        0xFF, 0xFF, 0xFF, 0x00, 0xFF, 0xFF, 0xFF, 0x00, 0xFF, 0xFF, 0xFF, 0x00,
        0xFF, 0xFF, 0xFF, 0x00, 0xFF, 0xFF, 0xFF, 0x00, 0xFF, 0xFF, 0xFF, 0x00,
        0xFF, 0xFF, 0xFF, 0x00, 0xFF, 0xFF, 0xFF, 0x00, 0xFF, 0xFF, 0xFF, 0x00,
        0xFF, 0xFF, 0xFF, 0x00, 0xFF, 0xFF, 0xFF, 0x00, 0xFF, 0xFF, 0xFF, 0x00,
        0xFF, 0xFF, 0xFF, 0x00, 0xFF, 0xFF, 0xFF, 0x00, 0xFF, 0xFF, 0xFF, 0x00,
        0xFF, 0xFF, 0xFF, 0x00, 0xFF, 0xFF, 0xFF, 0x00, 0xFF, 0xFF, 0xFF, 0x00,
        0xFF, 0xFF, 0xFF, 0x00, 0xFF, 0xFF, 0xFF, 0x00, 0xFF, 0xFF, 0xFF, 0x00,
        0xFF, 0xFF, 0xFF, 0x00, 0xFF, 0xFF, 0xFF, 0x00, 0xFF, 0xFF, 0xFF, 0x00,
        0xFF, 0xFF, 0xFF, 0x00, 0xFF, 0xFF, 0xFF, 0x00, 0xFF, 0xFF, 0xFF, 0x00,
        0xFF, 0xFF, 0xFF, 0x00, 0xFF, 0xFF, 0xFF, 0x00, 0xFF, 0xFF, 0xFF, 0x00,
        0xFF, 0xFF, 0xFF, 0x00, 0xFF, 0xFF, 0xFF, 0x00, 0xFF, 0xFF, 0xFF, 0x00,
        0xFF, 0xFF, 0xFF, 0x00, 0xFF, 0xFF, 0xFF, 0x00, 0xFF, 0xFF, 0xFF, 0x00,
        0xFF, 0xFF, 0xFF, 0x00, 0xFF, 0xFF, 0xFF, 0x00, 0xFF, 0xFF, 0xFF, 0x00,
        0xFF, 0xFF, 0xFF, 0x00, 0xFF, 0xFF, 0xFF, 0x00, 0xFF, 0xFF, 0xFF, 0x00,
        0xFF, 0xFF, 0xFF, 0x00, 0xFF, 0xFF, 0xFF, 0x00, 0xFF, 0xFF, 0xFF, 0x00,
        0xFF, 0xFF, 0xFF, 0x00, 0xFF, 0xFF, 0xFF, 0x00, 0xFF, 0xFF, 0xFF, 0x00,
        0xFF, 0xFF, 0xFF, 0x00, 0xFF, 0xFF, 0xFF, 0x00, 0xFF, 0xFF, 0xFF, 0x00,
        0xFF, 0xFF, 0xFF, 0x00, 0xFF, 0xFF, 0xFF, 0x00, 0xFF, 0xFF, 0xFF, 0x00,
        0xFF, 0xFF, 0xFF, 0x00, 0xFF, 0xFF, 0xFF, 0x00, 0xFF, 0xFF, 0xFF, 0x00,
        0xFF, 0xFF, 0xFF, 0x00, 0xFF, 0xFF, 0xFF, 0x00, 0xFF, 0xFF, 0xFF, 0x00,
        0xFF, 0xFF, 0xFF, 0x00, 0xFF, 0xFF, 0xFF, 0x00, 0xFF, 0xFF, 0xFF, 0x00,
        0xFF, 0xFF, 0xFF, 0x00, 0xFF, 0xFF, 0xFF, 0x00, 0xFF, 0xFF, 0xFF, 0x00,
        0xFF, 0xFF, 0xFF, 0x00, 0xFF, 0xFF, 0xFF, 0x00, 0xFF, 0xFF, 0xFF, 0x00,
        0xFF, 0xFF, 0xFF, 0x00, 0xFF, 0xFF, 0xFF, 0x00, 0xFF, 0xFF, 0xFF, 0x00,
        0xFF, 0xFF, 0xFF, 0x00, 0xFF, 0xFF, 0xFF, 0x00, 0xFF, 0xFF, 0xFF, 0x00,
        0xFF, 0xFF, 0xFF, 0x00, 0xFF, 0xFF, 0xFF, 0x00, 0xFF, 0xFF, 0xFF, 0x00,
        0xFF, 0xFF, 0xFF, 0x00, 0xFF, 0xFF, 0xFF, 0x00, 0xFF, 0xFF, 0xFF, 0x00,
        0xFF, 0xFF, 0xFF, 0x00, 0xFF, 0xFF, 0xFF, 0x00, 0xFF, 0xFF, 0xFF, 0x00,
        0xFF, 0xFF, 0xFF, 0x00, 0xFF, 0xFF, 0xFF, 0x00, 0xFF, 0xFF, 0xFF, 0x00,
        0xFF, 0xFF, 0xFF, 0x00, 0xFF, 0xFF, 0xFF, 0x00, 0xFF, 0xFF, 0xFF, 0x00,
        0xFF, 0xFF, 0xFF, 0x00, 0xFF, 0xFF, 0xFF, 0x00, 0xFF, 0xFF, 0xFF, 0x00,
        0xFF, 0xFF, 0xFF, 0x00, 0xFF, 0xFF, 0xFF, 0x00, 0xFF, 0xFF, 0xFF, 0x00,
        0xFF, 0xFF, 0xFF, 0x00, 0xFF, 0xFF, 0xFF, 0x00, 0xFF, 0xFF, 0xFF, 0x00,
        0xFF, 0xFF, 0xFF, 0x00, 0xFF, 0xFF, 0xFF, 0x00, 0xFF, 0xFF, 0xFF, 0x00,
        0xFF, 0xFF, 0xFF, 0x00, 0xFF, 0xFF, 0xFF, 0x00, 0xFF, 0xFF, 0xFF, 0x00,
        0xFF, 0xFF, 0xFF, 0x00, 0xFF, 0xFF, 0xFF, 0x00, 0xFF, 0xFF, 0xFF, 0x00,
        0xFF, 0xFF, 0xFF, 0x00, 0xFF, 0xFF, 0xFF, 0x00, 0xFF, 0xFF, 0xFF, 0x00,
        0xFF, 0xFF, 0xFF, 0x00, 0xFF, 0xFF, 0xFF, 0x00, 0xFF, 0xFF, 0xFF, 0x00,
        0xFF, 0xFF, 0xFF, 0x00, 0xFF, 0xFF, 0xFF, 0x00, 0xFF, 0xFF, 0xFF, 0x00,
        0xFF, 0xFF, 0xFF, 0x00, 0xFF, 0xFF, 0xFF, 0x00, 0xFF, 0xFF, 0xFF, 0x00,
        0xFF, 0xFF, 0xFF, 0x00, 0xFF, 0xFF, 0xFF, 0x00, 0xFF, 0xFF, 0xFF, 0x00,
        0xFF, 0xFF, 0xFF, 0x00, 0xFF, 0xFF, 0xFF, 0x00, 0xFF, 0xFF, 0xFF, 0x00,
        0xFF, 0xFF, 0xFF, 0x00, 0xFF, 0xFF, 0xFF, 0x00, 0xFF, 0xFF, 0xFF, 0x00,
        0xFF, 0xFF, 0xFF, 0x00, 0xFF, 0xFF, 0xFF, 0x00, 0xFF, 0xFF, 0xFF, 0x00,
        0xFF, 0xFF, 0xFF, 0x00, 0xFF, 0xFF, 0xFF, 0x00, 0xFF, 0xFF, 0xFF, 0x00,
        0xFF, 0xFF, 0xFF, 0x00, 0xFF, 0xFF, 0xFF, 0x00, 0xFF, 0xFF, 0xFF, 0x00,
        0xFF, 0xFF, 0xFF, 0x00, 0xFF, 0xFF, 0xFF, 0x00, 0xFF, 0xFF, 0xFF, 0x00,
        0xFF, 0xFF, 0xFF, 0x00, 0xFF, 0xFF, 0xFF, 0x00, 0xFF, 0xFF, 0xFF, 0x00,
        0xFF, 0xFF, 0xFF, 0x00, 0xFF, 0xFF, 0xFF, 0x00, 0xFF, 0xFF, 0xFF, 0x00,
        0xFF, 0xFF, 0xFF, 0x00, 0xFF, 0xFF, 0xFF, 0x00, 0xFF, 0xFF, 0xFF, 0x00,
        0xFF, 0xFF, 0xFF, 0x00, 0xFF, 0xFF, 0xFF, 0x00, 0xFF, 0xFF, 0xFF, 0x00,
        0xFF, 0xFF, 0xFF, 0x00, 0xFF, 0xFF, 0xFF, 0x00, 0xFF, 0xFF, 0xFF, 0x00,
        0xFF, 0xFF, 0xFF, 0x00, 0xFF, 0xFF, 0xFF, 0x00, 0xFF, 0xFF, 0xFF, 0x00,
        0xFF, 0xFF, 0xFF, 0x00, 0xFF, 0xFF, 0xFF, 0x00, 0xFF, 0xFF, 0xFF, 0x00,
        0xFF, 0xFF, 0xFF, 0x00, 0xFF, 0xFF, 0xFF, 0x00, 0xFF, 0xFF, 0xFF, 0x00,
        0xFF, 0xFF, 0xFF, 0x00, 0xFF, 0xFF, 0xFF, 0x00, 0xFF, 0xFF, 0xFF, 0x00,
        0xFF, 0xFF, 0xFF, 0x00, 0xFF, 0xFF, 0xFF, 0x00, 0xFF, 0xFF, 0xFF, 0x00,
        0xFF, 0xFF, 0xFF, 0x00, 0xFF, 0xFF, 0xFF, 0x00, 0xFF, 0xFF, 0xFF, 0x00,
        0xFF, 0xFF, 0xFF, 0x00, 0xFF, 0xFF, 0xFF, 0x00, 0xFF, 0xFF, 0xFF, 0x00,
        0xFF, 0xFF, 0xFF, 0x00, 0xFF, 0xFF, 0xFF, 0x00, 0xFF, 0xFF, 0xFF, 0x00,
        0xFF, 0xFF, 0xFF, 0x00, 0xFF, 0xFF, 0xFF, 0x00, 0xFF, 0xFF, 0xFF, 0x00,
        0xFF, 0xFF, 0xFF, 0x00, 0xFF, 0xFF, 0xFF, 0x00, 0xFF, 0xFF, 0xFF, 0x00,
        0xFF, 0xFF, 0xFF, 0x00, 0xFF, 0xFF, 0xFF, 0x00, 0xFF, 0xFF, 0xFF, 0x00,
        0xFF, 0xFF, 0xFF, 0x00, 0xFF, 0xFF, 0xFF, 0x00, 0xFF, 0xFF, 0xFF, 0x00,
        0xFF, 0xFF, 0xFF, 0x00, 0xFF, 0xFF, 0xFF, 0x00, 0xFF, 0xFF, 0xFF, 0x00,
        0xFF, 0xFF, 0xFF, 0x00, 0xFF, 0xFF, 0xFF, 0x00, 0xFF, 0xFF, 0xFF, 0x00,
        0xFF, 0xFF, 0xFF, 0x00, 0xFF, 0xFF, 0xFF, 0x00, 0xFF, 0xFF, 0xFF, 0x00,
        0xFF, 0xFF, 0xFF, 0x00, 0xFF, 0xFF, 0xFF, 0x00, 0xFF, 0xFF, 0xFF, 0x00,
        0xFF, 0xFF, 0xFF, 0x00, 0xFF, 0xFF, 0xFF, 0x00, 0xFF, 0xFF, 0xFF, 0x00,
        0xFF, 0xFF, 0xFF, 0x00, 0xFF, 0xFF, 0xFF, 0x00, 0xFF, 0xFF, 0xFF, 0x00,
        0xFF, 0xFF, 0xFF, 0x00, 0xFF, 0xFF, 0xFF, 0x00, 0xFF, 0xFF, 0xFF, 0x00,
        0xFF, 0xFF, 0xFF, 0x00, 0xFF, 0xFF, 0xFF, 0x00, 0xFF, 0xFF, 0xFF, 0x00,
        0xFF, 0xFF, 0xFF, 0x00, 0xFF, 0xFF, 0xFF, 0x00, 0xFF, 0xFF, 0xFF, 0x00,
        0xFF, 0xFF, 0xFF, 0x00, 0xFF, 0xFF, 0xFF, 0x00, 0xFF, 0xFF, 0xFF, 0x00,
        0xFF, 0xFF, 0xFF, 0x00, 0xFF, 0xFF, 0xFF, 0x00, 0xFF, 0xFF, 0xFF, 0x00,
        0xFF, 0xFF, 0xFF, 0x00, 0xFF, 0xFF, 0xFF, 0x00, 0xFF, 0xFF, 0xFF, 0x00,
        0xFF, 0xFF, 0xFF, 0x00, 0xFF, 0xFF, 0xFF, 0x00, 0xFF, 0xFF, 0xFF, 0x00,
        0xFF, 0xFF, 0xFF, 0x00, 0xFF, 0xFF, 0xFF, 0x00, 0xFF, 0xFF, 0xFF, 0x00,
        0xFF, 0xFF, 0xFF, 0x00, 0xFF, 0xFF, 0xFF, 0x00, 0xFF, 0xFF, 0xFF, 0x00,
        0xFF, 0xFF, 0xFF, 0x00, 0xFF, 0xFF, 0xFF, 0x00, 0xFF, 0xFF, 0xFF, 0x00,
        0xFF, 0xFF, 0xFF, 0x00, 0xFF, 0xFF, 0xFF, 0x00, 0xFF, 0xFF, 0xFF, 0x00,
        0xFF, 0xFF, 0xFF, 0x00, 0xFF, 0xFF, 0xFF, 0x00, 0xFF, 0xFF, 0xFF, 0x00,
        0xFF, 0xFF, 0xFF, 0x00, 0xFF, 0xFF, 0xFF, 0x00, 0xFF, 0xFF, 0xFF, 0x00,
        0xFF, 0xFF, 0xFF, 0x00, 0xFF, 0xFF, 0xFF, 0x00, 0xFF, 0xFF, 0xFF, 0x00,
        0xFF, 0xFF, 0xFF, 0x00, 0xFF, 0xFF, 0xFF, 0x00, 0xFF, 0xFF, 0xFF, 0x00,
        0xFF, 0xFF, 0xFF, 0x00, 0xFF, 0xFF, 0xFF, 0x00, 0xFF, 0xFF, 0xFF, 0x00,
        0xFF, 0xFF, 0xFF, 0x00, 0xFF, 0xFF, 0xFF, 0x00, 0xFF, 0xFF, 0xFF, 0x00,
        0xFF, 0xFF, 0xFF, 0x00, 0xFF, 0xFF, 0xFF, 0x00, 0xFF, 0xFF, 0xFF, 0x00,
        0xFF, 0xFF, 0xFF, 0x00, 0xFF, 0xFF, 0xFF, 0x00, 0xFF, 0xFF, 0xFF, 0x00,
        0xFF, 0xFF, 0xFF, 0x00, 0xFF, 0xFF, 0xFF, 0x00, 0xFF, 0xFF, 0xFF, 0x00,
        0xFF, 0xFF, 0xFF, 0x00, 0xFF, 0xFF, 0xFF, 0x00, 0xFF, 0xFF, 0xFF, 0x00,
        0xFF, 0xFF, 0xFF, 0x00, 0xFF, 0xFF, 0xFF, 0x00, 0xFF, 0xFF, 0xFF, 0x00,
        0xFF, 0xFF, 0xFF, 0x00, 0xFF, 0xFF, 0xFF, 0x00, 0xFF, 0xFF, 0xFF, 0x00,
        0xFF, 0xFF, 0xFF, 0x00, 0xFF, 0xFF, 0xFF, 0x00, 0xFF, 0xFF, 0xFF, 0x00,
        0xFF, 0xFF, 0xFF, 0x00, 0xFF, 0xFF, 0xFF, 0x00, 0xFF, 0xFF, 0xFF, 0x00,
        0xFF, 0xFF, 0xFF, 0x00, 0xFF, 0xFF, 0xFF, 0x00, 0xFF, 0xFF, 0xFF, 0x00,
        0xFF, 0xFF, 0xFF, 0x00, 0xFF, 0xFF, 0xFF, 0x00, 0xFF, 0xFF, 0xFF, 0x00,
        0xFF, 0xFF, 0xFF, 0x00, 0xFF, 0xFF, 0xFF, 0x00, 0xFF, 0xFF, 0xFF, 0x00,
        0xFF, 0xFF, 0xFF, 0x00, 0xFF, 0xFF, 0xFF, 0x00, 0xFF, 0xFF, 0xFF, 0x00,
        0xFF, 0xFF, 0xFF, 0x00, 0xFF, 0xFF, 0xFF, 0x00, 0xFF, 0xFF, 0xFF, 0x00,
        0xFF, 0xFF, 0xFF, 0x00, 0xFF, 0xFF, 0xFF, 0x00, 0xFF, 0xFF, 0xFF, 0x00,
        0xFF, 0xFF, 0xFF, 0x00, 0xFF, 0xFF, 0xFF, 0x00, 0xFF, 0xFF, 0xFF, 0x00,
        0xFF, 0xFF, 0xFF, 0x00, 0xFF, 0xFF, 0xFF, 0x00, 0xFF, 0xFF, 0xFF, 0x00,
        0xFF, 0xFF, 0xFF, 0x00, 0xFF, 0xFF, 0xFF, 0x00, 0xFF, 0xFF, 0xFF, 0x00,
        0xFF, 0xFF, 0xFF, 0x00, 0xFF, 0xFF, 0xFF, 0x00, 0xFF, 0xFF, 0xFF, 0x00,
        0xFF, 0xFF, 0xFF, 0x00, 0xFF, 0xFF, 0xFF, 0x00, 0xFF, 0xFF, 0xFF, 0x00,
        0xFF, 0xFF, 0xFF, 0x00, 0xFF, 0xFF, 0xFF, 0x00, 0xFF, 0xFF, 0xFF, 0x00,
        0xFF, 0xFF, 0xFF, 0x00, 0xFF, 0xFF, 0xFF, 0x00, 0xFF, 0xFF, 0xFF, 0x00,
        0xFF, 0xFF, 0xFF, 0x00, 0xFF, 0xFF, 0xFF, 0x00, 0xFF, 0xFF, 0xFF, 0x00,
        0xFF, 0xFF, 0xFF, 0x00, 0xFF, 0xFF, 0xFF, 0x00, 0xFF, 0xFF, 0xFF, 0x00,
        0xFF, 0xFF, 0xFF, 0x00, 0xFF, 0xFF, 0xFF, 0x00, 0xFF, 0xFF, 0xFF, 0x00,
        0xFF, 0xFF, 0xFF, 0x00, 0xFF, 0xFF, 0xFF, 0x00, 0xFF, 0xFF, 0xFF, 0x00,
        0xFF, 0xFF, 0xFF, 0x00, 0xFF, 0xFF, 0xFF, 0x00, 0xFF, 0xFF, 0xFF, 0x00,
        0xFF, 0xFF, 0xFF, 0x00, 0xFF, 0xFF, 0xFF, 0x00, 0xFF, 0xFF, 0xFF, 0x00,
        0xFF, 0xFF, 0xFF, 0x00, 0xFF, 0xFF, 0xFF, 0x00, 0xFF, 0xFF, 0xFF, 0x00,
        0xFF, 0xFF, 0xFF, 0x00, 0xFF, 0xFF, 0xFF, 0x00, 0xFF, 0xFF, 0xFF, 0x00,
        0xFF, 0xFF, 0xFF, 0x00, 0xFF, 0xFF, 0xFF, 0x00, 0xFF, 0xFF, 0xFF, 0x00,
        0xFF, 0xFF, 0xFF, 0x00, 0xFF, 0xFF, 0xFF, 0x00, 0xFF, 0xFF, 0xFF, 0x00,
        0xFF, 0xFF, 0xFF, 0x00, 0xFF, 0xFF, 0xFF, 0x00, 0xFF, 0xFF, 0xFF, 0x00,
        0xFF, 0xFF, 0xFF, 0x00, 0xFF, 0xFF, 0xFF, 0x00, 0xFF, 0xFF, 0xFF, 0x00,
        0xFF, 0xFF, 0xFF, 0x00, 0xFF, 0xFF, 0xFF, 0x00, 0xFF, 0xFF, 0xFF, 0x00,
        0xFF, 0xFF, 0xFF, 0x00, 0xFF, 0xFF, 0xFF, 0x00, 0xFF, 0xFF, 0xFF, 0x00,
        0xFF, 0xFF, 0xFF, 0x00, 0xFF, 0xFF, 0xFF, 0x00, 0xFF, 0xFF, 0xFF, 0x00,
        0xFF, 0xFF, 0xFF, 0x00, 0xFF, 0xFF, 0xFF, 0x00, 0xFF, 0xFF, 0xFF, 0x00,
        0xFF, 0xFF, 0xFF, 0x00, 0xFF, 0xFF, 0xFF, 0x00, 0xFF, 0xFF, 0xFF, 0x00,
        0xFF, 0xFF, 0xFF, 0x00, 0xFF, 0xFF, 0xFF, 0x00, 0xFF, 0xFF, 0xFF, 0x00,
        0xFF, 0xFF, 0xFF, 0x00, 0xFF, 0xFF, 0xFF, 0x00, 0xFF, 0xFF, 0xFF, 0x00,
        0xFF, 0xFF, 0xFF, 0x00, 0xFF, 0xFF, 0xFF, 0x00, 0xFF, 0xFF, 0xFF, 0x00,
        0xFF, 0xFF, 0xFF, 0x00, 0xFF, 0xFF, 0xFF, 0x00, 0xFF, 0xFF, 0xFF, 0x00,
        0xFF, 0xFF, 0xFF, 0x00, 0xFF, 0xFF, 0xFF, 0x00, 0xFF, 0xFF, 0xFF, 0x00,
        0xFF, 0xFF, 0xFF, 0x00, 0xFF, 0xFF, 0xFF, 0x00, 0xFF, 0xFF, 0xFF, 0x00,
        0xFF, 0xFF, 0xFF, 0x00, 0xFF, 0xFF, 0xFF, 0x00, 0xFF, 0xFF, 0xFF, 0x00,
        0xFF, 0xFF, 0xFF, 0x00, 0xFF, 0xFF, 0xFF, 0x00, 0xFF, 0xFF, 0xFF, 0x00,
        0xFF, 0xFF, 0xFF, 0x00, 0xFF, 0xFF, 0xFF, 0x00, 0xFF, 0xFF, 0xFF, 0x00,
        0xFF, 0xFF, 0xFF, 0x00, 0xFF, 0xFF, 0xFF, 0x00, 0xFF, 0xFF, 0xFF, 0x00,
        0xFF, 0xFF, 0xFF, 0x00, 0xFF, 0xFF, 0xFF, 0x00, 0xFF, 0xFF, 0xFF, 0x00,
        0xFF, 0xFF, 0xFF, 0x00, 0xFF, 0xFF, 0xFF, 0x00, 0xFF, 0xFF, 0xFF, 0x00,
        0xFF, 0xFF, 0xFF, 0x00, 0xFF, 0xFF, 0xFF, 0x00, 0xFF, 0xFF, 0xFF, 0x00,
        0xFF, 0xFF, 0xFF, 0x00, 0xFF, 0xFF, 0xFF, 0x00, 0xFF, 0xFF, 0xFF, 0x00,
        0xFF, 0xFF, 0xFF, 0x00, 0xFF, 0xFF, 0xFF, 0x00, 0xFF, 0xFF, 0xFF, 0x00,
        0xFF, 0xFF, 0xFF, 0x00, 0xFF, 0xFF, 0xFF, 0x00, 0xFF, 0xFF, 0xFF, 0x00,
        0xFF, 0xFF, 0xFF, 0x00, 0xFF, 0xFF, 0xFF, 0x00, 0xFF, 0xFF, 0xFF, 0x00,
        0xFF, 0xFF, 0xFF, 0x00, 0xFF, 0xFF, 0xFF, 0x00, 0xFF, 0xFF, 0xFF, 0x00,
        0xFF, 0xFF, 0xFF, 0x00, 0xFF, 0xFF, 0xFF, 0x00, 0xFF, 0xFF, 0xFF, 0x00,
        0xFF, 0xFF, 0xFF, 0x00, 0xFF, 0xFF, 0xFF, 0x00, 0xFF, 0xFF, 0xFF, 0x00,
        0xFF, 0xFF, 0xFF, 0x00, 0xFF, 0xFF, 0xFF, 0x00, 0xFF, 0xFF, 0xFF, 0x00,
        0xFF, 0xFF, 0xFF, 0x00, 0xFF, 0xFF, 0xFF, 0x00, 0xFF, 0xFF, 0xFF, 0x00,
        0xFF, 0xFF, 0xFF, 0x00, 0xFF, 0xFF, 0xFF, 0x00, 0xFF, 0xFF, 0xFF, 0x00,
        0xFF, 0xFF, 0xFF, 0x00, 0xFF, 0xFF, 0xFF, 0x00, 0xFF, 0xFF, 0xFF, 0x00,
        0xFF, 0xFF, 0xFF, 0x00, 0xFF, 0xFF, 0xFF, 0x00, 0xFF, 0xFF, 0xFF, 0x00,
        0xFF, 0xFF, 0xFF, 0x00, 0xFF, 0xFF, 0xFF, 0x00, 0xFF, 0xFF, 0xFF, 0x00,
        0xFF, 0xFF, 0xFF, 0x00, 0xFF, 0xFF, 0xFF, 0x00, 0xFF, 0xFF, 0xFF, 0x00,
        0xFF, 0xFF, 0xFF, 0x00, 0xFF, 0xFF, 0xFF, 0x00, 0xFF, 0xFF, 0xFF, 0x00,
        0xFF, 0xFF, 0xFF, 0x00, 0xFF, 0xFF, 0xFF, 0x00, 0xFF, 0xFF, 0xFF, 0x00,
        0xFF, 0xFF, 0xFF, 0x00, 0xFF, 0xFF, 0xFF, 0x00, 0xFF, 0xFF, 0xFF, 0x00,
        0xFF, 0xFF, 0xFF, 0x00, 0xFF, 0xFF, 0xFF, 0x00, 0xFF, 0xFF, 0xFF, 0x00,
        0xFF, 0xFF, 0xFF, 0x00, 0xFF, 0xFF, 0xFF, 0x00, 0xFF, 0xFF, 0xFF, 0x00,
        0xFF, 0xFF, 0xFF, 0x00, 0xFF, 0xFF, 0xFF, 0x00, 0xFF, 0xFF, 0xFF, 0x00,
        0xFF, 0xFF, 0xFF, 0x00, 0xFF, 0xFF, 0xFF, 0x00, 0xFF, 0xFF, 0xFF, 0x00,
        0xFF, 0xFF, 0xFF, 0x00, 0xFF, 0xFF, 0xFF, 0x00, 0xFF, 0xFF, 0xFF, 0x00,
        0xFF, 0xFF, 0xFF, 0x00, 0xFF, 0xFF, 0xFF, 0x00, 0xFF, 0xFF, 0xFF, 0x00,
        0xFF, 0xFF, 0xFF, 0x00, 0xFF, 0xFF, 0xFF, 0x00, 0xFF, 0xFF, 0xFF, 0x00,
        0xFF, 0xFF, 0xFF, 0x00, 0xFF, 0xFF, 0xFF, 0x00, 0xFF, 0xFF, 0xFF, 0x00,
        0xFF, 0xFF, 0xFF, 0x00, 0xFF, 0xFF, 0xFF, 0x00, 0xFF, 0xFF, 0xFF, 0x00,
        0xFF, 0xFF, 0xFF, 0x00, 0xFF, 0xFF, 0xFF, 0x00, 0xFF, 0xFF, 0xFF, 0x00,
        0xFF, 0xFF, 0xFF, 0x00, 0xFF, 0xFF, 0xFF, 0x00, 0xFF, 0xFF, 0xFF, 0x00,
        0xFF, 0xFF, 0xFF, 0x00, 0xFF, 0xFF, 0xFF, 0x00, 0xFF, 0xFF, 0xFF, 0x00,
        0xFF, 0xFF, 0xFF, 0x00, 0xFF, 0xFF, 0xFF, 0x00, 0xFF, 0xFF, 0xFF, 0x00,
        0xFF, 0xFF, 0xFF, 0x00, 0xFF, 0xFF, 0xFF, 0x00, 0xFF, 0xFF, 0xFF, 0x00,
        0xFF, 0xFF, 0xFF, 0x00, 0xFF, 0xFF, 0xFF, 0x00, 0xFF, 0xFF, 0xFF, 0x00,
        0xFF, 0xFF, 0xFF, 0x00, 0xFF, 0xFF, 0xFF, 0x00, 0xFF, 0xFF, 0xFF, 0x00,
        0xFF, 0xFF, 0xFF, 0x00, 0xFF, 0xFF, 0xFF, 0x00, 0xFF, 0xFF, 0xFF, 0x00,
        0xFF, 0xFF, 0xFF, 0x00, 0xFF, 0xFF, 0xFF, 0x00, 0xFF, 0xFF, 0xFF, 0x00,
        0xFF, 0xFF, 0xFF, 0x00, 0xFF, 0xFF, 0xFF, 0x00, 0xFF, 0xFF, 0xFF, 0x00,
        0xFF, 0xFF, 0xFF, 0x00, 0xFF, 0xFF, 0xFF, 0x00, 0xFF, 0xFF, 0xFF, 0x00,
        0xFF, 0xFF, 0xFF, 0x00, 0xFF, 0xFF, 0xFF, 0x00, 0xFF, 0xFF, 0xFF, 0x00,
        0xFF, 0xFF, 0xFF, 0x00, 0xFF, 0xFF, 0xFF, 0x00, 0xFF, 0xFF, 0xFF, 0x00,
        0xFF, 0xFF, 0xFF, 0x00, 0xFF, 0xFF, 0xFF, 0x00, 0xFF, 0xFF, 0xFF, 0x00,
        0xFF, 0xFF, 0xFF, 0x00, 0xFF, 0xFF, 0xFF, 0x00, 0xFF, 0xFF, 0xFF, 0x00,
        0xFF, 0xFF, 0xFF, 0x00, 0xFF, 0xFF, 0xFF, 0x00, 0xFF, 0xFF, 0xFF, 0x00,
        0xFF, 0xFF, 0xFF, 0x00, 0xFF, 0xFF, 0xFF, 0x00, 0xFF, 0xFF, 0xFF, 0x00,
        0xFF, 0xFF, 0xFF, 0x00, 0xFF, 0xFF, 0xFF, 0x00, 0xFF, 0xFF, 0xFF, 0x00,
        0xFF, 0xFF, 0xFF, 0x00, 0xFF, 0xFF, 0xFF, 0x00, 0xFF, 0xFF, 0xFF, 0x00,
        0xFF, 0xFF, 0xFF, 0x00, 0xFF, 0xFF, 0xFF, 0x00, 0xFF, 0xFF, 0xFF, 0x00,
        0xFF, 0xFF, 0xFF, 0x00, 0xFF, 0xFF, 0xFF, 0x00, 0xFF, 0xFF, 0xFF, 0x00,
        0xFF, 0xFF, 0xFF, 0x00, 0xFF, 0xFF, 0xFF, 0x00, 0xFF, 0xFF, 0xFF, 0x00,
        0xFF, 0xFF, 0xFF, 0x00, 0xFF, 0xFF, 0xFF, 0x00, 0xFF, 0xFF, 0xFF, 0x00,
        0xFF, 0xFF, 0xFF, 0x00, 0xFF, 0xFF, 0xFF, 0x00, 0xFF, 0xFF, 0xFF, 0x00,
        0xFF, 0xFF, 0xFF, 0x00, 0xFF, 0xFF, 0xFF, 0x00, 0xFF, 0xFF, 0xFF, 0x00,
        0xFF, 0xFF, 0xFF, 0x00, 0xFF, 0xFF, 0xFF, 0x00, 0xFF, 0xFF, 0xFF, 0x00,
        0xFF, 0xFF, 0xFF, 0x00, 0xFF, 0xFF, 0xFF, 0x00, 0xFF, 0xFF, 0xFF, 0x00,
        0xFF, 0xFF, 0xFF, 0x00, 0xFF, 0xFF, 0xFF, 0x00, 0xFF, 0xFF, 0xFF, 0x00,
        0xFF, 0xFF, 0xFF, 0x00, 0xFF, 0xFF, 0xFF, 0x00, 0xFF, 0xFF, 0xFF, 0x00,
        0xFF, 0xFF, 0xFF, 0x00, 0xFF, 0xFF, 0xFF, 0x00, 0xFF, 0xFF, 0xFF, 0x00,
        0xFF, 0xFF, 0xFF, 0x00, 0xFF, 0xFF, 0xFF, 0x00, 0xFF, 0xFF, 0xFF, 0x00,
        0xFF, 0xFF, 0xFF, 0x00, 0xFF, 0xFF, 0xFF, 0x00, 0xFF, 0xFF, 0xFF, 0x00,
        0xFF, 0xFF, 0xFF, 0x00, 0xFF, 0xFF, 0xFF, 0x00, 0xFF, 0xFF, 0xFF, 0x00,
        0xFF, 0xFF, 0xFF, 0x00, 0xFF, 0xFF, 0xFF, 0x00, 0xFF, 0xFF, 0xFF, 0x00,
        0xFF, 0xFF, 0xFF, 0x00, 0xFF, 0xFF, 0xFF, 0x00, 0xFF, 0xFF, 0xFF, 0x00,
        0xFF, 0xFF, 0xFF, 0x00, 0xFF, 0xFF, 0xFF, 0x00, 0xFF, 0xFF, 0xFF, 0x00,
        0xFF, 0xFF, 0xFF, 0x00, 0xFF, 0xFF, 0xFF, 0x00, 0xFF, 0xFF, 0xFF, 0x00,
        0xFF, 0xFF, 0xFF, 0x00, 0xFF, 0xFF, 0xFF, 0x00, 0xFF, 0xFF, 0xFF, 0x00,
        0xFF, 0xFF, 0xFF, 0x00, 0xFF, 0xFF, 0xFF, 0x00, 0xFF, 0xFF, 0xFF, 0x00,
        0xFF, 0xFF, 0xFF, 0x00, 0xFF, 0xFF, 0xFF, 0x00, 0xFF, 0xFF, 0xFF, 0x00,
        0xFF, 0xFF, 0xFF, 0x00, 0xFF, 0xFF, 0xFF, 0x00, 0xFF, 0xFF, 0xFF, 0x00,
        0xFF, 0xFF, 0xFF, 0x00, 0xFF, 0xFF, 0xFF, 0x00, 0xFF, 0xFF, 0xFF, 0x00,
        0xFF, 0xFF, 0xFF, 0x00, 0xFF, 0xFF, 0xFF, 0x00, 0xFF, 0xFF, 0xFF, 0x00,
        0xFF, 0xFF, 0xFF, 0x00, 0xFF, 0xFF, 0xFF, 0x00, 0xFF, 0xFF, 0xFF, 0x00,
        0xFF, 0xFF, 0xFF, 0x00, 0xFF, 0xFF, 0xFF, 0x00, 0xFF, 0xFF, 0xFF, 0x00,
        0xFF, 0xFF, 0xFF, 0x00, 0xFF, 0xFF, 0xFF, 0x00, 0xFF, 0xFF, 0xFF, 0x00,
        0xFF, 0xFF, 0xFF, 0x00, 0xFF, 0xFF, 0xFF, 0x00, 0xFF, 0xFF, 0xFF, 0x00,
        0xFF, 0xFF, 0xFF, 0x00, 0xFF, 0xFF, 0xFF, 0x00, 0xFF, 0xFF, 0xFF, 0x00,
        0xFF, 0xFF, 0xFF, 0x00, 0xFF, 0xFF, 0xFF, 0x00, 0xFF, 0xFF, 0xFF, 0x00,
        0xFF, 0xFF, 0xFF, 0x00, 0xFF, 0xFF, 0xFF, 0x00, 0xFF, 0xFF, 0xFF, 0x00,
        0xFF, 0xFF, 0xFF, 0x00, 0xFF, 0xFF, 0xFF, 0x00, 0xFF, 0xFF, 0xFF, 0x00,
        0xFF, 0xFF, 0xFF, 0x00, 0xFF, 0xFF, 0xFF, 0x00, 0xFF, 0xFF, 0xFF, 0x00,
        0xFF, 0xFF, 0xFF, 0x00, 0xFF, 0xFF, 0xFF, 0x00, 0xFF, 0xFF, 0xFF, 0x00,
        0xFF, 0xFF, 0xFF, 0x00, 0xFF, 0xFF, 0xFF, 0x00, 0xFF, 0xFF, 0xFF, 0x00,
        0xFF, 0xFF, 0xFF, 0x00, 0xFF, 0xFF, 0xFF, 0x00, 0xFF, 0xFF, 0xFF, 0x00,
        0xFF, 0xFF, 0xFF, 0x00, 0xFF, 0xFF, 0xFF, 0x00, 0xFF, 0xFF, 0xFF, 0x00,
        0xFF, 0xFF, 0xFF, 0x00, 0xFF, 0xFF, 0xFF, 0x00, 0xFF, 0xFF, 0xFF, 0x00,
        0xFF, 0xFF, 0xFF, 0x00, 0xFF, 0xFF, 0xFF, 0x00, 0xFF, 0xFF, 0xFF, 0x00,
        0xFF, 0xFF, 0xFF, 0x00, 0xFF, 0xFF, 0xFF, 0x00, 0xFF, 0xFF, 0xFF, 0x00,
        0xFF, 0xFF, 0xFF, 0x00, 0xFF, 0xFF, 0xFF, 0x00, 0xFF, 0xFF, 0xFF, 0x00,
        0xFF, 0xFF, 0xFF, 0x00, 0xFF, 0xFF, 0xFF, 0x00, 0xFF, 0xFF, 0xFF, 0x00,
        0xFF, 0xFF, 0xFF, 0x00, 0xFF, 0xFF, 0xFF, 0x00, 0xFF, 0xFF, 0xFF, 0x00,
        0xFF, 0xFF, 0xFF, 0x00, 0xFF, 0xFF, 0xFF, 0x00, 0xFF, 0xFF, 0xFF, 0x00,
        0xFF, 0xFF, 0xFF, 0x00, 0xFF, 0xFF, 0xFF, 0x00, 0xFF, 0xFF, 0xFF, 0x00,
        0xFF, 0xFF, 0xFF, 0x00, 0xFF, 0xFF, 0xFF, 0x00, 0xFF, 0xFF, 0xFF, 0x00,
        0xFF, 0xFF, 0xFF, 0x00, 0xFF, 0xFF, 0xFF, 0x00, 0xFF, 0xFF, 0xFF, 0x00,
        0xFF, 0xFF, 0xFF, 0x00, 0xFF, 0xFF, 0xFF, 0x00, 0xFF, 0xFF, 0xFF, 0x00,
        0xFF, 0xFF, 0xFF, 0x00, 0xFF, 0xFF, 0xFF, 0x00, 0xFF, 0xFF, 0xFF, 0x00,
        0xFF, 0xFF, 0xFF, 0x00, 0xFF, 0xFF, 0xFF, 0x00, 0xFF, 0xFF, 0xFF, 0x00,
        0xFF, 0xFF, 0xFF, 0x00, 0xFF, 0xFF, 0xFF, 0x00, 0xFF, 0xFF, 0xFF, 0x00,
        0xFF, 0xFF, 0xFF, 0x00, 0xFF, 0xFF, 0xFF, 0x00, 0xFF, 0xFF, 0xFF, 0x00,
        0xFF, 0xFF, 0xFF, 0x00, 0xFF, 0xFF, 0xFF, 0x00, 0xFF, 0xFF, 0xFF, 0x00,
        0xFF, 0xFF, 0xFF, 0x00, 0xFF, 0xFF, 0xFF, 0x00, 0xFF, 0xFF, 0xFF, 0x00,
        0xFF, 0xFF, 0xFF, 0x00, 0xFF, 0xFF, 0xFF, 0x00, 0xFF, 0xFF, 0xFF, 0x00,
        0xFF, 0xFF, 0xFF, 0x00, 0xFF, 0xFF, 0xFF, 0x00, 0xFF, 0xFF, 0xFF, 0x00,
        0xFF, 0xFF, 0xFF, 0x00, 0xFF, 0xFF, 0xFF, 0x00, 0xFF, 0xFF, 0xFF, 0x00,
        0xFF, 0xFF, 0xFF, 0x00, 0xFF, 0xFF, 0xFF, 0x00, 0xFF, 0xFF, 0xFF, 0x00,
        0xFF, 0xFF, 0xFF, 0x00, 0xFF, 0xFF, 0xFF, 0x00, 0xFF, 0xFF, 0xFF, 0x00,
        0xFF, 0xFF, 0xFF, 0x00, 0xFF, 0xFF, 0xFF, 0x00, 0xFF, 0xFF, 0xFF, 0x00,
        0xFF, 0xFF, 0xFF, 0x00, 0xFF, 0xFF, 0xFF, 0x00, 0xFF, 0xFF, 0xFF, 0x00,
        0xFF, 0xFF, 0xFF, 0x00, 0xFF, 0xFF, 0xFF, 0x00, 0xFF, 0xFF, 0xFF, 0x00,
        0xFF, 0xFF, 0xFF, 0x00, 0xFF, 0xFF, 0xFF, 0x00, 0xFF, 0xFF, 0xFF, 0x00,
        0xFF, 0xFF, 0xFF, 0x00, 0xFF, 0xFF, 0xFF, 0x00, 0xFF, 0xFF, 0xFF, 0x00,
        0xFF, 0xFF, 0xFF, 0x00, 0xFF, 0xFF, 0xFF, 0x00, 0xFF, 0xFF, 0xFF, 0x00,
        0xFF, 0xFF, 0xFF, 0x00, 0xFF, 0xFF, 0xFF, 0x00, 0xFF, 0xFF, 0xFF, 0x00,
        0xFF, 0xFF, 0xFF, 0x00, 0xFF, 0xFF, 0xFF, 0x00, 0xFF, 0xFF, 0xFF, 0x00,
        0xFF, 0xFF, 0xFF, 0x00, 0xFF, 0xFF, 0xFF, 0x00, 0xFF, 0xFF, 0xFF, 0x00,
        0xFF, 0xFF, 0xFF, 0x00, 0xFF, 0xFF, 0xFF, 0x00, 0xFF, 0xFF, 0xFF, 0x00,
        0xFF, 0xFF, 0xFF, 0x00, 0xFF, 0xFF, 0xFF, 0x00, 0xFF, 0xFF, 0xFF, 0x00,
        0xFF, 0xFF, 0xFF, 0x00, 0xFF, 0xFF, 0xFF, 0x00, 0xFF, 0xFF, 0xFF, 0x00,
        0xFF, 0xFF, 0xFF, 0x00, 0xFF, 0xFF, 0xFF, 0x00, 0xFF, 0xFF, 0xFF, 0x00,
        0xFF, 0xFF, 0xFF, 0x00, 0xFF, 0xFF, 0xFF, 0x00, 0xFF, 0xFF, 0xFF, 0x00,
        0xFF, 0xFF, 0xFF, 0x00, 0xFF, 0xFF, 0xFF, 0x00, 0xFF, 0xFF, 0xFF, 0x00,
        0xFF, 0xFF, 0xFF, 0x00, 0xFF, 0xFF, 0xFF, 0x00, 0xFF, 0xFF, 0xFF, 0x00,
        0xFF, 0xFF, 0xFF, 0x00, 0xFF, 0xFF, 0xFF, 0x00, 0xFF, 0xFF, 0xFF, 0x00,
        0xFF, 0xFF, 0xFF, 0x00, 0xFF, 0xFF, 0xFF, 0x00, 0xFF, 0xFF, 0xFF, 0x00,
        0xFF, 0xFF, 0xFF, 0x00, 0xFF, 0xFF, 0xFF, 0x00, 0xFF, 0xFF, 0xFF, 0x00,
        0xFF, 0xFF, 0xFF, 0x00, 0xFF, 0xFF, 0xFF, 0x00, 0xFF, 0xFF, 0xFF, 0x00,
        0xFF, 0xFF, 0xFF, 0x00, 0xFF, 0xFF, 0xFF, 0x00, 0xFF, 0xFF, 0xFF, 0x00,
        0xFF, 0xFF, 0xFF, 0x00, 0xFF, 0xFF, 0xFF, 0x00, 0xFF, 0xFF, 0xFF, 0x00,
        0xFF, 0xFF, 0xFF, 0x00, 0xFF, 0xFF, 0xFF, 0x00, 0xFF, 0xFF, 0xFF, 0x00,
        0xFF, 0xFF, 0xFF, 0x00, 0xFF, 0xFF, 0xFF, 0x00, 0xFF, 0xFF, 0xFF, 0x00,
        0xFF, 0xFF, 0xFF, 0x00, 0xFF, 0xFF, 0xFF, 0x00, 0xFF, 0xFF, 0xFF, 0x00,
        0xFF, 0xFF, 0xFF, 0x00, 0xFF, 0xFF, 0xFF, 0x00, 0xFF, 0xFF, 0xFF, 0x00,
        0xFF, 0xFF, 0xFF, 0x00, 0xFF, 0xFF, 0xFF, 0x00, 0xFF, 0xFF, 0xFF, 0x00,
        0xFF, 0xFF, 0xFF, 0x00, 0xFF, 0xFF, 0xFF, 0x00, 0xFF, 0xFF, 0xFF, 0x00,
        0xFF, 0xFF, 0xFF, 0x00, 0xFF, 0xFF, 0xFF, 0x00, 0xFF, 0xFF, 0xFF, 0x00,
        0xFF, 0xFF, 0xFF, 0x00, 0xFF, 0xFF, 0xFF, 0x00, 0xFF, 0xFF, 0xFF, 0x00,
        0xFF, 0xFF, 0xFF, 0x00, 0xFF, 0xFF, 0xFF, 0x00, 0xFF, 0xFF, 0xFF, 0x00,
        0xFF, 0xFF, 0xFF, 0x00, 0xFF, 0xFF, 0xFF, 0x00, 0xFF, 0xFF, 0xFF, 0x00,
        0xFF, 0xFF, 0xFF, 0x00, 0xFF, 0xFF, 0xFF, 0x00, 0xFF, 0xFF, 0xFF, 0x00,
        0xFF, 0xFF, 0xFF, 0x00, 0xFF, 0xFF, 0xFF, 0x00, 0xFF, 0xFF, 0xFF, 0x00,
        0xFF, 0xFF, 0xFF, 0x00, 0xFF, 0xFF, 0xFF, 0x00, 0xFF, 0xFF, 0xFF, 0x00,
        0xFF, 0xFF, 0xFF, 0x00, 0xFF, 0xFF, 0xFF, 0x00, 0xFF, 0xFF, 0xFF, 0x00,
        0xFF, 0xFF, 0xFF, 0x00, 0xFF, 0xFF, 0xFF, 0x00, 0xFF, 0xFF, 0xFF, 0x00,
        0xFF, 0xFF, 0xFF, 0x00, 0xFF, 0xFF, 0xFF, 0x00, 0xFF, 0xFF, 0xFF, 0x00,
        0xFF, 0xFF, 0xFF, 0x00, 0xFF, 0xFF, 0xFF, 0x00, 0xFF, 0xFF, 0xFF, 0x00,
        0xFF, 0xFF, 0xFF, 0x00, 0xFF, 0xFF, 0xFF, 0x00, 0xFF, 0xFF, 0xFF, 0x00,
        0xFF, 0xFF, 0xFF, 0x00, 0xFF, 0xFF, 0xFF, 0x00, 0xFF, 0xFF, 0xFF, 0x00,
        0xFF, 0xFF, 0xFF, 0x00, 0xFF, 0xFF, 0xFF, 0x00, 0xFF, 0xFF, 0xFF, 0x00,
        0xFF, 0xFF, 0xFF, 0x00, 0xFF, 0xFF, 0xFF, 0x00, 0xFF, 0xFF, 0xFF, 0x00,
        0xFF, 0xFF, 0xFF, 0x00, 0xFF, 0xFF, 0xFF, 0x00, 0xFF, 0xFF, 0xFF, 0x00,
        0xFF, 0xFF, 0xFF, 0x00, 0xFF, 0xFF, 0xFF, 0x00, 0xFF, 0xFF, 0xFF, 0x00,
        0xFF, 0xFF, 0xFF, 0x00, 0xFF, 0xFF, 0xFF, 0x00, 0xFF, 0xFF, 0xFF, 0x00,
        0xFF, 0xFF, 0xFF, 0x00, 0xFF, 0xFF, 0xFF, 0x00, 0xFF, 0xFF, 0xFF, 0x00,
        0xFF, 0xFF, 0xFF, 0x00, 0xFF, 0xFF, 0xFF, 0x00, 0xFF, 0xFF, 0xFF, 0x00,
        0xFF, 0xFF, 0xFF, 0x00, 0xFF, 0xFF, 0xFF, 0x00, 0xFF, 0xFF, 0xFF, 0x00,
        0xFF, 0xFF, 0xFF, 0x00, 0xFF, 0xFF, 0xFF, 0x00, 0xFF, 0xFF, 0xFF, 0x00,
        0xFF, 0xFF, 0xFF, 0x00, 0xFF, 0xFF, 0xFF, 0x00, 0xFF, 0xFF, 0xFF, 0x00,
        0xFF, 0xFF, 0xFF, 0x00, 0xFF, 0xFF, 0xFF, 0x00, 0xFF, 0xFF, 0xFF, 0x00,
        0xFF, 0xFF, 0xFF, 0x00, 0xFF, 0xFF, 0xFF, 0x00, 0xFF, 0xFF, 0xFF, 0x00,
        0xFF, 0xFF, 0xFF, 0x00, 0xFF, 0xFF, 0xFF, 0x00, 0xFF, 0xFF, 0xFF, 0x00,
        0xFF, 0xFF, 0xFF, 0x00, 0xFF, 0xFF, 0xFF, 0x00, 0xFF, 0xFF, 0xFF, 0x00,
        0xFF, 0xFF, 0xFF, 0x00, 0xFF, 0xFF, 0xFF, 0x00, 0xFF, 0xFF, 0xFF, 0x00,
        0xFF, 0xFF, 0xFF, 0x00, 0xFF, 0xFF, 0xFF, 0x00, 0xFF, 0xFF, 0xFF, 0x00,
        0xFF, 0xFF, 0xFF, 0x00, 0xFF, 0xFF, 0xFF, 0x00, 0xFF, 0xFF, 0xFF, 0x00,
        0xFF, 0xFF, 0xFF, 0x00, 0xFF, 0xFF, 0xFF, 0x00, 0xFF, 0xFF, 0xFF, 0x00,
        0xFF, 0xFF, 0xFF, 0x00, 0xFF, 0xFF, 0xFF, 0x00, 0xFF, 0xFF, 0xFF, 0x00,
        0xFF, 0xFF, 0xFF, 0x00, 0xFF, 0xFF, 0xFF, 0x00, 0xFF, 0xFF, 0xFF, 0x00,
        0xFF, 0xFF, 0xFF, 0x00, 0xFF, 0xFF, 0xFF, 0x00, 0xFF, 0xFF, 0xFF, 0x00,
        0xFF, 0xFF, 0xFF, 0x00, 0xFF, 0xFF, 0xFF, 0x00, 0xFF, 0xFF, 0xFF, 0x00,
        0xFF, 0xFF, 0xFF, 0x00, 0xFF, 0xFF, 0xFF, 0x00, 0xFF, 0xFF, 0xFF, 0x00,
        0xFF, 0xFF, 0xFF, 0x00, 0xFF, 0xFF, 0xFF, 0x00, 0xFF, 0xFF, 0xFF, 0x00,
        0xFF, 0xFF, 0xFF, 0x00, 0xFF, 0xFF, 0xFF, 0x00, 0xFF, 0xFF, 0xFF, 0x00,
        0xFF, 0xFF, 0xFF, 0x00, 0xFF, 0xFF, 0xFF, 0x00, 0xFF, 0xFF, 0xFF, 0x00,
        0xFF, 0xFF, 0xFF, 0x00, 0xFF, 0xFF, 0xFF, 0x00, 0xFF, 0xFF, 0xFF, 0x00,
        0xFF, 0xFF, 0xFF, 0x00, 0xFF, 0xFF, 0xFF, 0x00, 0xFF, 0xFF, 0xFF, 0x00,
        0xFF, 0xFF, 0xFF, 0x00, 0xFF, 0xFF, 0xFF, 0x00, 0xFF, 0xFF, 0xFF, 0x00,
        0xFF, 0xFF, 0xFF, 0x00, 0xFF, 0xFF, 0xFF, 0x00, 0xFF, 0xFF, 0xFF, 0x00,
        0xFF, 0xFF, 0xFF, 0x00, 0xFF, 0xFF, 0xFF, 0x00, 0xFF, 0xFF, 0xFF, 0x00,
        0xFF, 0xFF, 0xFF, 0x00, 0xFF, 0xFF, 0xFF, 0x00, 0xFF, 0xFF, 0xFF, 0x00,
        0xFF, 0xFF, 0xFF, 0x00, 0xFF, 0xFF, 0xFF, 0x00, 0xFF, 0xFF, 0xFF, 0x00,
        0xFF, 0xFF, 0xFF, 0x00, 0xFF, 0xFF, 0xFF, 0x00, 0xFF, 0xFF, 0xFF, 0x00,
        0xFF, 0xFF, 0xFF, 0x00, 0xFF, 0xFF, 0xFF, 0x00, 0xFF, 0xFF, 0xFF, 0x00,
        0xFF, 0xFF, 0xFF, 0x00, 0xFF, 0xFF, 0xFF, 0x00, 0xFF, 0xFF, 0xFF, 0x00,
        0xFF, 0xFF, 0xFF, 0x00, 0xFF, 0xFF, 0xFF, 0x00, 0xFF, 0xFF, 0xFF, 0x00,
        0xFF, 0xFF, 0xFF, 0x00, 0xFF, 0xFF, 0xFF, 0x00, 0xFF, 0xFF, 0xFF, 0x00,
        0xFF, 0xFF, 0xFF, 0x00, 0xFF, 0xFF, 0xFF, 0x00, 0xFF, 0xFF, 0xFF, 0x00,
        0xFF, 0xFF, 0xFF, 0x00, 0xFF, 0xFF, 0xFF, 0x00, 0xFF, 0xFF, 0xFF, 0x00,
        0xFF, 0xFF, 0xFF, 0x00, 0xFF, 0xFF, 0xFF, 0x00, 0xFF, 0xFF, 0xFF, 0x00,
        0xFF, 0xFF, 0xFF, 0x00, 0xFF, 0xFF, 0xFF, 0x00, 0xFF, 0xFF, 0xFF, 0x00,
        0xFF, 0xFF, 0xFF, 0x00, 0xFF, 0xFF, 0xFF, 0x00, 0xFF, 0xFF, 0xFF, 0x00,
        0xFF, 0xFF, 0xFF, 0x00, 0xFF, 0xFF, 0xFF, 0x00, 0xFF, 0xFF, 0xFF, 0x00,
        0xFF, 0xFF, 0xFF, 0x00, 0xFF, 0xFF, 0xFF, 0x00, 0xFF, 0xFF, 0xFF, 0x00,
        0xFF, 0xFF, 0xFF, 0x00, 0xFF, 0xFF, 0xFF, 0x00, 0xFF, 0xFF, 0xFF, 0x00,
        0xFF, 0xFF, 0xFF, 0x00, 0xFF, 0xFF, 0xFF, 0x00, 0xFF, 0xFF, 0xFF, 0x00,
        0xFF, 0xFF, 0xFF, 0x00, 0xFF, 0xFF, 0xFF, 0x00, 0xFF, 0xFF, 0xFF, 0x00,
        0xFF, 0xFF, 0xFF, 0x00, 0xFF, 0xFF, 0xFF, 0x00, 0xFF, 0xFF, 0xFF, 0x00,
        0xFF, 0xFF, 0xFF, 0x00, 0xFF, 0xFF, 0xFF, 0x00, 0xFF, 0xFF, 0xFF, 0x00,
        0xFF, 0xFF, 0xFF, 0x00, 0xFF, 0xFF, 0xFF, 0x00, 0xFF, 0xFF, 0xFF, 0x00,
        0xFF, 0xFF, 0xFF, 0x00, 0xFF, 0xFF, 0xFF, 0x00, 0xFF, 0xFF, 0xFF, 0x00,
        0xFF, 0xFF, 0xFF, 0x00, 0xFF, 0xFF, 0xFF, 0x00, 0xFF, 0xFF, 0xFF, 0x00,
        0xFF, 0xFF, 0xFF, 0x00, 0xFF, 0xFF, 0xFF, 0x00, 0xFF, 0xFF, 0xFF, 0x00,
        0xFF, 0xFF, 0xFF, 0x00, 0xFF, 0xFF, 0xFF, 0x00, 0xFF, 0xFF, 0xFF, 0x00,
        0xFF, 0xFF, 0xFF, 0x00, 0xFF, 0xFF, 0xFF, 0x00, 0xFF, 0xFF, 0xFF, 0x00,
        0xFF, 0xFF, 0xFF, 0x00, 0xFF, 0xFF, 0xFF, 0x00, 0xFF, 0xFF, 0xFF, 0x00,
        0xFF, 0xFF, 0xFF, 0x00, 0xFF, 0xFF, 0xFF, 0x00, 0xFF, 0xFF, 0xFF, 0x00,
        0xFF, 0xFF, 0xFF, 0x00, 0xFF, 0xFF, 0xFF, 0x00, 0xFF, 0xFF, 0xFF, 0x00,
        0xFF, 0xFF, 0xFF, 0x00, 0xFF, 0xFF, 0xFF, 0x00, 0xFF, 0xFF, 0xFF, 0x00,
        0xFF, 0xFF, 0xFF, 0x00, 0xFF, 0xFF, 0xFF, 0x00, 0xFF, 0xFF, 0xFF, 0x00,
        0xFF, 0xFF, 0xFF, 0x00, 0xFF, 0xFF, 0xFF, 0x00, 0xFF, 0xFF, 0xFF, 0x00,
        0xFF, 0xFF, 0xFF, 0x00, 0xFF, 0xFF, 0xFF, 0x00, 0xFF, 0xFF, 0xFF, 0x00,
        0xFF, 0xFF, 0xFF, 0x00, 0xFF, 0xFF, 0xFF, 0x00, 0xFF, 0xFF, 0xFF, 0x00,
        0xFF, 0xFF, 0xFF, 0x00, 0xFF, 0xFF, 0xFF, 0x00, 0xFF, 0xFF, 0xFF, 0x00,
        0xFF, 0xFF, 0xFF, 0x00, 0xFF, 0xFF, 0xFF, 0x00, 0xFF, 0xFF, 0xFF, 0x00,
        0xFF, 0xFF, 0xFF, 0x00, 0xFF, 0xFF, 0xFF, 0x00, 0xFF, 0xFF, 0xFF, 0x00,
        0xFF, 0xFF, 0xFF, 0x00, 0xFF, 0xFF, 0xFF, 0x00, 0xFF, 0xFF, 0xFF, 0x00,
        0xFF, 0xFF, 0xFF, 0x00, 0xFF, 0xFF, 0xFF, 0x00, 0xFF, 0xFF, 0xFF, 0x00,
        0xFF, 0xFF, 0xFF, 0x00, 0xFF, 0xFF, 0xFF, 0x00, 0xFF, 0xFF, 0xFF, 0x00,
        0xFF, 0xFF, 0xFF, 0x00, 0xFF, 0xFF, 0xFF, 0x00, 0xFF, 0xFF, 0xFF, 0x00,
        0xFF, 0xFF, 0xFF, 0x00, 0xFF, 0xFF, 0xFF, 0x00, 0xFF, 0xFF, 0xFF, 0x00,
        0xFF, 0xFF, 0xFF, 0x00, 0xFF, 0xFF, 0xFF, 0x00, 0xFF, 0xFF, 0xFF, 0x00,
        0xFF, 0xFF, 0xFF, 0x00, 0xFF, 0xFF, 0xFF, 0x00, 0xFF, 0xFF, 0xFF, 0x00,
        0xFF, 0xFF, 0xFF, 0x00, 0xFF, 0xFF, 0xFF, 0x00, 0xFF, 0xFF, 0xFF, 0x00,
        0xFF, 0xFF, 0xFF, 0x00, 0xFF, 0xFF, 0xFF, 0x00, 0xFF, 0xFF, 0xFF, 0x00,
        0xFF, 0xFF, 0xFF, 0x00, 0xFF, 0xFF, 0xFF, 0x00, 0xFF, 0xFF, 0xFF, 0x00,
        0xFF, 0xFF, 0xFF, 0x00, 0xFF, 0xFF, 0xFF, 0x00, 0xFF, 0xFF, 0xFF, 0x00,
        0xFF, 0xFF, 0xFF, 0x00, 0xFF, 0xFF, 0xFF, 0x00, 0xFF, 0xFF, 0xFF, 0x00,
        0xFF, 0xFF, 0xFF, 0x00, 0xFF, 0xFF, 0xFF, 0x00, 0xFF, 0xFF, 0xFF, 0x00,
        0xFF, 0xFF, 0xFF, 0x00, 0xFF, 0xFF, 0xFF, 0x00, 0xFF, 0xFF, 0xFF, 0x00,
        0xFF, 0xFF, 0xFF, 0x00, 0xFF, 0xFF, 0xFF, 0x00, 0xFF, 0xFF, 0xFF, 0x00,
        0xFF, 0xFF, 0xFF, 0x00, 0xFF, 0xFF, 0xFF, 0x00, 0xFF, 0xFF, 0xFF, 0x00,
        0xFF, 0xFF, 0xFF, 0x00, 0xFF, 0xFF, 0xFF, 0x00, 0xFF, 0xFF, 0xFF, 0x00,
        0xFF, 0xFF, 0xFF, 0x00, 0xFF, 0xFF, 0xFF, 0x00, 0xFF, 0xFF, 0xFF, 0x00,
        0xFF, 0xFF, 0xFF, 0x00, 0xFF, 0xFF, 0xFF, 0x00, 0xFF, 0xFF, 0xFF, 0x00,
        0xFF, 0xFF, 0xFF, 0x00, 0xFF, 0xFF, 0xFF, 0x00, 0xFF, 0xFF, 0xFF, 0x00,
        0xFF, 0xFF, 0xFF, 0x00, 0xFF, 0xFF, 0xFF, 0x00, 0xFF, 0xFF, 0xFF, 0x00,
        0xFF, 0xFF, 0xFF, 0x00, 0xFF, 0xFF, 0xFF, 0x00, 0xFF, 0xFF, 0xFF, 0x00,
        0xFF, 0xFF, 0xFF, 0x00, 0xFF, 0xFF, 0xFF, 0x00, 0xFF, 0xFF, 0xFF, 0x00,
        0xFF, 0xFF, 0xFF, 0x00, 0xFF, 0xFF, 0xFF, 0x00, 0xFF, 0xFF, 0xFF, 0x00,
        0xFF, 0xFF, 0xFF, 0x00, 0xFF, 0xFF, 0xFF, 0x00, 0xFF, 0xFF, 0xFF, 0x00,
        0xFF, 0xFF, 0xFF, 0x00, 0xFF, 0xFF, 0xFF, 0x00, 0xFF, 0xFF, 0xFF, 0x00,
        0xFF, 0xFF, 0xFF, 0x00, 0xFF, 0xFF, 0xFF, 0x00, 0xFF, 0xFF, 0xFF, 0x00,
        0xFF, 0xFF, 0xFF, 0x00, 0xFF, 0xFF, 0xFF, 0x00, 0xFF, 0xFF, 0xFF, 0x00,
        0xFF, 0xFF, 0xFF, 0x00, 0xFF, 0xFF, 0xFF, 0x00, 0xFF, 0xFF, 0xFF, 0x00,
        0xFF, 0xFF, 0xFF, 0x00, 0xFF, 0xFF, 0xFF, 0x00, 0xFF, 0xFF, 0xFF, 0x00,
        0xFF, 0xFF, 0xFF, 0x00, 0xFF, 0xFF, 0xFF, 0x00, 0xFF, 0xFF, 0xFF, 0x00,
        0xFF, 0xFF, 0xFF, 0x00, 0xFF, 0xFF, 0xFF, 0x00, 0xFF, 0xFF, 0xFF, 0x00,
        0xFF, 0xFF, 0xFF, 0x00, 0xFF, 0xFF, 0xFF, 0x00, 0xFF, 0xFF, 0xFF, 0x00,
        0xFF, 0xFF, 0xFF, 0x00, 0xFF, 0xFF, 0xFF, 0x00, 0xFF, 0xFF, 0xFF, 0x00,
        0xFF, 0xFF, 0xFF, 0x00, 0xFF, 0xFF, 0xFF, 0x00, 0xFF, 0xFF, 0xFF, 0x00,
        0xFF, 0xFF, 0xFF, 0x00, 0xFF, 0xFF, 0xFF, 0x00, 0xFF, 0xFF, 0xFF, 0x00,
        0xFF, 0xFF, 0xFF, 0x00, 0xFF, 0xFF, 0xFF, 0x00, 0xFF, 0xFF, 0xFF, 0x00,
        0xFF, 0xFF, 0xFF, 0x00, 0xFF, 0xFF, 0xFF, 0x00, 0xFF, 0xFF, 0xFF, 0x00,
        0xFF, 0xFF, 0xFF, 0x00, 0xFF, 0xFF, 0xFF, 0x00, 0xFF, 0xFF, 0xFF, 0x00,
        0xFF, 0xFF, 0xFF, 0x00, 0xFF, 0xFF, 0xFF, 0x00, 0xFF, 0xFF, 0xFF, 0x00,
        0xFF, 0xFF, 0xFF, 0x00, 0xFF, 0xFF, 0xFF, 0x00, 0xFF, 0xFF, 0xFF, 0x00,
        0xFF, 0xFF, 0xFF, 0x00, 0xFF, 0xFF, 0xFF, 0x00, 0xFF, 0xFF, 0xFF, 0x00,
        0xFF, 0xFF, 0xFF, 0x00, 0xFF, 0xFF, 0xFF, 0x00, 0xFF, 0xFF, 0xFF, 0x00,
        0xFF, 0xFF, 0xFF, 0x00, 0xFF, 0xFF, 0xFF, 0x00, 0xFF, 0xFF, 0xFF, 0x00,
        0xFF, 0xFF, 0xFF, 0x00, 0xFF, 0xFF, 0xFF, 0x00, 0xFF, 0xFF, 0xFF, 0x00,
        0xFF, 0xFF, 0xFF, 0x00, 0xFF, 0xFF, 0xFF, 0x00, 0xFF, 0xFF, 0xFF, 0x00,
        0xFF, 0xFF, 0xFF, 0x00, 0xFF, 0xFF, 0xFF, 0x00, 0xFF, 0xFF, 0xFF, 0x00,
        0xFF, 0xFF, 0xFF, 0x00, 0xFF, 0xFF, 0xFF, 0x00, 0xFF, 0xFF, 0xFF, 0x00,
        0xFF, 0xFF, 0xFF, 0x00, 0xFF, 0xFF, 0xFF, 0x00, 0xFF, 0xFF, 0xFF, 0x00,
        0xFF, 0xFF, 0xFF, 0x00, 0xFF, 0xFF, 0xFF, 0x00, 0xFF, 0xFF, 0xFF, 0x00,
        0xFF, 0xFF, 0xFF, 0x00, 0xFF, 0xFF, 0xFF, 0x00, 0xFF, 0xFF, 0xFF, 0x00,
        0xFF, 0xFF, 0xFF, 0x00, 0xFF, 0xFF, 0xFF, 0x00, 0xFF, 0xFF, 0xFF, 0x00,
        0xFF, 0xFF, 0xFF, 0x00, 0xFF, 0xFF, 0xFF, 0x00, 0xFF, 0xFF, 0xFF, 0x00,
        0xFF, 0xFF, 0xFF, 0x00, 0xFF, 0xFF, 0xFF, 0x00, 0xFF, 0xFF, 0xFF, 0x00,
        0xFF, 0xFF, 0xFF, 0x00, 0xFF, 0xFF, 0xFF, 0x00, 0xFF, 0xFF, 0xFF, 0x00,
        0xFF, 0xFF, 0xFF, 0x00, 0xFF, 0xFF, 0xFF, 0x00, 0xFF, 0xFF, 0xFF, 0x00,
        0xFF, 0xFF, 0xFF, 0x00, 0xFF, 0xFF, 0xFF, 0x00, 0xFF, 0xFF, 0xFF, 0x00,
        0xFF, 0xFF, 0xFF, 0x00, 0xFF, 0xFF, 0xFF, 0x00, 0xFF, 0xFF, 0xFF, 0x00,
        0xFF, 0xFF, 0xFF, 0x00, 0xFF, 0xFF, 0xFF, 0x00, 0xFF, 0xFF, 0xFF, 0x00,
        0xFF, 0xFF, 0xFF, 0x00, 0xFF, 0xFF, 0xFF, 0x00, 0xFF, 0xFF, 0xFF, 0x00,
        0xFF, 0xFF, 0xFF, 0x00, 0xFF, 0xFF, 0xFF, 0x00, 0xFF, 0xFF, 0xFF, 0x00,
        0xFF, 0xFF, 0xFF, 0x00, 0xFF, 0xFF, 0xFF, 0x00, 0xFF, 0xFF, 0xFF, 0x00,
        0xFF, 0xFF, 0xFF, 0x00, 0xFF, 0xFF, 0xFF, 0x00, 0xFF, 0xFF, 0xFF, 0x00,
        0xFF, 0xFF, 0xFF, 0x00, 0xFF, 0xFF, 0xFF, 0x00, 0xFF, 0xFF, 0xFF, 0x00,
        0xFF, 0xFF, 0xFF, 0x00, 0xFF, 0xFF, 0xFF, 0x00, 0xFF, 0xFF, 0xFF, 0x00,
        0xFF, 0xFF, 0xFF, 0x00, 0xFF, 0xFF, 0xFF, 0x00, 0xFF, 0xFF, 0xFF, 0x00,
        0xFF, 0xFF, 0xFF, 0x00, 0xFF, 0xFF, 0xFF, 0x00, 0xFF, 0xFF, 0xFF, 0x00,
        0xFF, 0xFF, 0xFF, 0x00, 0xFF, 0xFF, 0xFF, 0x00, 0xFF, 0xFF, 0xFF, 0x00,
        0xFF, 0xFF, 0xFF, 0x00, 0xFF, 0xFF, 0xFF, 0x00, 0xFF, 0xFF, 0xFF, 0x00,
        0xFF, 0xFF, 0xFF, 0x00, 0xFF, 0xFF, 0xFF, 0x00, 0xFF, 0xFF, 0xFF, 0x00,
        0xFF, 0xFF, 0xFF, 0x00, 0xFF, 0xFF, 0xFF, 0x00, 0xFF, 0xFF, 0xFF, 0x00,
        0xFF, 0xFF, 0xFF, 0x00, 0xFF, 0xFF, 0xFF, 0x00, 0xFF, 0xFF, 0xFF, 0x00,
        0xFF, 0xFF, 0xFF, 0x00, 0xFF, 0xFF, 0xFF, 0x00, 0xFF, 0xFF, 0xFF, 0x00,
        0xFF, 0xFF, 0xFF, 0x00, 0xFF, 0xFF, 0xFF, 0x00, 0xFF, 0xFF, 0xFF, 0x00,
        0xFF, 0xFF, 0xFF, 0x00, 0xFF, 0xFF, 0xFF, 0x00, 0xFF, 0xFF, 0xFF, 0x00,
        0xFF, 0xFF, 0xFF, 0x00, 0xFF, 0xFF, 0xFF, 0x00, 0xFF, 0xFF, 0xFF, 0x00,
        0xFF, 0xFF, 0xFF, 0x00, 0xFF, 0xFF, 0xFF, 0x00, 0xFF, 0xFF, 0xFF, 0x00,
        0xFF, 0xFF, 0xFF, 0x00, 0xFF, 0xFF, 0xFF, 0x00, 0xFF, 0xFF, 0xFF, 0x00,
        0xFF, 0xFF, 0xFF, 0x00, 0xFF, 0xFF, 0xFF, 0x00, 0xFF, 0xFF, 0xFF, 0x00,
        0xFF, 0xFF, 0xFF, 0x00, 0xFF, 0xFF, 0xFF, 0x00, 0xFF, 0xFF, 0xFF, 0x00,
        0xFF, 0xFF, 0xFF, 0x00, 0xFF, 0xFF, 0xFF, 0x00, 0xFF, 0xFF, 0xFF, 0x00,
        0xFF, 0xFF, 0xFF, 0x00, 0xFF, 0xFF, 0xFF, 0x00, 0xFF, 0xFF, 0xFF, 0x00,
        0xFF, 0xFF, 0xFF, 0x00, 0xFF, 0xFF, 0xFF, 0x00, 0xFF, 0xFF, 0xFF, 0x00,
        0xFF, 0xFF, 0xFF, 0x00, 0xFF, 0xFF, 0xFF, 0x00, 0xFF, 0xFF, 0xFF, 0x00,
        0xFF, 0xFF, 0xFF, 0x00, 0xFF, 0xFF, 0xFF, 0x00, 0xFF, 0xFF, 0xFF, 0x00,
        0xFF, 0xFF, 0xFF, 0x00, 0xFF, 0xFF, 0xFF, 0x00, 0xFF, 0xFF, 0xFF, 0x00,
        0xFF, 0xFF, 0xFF, 0x00, 0xFF, 0xFF, 0xFF, 0x00, 0xFF, 0xFF, 0xFF, 0x00,
        0xFF, 0xFF, 0xFF, 0x00, 0xFF, 0xFF, 0xFF, 0x00, 0xFF, 0xFF, 0xFF, 0x00,
        0xFF, 0xFF, 0xFF, 0x00, 0xFF, 0xFF, 0xFF, 0x00, 0xFF, 0xFF, 0xFF, 0x00,
        0xFF, 0xFF, 0xFF, 0x00, 0xFF, 0xFF, 0xFF, 0x00, 0xFF, 0xFF, 0xFF, 0x00,
        0xFF, 0xFF, 0xFF, 0x00, 0xFF, 0xFF, 0xFF, 0x00, 0xFF, 0xFF, 0xFF, 0x00,
        0xFF, 0xFF, 0xFF, 0x00, 0xFF, 0xFF, 0xFF, 0x00, 0xFF, 0xFF, 0xFF, 0x00,
        0xFF, 0xFF, 0xFF, 0x00, 0xFF, 0xFF, 0xFF, 0x00, 0xFF, 0xFF, 0xFF, 0x00,
        0xFF, 0xFF, 0xFF, 0x00, 0xFF, 0xFF, 0xFF, 0x00, 0xFF, 0xFF, 0xFF, 0x00,
        0xFF, 0xFF, 0xFF, 0x00, 0xFF, 0xFF, 0xFF, 0x00, 0xFF, 0xFF, 0xFF, 0x00,
        0xFF, 0xFF, 0xFF, 0x00, 0xFF, 0xFF, 0xFF, 0x00, 0xFF, 0xFF, 0xFF, 0x00,
        0xFF, 0xFF, 0xFF, 0x00, 0xFF, 0xFF, 0xFF, 0x00, 0xFF, 0xFF, 0xFF, 0x00,
        0xFF, 0xFF, 0xFF, 0x00, 0xFF, 0xFF, 0xFF, 0x00, 0xFF, 0xFF, 0xFF, 0x00,
        0xFF, 0xFF, 0xFF, 0x00, 0xFF, 0xFF, 0xFF, 0x00, 0xFF, 0xFF, 0xFF, 0x00,
        0xFF, 0xFF, 0xFF, 0x00, 0xFF, 0xFF, 0xFF, 0x00, 0xFF, 0xFF, 0xFF, 0x00,
        0xFF, 0xFF, 0xFF, 0x00, 0xFF, 0xFF, 0xFF, 0x00, 0xFF, 0xFF, 0xFF, 0x00,
        0xFF, 0xFF, 0xFF, 0x00, 0xFF, 0xFF, 0xFF, 0x00, 0xFF, 0xFF, 0xFF, 0x00,
        0xFF, 0xFF, 0xFF, 0x00, 0xFF, 0xFF, 0xFF, 0x00, 0xFF, 0xFF, 0xFF, 0x00,
        0xFF, 0xFF, 0xFF, 0x00, 0xFF, 0xFF, 0xFF, 0x00, 0xFF, 0xFF, 0xFF, 0x00,
        0xFF, 0xFF, 0xFF, 0x00, 0xFF, 0xFF, 0xFF, 0x00, 0xFF, 0xFF, 0xFF, 0x00,
        0xFF, 0xFF, 0xFF, 0x00, 0xFF, 0xFF, 0xFF, 0x00, 0xFF, 0xFF, 0xFF, 0x00,
        0xFF, 0xFF, 0xFF, 0x00, 0xFF, 0xFF, 0xFF, 0x00, 0xFF, 0xFF, 0xFF, 0x00,
        0xFF, 0xFF, 0xFF, 0x00, 0xFF, 0xFF, 0xFF, 0x00, 0xFF, 0xFF, 0xFF, 0x00,
        0xFF, 0xFF, 0xFF, 0x00, 0xFF, 0xFF, 0xFF, 0x00, 0xFF, 0xFF, 0xFF, 0x00,
        0xFF, 0xFF, 0xFF, 0x00, 0xFF, 0xFF, 0xFF, 0x00, 0xFF, 0xFF, 0xFF, 0x00,
        0xFF, 0xFF, 0xFF, 0x00, 0xFF, 0xFF, 0xFF, 0x00, 0xFF, 0xFF, 0xFF, 0x00,
        0xFF, 0xFF, 0xFF, 0x00, 0xFF, 0xFF, 0xFF, 0x00, 0xFF, 0xFF, 0xFF, 0x00,
        0xFF, 0xFF, 0xFF, 0x00, 0xFF, 0xFF, 0xFF, 0x00, 0xFF, 0xFF, 0xFF, 0x00,
        0xFF, 0xFF, 0xFF, 0x00, 0xFF, 0xFF, 0xFF, 0x00, 0xFF, 0xFF, 0xFF, 0x00,
        0xFF, 0xFF, 0xFF, 0x00, 0xFF, 0xFF, 0xFF, 0x00, 0xFF, 0xFF, 0xFF, 0x00,
        0xFF, 0xFF, 0xFF, 0x00, 0xFF, 0xFF, 0xFF, 0x00, 0xFF, 0xFF, 0xFF, 0x00,
        0xFF, 0xFF, 0xFF, 0x00, 0xFF, 0xFF, 0xFF, 0x00, 0xFF, 0xFF, 0xFF, 0x00,
        0xFF, 0xFF, 0xFF, 0x00, 0xFF, 0xFF, 0xFF, 0x00, 0xFF, 0xFF, 0xFF, 0x00,
        0xFF, 0xFF, 0xFF, 0x00, 0xFF, 0xFF, 0xFF, 0x00, 0xFF, 0xFF, 0xFF, 0x00,
        0xFF, 0xFF, 0xFF, 0x00, 0xFF, 0xFF, 0xFF, 0x00, 0xFF, 0xFF, 0xFF, 0x00,
        0xFF, 0xFF, 0xFF, 0x00, 0xFF, 0xFF, 0xFF, 0x00, 0xFF, 0xFF, 0xFF, 0x00,
        0xFF, 0xFF, 0xFF, 0x00, 0xFF, 0xFF, 0xFF, 0x00, 0xFF, 0xFF, 0xFF, 0x00,
        0xFF, 0xFF, 0xFF, 0x00, 0xFF, 0xFF, 0xFF, 0x00, 0xFF, 0xFF, 0xFF, 0x00,
        0xFF, 0xFF, 0xFF, 0x00, 0xFF, 0xFF, 0xFF, 0x00, 0xFF, 0xFF, 0xFF, 0x00,
        0xFF, 0xFF, 0xFF, 0x00, 0xFF, 0xFF, 0xFF, 0x00, 0xFF, 0xFF, 0xFF, 0x00,
        0xFF, 0xFF, 0xFF, 0x00, 0xFF, 0xFF, 0xFF, 0x00, 0xFF, 0xFF, 0xFF, 0x00,
        0xFF, 0xFF, 0xFF, 0x00, 0xFF, 0xFF, 0xFF, 0x00, 0xFF, 0xFF, 0xFF, 0x00,
        0xFF, 0xFF, 0xFF, 0x00, 0xFF, 0xFF, 0xFF, 0x00, 0xFF, 0xFF, 0xFF, 0x00,
        0xFF, 0xFF, 0xFF, 0x00, 0xFF, 0xFF, 0xFF, 0x00, 0xFF, 0xFF, 0xFF, 0x00,
        0xFF, 0xFF, 0xFF, 0x00, 0xFF, 0xFF, 0xFF, 0x00, 0xFF, 0xFF, 0xFF, 0x00,
        0xFF, 0xFF, 0xFF, 0x00, 0xFF, 0xFF, 0xFF, 0x00, 0xFF, 0xFF, 0xFF, 0x00,
        0xFF, 0xFF, 0xFF, 0x00, 0xFF, 0xFF, 0xFF, 0x00, 0xFF, 0xFF, 0xFF, 0x00,
        0xFF, 0xFF, 0xFF, 0x00, 0xFF, 0xFF, 0xFF, 0x00, 0xFF, 0xFF, 0xFF, 0x00,
        0xFF, 0xFF, 0xFF, 0x00, 0xFF, 0xFF, 0xFF, 0x00, 0xFF, 0xFF, 0xFF, 0x00,
        0xFF, 0xFF, 0xFF, 0x00, 0xFF, 0xFF, 0xFF, 0x00, 0xFF, 0xFF, 0xFF, 0x00,
        0xFF, 0xFF, 0xFF, 0x00, 0xFF, 0xFF, 0xFF, 0x00, 0xFF, 0xFF, 0xFF, 0x00,
        0xFF, 0xFF, 0xFF, 0x00, 0xFF, 0xFF, 0xFF, 0x00, 0xFF, 0xFF, 0xFF, 0x00,
        0xFF, 0xFF, 0xFF, 0x00, 0xFF, 0xFF, 0xFF, 0x00, 0xFF, 0xFF, 0xFF, 0x00,
        0xFF, 0xFF, 0xFF, 0x00, 0xFF, 0xFF, 0xFF, 0x00, 0xFF, 0xFF, 0xFF, 0x00,
        0xFF, 0xFF, 0xFF, 0x00, 0xFF, 0xFF, 0xFF, 0x00, 0xFF, 0xFF, 0xFF, 0x00,
        0xFF, 0xFF, 0xFF, 0x00, 0xFF, 0xFF, 0xFF, 0x00, 0xFF, 0xFF, 0xFF, 0x00,
        0xFF, 0xFF, 0xFF, 0x00, 0xFF, 0xFF, 0xFF, 0x00, 0xFF, 0xFF, 0xFF, 0x00,
        0xFF, 0xFF, 0xFF, 0x00, 0xFF, 0xFF, 0xFF, 0x00, 0xFF, 0xFF, 0xFF, 0x00,
        0xFF, 0xFF, 0xFF, 0x00, 0xFF, 0xFF, 0xFF, 0x00, 0xFF, 0xFF, 0xFF, 0x00,
        0xFF, 0xFF, 0xFF, 0x00, 0xFF, 0xFF, 0xFF, 0x00, 0xFF, 0xFF, 0xFF, 0x00,
        0xFF, 0xFF, 0xFF, 0x00, 0xFF, 0xFF, 0xFF, 0x00, 0xFF, 0xFF, 0xFF, 0x00,
        0xFF, 0xFF, 0xFF, 0x00, 0xFF, 0xFF, 0xFF, 0x00, 0xFF, 0xFF, 0xFF, 0x00,
        0xFF, 0xFF, 0xFF, 0x00, 0xFF, 0xFF, 0xFF, 0x00, 0xFF, 0xFF, 0xFF, 0x00,
        0xFF, 0xFF, 0xFF, 0x00, 0xFF, 0xFF, 0xFF, 0x00, 0xFF, 0xFF, 0xFF, 0x00,
        0xFF, 0xFF, 0xFF, 0x00, 0xFF, 0xFF, 0xFF, 0x00, 0xFF, 0xFF, 0xFF, 0x00,
        0xFF, 0xFF, 0xFF, 0x00, 0xFF, 0xFF, 0xFF, 0x00, 0xFF, 0xFF, 0xFF, 0x00,
        0xFF, 0xFF, 0xFF, 0x00, 0xFF, 0xFF, 0xFF, 0x00, 0xFF, 0xFF, 0xFF, 0x00,
        0xFF, 0xFF, 0xFF, 0x00, 0xFF, 0xFF, 0xFF, 0x00, 0xFF, 0xFF, 0xFF, 0x00,
        0xFF, 0xFF, 0xFF, 0x00, 0xFF, 0xFF, 0xFF, 0x00, 0xFF, 0xFF, 0xFF, 0x00,
        0xFF, 0xFF, 0xFF, 0x00, 0xFF, 0xFF, 0xFF, 0x00, 0xFF, 0xFF, 0xFF, 0x00,
        0xFF, 0xFF, 0xFF, 0x00, 0xFF, 0xFF, 0xFF, 0x00, 0xFF, 0xFF, 0xFF, 0x00,
        0xFF, 0xFF, 0xFF, 0x00, 0xFF, 0xFF, 0xFF, 0x00, 0xFF, 0xFF, 0xFF, 0x00,
        0xFF, 0xFF, 0xFF, 0x00, 0xFF, 0xFF, 0xFF, 0x00, 0xFF, 0xFF, 0xFF, 0x00,
        0xFF, 0xFF, 0xFF, 0x00, 0xFF, 0xFF, 0xFF, 0x00, 0xFF, 0xFF, 0xFF, 0x00,
        0xFF, 0xFF, 0xFF, 0x00, 0xFF, 0xFF, 0xFF, 0x00, 0xFF, 0xFF, 0xFF, 0x00,
        0xFF, 0xFF, 0xFF, 0x00, 0xFF, 0xFF, 0xFF, 0x00, 0xFF, 0xFF, 0xFF, 0x00,
        0xFF, 0xFF, 0xFF, 0x00, 0xFF, 0xFF, 0xFF, 0x00, 0xFF, 0xFF, 0xFF, 0x00,
        0xFF, 0xFF, 0xFF, 0x00, 0xFF, 0xFF, 0xFF, 0x00, 0xFF, 0xFF, 0xFF, 0x00,
        0xFF, 0xFF, 0xFF, 0x00, 0xFF, 0xFF, 0xFF, 0x00, 0xFF, 0xFF, 0xFF, 0x00,
        0xFF, 0xFF, 0xFF, 0x00, 0xFF, 0xFF, 0xFF, 0x00, 0xFF, 0xFF, 0xFF, 0x00,
        0xFF, 0xFF, 0xFF, 0x00, 0xFF, 0xFF, 0xFF, 0x00, 0xFF, 0xFF, 0xFF, 0x00,
        0xFF, 0xFF, 0xFF, 0x00, 0xFF, 0xFF, 0xFF, 0x00, 0xFF, 0xFF, 0xFF, 0x00,
        0xFF, 0xFF, 0xFF, 0x00, 0xFF, 0xFF, 0xFF, 0x00, 0xFF, 0xFF, 0xFF, 0x00,
        0xFF, 0xFF, 0xFF, 0x00, 0xFF, 0xFF, 0xFF, 0x00, 0xFF, 0xFF, 0xFF, 0x00,
        0xFF, 0xFF, 0xFF, 0x00, 0x75, 0x75, 0x75, 0x14, 0x76, 0x76, 0x76, 0x86,
        0x76, 0x76, 0x76, 0xD2, 0x76, 0x76, 0x76, 0xF8, 0x75, 0x75, 0x75, 0xFF,
        0x75, 0x75, 0x75, 0xFF, 0x75, 0x75, 0x75, 0xFF, 0x75, 0x75, 0x75, 0xFF,
        0x75, 0x75, 0x75, 0xFF, 0x75, 0x75, 0x75, 0xFF, 0x75, 0x75, 0x75, 0xFF,
        0x75, 0x75, 0x75, 0xFF, 0x75, 0x75, 0x75, 0xFF, 0x75, 0x75, 0x75, 0xFF,
        0x75, 0x75, 0x75, 0xFF, 0x75, 0x75, 0x75, 0xFF, 0x75, 0x75, 0x75, 0xFF,
        0x75, 0x75, 0x75, 0xFF, 0x75, 0x75, 0x75, 0xFF, 0x75, 0x75, 0x75, 0xFF,
        0x75, 0x75, 0x75, 0xFF, 0x75, 0x75, 0x75, 0xFF, 0x75, 0x75, 0x75, 0xFF,
        0x75, 0x75, 0x75, 0xFF, 0x75, 0x75, 0x75, 0xFF, 0x75, 0x75, 0x75, 0xFF,
        0x75, 0x75, 0x75, 0xFF, 0x75, 0x75, 0x75, 0xFF, 0x75, 0x75, 0x75, 0xFF,
        0x75, 0x75, 0x75, 0xFF, 0x75, 0x75, 0x75, 0xFF, 0x75, 0x75, 0x75, 0xFF,
        0x75, 0x75, 0x75, 0xFF, 0x75, 0x75, 0x75, 0xFF, 0x75, 0x75, 0x75, 0xFF,
        0x75, 0x75, 0x75, 0xFF, 0x75, 0x75, 0x75, 0xFF, 0x75, 0x75, 0x75, 0xFF,
        0x75, 0x75, 0x75, 0xFF, 0x75, 0x75, 0x75, 0xFF, 0x75, 0x75, 0x75, 0xFF,
        0x75, 0x75, 0x75, 0xFF, 0x75, 0x75, 0x75, 0xFF, 0x75, 0x75, 0x75, 0xFF,
        0x75, 0x75, 0x75, 0xFF, 0x75, 0x75, 0x75, 0xFF, 0x75, 0x75, 0x75, 0xFF,
        0x75, 0x75, 0x75, 0xFF, 0x76, 0x76, 0x76, 0xF8, 0x76, 0x76, 0x76, 0xD0,
        0x76, 0x76, 0x76, 0x82, 0x75, 0x75, 0x75, 0x14, 0xFF, 0xFF, 0xFF, 0x00,
        0xFF, 0xFF, 0xFF, 0x00, 0xFF, 0xFF, 0xFF, 0x00, 0xFF, 0xFF, 0xFF, 0x00,
        0xFF, 0xFF, 0xFF, 0x00, 0xFF, 0xFF, 0xFF, 0x00, 0xFF, 0xFF, 0xFF, 0x00,
        0xFF, 0xFF, 0xFF, 0x00, 0xFF, 0xFF, 0xFF, 0x00, 0xFF, 0xFF, 0xFF, 0x00,
        0xFF, 0xFF, 0xFF, 0x00, 0xFF, 0xFF, 0xFF, 0x00, 0xA7, 0xA7, 0xA7, 0x14,
        0xA8, 0xA8, 0xA8, 0x86, 0xA9, 0xA9, 0xA9, 0xD2, 0xA9, 0xA9, 0xA9, 0xF8,
        0xA9, 0xA9, 0xA9, 0xFF, 0xA9, 0xA9, 0xA9, 0xFF, 0xA9, 0xA9, 0xA9, 0xFF,
        0xA9, 0xA9, 0xA9, 0xFF, 0xA8, 0xA8, 0xA8, 0xFF, 0xA7, 0xA7, 0xA7, 0xFF,
        0xA6, 0xA6, 0xA6, 0xFF, 0xA5, 0xA5, 0xA5, 0xFF, 0xA5, 0xA5, 0xA5, 0xFF,
        0xA5, 0xA5, 0xA5, 0xFF, 0xA5, 0xA5, 0xA5, 0xFF, 0xA5, 0xA5, 0xA5, 0xFF,
        0xA5, 0xA5, 0xA5, 0xFF, 0xA5, 0xA5, 0xA5, 0xFF, 0xA5, 0xA5, 0xA5, 0xFF,
        0xA5, 0xA5, 0xA5, 0xFF, 0xA5, 0xA5, 0xA5, 0xFF, 0xA5, 0xA5, 0xA5, 0xFF,
        0xA5, 0xA5, 0xA5, 0xFF, 0xA5, 0xA5, 0xA5, 0xFF, 0xA5, 0xA5, 0xA5, 0xFF,
        0xA5, 0xA5, 0xA5, 0xFF, 0xA5, 0xA5, 0xA5, 0xFF, 0xA5, 0xA5, 0xA5, 0xFF,
        0xA5, 0xA5, 0xA5, 0xFF, 0xA5, 0xA5, 0xA5, 0xFF, 0xA5, 0xA5, 0xA5, 0xFF,
        0xA5, 0xA5, 0xA5, 0xFF, 0xA5, 0xA5, 0xA5, 0xFF, 0xA5, 0xA5, 0xA5, 0xFF,
        0xA5, 0xA5, 0xA5, 0xFF, 0xA5, 0xA5, 0xA5, 0xFF, 0xA5, 0xA5, 0xA5, 0xFF,
        0xA5, 0xA5, 0xA5, 0xFF, 0xA5, 0xA5, 0xA5, 0xFF, 0xA5, 0xA5, 0xA5, 0xFF,
        0xA5, 0xA5, 0xA5, 0xFF, 0xA6, 0xA6, 0xA6, 0xFF, 0xA7, 0xA7, 0xA7, 0xFF,
        0xA8, 0xA8, 0xA8, 0xFF, 0xA9, 0xA9, 0xA9, 0xFF, 0xA9, 0xA9, 0xA9, 0xFF,
        0xA9, 0xA9, 0xA9, 0xFF, 0xA9, 0xA9, 0xA9, 0xFF, 0xA9, 0xA9, 0xA9, 0xF8,
        0xA9, 0xA9, 0xA9, 0xD0, 0xA8, 0xA8, 0xA8, 0x82, 0xA7, 0xA7, 0xA7, 0x14,
        0xFF, 0xFF, 0xFF, 0x00, 0xFF, 0xFF, 0xFF, 0x00, 0xFF, 0xFF, 0xFF, 0x00,
        0xFF, 0xFF, 0xFF, 0x00, 0xFF, 0xFF, 0xFF, 0x00, 0xFF, 0xFF, 0xFF, 0x00,
        0xFF, 0xFF, 0xFF, 0x00, 0xFF, 0xFF, 0xFF, 0x00, 0xFF, 0xFF, 0xFF, 0x00,
        0xFF, 0xFF, 0xFF, 0x00, 0xFF, 0xFF, 0xFF, 0x00, 0x75, 0x75, 0x75, 0x53,
        0x77, 0x77, 0x77, 0xF0, 0x75, 0x75, 0x75, 0xFF, 0x74, 0x74, 0x74, 0xFF,
        0x71, 0x71, 0x71, 0xFF, 0x71, 0x71, 0x71, 0xFF, 0x71, 0x71, 0x71, 0xFF,
        0x70, 0x70, 0x70, 0xFF, 0x70, 0x70, 0x70, 0xFF, 0x70, 0x70, 0x70, 0xFF,
        0x70, 0x70, 0x70, 0xFF, 0x70, 0x70, 0x70, 0xFF, 0x70, 0x70, 0x70, 0xFF,
        0x70, 0x70, 0x70, 0xFF, 0x70, 0x70, 0x70, 0xFF, 0x70, 0x70, 0x70, 0xFF,
        0x70, 0x70, 0x70, 0xFF, 0x70, 0x70, 0x70, 0xFF, 0x70, 0x70, 0x70, 0xFF,
        0x70, 0x70, 0x70, 0xFF, 0x70, 0x70, 0x70, 0xFF, 0x70, 0x70, 0x70, 0xFF,
        0x70, 0x70, 0x70, 0xFF, 0x70, 0x70, 0x70, 0xFF, 0x70, 0x70, 0x70, 0xFF,
        0x70, 0x70, 0x70, 0xFF, 0x70, 0x70, 0x70, 0xFF, 0x70, 0x70, 0x70, 0xFF,
        0x70, 0x70, 0x70, 0xFF, 0x70, 0x70, 0x70, 0xFF, 0x70, 0x70, 0x70, 0xFF,
        0x70, 0x70, 0x70, 0xFF, 0x70, 0x70, 0x70, 0xFF, 0x70, 0x70, 0x70, 0xFF,
        0x70, 0x70, 0x70, 0xFF, 0x70, 0x70, 0x70, 0xFF, 0x70, 0x70, 0x70, 0xFF,
        0x70, 0x70, 0x70, 0xFF, 0x70, 0x70, 0x70, 0xFF, 0x70, 0x70, 0x70, 0xFF,
        0x70, 0x70, 0x70, 0xFF, 0x70, 0x70, 0x70, 0xFF, 0x70, 0x70, 0x70, 0xFF,
        0x70, 0x70, 0x70, 0xFF, 0x70, 0x70, 0x70, 0xFF, 0x70, 0x70, 0x70, 0xFF,
        0x70, 0x70, 0x70, 0xFF, 0x71, 0x71, 0x71, 0xFF, 0x71, 0x71, 0x71, 0xFF,
        0x71, 0x71, 0x71, 0xFF, 0x74, 0x74, 0x74, 0xFF, 0x75, 0x75, 0x75, 0xFF,
        0x77, 0x77, 0x77, 0xF1, 0x75, 0x75, 0x75, 0x53, 0xFF, 0xFF, 0xFF, 0x00,
        0xFF, 0xFF, 0xFF, 0x00, 0xFF, 0xFF, 0xFF, 0x00, 0xFF, 0xFF, 0xFF, 0x00,
        0xFF, 0xFF, 0xFF, 0x00, 0xFF, 0xFF, 0xFF, 0x00, 0xFF, 0xFF, 0xFF, 0x00,
        0xFF, 0xFF, 0xFF, 0x00, 0xFF, 0xFF, 0xFF, 0x00, 0xFF, 0xFF, 0xFF, 0x00,
        0xA8, 0xA8, 0xA8, 0x53, 0xA8, 0xA8, 0xA8, 0xF0, 0xA8, 0xA8, 0xA8, 0xFF,
        0xA7, 0xA7, 0xA7, 0xFF, 0xA7, 0xA7, 0xA7, 0xFF, 0xA7, 0xA7, 0xA7, 0xFF,
        0xA5, 0xA5, 0xA5, 0xFF, 0xA1, 0xA1, 0xA1, 0xFF, 0xA0, 0xA0, 0xA0, 0xFF,
        0x9F, 0x9F, 0x9F, 0xFF, 0x9E, 0x9E, 0x9E, 0xFF, 0x9D, 0x9D, 0x9D, 0xFF,
        0x9C, 0x9C, 0x9C, 0xFF, 0x9C, 0x9C, 0x9C, 0xFF, 0x9B, 0x9B, 0x9B, 0xFF,
        0x9B, 0x9B, 0x9B, 0xFF, 0x9B, 0x9B, 0x9B, 0xFF, 0x9B, 0x9B, 0x9B, 0xFF,
        0x9B, 0x9B, 0x9B, 0xFF, 0x9B, 0x9B, 0x9B, 0xFF, 0x9B, 0x9B, 0x9B, 0xFF,
        0x9B, 0x9B, 0x9B, 0xFF, 0x9B, 0x9B, 0x9B, 0xFF, 0x9B, 0x9B, 0x9B, 0xFF,
        0x9B, 0x9B, 0x9B, 0xFF, 0x9B, 0x9B, 0x9B, 0xFF, 0x9B, 0x9B, 0x9B, 0xFF,
        0x9B, 0x9B, 0x9B, 0xFF, 0x9B, 0x9B, 0x9B, 0xFF, 0x9B, 0x9B, 0x9B, 0xFF,
        0x9B, 0x9B, 0x9B, 0xFF, 0x9B, 0x9B, 0x9B, 0xFF, 0x9B, 0x9B, 0x9B, 0xFF,
        0x9B, 0x9B, 0x9B, 0xFF, 0x9B, 0x9B, 0x9B, 0xFF, 0x9B, 0x9B, 0x9B, 0xFF,
        0x9B, 0x9B, 0x9B, 0xFF, 0x9B, 0x9B, 0x9B, 0xFF, 0x9B, 0x9B, 0x9B, 0xFF,
        0x9B, 0x9B, 0x9B, 0xFF, 0x9C, 0x9C, 0x9C, 0xFF, 0x9C, 0x9C, 0x9C, 0xFF,
        0x9D, 0x9D, 0x9D, 0xFF, 0x9E, 0x9E, 0x9E, 0xFF, 0x9F, 0x9F, 0x9F, 0xFF,
        0xA0, 0xA0, 0xA0, 0xFF, 0xA1, 0xA1, 0xA1, 0xFF, 0xA5, 0xA5, 0xA5, 0xFF,
        0xA7, 0xA7, 0xA7, 0xFF, 0xA7, 0xA7, 0xA7, 0xFF, 0xA7, 0xA7, 0xA7, 0xFF,
        0xA8, 0xA8, 0xA8, 0xFF, 0xA8, 0xA8, 0xA8, 0xF1, 0xA8, 0xA8, 0xA8, 0x53,
        0xFF, 0xFF, 0xFF, 0x00, 0xFF, 0xFF, 0xFF, 0x00, 0xFF, 0xFF, 0xFF, 0x00,
        0xFF, 0xFF, 0xFF, 0x00, 0xFF, 0xFF, 0xFF, 0x00, 0xFF, 0xFF, 0xFF, 0x00,
        0xFF, 0xFF, 0xFF, 0x00, 0xFF, 0xFF, 0xFF, 0x00, 0xFF, 0xFF, 0xFF, 0x00,
        0x76, 0x76, 0x76, 0x53, 0x76, 0x76, 0x76, 0xFE, 0x75, 0x75, 0x75, 0xFF,
        0x71, 0x71, 0x71, 0xFF, 0x70, 0x70, 0x70, 0xFF, 0x6E, 0x6E, 0x6E, 0xFF,
        0x6D, 0x6D, 0x6D, 0xFF, 0x6D, 0x6D, 0x6D, 0xFF, 0x6C, 0x6C, 0x6C, 0xFF,
        0x6C, 0x6C, 0x6C, 0xFF, 0x6C, 0x6C, 0x6C, 0xFF, 0x6C, 0x6C, 0x6C, 0xFF,
        0x6C, 0x6C, 0x6C, 0xFF, 0x6C, 0x6C, 0x6C, 0xFF, 0x6C, 0x6C, 0x6C, 0xFF,
        0x6C, 0x6C, 0x6C, 0xFF, 0x6C, 0x6C, 0x6C, 0xFF, 0x6C, 0x6C, 0x6C, 0xFF,
        0x6C, 0x6C, 0x6C, 0xFF, 0x6C, 0x6C, 0x6C, 0xFF, 0x6C, 0x6C, 0x6C, 0xFF,
        0x6C, 0x6C, 0x6C, 0xFF, 0x6C, 0x6C, 0x6C, 0xFF, 0x6C, 0x6C, 0x6C, 0xFF,
        0x6C, 0x6C, 0x6C, 0xFF, 0x6C, 0x6C, 0x6C, 0xFF, 0x6C, 0x6C, 0x6C, 0xFF,
        0x6C, 0x6C, 0x6C, 0xFF, 0x6C, 0x6C, 0x6C, 0xFF, 0x6C, 0x6C, 0x6C, 0xFF,
        0x6C, 0x6C, 0x6C, 0xFF, 0x6C, 0x6C, 0x6C, 0xFF, 0x6C, 0x6C, 0x6C, 0xFF,
        0x6C, 0x6C, 0x6C, 0xFF, 0x6C, 0x6C, 0x6C, 0xFF, 0x6C, 0x6C, 0x6C, 0xFF,
        0x6C, 0x6C, 0x6C, 0xFF, 0x6C, 0x6C, 0x6C, 0xFF, 0x6C, 0x6C, 0x6C, 0xFF,
        0x6C, 0x6C, 0x6C, 0xFF, 0x6C, 0x6C, 0x6C, 0xFF, 0x6C, 0x6C, 0x6C, 0xFF,
        0x6C, 0x6C, 0x6C, 0xFF, 0x6C, 0x6C, 0x6C, 0xFF, 0x6C, 0x6C, 0x6C, 0xFF,
        0x6C, 0x6C, 0x6C, 0xFF, 0x6C, 0x6C, 0x6C, 0xFF, 0x6C, 0x6C, 0x6C, 0xFF,
        0x6D, 0x6D, 0x6D, 0xFF, 0x6D, 0x6D, 0x6D, 0xFF, 0x6E, 0x6E, 0x6E, 0xFF,
        0x70, 0x70, 0x70, 0xFF, 0x71, 0x71, 0x71, 0xFF, 0x75, 0x75, 0x75, 0xFF,
        0x76, 0x76, 0x76, 0xFE, 0x76, 0x76, 0x76, 0x53, 0xFF, 0xFF, 0xFF, 0x00,
        0xFF, 0xFF, 0xFF, 0x00, 0xFF, 0xFF, 0xFF, 0x00, 0xFF, 0xFF, 0xFF, 0x00,
        0xFF, 0xFF, 0xFF, 0x00, 0xFF, 0xFF, 0xFF, 0x00, 0xFF, 0xFF, 0xFF, 0x00,
        0xFF, 0xFF, 0xFF, 0x00, 0xA8, 0xA8, 0xA8, 0x53, 0xA8, 0xA8, 0xA8, 0xFE,
        0xA8, 0xA8, 0xA8, 0xFF, 0xA6, 0xA6, 0xA6, 0xFF, 0xA6, 0xA6, 0xA6, 0xFF,
        0xA3, 0xA3, 0xA3, 0xFF, 0x9F, 0x9F, 0x9F, 0xFF, 0x9D, 0x9D, 0x9D, 0xFF,
        0x9B, 0x9B, 0x9B, 0xFF, 0x98, 0x98, 0x98, 0xFF, 0x97, 0x97, 0x97, 0xFF,
        0x95, 0x95, 0x95, 0xFF, 0x94, 0x94, 0x94, 0xFF, 0x94, 0x94, 0x94, 0xFF,
        0x93, 0x93, 0x93, 0xFF, 0x93, 0x93, 0x93, 0xFF, 0x92, 0x92, 0x92, 0xFF,
        0x92, 0x92, 0x92, 0xFF, 0x92, 0x92, 0x92, 0xFF, 0x92, 0x92, 0x92, 0xFF,
        0x92, 0x92, 0x92, 0xFF, 0x92, 0x92, 0x92, 0xFF, 0x92, 0x92, 0x92, 0xFF,
        0x92, 0x92, 0x92, 0xFF, 0x92, 0x92, 0x92, 0xFF, 0x92, 0x92, 0x92, 0xFF,
        0x92, 0x92, 0x92, 0xFF, 0x92, 0x92, 0x92, 0xFF, 0x92, 0x92, 0x92, 0xFF,
        0x92, 0x92, 0x92, 0xFF, 0x92, 0x92, 0x92, 0xFF, 0x92, 0x92, 0x92, 0xFF,
        0x92, 0x92, 0x92, 0xFF, 0x92, 0x92, 0x92, 0xFF, 0x92, 0x92, 0x92, 0xFF,
        0x92, 0x92, 0x92, 0xFF, 0x92, 0x92, 0x92, 0xFF, 0x92, 0x92, 0x92, 0xFF,
        0x92, 0x92, 0x92, 0xFF, 0x92, 0x92, 0x92, 0xFF, 0x93, 0x93, 0x93, 0xFF,
        0x93, 0x93, 0x93, 0xFF, 0x94, 0x94, 0x94, 0xFF, 0x94, 0x94, 0x94, 0xFF,
        0x95, 0x95, 0x95, 0xFF, 0x97, 0x97, 0x97, 0xFF, 0x98, 0x98, 0x98, 0xFF,
        0x9B, 0x9B, 0x9B, 0xFF, 0x9D, 0x9D, 0x9D, 0xFF, 0x9F, 0x9F, 0x9F, 0xFF,
        0xA3, 0xA3, 0xA3, 0xFF, 0xA6, 0xA6, 0xA6, 0xFF, 0xA6, 0xA6, 0xA6, 0xFF,
        0xA8, 0xA8, 0xA8, 0xFF, 0xA8, 0xA8, 0xA8, 0xFE, 0xA8, 0xA8, 0xA8, 0x53,
        0xFF, 0xFF, 0xFF, 0x00, 0xFF, 0xFF, 0xFF, 0x00, 0xFF, 0xFF, 0xFF, 0x00,
        0xFF, 0xFF, 0xFF, 0x00, 0xFF, 0xFF, 0xFF, 0x00, 0xFF, 0xFF, 0xFF, 0x00,
        0xFF, 0xFF, 0xFF, 0x00, 0x76, 0x76, 0x76, 0x15, 0x76, 0x76, 0x76, 0xF1,
        0x74, 0x74, 0x74, 0xFF, 0x72, 0x72, 0x72, 0xFF, 0x6F, 0x6F, 0x6F, 0xFF,
        0x6E, 0x6E, 0x6E, 0xFF, 0x6C, 0x6C, 0x6C, 0xFF, 0x6C, 0x6C, 0x6C, 0xFF,
        0x6C, 0x6C, 0x6C, 0xFF, 0x6C, 0x6C, 0x6C, 0xFF, 0x6C, 0x6C, 0x6C, 0xFF,
        0x6C, 0x6C, 0x6C, 0xFF, 0x6C, 0x6C, 0x6C, 0xFF, 0x6C, 0x6C, 0x6C, 0xFF,
        0x6C, 0x6C, 0x6C, 0xFF, 0x6C, 0x6C, 0x6C, 0xFF, 0x6C, 0x6C, 0x6C, 0xFF,
        0x6C, 0x6C, 0x6C, 0xFF, 0x6C, 0x6C, 0x6C, 0xFF, 0x6C, 0x6C, 0x6C, 0xFF,
        0x6C, 0x6C, 0x6C, 0xFF, 0x6C, 0x6C, 0x6C, 0xFF, 0x6C, 0x6C, 0x6C, 0xFF,
        0x6C, 0x6C, 0x6C, 0xFF, 0x6C, 0x6C, 0x6C, 0xFF, 0x6C, 0x6C, 0x6C, 0xFF,
        0x6C, 0x6C, 0x6C, 0xFF, 0x6C, 0x6C, 0x6C, 0xFF, 0x6C, 0x6C, 0x6C, 0xFF,
        0x6C, 0x6C, 0x6C, 0xFF, 0x6C, 0x6C, 0x6C, 0xFF, 0x6C, 0x6C, 0x6C, 0xFF,
        0x6C, 0x6C, 0x6C, 0xFF, 0x6C, 0x6C, 0x6C, 0xFF, 0x6C, 0x6C, 0x6C, 0xFF,
        0x6C, 0x6C, 0x6C, 0xFF, 0x6C, 0x6C, 0x6C, 0xFF, 0x6C, 0x6C, 0x6C, 0xFF,
        0x6C, 0x6C, 0x6C, 0xFF, 0x6C, 0x6C, 0x6C, 0xFF, 0x6C, 0x6C, 0x6C, 0xFF,
        0x6C, 0x6C, 0x6C, 0xFF, 0x6C, 0x6C, 0x6C, 0xFF, 0x6C, 0x6C, 0x6C, 0xFF,
        0x6C, 0x6C, 0x6C, 0xFF, 0x6C, 0x6C, 0x6C, 0xFF, 0x6C, 0x6C, 0x6C, 0xFF,
        0x6C, 0x6C, 0x6C, 0xFF, 0x6C, 0x6C, 0x6C, 0xFF, 0x6C, 0x6C, 0x6C, 0xFF,
        0x6C, 0x6C, 0x6C, 0xFF, 0x6C, 0x6C, 0x6C, 0xFF, 0x6E, 0x6E, 0x6E, 0xFF,
        0x6F, 0x6F, 0x6F, 0xFF, 0x72, 0x72, 0x72, 0xFF, 0x74, 0x74, 0x74, 0xFF,
        0x76, 0x76, 0x76, 0xF1, 0x76, 0x76, 0x76, 0x16, 0xFF, 0xFF, 0xFF, 0x00,
        0xFF, 0xFF, 0xFF, 0x00, 0xFF, 0xFF, 0xFF, 0x00, 0xFF, 0xFF, 0xFF, 0x00,
        0xFF, 0xFF, 0xFF, 0x00, 0xFF, 0xFF, 0xFF, 0x00, 0xA8, 0xA8, 0xA8, 0x15,
        0xA9, 0xA9, 0xA9, 0xF1, 0xA8, 0xA8, 0xA8, 0xFF, 0xA8, 0xA8, 0xA8, 0xFF,
        0xA6, 0xA6, 0xA6, 0xFF, 0xA1, 0xA1, 0xA1, 0xFF, 0x9D, 0x9D, 0x9D, 0xFF,
        0x9A, 0x9A, 0x9A, 0xFF, 0x98, 0x98, 0x98, 0xFF, 0x95, 0x95, 0x95, 0xFF,
        0x92, 0x92, 0x92, 0xFF, 0x91, 0x91, 0x91, 0xFF, 0x8F, 0x8F, 0x8F, 0xFF,
        0x8E, 0x8E, 0x8E, 0xFF, 0x8E, 0x8E, 0x8E, 0xFF, 0x8D, 0x8D, 0x8D, 0xFF,
        0x8D, 0x8D, 0x8D, 0xFF, 0x8D, 0x8D, 0x8D, 0xFF, 0x8D, 0x8D, 0x8D, 0xFF,
        0x8D, 0x8D, 0x8D, 0xFF, 0x8D, 0x8D, 0x8D, 0xFF, 0x8D, 0x8D, 0x8D, 0xFF,
        0x8D, 0x8D, 0x8D, 0xFF, 0x8D, 0x8D, 0x8D, 0xFF, 0x8D, 0x8D, 0x8D, 0xFF,
        0x8D, 0x8D, 0x8D, 0xFF, 0x8D, 0x8D, 0x8D, 0xFF, 0x8D, 0x8D, 0x8D, 0xFF,
        0x8D, 0x8D, 0x8D, 0xFF, 0x8D, 0x8D, 0x8D, 0xFF, 0x8D, 0x8D, 0x8D, 0xFF,
        0x8D, 0x8D, 0x8D, 0xFF, 0x8D, 0x8D, 0x8D, 0xFF, 0x8D, 0x8D, 0x8D, 0xFF,
        0x8D, 0x8D, 0x8D, 0xFF, 0x8D, 0x8D, 0x8D, 0xFF, 0x8D, 0x8D, 0x8D, 0xFF,
        0x8D, 0x8D, 0x8D, 0xFF, 0x8D, 0x8D, 0x8D, 0xFF, 0x8D, 0x8D, 0x8D, 0xFF,
        0x8D, 0x8D, 0x8D, 0xFF, 0x8D, 0x8D, 0x8D, 0xFF, 0x8D, 0x8D, 0x8D, 0xFF,
        0x8E, 0x8E, 0x8E, 0xFF, 0x8E, 0x8E, 0x8E, 0xFF, 0x8F, 0x8F, 0x8F, 0xFF,
        0x91, 0x91, 0x91, 0xFF, 0x92, 0x92, 0x92, 0xFF, 0x95, 0x95, 0x95, 0xFF,
        0x98, 0x98, 0x98, 0xFF, 0x9A, 0x9A, 0x9A, 0xFF, 0x9D, 0x9D, 0x9D, 0xFF,
        0xA1, 0xA1, 0xA1, 0xFF, 0xA6, 0xA6, 0xA6, 0xFF, 0xA8, 0xA8, 0xA8, 0xFF,
        0xA8, 0xA8, 0xA8, 0xFF, 0xA9, 0xA9, 0xA9, 0xF1, 0xA8, 0xA8, 0xA8, 0x16,
        0xFF, 0xFF, 0xFF, 0x00, 0xFF, 0xFF, 0xFF, 0x00, 0xFF, 0xFF, 0xFF, 0x00,
        0xFF, 0xFF, 0xFF, 0x00, 0xFF, 0xFF, 0xFF, 0x00, 0xFF, 0xFF, 0xFF, 0x00,
        0x77, 0x77, 0x77, 0x82, 0x77, 0x77, 0x77, 0xFF, 0x74, 0x74, 0x74, 0xFF,
        0x72, 0x72, 0x72, 0xFF, 0x70, 0x70, 0x70, 0xFF, 0x6F, 0x6F, 0x6F, 0xFF,
        0x6E, 0x6E, 0x6E, 0xFF, 0x6E, 0x6E, 0x6E, 0xFF, 0x6E, 0x6E, 0x6E, 0xFF,
        0x6E, 0x6E, 0x6E, 0xFF, 0x6E, 0x6E, 0x6E, 0xFF, 0x6E, 0x6E, 0x6E, 0xFF,
        0x6E, 0x6E, 0x6E, 0xFF, 0x6E, 0x6E, 0x6E, 0xFF, 0x6E, 0x6E, 0x6E, 0xFF,
        0x6E, 0x6E, 0x6E, 0xFF, 0x6E, 0x6E, 0x6E, 0xFF, 0x6E, 0x6E, 0x6E, 0xFF,
        0x6E, 0x6E, 0x6E, 0xFF, 0x6E, 0x6E, 0x6E, 0xFF, 0x6E, 0x6E, 0x6E, 0xFF,
        0x6E, 0x6E, 0x6E, 0xFF, 0x6E, 0x6E, 0x6E, 0xFF, 0x6E, 0x6E, 0x6E, 0xFF,
        0x6E, 0x6E, 0x6E, 0xFF, 0x6E, 0x6E, 0x6E, 0xFF, 0x6E, 0x6E, 0x6E, 0xFF,
        0x6E, 0x6E, 0x6E, 0xFF, 0x6E, 0x6E, 0x6E, 0xFF, 0x6E, 0x6E, 0x6E, 0xFF,
        0x6E, 0x6E, 0x6E, 0xFF, 0x6E, 0x6E, 0x6E, 0xFF, 0x6E, 0x6E, 0x6E, 0xFF,
        0x6E, 0x6E, 0x6E, 0xFF, 0x6E, 0x6E, 0x6E, 0xFF, 0x6E, 0x6E, 0x6E, 0xFF,
        0x6E, 0x6E, 0x6E, 0xFF, 0x6E, 0x6E, 0x6E, 0xFF, 0x6E, 0x6E, 0x6E, 0xFF,
        0x6E, 0x6E, 0x6E, 0xFF, 0x6E, 0x6E, 0x6E, 0xFF, 0x6E, 0x6E, 0x6E, 0xFF,
        0x6E, 0x6E, 0x6E, 0xFF, 0x6E, 0x6E, 0x6E, 0xFF, 0x6E, 0x6E, 0x6E, 0xFF,
        0x6E, 0x6E, 0x6E, 0xFF, 0x6E, 0x6E, 0x6E, 0xFF, 0x6E, 0x6E, 0x6E, 0xFF,
        0x6E, 0x6E, 0x6E, 0xFF, 0x6E, 0x6E, 0x6E, 0xFF, 0x6E, 0x6E, 0x6E, 0xFF,
        0x6E, 0x6E, 0x6E, 0xFF, 0x6F, 0x6F, 0x6F, 0xFF, 0x70, 0x70, 0x70, 0xFF,
        0x72, 0x72, 0x72, 0xFF, 0x74, 0x74, 0x74, 0xFF, 0x77, 0x77, 0x77, 0xFF,
        0x77, 0x77, 0x77, 0x86, 0xFF, 0xFF, 0xFF, 0x00, 0xFF, 0xFF, 0xFF, 0x00,
        0xFF, 0xFF, 0xFF, 0x00, 0xFF, 0xFF, 0xFF, 0x00, 0xFF, 0xFF, 0xFF, 0x00,
        0xFF, 0xFF, 0xFF, 0x00, 0xA9, 0xA9, 0xA9, 0x82, 0xA9, 0xA9, 0xA9, 0xFF,
        0xA8, 0xA8, 0xA8, 0xFF, 0xA8, 0xA8, 0xA8, 0xFF, 0xA3, 0xA3, 0xA3, 0xFF,
        0x9E, 0x9E, 0x9E, 0xFF, 0x9B, 0x9B, 0x9B, 0xFF, 0x97, 0x97, 0x97, 0xFF,
        0x94, 0x94, 0x94, 0xFF, 0x92, 0x92, 0x92, 0xFF, 0x8F, 0x8F, 0x8F, 0xFF,
        0x8D, 0x8D, 0x8D, 0xFF, 0x8C, 0x8C, 0x8C, 0xFF, 0x8B, 0x8B, 0x8B, 0xFF,
        0x8A, 0x8A, 0x8A, 0xFF, 0x8A, 0x8A, 0x8A, 0xFF, 0x8A, 0x8A, 0x8A, 0xFF,
        0x8A, 0x8A, 0x8A, 0xFF, 0x8A, 0x8A, 0x8A, 0xFF, 0x8A, 0x8A, 0x8A, 0xFF,
        0x8A, 0x8A, 0x8A, 0xFF, 0x8A, 0x8A, 0x8A, 0xFF, 0x8A, 0x8A, 0x8A, 0xFF,
        0x8A, 0x8A, 0x8A, 0xFF, 0x8A, 0x8A, 0x8A, 0xFF, 0x8A, 0x8A, 0x8A, 0xFF,
        0x8A, 0x8A, 0x8A, 0xFF, 0x8A, 0x8A, 0x8A, 0xFF, 0x8A, 0x8A, 0x8A, 0xFF,
        0x8A, 0x8A, 0x8A, 0xFF, 0x8A, 0x8A, 0x8A, 0xFF, 0x8A, 0x8A, 0x8A, 0xFF,
        0x8A, 0x8A, 0x8A, 0xFF, 0x8A, 0x8A, 0x8A, 0xFF, 0x8A, 0x8A, 0x8A, 0xFF,
        0x8A, 0x8A, 0x8A, 0xFF, 0x8A, 0x8A, 0x8A, 0xFF, 0x8A, 0x8A, 0x8A, 0xFF,
        0x8A, 0x8A, 0x8A, 0xFF, 0x8A, 0x8A, 0x8A, 0xFF, 0x8A, 0x8A, 0x8A, 0xFF,
        0x8A, 0x8A, 0x8A, 0xFF, 0x8A, 0x8A, 0x8A, 0xFF, 0x8A, 0x8A, 0x8A, 0xFF,
        0x8B, 0x8B, 0x8B, 0xFF, 0x8C, 0x8C, 0x8C, 0xFF, 0x8D, 0x8D, 0x8D, 0xFF,
        0x8F, 0x8F, 0x8F, 0xFF, 0x92, 0x92, 0x92, 0xFF, 0x94, 0x94, 0x94, 0xFF,
        0x97, 0x97, 0x97, 0xFF, 0x9B, 0x9B, 0x9B, 0xFF, 0x9E, 0x9E, 0x9E, 0xFF,
        0xA3, 0xA3, 0xA3, 0xFF, 0xA8, 0xA8, 0xA8, 0xFF, 0xA8, 0xA8, 0xA8, 0xFF,
        0xA9, 0xA9, 0xA9, 0xFF, 0xA9, 0xA9, 0xA9, 0x86, 0xFF, 0xFF, 0xFF, 0x00,
        0xFF, 0xFF, 0xFF, 0x00, 0xFF, 0xFF, 0xFF, 0x00, 0xFF, 0xFF, 0xFF, 0x00,
        0xFF, 0xFF, 0xFF, 0x00, 0xFF, 0xFF, 0xFF, 0x00, 0x78, 0x78, 0x78, 0xD0,
        0x78, 0x78, 0x78, 0xFF, 0x75, 0x75, 0x75, 0xFF, 0x74, 0x74, 0x74, 0xFF,
        0x72, 0x72, 0x72, 0xFF, 0x71, 0x71, 0x71, 0xFF, 0x71, 0x71, 0x71, 0xFF,
        0x71, 0x71, 0x71, 0xFF, 0x71, 0x71, 0x71, 0xFF, 0x71, 0x71, 0x71, 0xFF,
        0x71, 0x71, 0x71, 0xFF, 0x71, 0x71, 0x71, 0xFF, 0x71, 0x71, 0x71, 0xFF,
        0x71, 0x71, 0x71, 0xFF, 0x71, 0x71, 0x71, 0xFF, 0x71, 0x71, 0x71, 0xFF,
        0x71, 0x71, 0x71, 0xFF, 0x71, 0x71, 0x71, 0xFF, 0x71, 0x71, 0x71, 0xFF,
        0x71, 0x71, 0x71, 0xFF, 0x71, 0x71, 0x71, 0xFF, 0x71, 0x71, 0x71, 0xFF,
        0x71, 0x71, 0x71, 0xFF, 0x71, 0x71, 0x71, 0xFF, 0x71, 0x71, 0x71, 0xFF,
        0x71, 0x71, 0x71, 0xFF, 0x71, 0x71, 0x71, 0xFF, 0x71, 0x71, 0x71, 0xFF,
        0x71, 0x71, 0x71, 0xFF, 0x71, 0x71, 0x71, 0xFF, 0x71, 0x71, 0x71, 0xFF,
        0x71, 0x71, 0x71, 0xFF, 0x71, 0x71, 0x71, 0xFF, 0x71, 0x71, 0x71, 0xFF,
        0x71, 0x71, 0x71, 0xFF, 0x71, 0x71, 0x71, 0xFF, 0x71, 0x71, 0x71, 0xFF,
        0x71, 0x71, 0x71, 0xFF, 0x71, 0x71, 0x71, 0xFF, 0x71, 0x71, 0x71, 0xFF,
        0x71, 0x71, 0x71, 0xFF, 0x71, 0x71, 0x71, 0xFF, 0x71, 0x71, 0x71, 0xFF,
        0x71, 0x71, 0x71, 0xFF, 0x71, 0x71, 0x71, 0xFF, 0x71, 0x71, 0x71, 0xFF,
        0x71, 0x71, 0x71, 0xFF, 0x71, 0x71, 0x71, 0xFF, 0x71, 0x71, 0x71, 0xFF,
        0x71, 0x71, 0x71, 0xFF, 0x71, 0x71, 0x71, 0xFF, 0x71, 0x71, 0x71, 0xFF,
        0x71, 0x71, 0x71, 0xFF, 0x72, 0x72, 0x72, 0xFF, 0x74, 0x74, 0x74, 0xFF,
        0x75, 0x75, 0x75, 0xFF, 0x78, 0x78, 0x78, 0xFF, 0x78, 0x78, 0x78, 0xD2,
        0xFF, 0xFF, 0xFF, 0x00, 0xFF, 0xFF, 0xFF, 0x00, 0xFF, 0xFF, 0xFF, 0x00,
        0xFF, 0xFF, 0xFF, 0x00, 0xFF, 0xFF, 0xFF, 0x00, 0xFF, 0xFF, 0xFF, 0x00,
        0xAA, 0xAA, 0xAA, 0xD0, 0xAA, 0xAA, 0xAA, 0xFF, 0xAA, 0xAA, 0xAA, 0xFF,
        0xA5, 0xA5, 0xA5, 0xFF, 0xA0, 0xA0, 0xA0, 0xFF, 0x9C, 0x9C, 0x9C, 0xFF,
        0x98, 0x98, 0x98, 0xFF, 0x94, 0x94, 0x94, 0xFF, 0x92, 0x92, 0x92, 0xFF,
        0x8F, 0x8F, 0x8F, 0xFF, 0x8D, 0x8D, 0x8D, 0xFF, 0x8A, 0x8A, 0x8A, 0xFF,
        0x89, 0x89, 0x89, 0xFF, 0x88, 0x88, 0x88, 0xFF, 0x88, 0x88, 0x88, 0xFF,
        0x87, 0x87, 0x87, 0xFF, 0x87, 0x87, 0x87, 0xFF, 0x87, 0x87, 0x87, 0xFF,
        0x87, 0x87, 0x87, 0xFF, 0x87, 0x87, 0x87, 0xFF, 0x87, 0x87, 0x87, 0xFF,
        0x87, 0x87, 0x87, 0xFF, 0x87, 0x87, 0x87, 0xFF, 0x87, 0x87, 0x87, 0xFF,
        0x87, 0x87, 0x87, 0xFF, 0x87, 0x87, 0x87, 0xFF, 0x87, 0x87, 0x87, 0xFF,
        0x87, 0x87, 0x87, 0xFF, 0x87, 0x87, 0x87, 0xFF, 0x87, 0x87, 0x87, 0xFF,
        0x87, 0x87, 0x87, 0xFF, 0x87, 0x87, 0x87, 0xFF, 0x87, 0x87, 0x87, 0xFF,
        0x87, 0x87, 0x87, 0xFF, 0x87, 0x87, 0x87, 0xFF, 0x87, 0x87, 0x87, 0xFF,
        0x87, 0x87, 0x87, 0xFF, 0x87, 0x87, 0x87, 0xFF, 0x87, 0x87, 0x87, 0xFF,
        0x87, 0x87, 0x87, 0xFF, 0x87, 0x87, 0x87, 0xFF, 0x87, 0x87, 0x87, 0xFF,
        0x87, 0x87, 0x87, 0xFF, 0x88, 0x88, 0x88, 0xFF, 0x88, 0x88, 0x88, 0xFF,
        0x89, 0x89, 0x89, 0xFF, 0x8A, 0x8A, 0x8A, 0xFF, 0x8D, 0x8D, 0x8D, 0xFF,
        0x8F, 0x8F, 0x8F, 0xFF, 0x92, 0x92, 0x92, 0xFF, 0x94, 0x94, 0x94, 0xFF,
        0x98, 0x98, 0x98, 0xFF, 0x9C, 0x9C, 0x9C, 0xFF, 0xA0, 0xA0, 0xA0, 0xFF,
        0xA5, 0xA5, 0xA5, 0xFF, 0xAA, 0xAA, 0xAA, 0xFF, 0xAA, 0xAA, 0xAA, 0xFF,
        0xAA, 0xAA, 0xAA, 0xD2, 0xFF, 0xFF, 0xFF, 0x00, 0xFF, 0xFF, 0xFF, 0x00,
        0xFF, 0xFF, 0xFF, 0x00, 0xFF, 0xFF, 0xFF, 0x00, 0xFF, 0xFF, 0xFF, 0x00,
        0xFF, 0xFF, 0xFF, 0x00, 0x7A, 0x7A, 0x7A, 0xF8, 0x79, 0x79, 0x79, 0xFF,
        0x78, 0x78, 0x78, 0xFF, 0x75, 0x75, 0x75, 0xFF, 0x74, 0x74, 0x74, 0xFF,
        0x74, 0x74, 0x74, 0xFF, 0x73, 0x73, 0x73, 0xFF, 0x73, 0x73, 0x73, 0xFF,
        0x73, 0x73, 0x73, 0xFF, 0x73, 0x73, 0x73, 0xFF, 0x73, 0x73, 0x73, 0xFF,
        0x73, 0x73, 0x73, 0xFF, 0x73, 0x73, 0x73, 0xFF, 0x73, 0x73, 0x73, 0xFF,
        0x73, 0x73, 0x73, 0xFF, 0x73, 0x73, 0x73, 0xFF, 0x73, 0x73, 0x73, 0xFF,
        0x73, 0x73, 0x73, 0xFF, 0x73, 0x73, 0x73, 0xFF, 0x73, 0x73, 0x73, 0xFF,
        0x73, 0x73, 0x73, 0xFF, 0x73, 0x73, 0x73, 0xFF, 0x73, 0x73, 0x73, 0xFF,
        0x73, 0x73, 0x73, 0xFF, 0x73, 0x73, 0x73, 0xFF, 0x73, 0x73, 0x73, 0xFF,
        0x73, 0x73, 0x73, 0xFF, 0x73, 0x73, 0x73, 0xFF, 0x73, 0x73, 0x73, 0xFF,
        0x73, 0x73, 0x73, 0xFF, 0x73, 0x73, 0x73, 0xFF, 0x73, 0x73, 0x73, 0xFF,
        0x73, 0x73, 0x73, 0xFF, 0x73, 0x73, 0x73, 0xFF, 0x73, 0x73, 0x73, 0xFF,
        0x73, 0x73, 0x73, 0xFF, 0x73, 0x73, 0x73, 0xFF, 0x73, 0x73, 0x73, 0xFF,
        0x73, 0x73, 0x73, 0xFF, 0x73, 0x73, 0x73, 0xFF, 0x73, 0x73, 0x73, 0xFF,
        0x73, 0x73, 0x73, 0xFF, 0x73, 0x73, 0x73, 0xFF, 0x73, 0x73, 0x73, 0xFF,
        0x73, 0x73, 0x73, 0xFF, 0x73, 0x73, 0x73, 0xFF, 0x73, 0x73, 0x73, 0xFF,
        0x73, 0x73, 0x73, 0xFF, 0x73, 0x73, 0x73, 0xFF, 0x73, 0x73, 0x73, 0xFF,
        0x73, 0x73, 0x73, 0xFF, 0x73, 0x73, 0x73, 0xFF, 0x74, 0x74, 0x74, 0xFF,
        0x74, 0x74, 0x74, 0xFF, 0x75, 0x75, 0x75, 0xFF, 0x78, 0x78, 0x78, 0xFF,
        0x79, 0x79, 0x79, 0xFF, 0x7A, 0x7A, 0x7A, 0xF9, 0xFF, 0xFF, 0xFF, 0x00,
        0xFF, 0xFF, 0xFF, 0x00, 0xFF, 0xFF, 0xFF, 0x00, 0xFF, 0xFF, 0xFF, 0x00,
        0xFF, 0xFF, 0xFF, 0x00, 0xFF, 0xFF, 0xFF, 0x00, 0xAA, 0xAA, 0xAA, 0xF8,
        0xAB, 0xAB, 0xAB, 0xFF, 0xA9, 0xA9, 0xA9, 0xFF, 0xA3, 0xA3, 0xA3, 0xFF,
        0x9F, 0x9F, 0x9F, 0xFF, 0x9B, 0x9B, 0x9B, 0xFF, 0x96, 0x96, 0x96, 0xFF,
        0x93, 0x93, 0x93, 0xFF, 0x90, 0x90, 0x90, 0xFF, 0x8D, 0x8D, 0x8D, 0xFF,
        0x8B, 0x8B, 0x8B, 0xFF, 0x88, 0x88, 0x88, 0xFF, 0x87, 0x87, 0x87, 0xFF,
        0x86, 0x86, 0x86, 0xFF, 0x85, 0x85, 0x85, 0xFF, 0x85, 0x85, 0x85, 0xFF,
        0x85, 0x85, 0x85, 0xFF, 0x85, 0x85, 0x85, 0xFF, 0x85, 0x85, 0x85, 0xFF,
        0x85, 0x85, 0x85, 0xFF, 0x85, 0x85, 0x85, 0xFF, 0x85, 0x85, 0x85, 0xFF,
        0x85, 0x85, 0x85, 0xFF, 0x85, 0x85, 0x85, 0xFF, 0x85, 0x85, 0x85, 0xFF,
        0x85, 0x85, 0x85, 0xFF, 0x85, 0x85, 0x85, 0xFF, 0x85, 0x85, 0x85, 0xFF,
        0x85, 0x85, 0x85, 0xFF, 0x85, 0x85, 0x85, 0xFF, 0x85, 0x85, 0x85, 0xFF,
        0x85, 0x85, 0x85, 0xFF, 0x85, 0x85, 0x85, 0xFF, 0x85, 0x85, 0x85, 0xFF,
        0x85, 0x85, 0x85, 0xFF, 0x85, 0x85, 0x85, 0xFF, 0x85, 0x85, 0x85, 0xFF,
        0x85, 0x85, 0x85, 0xFF, 0x85, 0x85, 0x85, 0xFF, 0x85, 0x85, 0x85, 0xFF,
        0x85, 0x85, 0x85, 0xFF, 0x85, 0x85, 0x85, 0xFF, 0x85, 0x85, 0x85, 0xFF,
        0x86, 0x86, 0x86, 0xFF, 0x86, 0x86, 0x86, 0xFF, 0x87, 0x87, 0x87, 0xFF,
        0x88, 0x88, 0x88, 0xFF, 0x8B, 0x8B, 0x8B, 0xFF, 0x8D, 0x8D, 0x8D, 0xFF,
        0x90, 0x90, 0x90, 0xFF, 0x93, 0x93, 0x93, 0xFF, 0x96, 0x96, 0x96, 0xFF,
        0x9B, 0x9B, 0x9B, 0xFF, 0x9F, 0x9F, 0x9F, 0xFF, 0xA3, 0xA3, 0xA3, 0xFF,
        0xA9, 0xA9, 0xA9, 0xFF, 0xAB, 0xAB, 0xAB, 0xFF, 0xAA, 0xAA, 0xAA, 0xF9,
        0xFF, 0xFF, 0xFF, 0x00, 0xFF, 0xFF, 0xFF, 0x00, 0xFF, 0xFF, 0xFF, 0x00,
        0xFF, 0xFF, 0xFF, 0x00, 0xFF, 0xFF, 0xFF, 0x00, 0xFF, 0xFF, 0xFF, 0x00,
        0x79, 0x79, 0x79, 0xFF, 0x7B, 0x7B, 0x7B, 0xFF, 0x7A, 0x7A, 0x7A, 0xFF,
        0x79, 0x79, 0x79, 0xFF, 0x78, 0x78, 0x78, 0xFF, 0x78, 0x78, 0x78, 0xFF,
        0x77, 0x77, 0x77, 0xFF, 0x77, 0x77, 0x77, 0xFF, 0x77, 0x77, 0x77, 0xFF,
        0x77, 0x77, 0x77, 0xFF, 0x77, 0x77, 0x77, 0xFF, 0x77, 0x77, 0x77, 0xFF,
        0x77, 0x77, 0x77, 0xFF, 0x77, 0x77, 0x77, 0xFF, 0x77, 0x77, 0x77, 0xFF,
        0x77, 0x77, 0x77, 0xFF, 0x77, 0x77, 0x77, 0xFF, 0x77, 0x77, 0x77, 0xFF,
        0x77, 0x77, 0x77, 0xFF, 0x77, 0x77, 0x77, 0xFF, 0x77, 0x77, 0x77, 0xFF,
        0x77, 0x77, 0x77, 0xFF, 0x77, 0x77, 0x77, 0xFF, 0x77, 0x77, 0x77, 0xFF,
        0x77, 0x77, 0x77, 0xFF, 0x77, 0x77, 0x77, 0xFF, 0x77, 0x77, 0x77, 0xFF,
        0x77, 0x77, 0x77, 0xFF, 0x77, 0x77, 0x77, 0xFF, 0x77, 0x77, 0x77, 0xFF,
        0x77, 0x77, 0x77, 0xFF, 0x77, 0x77, 0x77, 0xFF, 0x77, 0x77, 0x77, 0xFF,
        0x77, 0x77, 0x77, 0xFF, 0x77, 0x77, 0x77, 0xFF, 0x77, 0x77, 0x77, 0xFF,
        0x77, 0x77, 0x77, 0xFF, 0x77, 0x77, 0x77, 0xFF, 0x77, 0x77, 0x77, 0xFF,
        0x77, 0x77, 0x77, 0xFF, 0x77, 0x77, 0x77, 0xFF, 0x77, 0x77, 0x77, 0xFF,
        0x77, 0x77, 0x77, 0xFF, 0x77, 0x77, 0x77, 0xFF, 0x77, 0x77, 0x77, 0xFF,
        0x77, 0x77, 0x77, 0xFF, 0x77, 0x77, 0x77, 0xFF, 0x77, 0x77, 0x77, 0xFF,
        0x77, 0x77, 0x77, 0xFF, 0x77, 0x77, 0x77, 0xFF, 0x77, 0x77, 0x77, 0xFF,
        0x77, 0x77, 0x77, 0xFF, 0x78, 0x78, 0x78, 0xFF, 0x78, 0x78, 0x78, 0xFF,
        0x79, 0x79, 0x79, 0xFF, 0x7A, 0x7A, 0x7A, 0xFF, 0x7B, 0x7B, 0x7B, 0xFF,
        0x78, 0x78, 0x78, 0xFF, 0xFF, 0xFF, 0xFF, 0x00, 0xFF, 0xFF, 0xFF, 0x00,
        0xFF, 0xFF, 0xFF, 0x00, 0xFF, 0xFF, 0xFF, 0x00, 0xFF, 0xFF, 0xFF, 0x00,
        0xFF, 0xFF, 0xFF, 0x00, 0xA7, 0xA7, 0xA7, 0xFF, 0xAC, 0xAC, 0xAC, 0xFF,
        0xA8, 0xA8, 0xA8, 0xFF, 0xA3, 0xA3, 0xA3, 0xFF, 0x9E, 0x9E, 0x9E, 0xFF,
        0x9A, 0x9A, 0x9A, 0xFF, 0x96, 0x96, 0x96, 0xFF, 0x92, 0x92, 0x92, 0xFF,
        0x8F, 0x8F, 0x8F, 0xFF, 0x8C, 0x8C, 0x8C, 0xFF, 0x8A, 0x8A, 0x8A, 0xFF,
        0x88, 0x88, 0x88, 0xFF, 0x86, 0x86, 0x86, 0xFF, 0x85, 0x85, 0x85, 0xFF,
        0x85, 0x85, 0x85, 0xFF, 0x85, 0x85, 0x85, 0xFF, 0x85, 0x85, 0x85, 0xFF,
        0x84, 0x84, 0x84, 0xFF, 0x84, 0x84, 0x84, 0xFF, 0x84, 0x84, 0x84, 0xFF,
        0x84, 0x84, 0x84, 0xFF, 0x84, 0x84, 0x84, 0xFF, 0x84, 0x84, 0x84, 0xFF,
        0x84, 0x84, 0x84, 0xFF, 0x84, 0x84, 0x84, 0xFF, 0x84, 0x84, 0x84, 0xFF,
        0x84, 0x84, 0x84, 0xFF, 0x84, 0x84, 0x84, 0xFF, 0x84, 0x84, 0x84, 0xFF,
        0x84, 0x84, 0x84, 0xFF, 0x84, 0x84, 0x84, 0xFF, 0x84, 0x84, 0x84, 0xFF,
        0x84, 0x84, 0x84, 0xFF, 0x84, 0x84, 0x84, 0xFF, 0x84, 0x84, 0x84, 0xFF,
        0x84, 0x84, 0x84, 0xFF, 0x84, 0x84, 0x84, 0xFF, 0x84, 0x84, 0x84, 0xFF,
        0x84, 0x84, 0x84, 0xFF, 0x84, 0x84, 0x84, 0xFF, 0x84, 0x84, 0x84, 0xFF,
        0x85, 0x85, 0x85, 0xFF, 0x85, 0x85, 0x85, 0xFF, 0x85, 0x85, 0x85, 0xFF,
        0x85, 0x85, 0x85, 0xFF, 0x86, 0x86, 0x86, 0xFF, 0x88, 0x88, 0x88, 0xFF,
        0x8A, 0x8A, 0x8A, 0xFF, 0x8C, 0x8C, 0x8C, 0xFF, 0x8F, 0x8F, 0x8F, 0xFF,
        0x92, 0x92, 0x92, 0xFF, 0x96, 0x96, 0x96, 0xFF, 0x9A, 0x9A, 0x9A, 0xFF,
        0x9E, 0x9E, 0x9E, 0xFF, 0xA3, 0xA3, 0xA3, 0xFF, 0xA8, 0xA8, 0xA8, 0xFF,
        0xAC, 0xAC, 0xAC, 0xFF, 0xA6, 0xA6, 0xA6, 0xFF, 0xFF, 0xFF, 0xFF, 0x00,
        0xFF, 0xFF, 0xFF, 0x00, 0xFF, 0xFF, 0xFF, 0x00, 0xFF, 0xFF, 0xFF, 0x00,
        0xFF, 0xFF, 0xFF, 0x00, 0xFF, 0xFF, 0xFF, 0x00, 0x79, 0x79, 0x79, 0xFF,
        0x7C, 0x7C, 0x7C, 0xFF, 0x7D, 0x7D, 0x7D, 0xFF, 0x7C, 0x7C, 0x7C, 0xFF,
        0x7B, 0x7B, 0x7B, 0xFF, 0x7B, 0x7B, 0x7B, 0xFF, 0x7A, 0x7A, 0x7A, 0xFF,
        0x7A, 0x7A, 0x7A, 0xFF, 0x7A, 0x7A, 0x7A, 0xFF, 0x7A, 0x7A, 0x7A, 0xFF,
        0x7A, 0x7A, 0x7A, 0xFF, 0x7A, 0x7A, 0x7A, 0xFF, 0x7A, 0x7A, 0x7A, 0xFF,
        0x7A, 0x7A, 0x7A, 0xFF, 0x7A, 0x7A, 0x7A, 0xFF, 0x7A, 0x7A, 0x7A, 0xFF,
        0x7A, 0x7A, 0x7A, 0xFF, 0x7A, 0x7A, 0x7A, 0xFF, 0x7A, 0x7A, 0x7A, 0xFF,
        0x7A, 0x7A, 0x7A, 0xFF, 0x7A, 0x7A, 0x7A, 0xFF, 0x7A, 0x7A, 0x7A, 0xFF,
        0x7A, 0x7A, 0x7A, 0xFF, 0x7A, 0x7A, 0x7A, 0xFF, 0x7A, 0x7A, 0x7A, 0xFF,
        0x7A, 0x7A, 0x7A, 0xFF, 0x7A, 0x7A, 0x7A, 0xFF, 0x7A, 0x7A, 0x7A, 0xFF,
        0x7A, 0x7A, 0x7A, 0xFF, 0x7A, 0x7A, 0x7A, 0xFF, 0x7A, 0x7A, 0x7A, 0xFF,
        0x7A, 0x7A, 0x7A, 0xFF, 0x7A, 0x7A, 0x7A, 0xFF, 0x7A, 0x7A, 0x7A, 0xFF,
        0x7A, 0x7A, 0x7A, 0xFF, 0x7A, 0x7A, 0x7A, 0xFF, 0x7A, 0x7A, 0x7A, 0xFF,
        0x7A, 0x7A, 0x7A, 0xFF, 0x7A, 0x7A, 0x7A, 0xFF, 0x7A, 0x7A, 0x7A, 0xFF,
        0x7A, 0x7A, 0x7A, 0xFF, 0x7A, 0x7A, 0x7A, 0xFF, 0x7A, 0x7A, 0x7A, 0xFF,
        0x7A, 0x7A, 0x7A, 0xFF, 0x7A, 0x7A, 0x7A, 0xFF, 0x7A, 0x7A, 0x7A, 0xFF,
        0x7A, 0x7A, 0x7A, 0xFF, 0x7A, 0x7A, 0x7A, 0xFF, 0x7A, 0x7A, 0x7A, 0xFF,
        0x7A, 0x7A, 0x7A, 0xFF, 0x7A, 0x7A, 0x7A, 0xFF, 0x7A, 0x7A, 0x7A, 0xFF,
        0x7B, 0x7B, 0x7B, 0xFF, 0x7B, 0x7B, 0x7B, 0xFF, 0x7C, 0x7C, 0x7C, 0xFF,
        0x7D, 0x7D, 0x7D, 0xFF, 0x7C, 0x7C, 0x7C, 0xFF, 0x79, 0x79, 0x79, 0xFF,
        0xFF, 0xFF, 0xFF, 0x00, 0xFF, 0xFF, 0xFF, 0x00, 0xFF, 0xFF, 0xFF, 0x00,
        0xFF, 0xFF, 0xFF, 0x00, 0xFF, 0xFF, 0xFF, 0x00, 0xFF, 0xFF, 0xFF, 0x00,
        0xA6, 0xA6, 0xA6, 0xFF, 0xAA, 0xAA, 0xAA, 0xFF, 0xA8, 0xA8, 0xA8, 0xFF,
        0xA3, 0xA3, 0xA3, 0xFF, 0x9D, 0x9D, 0x9D, 0xFF, 0x99, 0x99, 0x99, 0xFF,
        0x95, 0x95, 0x95, 0xFF, 0x91, 0x91, 0x91, 0xFF, 0x8E, 0x8E, 0x8E, 0xFF,
        0x8C, 0x8C, 0x8C, 0xFF, 0x89, 0x89, 0x89, 0xFF, 0x88, 0x88, 0x88, 0xFF,
        0x86, 0x86, 0x86, 0xFF, 0x85, 0x85, 0x85, 0xFF, 0x84, 0x84, 0x84, 0xFF,
        0x84, 0x84, 0x84, 0xFF, 0x84, 0x84, 0x84, 0xFF, 0x84, 0x84, 0x84, 0xFF,
        0x84, 0x84, 0x84, 0xFF, 0x84, 0x84, 0x84, 0xFF, 0x84, 0x84, 0x84, 0xFF,
        0x84, 0x84, 0x84, 0xFF, 0x84, 0x84, 0x84, 0xFF, 0x84, 0x84, 0x84, 0xFF,
        0x84, 0x84, 0x84, 0xFF, 0x84, 0x84, 0x84, 0xFF, 0x84, 0x84, 0x84, 0xFF,
        0x84, 0x84, 0x84, 0xFF, 0x84, 0x84, 0x84, 0xFF, 0x84, 0x84, 0x84, 0xFF,
        0x84, 0x84, 0x84, 0xFF, 0x84, 0x84, 0x84, 0xFF, 0x84, 0x84, 0x84, 0xFF,
        0x84, 0x84, 0x84, 0xFF, 0x84, 0x84, 0x84, 0xFF, 0x84, 0x84, 0x84, 0xFF,
        0x84, 0x84, 0x84, 0xFF, 0x84, 0x84, 0x84, 0xFF, 0x84, 0x84, 0x84, 0xFF,
        0x84, 0x84, 0x84, 0xFF, 0x84, 0x84, 0x84, 0xFF, 0x84, 0x84, 0x84, 0xFF,
        0x84, 0x84, 0x84, 0xFF, 0x84, 0x84, 0x84, 0xFF, 0x85, 0x85, 0x85, 0xFF,
        0x86, 0x86, 0x86, 0xFF, 0x88, 0x88, 0x88, 0xFF, 0x89, 0x89, 0x89, 0xFF,
        0x8C, 0x8C, 0x8C, 0xFF, 0x8E, 0x8E, 0x8E, 0xFF, 0x91, 0x91, 0x91, 0xFF,
        0x95, 0x95, 0x95, 0xFF, 0x99, 0x99, 0x99, 0xFF, 0x9D, 0x9D, 0x9D, 0xFF,
        0xA3, 0xA3, 0xA3, 0xFF, 0xA8, 0xA8, 0xA8, 0xFF, 0xAA, 0xAA, 0xAA, 0xFF,
        0xA6, 0xA6, 0xA6, 0xFF, 0xFF, 0xFF, 0xFF, 0x00, 0xFF, 0xFF, 0xFF, 0x00,
        0xFF, 0xFF, 0xFF, 0x00, 0xFF, 0xFF, 0xFF, 0x00, 0xFF, 0xFF, 0xFF, 0x00,
        0xFF, 0xFF, 0xFF, 0x00, 0x7D, 0x7D, 0x7D, 0xFF, 0x7F, 0x7F, 0x7F, 0xFF,
        0x80, 0x80, 0x80, 0xFF, 0x80, 0x80, 0x80, 0xFF, 0x7F, 0x7F, 0x7F, 0xFF,
        0x7F, 0x7F, 0x7F, 0xFF, 0x7E, 0x7E, 0x7E, 0xFF, 0x7E, 0x7E, 0x7E, 0xFF,
        0x7E, 0x7E, 0x7E, 0xFF, 0x7E, 0x7E, 0x7E, 0xFF, 0x7E, 0x7E, 0x7E, 0xFF,
        0x7E, 0x7E, 0x7E, 0xFF, 0x7E, 0x7E, 0x7E, 0xFF, 0x7E, 0x7E, 0x7E, 0xFF,
        0x7E, 0x7E, 0x7E, 0xFF, 0x7E, 0x7E, 0x7E, 0xFF, 0x7E, 0x7E, 0x7E, 0xFF,
        0x7E, 0x7E, 0x7E, 0xFF, 0x7E, 0x7E, 0x7E, 0xFF, 0x7E, 0x7E, 0x7E, 0xFF,
        0x7E, 0x7E, 0x7E, 0xFF, 0x7E, 0x7E, 0x7E, 0xFF, 0x7E, 0x7E, 0x7E, 0xFF,
        0x7E, 0x7E, 0x7E, 0xFF, 0x7E, 0x7E, 0x7E, 0xFF, 0x7E, 0x7E, 0x7E, 0xFF,
        0x7E, 0x7E, 0x7E, 0xFF, 0x7E, 0x7E, 0x7E, 0xFF, 0x7E, 0x7E, 0x7E, 0xFF,
        0x7E, 0x7E, 0x7E, 0xFF, 0x7E, 0x7E, 0x7E, 0xFF, 0x7E, 0x7E, 0x7E, 0xFF,
        0x7E, 0x7E, 0x7E, 0xFF, 0x7E, 0x7E, 0x7E, 0xFF, 0x7E, 0x7E, 0x7E, 0xFF,
        0x7E, 0x7E, 0x7E, 0xFF, 0x7E, 0x7E, 0x7E, 0xFF, 0x7E, 0x7E, 0x7E, 0xFF,
        0x7E, 0x7E, 0x7E, 0xFF, 0x7E, 0x7E, 0x7E, 0xFF, 0x7E, 0x7E, 0x7E, 0xFF,
        0x7E, 0x7E, 0x7E, 0xFF, 0x7E, 0x7E, 0x7E, 0xFF, 0x7E, 0x7E, 0x7E, 0xFF,
        0x7E, 0x7E, 0x7E, 0xFF, 0x7E, 0x7E, 0x7E, 0xFF, 0x7E, 0x7E, 0x7E, 0xFF,
        0x7E, 0x7E, 0x7E, 0xFF, 0x7E, 0x7E, 0x7E, 0xFF, 0x7E, 0x7E, 0x7E, 0xFF,
        0x7E, 0x7E, 0x7E, 0xFF, 0x7E, 0x7E, 0x7E, 0xFF, 0x7F, 0x7F, 0x7F, 0xFF,
        0x7F, 0x7F, 0x7F, 0xFF, 0x80, 0x80, 0x80, 0xFF, 0x80, 0x80, 0x80, 0xFF,
        0x7F, 0x7F, 0x7F, 0xFF, 0x7D, 0x7D, 0x7D, 0xFF, 0xFF, 0xFF, 0xFF, 0x00,
        0xFF, 0xFF, 0xFF, 0x00, 0xFF, 0xFF, 0xFF, 0x00, 0xFF, 0xFF, 0xFF, 0x00,
        0xFF, 0xFF, 0xFF, 0x00, 0xFF, 0xFF, 0xFF, 0x00, 0xA9, 0xA9, 0xA9, 0xFF,
        0xAB, 0xAB, 0xAB, 0xFF, 0xA7, 0xA7, 0xA7, 0xFF, 0xA3, 0xA3, 0xA3, 0xFF,
        0x9E, 0x9E, 0x9E, 0xFF, 0x9A, 0x9A, 0x9A, 0xFF, 0x96, 0x96, 0x96, 0xFF,
        0x92, 0x92, 0x92, 0xFF, 0x8F, 0x8F, 0x8F, 0xFF, 0x8C, 0x8C, 0x8C, 0xFF,
        0x8A, 0x8A, 0x8A, 0xFF, 0x88, 0x88, 0x88, 0xFF, 0x87, 0x87, 0x87, 0xFF,
        0x86, 0x86, 0x86, 0xFF, 0x85, 0x85, 0x85, 0xFF, 0x85, 0x85, 0x85, 0xFF,
        0x85, 0x85, 0x85, 0xFF, 0x85, 0x85, 0x85, 0xFF, 0x85, 0x85, 0x85, 0xFF,
        0x85, 0x85, 0x85, 0xFF, 0x85, 0x85, 0x85, 0xFF, 0x85, 0x85, 0x85, 0xFF,
        0x85, 0x85, 0x85, 0xFF, 0x85, 0x85, 0x85, 0xFF, 0x85, 0x85, 0x85, 0xFF,
        0x85, 0x85, 0x85, 0xFF, 0x85, 0x85, 0x85, 0xFF, 0x85, 0x85, 0x85, 0xFF,
        0x85, 0x85, 0x85, 0xFF, 0x85, 0x85, 0x85, 0xFF, 0x85, 0x85, 0x85, 0xFF,
        0x85, 0x85, 0x85, 0xFF, 0x85, 0x85, 0x85, 0xFF, 0x85, 0x85, 0x85, 0xFF,
        0x85, 0x85, 0x85, 0xFF, 0x85, 0x85, 0x85, 0xFF, 0x85, 0x85, 0x85, 0xFF,
        0x85, 0x85, 0x85, 0xFF, 0x85, 0x85, 0x85, 0xFF, 0x85, 0x85, 0x85, 0xFF,
        0x85, 0x85, 0x85, 0xFF, 0x85, 0x85, 0x85, 0xFF, 0x85, 0x85, 0x85, 0xFF,
        0x85, 0x85, 0x85, 0xFF, 0x86, 0x86, 0x86, 0xFF, 0x87, 0x87, 0x87, 0xFF,
        0x88, 0x88, 0x88, 0xFF, 0x8A, 0x8A, 0x8A, 0xFF, 0x8C, 0x8C, 0x8C, 0xFF,
        0x8F, 0x8F, 0x8F, 0xFF, 0x92, 0x92, 0x92, 0xFF, 0x96, 0x96, 0x96, 0xFF,
        0x9A, 0x9A, 0x9A, 0xFF, 0x9E, 0x9E, 0x9E, 0xFF, 0xA3, 0xA3, 0xA3, 0xFF,
        0xA7, 0xA7, 0xA7, 0xFF, 0xAB, 0xAB, 0xAB, 0xFF, 0xA9, 0xA9, 0xA9, 0xFF,
        0xFF, 0xFF, 0xFF, 0x00, 0xFF, 0xFF, 0xFF, 0x00, 0xFF, 0xFF, 0xFF, 0x00,
        0xFF, 0xFF, 0xFF, 0x00, 0xFF, 0xFF, 0xFF, 0x00, 0xFF, 0xFF, 0xFF, 0x00,
        0x80, 0x80, 0x80, 0xFF, 0x83, 0x83, 0x83, 0xFF, 0x83, 0x83, 0x83, 0xFF,
        0x83, 0x83, 0x83, 0xFF, 0x83, 0x83, 0x83, 0xFF, 0x82, 0x82, 0x82, 0xFF,
        0x82, 0x82, 0x82, 0xFF, 0x82, 0x82, 0x82, 0xFF, 0x82, 0x82, 0x82, 0xFF,
        0x82, 0x82, 0x82, 0xFF, 0x82, 0x82, 0x82, 0xFF, 0x82, 0x82, 0x82, 0xFF,
        0x82, 0x82, 0x82, 0xFF, 0x82, 0x82, 0x82, 0xFF, 0x82, 0x82, 0x82, 0xFF,
        0x82, 0x82, 0x82, 0xFF, 0x82, 0x82, 0x82, 0xFF, 0x82, 0x82, 0x82, 0xFF,
        0x82, 0x82, 0x82, 0xFF, 0x82, 0x82, 0x82, 0xFF, 0x82, 0x82, 0x82, 0xFF,
        0x82, 0x82, 0x82, 0xFF, 0x82, 0x82, 0x82, 0xFF, 0x82, 0x82, 0x82, 0xFF,
        0x82, 0x82, 0x82, 0xFF, 0x82, 0x82, 0x82, 0xFF, 0x82, 0x82, 0x82, 0xFF,
        0x82, 0x82, 0x82, 0xFF, 0x82, 0x82, 0x82, 0xFF, 0x82, 0x82, 0x82, 0xFF,
        0x82, 0x82, 0x82, 0xFF, 0x82, 0x82, 0x82, 0xFF, 0x82, 0x82, 0x82, 0xFF,
        0x82, 0x82, 0x82, 0xFF, 0x82, 0x82, 0x82, 0xFF, 0x82, 0x82, 0x82, 0xFF,
        0x82, 0x82, 0x82, 0xFF, 0x82, 0x82, 0x82, 0xFF, 0x82, 0x82, 0x82, 0xFF,
        0x82, 0x82, 0x82, 0xFF, 0x82, 0x82, 0x82, 0xFF, 0x82, 0x82, 0x82, 0xFF,
        0x82, 0x82, 0x82, 0xFF, 0x82, 0x82, 0x82, 0xFF, 0x82, 0x82, 0x82, 0xFF,
        0x82, 0x82, 0x82, 0xFF, 0x82, 0x82, 0x82, 0xFF, 0x82, 0x82, 0x82, 0xFF,
        0x82, 0x82, 0x82, 0xFF, 0x82, 0x82, 0x82, 0xFF, 0x82, 0x82, 0x82, 0xFF,
        0x82, 0x82, 0x82, 0xFF, 0x82, 0x82, 0x82, 0xFF, 0x83, 0x83, 0x83, 0xFF,
        0x83, 0x83, 0x83, 0xFF, 0x83, 0x83, 0x83, 0xFF, 0x83, 0x83, 0x83, 0xFF,
        0x80, 0x80, 0x80, 0xFF, 0xFF, 0xFF, 0xFF, 0x00, 0xFF, 0xFF, 0xFF, 0x00,
        0xFF, 0xFF, 0xFF, 0x00, 0xFF, 0xFF, 0xFF, 0x00, 0xFF, 0xFF, 0xFF, 0x00,
        0xFF, 0xFF, 0xFF, 0x00, 0xAA, 0xAA, 0xAA, 0xFF, 0xAC, 0xAC, 0xAC, 0xFF,
        0xA8, 0xA8, 0xA8, 0xFF, 0xA4, 0xA4, 0xA4, 0xFF, 0x9F, 0x9F, 0x9F, 0xFF,
        0x9B, 0x9B, 0x9B, 0xFF, 0x97, 0x97, 0x97, 0xFF, 0x94, 0x94, 0x94, 0xFF,
        0x90, 0x90, 0x90, 0xFF, 0x8E, 0x8E, 0x8E, 0xFF, 0x8B, 0x8B, 0x8B, 0xFF,
        0x8A, 0x8A, 0x8A, 0xFF, 0x88, 0x88, 0x88, 0xFF, 0x87, 0x87, 0x87, 0xFF,
        0x87, 0x87, 0x87, 0xFF, 0x86, 0x86, 0x86, 0xFF, 0x86, 0x86, 0x86, 0xFF,
        0x86, 0x86, 0x86, 0xFF, 0x86, 0x86, 0x86, 0xFF, 0x86, 0x86, 0x86, 0xFF,
        0x86, 0x86, 0x86, 0xFF, 0x86, 0x86, 0x86, 0xFF, 0x86, 0x86, 0x86, 0xFF,
        0x86, 0x86, 0x86, 0xFF, 0x86, 0x86, 0x86, 0xFF, 0x86, 0x86, 0x86, 0xFF,
        0x86, 0x86, 0x86, 0xFF, 0x86, 0x86, 0x86, 0xFF, 0x86, 0x86, 0x86, 0xFF,
        0x86, 0x86, 0x86, 0xFF, 0x86, 0x86, 0x86, 0xFF, 0x86, 0x86, 0x86, 0xFF,
        0x86, 0x86, 0x86, 0xFF, 0x86, 0x86, 0x86, 0xFF, 0x86, 0x86, 0x86, 0xFF,
        0x86, 0x86, 0x86, 0xFF, 0x86, 0x86, 0x86, 0xFF, 0x86, 0x86, 0x86, 0xFF,
        0x86, 0x86, 0x86, 0xFF, 0x86, 0x86, 0x86, 0xFF, 0x86, 0x86, 0x86, 0xFF,
        0x86, 0x86, 0x86, 0xFF, 0x86, 0x86, 0x86, 0xFF, 0x87, 0x87, 0x87, 0xFF,
        0x87, 0x87, 0x87, 0xFF, 0x88, 0x88, 0x88, 0xFF, 0x8A, 0x8A, 0x8A, 0xFF,
        0x8B, 0x8B, 0x8B, 0xFF, 0x8E, 0x8E, 0x8E, 0xFF, 0x90, 0x90, 0x90, 0xFF,
        0x94, 0x94, 0x94, 0xFF, 0x97, 0x97, 0x97, 0xFF, 0x9B, 0x9B, 0x9B, 0xFF,
        0x9F, 0x9F, 0x9F, 0xFF, 0xA4, 0xA4, 0xA4, 0xFF, 0xA8, 0xA8, 0xA8, 0xFF,
        0xAC, 0xAC, 0xAC, 0xFF, 0xAA, 0xAA, 0xAA, 0xFF, 0xFF, 0xFF, 0xFF, 0x00,
        0xFF, 0xFF, 0xFF, 0x00, 0xFF, 0xFF, 0xFF, 0x00, 0xFF, 0xFF, 0xFF, 0x00,
        0xFF, 0xFF, 0xFF, 0x00, 0xFF, 0xFF, 0xFF, 0x00, 0x82, 0x82, 0x82, 0xFF,
        0x86, 0x86, 0x86, 0xFF, 0x86, 0x86, 0x86, 0xFF, 0x86, 0x86, 0x86, 0xFF,
        0x86, 0x86, 0x86, 0xFF, 0x85, 0x85, 0x85, 0xFF, 0x85, 0x85, 0x85, 0xFF,
        0x85, 0x85, 0x85, 0xFF, 0x85, 0x85, 0x85, 0xFF, 0x85, 0x85, 0x85, 0xFF,
        0x85, 0x85, 0x85, 0xFF, 0x85, 0x85, 0x85, 0xFF, 0x85, 0x85, 0x85, 0xFF,
        0x85, 0x85, 0x85, 0xFF, 0x85, 0x85, 0x85, 0xFF, 0x85, 0x85, 0x85, 0xFF,
        0x85, 0x85, 0x85, 0xFF, 0x85, 0x85, 0x85, 0xFF, 0x85, 0x85, 0x85, 0xFF,
        0x85, 0x85, 0x85, 0xFF, 0x85, 0x85, 0x85, 0xFF, 0x85, 0x85, 0x85, 0xFF,
        0x85, 0x85, 0x85, 0xFF, 0x85, 0x85, 0x85, 0xFF, 0x85, 0x85, 0x85, 0xFF,
        0x85, 0x85, 0x85, 0xFF, 0x85, 0x85, 0x85, 0xFF, 0x85, 0x85, 0x85, 0xFF,
        0x85, 0x85, 0x85, 0xFF, 0x85, 0x85, 0x85, 0xFF, 0x85, 0x85, 0x85, 0xFF,
        0x85, 0x85, 0x85, 0xFF, 0x85, 0x85, 0x85, 0xFF, 0x85, 0x85, 0x85, 0xFF,
        0x85, 0x85, 0x85, 0xFF, 0x85, 0x85, 0x85, 0xFF, 0x85, 0x85, 0x85, 0xFF,
        0x85, 0x85, 0x85, 0xFF, 0x85, 0x85, 0x85, 0xFF, 0x85, 0x85, 0x85, 0xFF,
        0x85, 0x85, 0x85, 0xFF, 0x85, 0x85, 0x85, 0xFF, 0x85, 0x85, 0x85, 0xFF,
        0x85, 0x85, 0x85, 0xFF, 0x85, 0x85, 0x85, 0xFF, 0x85, 0x85, 0x85, 0xFF,
        0x85, 0x85, 0x85, 0xFF, 0x85, 0x85, 0x85, 0xFF, 0x85, 0x85, 0x85, 0xFF,
        0x85, 0x85, 0x85, 0xFF, 0x85, 0x85, 0x85, 0xFF, 0x85, 0x85, 0x85, 0xFF,
        0x85, 0x85, 0x85, 0xFF, 0x86, 0x86, 0x86, 0xFF, 0x86, 0x86, 0x86, 0xFF,
        0x86, 0x86, 0x86, 0xFF, 0x86, 0x86, 0x86, 0xFF, 0x82, 0x82, 0x82, 0xFF,
        0xFF, 0xFF, 0xFF, 0x00, 0xFF, 0xFF, 0xFF, 0x00, 0xFF, 0xFF, 0xFF, 0x00,
        0xFF, 0xFF, 0xFF, 0x00, 0xFF, 0xFF, 0xFF, 0x00, 0xFF, 0xFF, 0xFF, 0x00,
        0xAB, 0xAB, 0xAB, 0xFF, 0xAC, 0xAC, 0xAC, 0xFF, 0xA9, 0xA9, 0xA9, 0xFF,
        0xA5, 0xA5, 0xA5, 0xFF, 0xA0, 0xA0, 0xA0, 0xFF, 0x9B, 0x9B, 0x9B, 0xFF,
        0x98, 0x98, 0x98, 0xFF, 0x94, 0x94, 0x94, 0xFF, 0x91, 0x91, 0x91, 0xFF,
        0x8F, 0x8F, 0x8F, 0xFF, 0x8D, 0x8D, 0x8D, 0xFF, 0x8B, 0x8B, 0x8B, 0xFF,
        0x89, 0x89, 0x89, 0xFF, 0x88, 0x88, 0x88, 0xFF, 0x88, 0x88, 0x88, 0xFF,
        0x88, 0x88, 0x88, 0xFF, 0x88, 0x88, 0x88, 0xFF, 0x88, 0x88, 0x88, 0xFF,
        0x88, 0x88, 0x88, 0xFF, 0x88, 0x88, 0x88, 0xFF, 0x88, 0x88, 0x88, 0xFF,
        0x88, 0x88, 0x88, 0xFF, 0x88, 0x88, 0x88, 0xFF, 0x88, 0x88, 0x88, 0xFF,
        0x88, 0x88, 0x88, 0xFF, 0x88, 0x88, 0x88, 0xFF, 0x88, 0x88, 0x88, 0xFF,
        0x88, 0x88, 0x88, 0xFF, 0x88, 0x88, 0x88, 0xFF, 0x88, 0x88, 0x88, 0xFF,
        0x88, 0x88, 0x88, 0xFF, 0x88, 0x88, 0x88, 0xFF, 0x88, 0x88, 0x88, 0xFF,
        0x88, 0x88, 0x88, 0xFF, 0x88, 0x88, 0x88, 0xFF, 0x88, 0x88, 0x88, 0xFF,
        0x88, 0x88, 0x88, 0xFF, 0x88, 0x88, 0x88, 0xFF, 0x88, 0x88, 0x88, 0xFF,
        0x88, 0x88, 0x88, 0xFF, 0x88, 0x88, 0x88, 0xFF, 0x88, 0x88, 0x88, 0xFF,
        0x88, 0x88, 0x88, 0xFF, 0x88, 0x88, 0x88, 0xFF, 0x88, 0x88, 0x88, 0xFF,
        0x89, 0x89, 0x89, 0xFF, 0x8B, 0x8B, 0x8B, 0xFF, 0x8D, 0x8D, 0x8D, 0xFF,
        0x8F, 0x8F, 0x8F, 0xFF, 0x91, 0x91, 0x91, 0xFF, 0x94, 0x94, 0x94, 0xFF,
        0x98, 0x98, 0x98, 0xFF, 0x9B, 0x9B, 0x9B, 0xFF, 0xA0, 0xA0, 0xA0, 0xFF,
        0xA5, 0xA5, 0xA5, 0xFF, 0xA9, 0xA9, 0xA9, 0xFF, 0xAC, 0xAC, 0xAC, 0xFF,
        0xAB, 0xAB, 0xAB, 0xFF, 0xFF, 0xFF, 0xFF, 0x00, 0xFF, 0xFF, 0xFF, 0x00,
        0xFF, 0xFF, 0xFF, 0x00, 0xFF, 0xFF, 0xFF, 0x00, 0xFF, 0xFF, 0xFF, 0x00,
        0xFF, 0xFF, 0xFF, 0x00, 0x86, 0x86, 0x86, 0xFF, 0x8A, 0x8A, 0x8A, 0xFF,
        0x8A, 0x8A, 0x8A, 0xFF, 0x8A, 0x8A, 0x8A, 0xFF, 0x8A, 0x8A, 0x8A, 0xFF,
        0x89, 0x89, 0x89, 0xFF, 0x89, 0x89, 0x89, 0xFF, 0x89, 0x89, 0x89, 0xFF,
        0x89, 0x89, 0x89, 0xFF, 0x89, 0x89, 0x89, 0xFF, 0x89, 0x89, 0x89, 0xFF,
        0x89, 0x89, 0x89, 0xFF, 0x89, 0x89, 0x89, 0xFF, 0x89, 0x89, 0x89, 0xFF,
        0x89, 0x89, 0x89, 0xFF, 0x89, 0x89, 0x89, 0xFF, 0x89, 0x89, 0x89, 0xFF,
        0x89, 0x89, 0x89, 0xFF, 0x89, 0x89, 0x89, 0xFF, 0x89, 0x89, 0x89, 0xFF,
        0x89, 0x89, 0x89, 0xFF, 0x89, 0x89, 0x89, 0xFF, 0x89, 0x89, 0x89, 0xFF,
        0x89, 0x89, 0x89, 0xFF, 0x89, 0x89, 0x89, 0xFF, 0x89, 0x89, 0x89, 0xFF,
        0x89, 0x89, 0x89, 0xFF, 0x89, 0x89, 0x89, 0xFF, 0x89, 0x89, 0x89, 0xFF,
        0x89, 0x89, 0x89, 0xFF, 0x89, 0x89, 0x89, 0xFF, 0x89, 0x89, 0x89, 0xFF,
        0x89, 0x89, 0x89, 0xFF, 0x89, 0x89, 0x89, 0xFF, 0x89, 0x89, 0x89, 0xFF,
        0x89, 0x89, 0x89, 0xFF, 0x89, 0x89, 0x89, 0xFF, 0x89, 0x89, 0x89, 0xFF,
        0x89, 0x89, 0x89, 0xFF, 0x89, 0x89, 0x89, 0xFF, 0x89, 0x89, 0x89, 0xFF,
        0x89, 0x89, 0x89, 0xFF, 0x89, 0x89, 0x89, 0xFF, 0x89, 0x89, 0x89, 0xFF,
        0x89, 0x89, 0x89, 0xFF, 0x89, 0x89, 0x89, 0xFF, 0x89, 0x89, 0x89, 0xFF,
        0x89, 0x89, 0x89, 0xFF, 0x89, 0x89, 0x89, 0xFF, 0x89, 0x89, 0x89, 0xFF,
        0x89, 0x89, 0x89, 0xFF, 0x89, 0x89, 0x89, 0xFF, 0x89, 0x89, 0x89, 0xFF,
        0x8A, 0x8A, 0x8A, 0xFF, 0x8A, 0x8A, 0x8A, 0xFF, 0x8A, 0x8A, 0x8A, 0xFF,
        0x8A, 0x8A, 0x8A, 0xFF, 0x86, 0x86, 0x86, 0xFF, 0xFF, 0xFF, 0xFF, 0x00,
        0xFF, 0xFF, 0xFF, 0x00, 0xFF, 0xFF, 0xFF, 0x00, 0xFF, 0xFF, 0xFF, 0x00,
        0xFF, 0xFF, 0xFF, 0x00, 0xFF, 0xFF, 0xFF, 0x00, 0xAD, 0xAD, 0xAD, 0xFF,
        0xAE, 0xAE, 0xAE, 0xFF, 0xAB, 0xAB, 0xAB, 0xFF, 0xA7, 0xA7, 0xA7, 0xFF,
        0xA2, 0xA2, 0xA2, 0xFF, 0x9E, 0x9E, 0x9E, 0xFF, 0x9A, 0x9A, 0x9A, 0xFF,
        0x96, 0x96, 0x96, 0xFF, 0x94, 0x94, 0x94, 0xFF, 0x91, 0x91, 0x91, 0xFF,
        0x8F, 0x8F, 0x8F, 0xFF, 0x8D, 0x8D, 0x8D, 0xFF, 0x8C, 0x8C, 0x8C, 0xFF,
        0x8B, 0x8B, 0x8B, 0xFF, 0x8A, 0x8A, 0x8A, 0xFF, 0x8A, 0x8A, 0x8A, 0xFF,
        0x8A, 0x8A, 0x8A, 0xFF, 0x8A, 0x8A, 0x8A, 0xFF, 0x8A, 0x8A, 0x8A, 0xFF,
        0x8A, 0x8A, 0x8A, 0xFF, 0x8A, 0x8A, 0x8A, 0xFF, 0x8A, 0x8A, 0x8A, 0xFF,
        0x8A, 0x8A, 0x8A, 0xFF, 0x8A, 0x8A, 0x8A, 0xFF, 0x8A, 0x8A, 0x8A, 0xFF,
        0x8A, 0x8A, 0x8A, 0xFF, 0x8A, 0x8A, 0x8A, 0xFF, 0x8A, 0x8A, 0x8A, 0xFF,
        0x8A, 0x8A, 0x8A, 0xFF, 0x8A, 0x8A, 0x8A, 0xFF, 0x8A, 0x8A, 0x8A, 0xFF,
        0x8A, 0x8A, 0x8A, 0xFF, 0x8A, 0x8A, 0x8A, 0xFF, 0x8A, 0x8A, 0x8A, 0xFF,
        0x8A, 0x8A, 0x8A, 0xFF, 0x8A, 0x8A, 0x8A, 0xFF, 0x8A, 0x8A, 0x8A, 0xFF,
        0x8A, 0x8A, 0x8A, 0xFF, 0x8A, 0x8A, 0x8A, 0xFF, 0x8A, 0x8A, 0x8A, 0xFF,
        0x8A, 0x8A, 0x8A, 0xFF, 0x8A, 0x8A, 0x8A, 0xFF, 0x8A, 0x8A, 0x8A, 0xFF,
        0x8A, 0x8A, 0x8A, 0xFF, 0x8B, 0x8B, 0x8B, 0xFF, 0x8C, 0x8C, 0x8C, 0xFF,
        0x8D, 0x8D, 0x8D, 0xFF, 0x8F, 0x8F, 0x8F, 0xFF, 0x91, 0x91, 0x91, 0xFF,
        0x94, 0x94, 0x94, 0xFF, 0x96, 0x96, 0x96, 0xFF, 0x9A, 0x9A, 0x9A, 0xFF,
        0x9E, 0x9E, 0x9E, 0xFF, 0xA2, 0xA2, 0xA2, 0xFF, 0xA7, 0xA7, 0xA7, 0xFF,
        0xAB, 0xAB, 0xAB, 0xFF, 0xAE, 0xAE, 0xAE, 0xFF, 0xAD, 0xAD, 0xAD, 0xFF,
        0xFF, 0xFF, 0xFF, 0x00, 0xFF, 0xFF, 0xFF, 0x00, 0xFF, 0xFF, 0xFF, 0x00,
        0xFF, 0xFF, 0xFF, 0x00, 0xFF, 0xFF, 0xFF, 0x00, 0xFF, 0xFF, 0xFF, 0x00,
        0x89, 0x89, 0x89, 0xFF, 0x8D, 0x8D, 0x8D, 0xFF, 0x8D, 0x8D, 0x8D, 0xFF,
        0x8D, 0x8D, 0x8D, 0xFF, 0x8D, 0x8D, 0x8D, 0xFF, 0x8C, 0x8C, 0x8C, 0xFF,
        0x8C, 0x8C, 0x8C, 0xFF, 0x8C, 0x8C, 0x8C, 0xFF, 0x8C, 0x8C, 0x8C, 0xFF,
        0x8C, 0x8C, 0x8C, 0xFF, 0x8C, 0x8C, 0x8C, 0xFF, 0x8C, 0x8C, 0x8C, 0xFF,
        0x8C, 0x8C, 0x8C, 0xFF, 0x8C, 0x8C, 0x8C, 0xFF, 0x8C, 0x8C, 0x8C, 0xFF,
        0x8C, 0x8C, 0x8C, 0xFF, 0x8C, 0x8C, 0x8C, 0xFF, 0x8C, 0x8C, 0x8C, 0xFF,
        0x8C, 0x8C, 0x8C, 0xFF, 0x8C, 0x8C, 0x8C, 0xFF, 0x8C, 0x8C, 0x8C, 0xFF,
        0x8C, 0x8C, 0x8C, 0xFF, 0x8C, 0x8C, 0x8C, 0xFF, 0x8C, 0x8C, 0x8C, 0xFF,
        0x8C, 0x8C, 0x8C, 0xFF, 0x8C, 0x8C, 0x8C, 0xFF, 0x8C, 0x8C, 0x8C, 0xFF,
        0x8C, 0x8C, 0x8C, 0xFF, 0x8C, 0x8C, 0x8C, 0xFF, 0x8C, 0x8C, 0x8C, 0xFF,
        0x8C, 0x8C, 0x8C, 0xFF, 0x8C, 0x8C, 0x8C, 0xFF, 0x8C, 0x8C, 0x8C, 0xFF,
        0x8C, 0x8C, 0x8C, 0xFF, 0x8C, 0x8C, 0x8C, 0xFF, 0x8C, 0x8C, 0x8C, 0xFF,
        0x8C, 0x8C, 0x8C, 0xFF, 0x8C, 0x8C, 0x8C, 0xFF, 0x8C, 0x8C, 0x8C, 0xFF,
        0x8C, 0x8C, 0x8C, 0xFF, 0x8C, 0x8C, 0x8C, 0xFF, 0x8C, 0x8C, 0x8C, 0xFF,
        0x8C, 0x8C, 0x8C, 0xFF, 0x8C, 0x8C, 0x8C, 0xFF, 0x8C, 0x8C, 0x8C, 0xFF,
        0x8C, 0x8C, 0x8C, 0xFF, 0x8C, 0x8C, 0x8C, 0xFF, 0x8C, 0x8C, 0x8C, 0xFF,
        0x8C, 0x8C, 0x8C, 0xFF, 0x8C, 0x8C, 0x8C, 0xFF, 0x8C, 0x8C, 0x8C, 0xFF,
        0x8C, 0x8C, 0x8C, 0xFF, 0x8C, 0x8C, 0x8C, 0xFF, 0x8D, 0x8D, 0x8D, 0xFF,
        0x8D, 0x8D, 0x8D, 0xFF, 0x8D, 0x8D, 0x8D, 0xFF, 0x8D, 0x8D, 0x8D, 0xFF,
        0x89, 0x89, 0x89, 0xFF, 0xFF, 0xFF, 0xFF, 0x00, 0xFF, 0xFF, 0xFF, 0x00,
        0xFF, 0xFF, 0xFF, 0x00, 0xFF, 0xFF, 0xFF, 0x00, 0xFF, 0xFF, 0xFF, 0x00,
        0xFF, 0xFF, 0xFF, 0x00, 0xAE, 0xAE, 0xAE, 0xFF, 0xAF, 0xAF, 0xAF, 0xFF,
        0xAC, 0xAC, 0xAC, 0xFF, 0xA8, 0xA8, 0xA8, 0xFF, 0xA3, 0xA3, 0xA3, 0xFF,
        0x9F, 0x9F, 0x9F, 0xFF, 0x9B, 0x9B, 0x9B, 0xFF, 0x98, 0x98, 0x98, 0xFF,
        0x95, 0x95, 0x95, 0xFF, 0x93, 0x93, 0x93, 0xFF, 0x91, 0x91, 0x91, 0xFF,
        0x8F, 0x8F, 0x8F, 0xFF, 0x8E, 0x8E, 0x8E, 0xFF, 0x8D, 0x8D, 0x8D, 0xFF,
        0x8C, 0x8C, 0x8C, 0xFF, 0x8C, 0x8C, 0x8C, 0xFF, 0x8C, 0x8C, 0x8C, 0xFF,
        0x8C, 0x8C, 0x8C, 0xFF, 0x8C, 0x8C, 0x8C, 0xFF, 0x8C, 0x8C, 0x8C, 0xFF,
        0x8C, 0x8C, 0x8C, 0xFF, 0x8C, 0x8C, 0x8C, 0xFF, 0x8C, 0x8C, 0x8C, 0xFF,
        0x8C, 0x8C, 0x8C, 0xFF, 0x8C, 0x8C, 0x8C, 0xFF, 0x8C, 0x8C, 0x8C, 0xFF,
        0x8C, 0x8C, 0x8C, 0xFF, 0x8C, 0x8C, 0x8C, 0xFF, 0x8C, 0x8C, 0x8C, 0xFF,
        0x8C, 0x8C, 0x8C, 0xFF, 0x8C, 0x8C, 0x8C, 0xFF, 0x8C, 0x8C, 0x8C, 0xFF,
        0x8C, 0x8C, 0x8C, 0xFF, 0x8C, 0x8C, 0x8C, 0xFF, 0x8C, 0x8C, 0x8C, 0xFF,
        0x8C, 0x8C, 0x8C, 0xFF, 0x8C, 0x8C, 0x8C, 0xFF, 0x8C, 0x8C, 0x8C, 0xFF,
        0x8C, 0x8C, 0x8C, 0xFF, 0x8C, 0x8C, 0x8C, 0xFF, 0x8C, 0x8C, 0x8C, 0xFF,
        0x8C, 0x8C, 0x8C, 0xFF, 0x8C, 0x8C, 0x8C, 0xFF, 0x8C, 0x8C, 0x8C, 0xFF,
        0x8D, 0x8D, 0x8D, 0xFF, 0x8E, 0x8E, 0x8E, 0xFF, 0x8F, 0x8F, 0x8F, 0xFF,
        0x91, 0x91, 0x91, 0xFF, 0x93, 0x93, 0x93, 0xFF, 0x95, 0x95, 0x95, 0xFF,
        0x98, 0x98, 0x98, 0xFF, 0x9B, 0x9B, 0x9B, 0xFF, 0x9F, 0x9F, 0x9F, 0xFF,
        0xA3, 0xA3, 0xA3, 0xFF, 0xA8, 0xA8, 0xA8, 0xFF, 0xAC, 0xAC, 0xAC, 0xFF,
        0xAF, 0xAF, 0xAF, 0xFF, 0xAE, 0xAE, 0xAE, 0xFF, 0xFF, 0xFF, 0xFF, 0x00,
        0xFF, 0xFF, 0xFF, 0x00, 0xFF, 0xFF, 0xFF, 0x00, 0xFF, 0xFF, 0xFF, 0x00,
        0xFF, 0xFF, 0xFF, 0x00, 0xFF, 0xFF, 0xFF, 0x00, 0x8B, 0x8B, 0x8B, 0xFF,
        0x8F, 0x8F, 0x8F, 0xFF, 0x8F, 0x8F, 0x8F, 0xFF, 0x8F, 0x8F, 0x8F, 0xFF,
        0x8F, 0x8F, 0x8F, 0xFF, 0x8E, 0x8E, 0x8E, 0xFF, 0x8E, 0x8E, 0x8E, 0xFF,
        0x8E, 0x8E, 0x8E, 0xFF, 0x8E, 0x8E, 0x8E, 0xFF, 0x8E, 0x8E, 0x8E, 0xFF,
        0x8E, 0x8E, 0x8E, 0xFF, 0x8E, 0x8E, 0x8E, 0xFF, 0x8E, 0x8E, 0x8E, 0xFF,
        0x8E, 0x8E, 0x8E, 0xFF, 0x8E, 0x8E, 0x8E, 0xFF, 0x8E, 0x8E, 0x8E, 0xFF,
        0x8E, 0x8E, 0x8E, 0xFF, 0x8E, 0x8E, 0x8E, 0xFF, 0x8E, 0x8E, 0x8E, 0xFF,
        0x8E, 0x8E, 0x8E, 0xFF, 0x8E, 0x8E, 0x8E, 0xFF, 0x8E, 0x8E, 0x8E, 0xFF,
        0x8E, 0x8E, 0x8E, 0xFF, 0x8E, 0x8E, 0x8E, 0xFF, 0x8E, 0x8E, 0x8E, 0xFF,
        0x8E, 0x8E, 0x8E, 0xFF, 0x8E, 0x8E, 0x8E, 0xFF, 0x8E, 0x8E, 0x8E, 0xFF,
        0x8E, 0x8E, 0x8E, 0xFF, 0x8E, 0x8E, 0x8E, 0xFF, 0x8E, 0x8E, 0x8E, 0xFF,
        0x8E, 0x8E, 0x8E, 0xFF, 0x8E, 0x8E, 0x8E, 0xFF, 0x8E, 0x8E, 0x8E, 0xFF,
        0x8E, 0x8E, 0x8E, 0xFF, 0x8E, 0x8E, 0x8E, 0xFF, 0x8E, 0x8E, 0x8E, 0xFF,
        0x8E, 0x8E, 0x8E, 0xFF, 0x8E, 0x8E, 0x8E, 0xFF, 0x8E, 0x8E, 0x8E, 0xFF,
        0x8E, 0x8E, 0x8E, 0xFF, 0x8E, 0x8E, 0x8E, 0xFF, 0x8E, 0x8E, 0x8E, 0xFF,
        0x8E, 0x8E, 0x8E, 0xFF, 0x8E, 0x8E, 0x8E, 0xFF, 0x8E, 0x8E, 0x8E, 0xFF,
        0x8E, 0x8E, 0x8E, 0xFF, 0x8E, 0x8E, 0x8E, 0xFF, 0x8E, 0x8E, 0x8E, 0xFF,
        0x8E, 0x8E, 0x8E, 0xFF, 0x8E, 0x8E, 0x8E, 0xFF, 0x8E, 0x8E, 0x8E, 0xFF,
        0x8E, 0x8E, 0x8E, 0xFF, 0x8F, 0x8F, 0x8F, 0xFF, 0x8F, 0x8F, 0x8F, 0xFF,
        0x8F, 0x8F, 0x8F, 0xFF, 0x8F, 0x8F, 0x8F, 0xFF, 0x8B, 0x8B, 0x8B, 0xFF,
        0xFF, 0xFF, 0xFF, 0x00, 0xFF, 0xFF, 0xFF, 0x00, 0xFF, 0xFF, 0xFF, 0x00,
        0xFF, 0xFF, 0xFF, 0x00, 0xFF, 0xFF, 0xFF, 0x00, 0xFF, 0xFF, 0xFF, 0x00,
        0xAF, 0xAF, 0xAF, 0xFF, 0xAF, 0xAF, 0xAF, 0xFF, 0xAD, 0xAD, 0xAD, 0xFF,
        0xA9, 0xA9, 0xA9, 0xFF, 0xA5, 0xA5, 0xA5, 0xFF, 0xA1, 0xA1, 0xA1, 0xFF,
        0x9D, 0x9D, 0x9D, 0xFF, 0x9A, 0x9A, 0x9A, 0xFF, 0x97, 0x97, 0x97, 0xFF,
        0x94, 0x94, 0x94, 0xFF, 0x92, 0x92, 0x92, 0xFF, 0x91, 0x91, 0x91, 0xFF,
        0x8F, 0x8F, 0x8F, 0xFF, 0x8E, 0x8E, 0x8E, 0xFF, 0x8E, 0x8E, 0x8E, 0xFF,
        0x8E, 0x8E, 0x8E, 0xFF, 0x8E, 0x8E, 0x8E, 0xFF, 0x8E, 0x8E, 0x8E, 0xFF,
        0x8E, 0x8E, 0x8E, 0xFF, 0x8E, 0x8E, 0x8E, 0xFF, 0x8E, 0x8E, 0x8E, 0xFF,
        0x8E, 0x8E, 0x8E, 0xFF, 0x8E, 0x8E, 0x8E, 0xFF, 0x8E, 0x8E, 0x8E, 0xFF,
        0x8E, 0x8E, 0x8E, 0xFF, 0x8E, 0x8E, 0x8E, 0xFF, 0x8E, 0x8E, 0x8E, 0xFF,
        0x8E, 0x8E, 0x8E, 0xFF, 0x8E, 0x8E, 0x8E, 0xFF, 0x8E, 0x8E, 0x8E, 0xFF,
        0x8E, 0x8E, 0x8E, 0xFF, 0x8E, 0x8E, 0x8E, 0xFF, 0x8E, 0x8E, 0x8E, 0xFF,
        0x8E, 0x8E, 0x8E, 0xFF, 0x8E, 0x8E, 0x8E, 0xFF, 0x8E, 0x8E, 0x8E, 0xFF,
        0x8E, 0x8E, 0x8E, 0xFF, 0x8E, 0x8E, 0x8E, 0xFF, 0x8E, 0x8E, 0x8E, 0xFF,
        0x8E, 0x8E, 0x8E, 0xFF, 0x8E, 0x8E, 0x8E, 0xFF, 0x8E, 0x8E, 0x8E, 0xFF,
        0x8E, 0x8E, 0x8E, 0xFF, 0x8E, 0x8E, 0x8E, 0xFF, 0x8E, 0x8E, 0x8E, 0xFF,
        0x8F, 0x8F, 0x8F, 0xFF, 0x91, 0x91, 0x91, 0xFF, 0x92, 0x92, 0x92, 0xFF,
        0x94, 0x94, 0x94, 0xFF, 0x97, 0x97, 0x97, 0xFF, 0x9A, 0x9A, 0x9A, 0xFF,
        0x9D, 0x9D, 0x9D, 0xFF, 0xA1, 0xA1, 0xA1, 0xFF, 0xA5, 0xA5, 0xA5, 0xFF,
        0xA9, 0xA9, 0xA9, 0xFF, 0xAD, 0xAD, 0xAD, 0xFF, 0xAF, 0xAF, 0xAF, 0xFF,
        0xAF, 0xAF, 0xAF, 0xFF, 0xFF, 0xFF, 0xFF, 0x00, 0xFF, 0xFF, 0xFF, 0x00,
        0xFF, 0xFF, 0xFF, 0x00, 0xFF, 0xFF, 0xFF, 0x00, 0xFF, 0xFF, 0xFF, 0x00,
        0xFF, 0xFF, 0xFF, 0x00, 0x8E, 0x8E, 0x8E, 0xFF, 0x91, 0x91, 0x91, 0xFF,
        0x92, 0x92, 0x92, 0xFF, 0x92, 0x92, 0x92, 0xFF, 0x92, 0x92, 0x92, 0xFF,
        0x91, 0x91, 0x91, 0xFF, 0x91, 0x91, 0x91, 0xFF, 0x91, 0x91, 0x91, 0xFF,
        0x91, 0x91, 0x91, 0xFF, 0x91, 0x91, 0x91, 0xFF, 0x91, 0x91, 0x91, 0xFF,
        0x91, 0x91, 0x91, 0xFF, 0x91, 0x91, 0x91, 0xFF, 0x91, 0x91, 0x91, 0xFF,
        0x91, 0x91, 0x91, 0xFF, 0x91, 0x91, 0x91, 0xFF, 0x91, 0x91, 0x91, 0xFF,
        0x91, 0x91, 0x91, 0xFF, 0x91, 0x91, 0x91, 0xFF, 0x91, 0x91, 0x91, 0xFF,
        0x91, 0x91, 0x91, 0xFF, 0x91, 0x91, 0x91, 0xFF, 0x91, 0x91, 0x91, 0xFF,
        0x91, 0x91, 0x91, 0xFF, 0x91, 0x91, 0x91, 0xFF, 0x91, 0x91, 0x91, 0xFF,
        0x91, 0x91, 0x91, 0xFF, 0x91, 0x91, 0x91, 0xFF, 0x91, 0x91, 0x91, 0xFF,
        0x91, 0x91, 0x91, 0xFF, 0x91, 0x91, 0x91, 0xFF, 0x91, 0x91, 0x91, 0xFF,
        0x91, 0x91, 0x91, 0xFF, 0x91, 0x91, 0x91, 0xFF, 0x91, 0x91, 0x91, 0xFF,
        0x91, 0x91, 0x91, 0xFF, 0x91, 0x91, 0x91, 0xFF, 0x91, 0x91, 0x91, 0xFF,
        0x91, 0x91, 0x91, 0xFF, 0x91, 0x91, 0x91, 0xFF, 0x91, 0x91, 0x91, 0xFF,
        0x91, 0x91, 0x91, 0xFF, 0x91, 0x91, 0x91, 0xFF, 0x91, 0x91, 0x91, 0xFF,
        0x91, 0x91, 0x91, 0xFF, 0x91, 0x91, 0x91, 0xFF, 0x91, 0x91, 0x91, 0xFF,
        0x91, 0x91, 0x91, 0xFF, 0x91, 0x91, 0x91, 0xFF, 0x91, 0x91, 0x91, 0xFF,
        0x91, 0x91, 0x91, 0xFF, 0x91, 0x91, 0x91, 0xFF, 0x91, 0x91, 0x91, 0xFF,
        0x92, 0x92, 0x92, 0xFF, 0x92, 0x92, 0x92, 0xFF, 0x92, 0x92, 0x92, 0xFF,
        0x91, 0x91, 0x91, 0xFF, 0x8E, 0x8E, 0x8E, 0xFF, 0xFF, 0xFF, 0xFF, 0x00,
        0xFF, 0xFF, 0xFF, 0x00, 0xFF, 0xFF, 0xFF, 0x00, 0xFF, 0xFF, 0xFF, 0x00,
        0xFF, 0xFF, 0xFF, 0x00, 0xFF, 0xFF, 0xFF, 0x00, 0xB0, 0xB0, 0xB0, 0xFF,
        0xB1, 0xB1, 0xB1, 0xFF, 0xAF, 0xAF, 0xAF, 0xFF, 0xAB, 0xAB, 0xAB, 0xFF,
        0xA7, 0xA7, 0xA7, 0xFF, 0xA3, 0xA3, 0xA3, 0xFF, 0x9F, 0x9F, 0x9F, 0xFF,
        0x9C, 0x9C, 0x9C, 0xFF, 0x99, 0x99, 0x99, 0xFF, 0x97, 0x97, 0x97, 0xFF,
        0x95, 0x95, 0x95, 0xFF, 0x94, 0x94, 0x94, 0xFF, 0x92, 0x92, 0x92, 0xFF,
        0x91, 0x91, 0x91, 0xFF, 0x91, 0x91, 0x91, 0xFF, 0x91, 0x91, 0x91, 0xFF,
        0x91, 0x91, 0x91, 0xFF, 0x91, 0x91, 0x91, 0xFF, 0x91, 0x91, 0x91, 0xFF,
        0x91, 0x91, 0x91, 0xFF, 0x91, 0x91, 0x91, 0xFF, 0x91, 0x91, 0x91, 0xFF,
        0x91, 0x91, 0x91, 0xFF, 0x91, 0x91, 0x91, 0xFF, 0x91, 0x91, 0x91, 0xFF,
        0x91, 0x91, 0x91, 0xFF, 0x91, 0x91, 0x91, 0xFF, 0x91, 0x91, 0x91, 0xFF,
        0x91, 0x91, 0x91, 0xFF, 0x91, 0x91, 0x91, 0xFF, 0x91, 0x91, 0x91, 0xFF,
        0x91, 0x91, 0x91, 0xFF, 0x91, 0x91, 0x91, 0xFF, 0x91, 0x91, 0x91, 0xFF,
        0x91, 0x91, 0x91, 0xFF, 0x91, 0x91, 0x91, 0xFF, 0x91, 0x91, 0x91, 0xFF,
        0x91, 0x91, 0x91, 0xFF, 0x91, 0x91, 0x91, 0xFF, 0x91, 0x91, 0x91, 0xFF,
        0x91, 0x91, 0x91, 0xFF, 0x91, 0x91, 0x91, 0xFF, 0x91, 0x91, 0x91, 0xFF,
        0x91, 0x91, 0x91, 0xFF, 0x91, 0x91, 0x91, 0xFF, 0x92, 0x92, 0x92, 0xFF,
        0x94, 0x94, 0x94, 0xFF, 0x95, 0x95, 0x95, 0xFF, 0x97, 0x97, 0x97, 0xFF,
        0x99, 0x99, 0x99, 0xFF, 0x9C, 0x9C, 0x9C, 0xFF, 0x9F, 0x9F, 0x9F, 0xFF,
        0xA3, 0xA3, 0xA3, 0xFF, 0xA7, 0xA7, 0xA7, 0xFF, 0xAB, 0xAB, 0xAB, 0xFF,
        0xAF, 0xAF, 0xAF, 0xFF, 0xB1, 0xB1, 0xB1, 0xFF, 0xB0, 0xB0, 0xB0, 0xFF,
        0xFF, 0xFF, 0xFF, 0x00, 0xFF, 0xFF, 0xFF, 0x00, 0xFF, 0xFF, 0xFF, 0x00,
        0xFF, 0xFF, 0xFF, 0x00, 0xFF, 0xFF, 0xFF, 0x00, 0xFF, 0xFF, 0xFF, 0x00,
        0x90, 0x90, 0x90, 0xFF, 0x93, 0x93, 0x93, 0xFF, 0x94, 0x94, 0x94, 0xFF,
        0x94, 0x94, 0x94, 0xFF, 0x94, 0x94, 0x94, 0xFF, 0x93, 0x93, 0x93, 0xFF,
        0x93, 0x93, 0x93, 0xFF, 0x93, 0x93, 0x93, 0xFF, 0x93, 0x93, 0x93, 0xFF,
        0x93, 0x93, 0x93, 0xFF, 0x93, 0x93, 0x93, 0xFF, 0x93, 0x93, 0x93, 0xFF,
        0x93, 0x93, 0x93, 0xFF, 0x93, 0x93, 0x93, 0xFF, 0x93, 0x93, 0x93, 0xFF,
        0x93, 0x93, 0x93, 0xFF, 0x93, 0x93, 0x93, 0xFF, 0x93, 0x93, 0x93, 0xFF,
        0x93, 0x93, 0x93, 0xFF, 0x93, 0x93, 0x93, 0xFF, 0x93, 0x93, 0x93, 0xFF,
        0x93, 0x93, 0x93, 0xFF, 0x93, 0x93, 0x93, 0xFF, 0x93, 0x93, 0x93, 0xFF,
        0x93, 0x93, 0x93, 0xFF, 0x93, 0x93, 0x93, 0xFF, 0x93, 0x93, 0x93, 0xFF,
        0x93, 0x93, 0x93, 0xFF, 0x93, 0x93, 0x93, 0xFF, 0x93, 0x93, 0x93, 0xFF,
        0x93, 0x93, 0x93, 0xFF, 0x93, 0x93, 0x93, 0xFF, 0x93, 0x93, 0x93, 0xFF,
        0x93, 0x93, 0x93, 0xFF, 0x93, 0x93, 0x93, 0xFF, 0x93, 0x93, 0x93, 0xFF,
        0x93, 0x93, 0x93, 0xFF, 0x93, 0x93, 0x93, 0xFF, 0x93, 0x93, 0x93, 0xFF,
        0x93, 0x93, 0x93, 0xFF, 0x93, 0x93, 0x93, 0xFF, 0x93, 0x93, 0x93, 0xFF,
        0x93, 0x93, 0x93, 0xFF, 0x93, 0x93, 0x93, 0xFF, 0x93, 0x93, 0x93, 0xFF,
        0x93, 0x93, 0x93, 0xFF, 0x93, 0x93, 0x93, 0xFF, 0x93, 0x93, 0x93, 0xFF,
        0x93, 0x93, 0x93, 0xFF, 0x93, 0x93, 0x93, 0xFF, 0x93, 0x93, 0x93, 0xFF,
        0x93, 0x93, 0x93, 0xFF, 0x93, 0x93, 0x93, 0xFF, 0x94, 0x94, 0x94, 0xFF,
        0x94, 0x94, 0x94, 0xFF, 0x94, 0x94, 0x94, 0xFF, 0x93, 0x93, 0x93, 0xFF,
        0x90, 0x90, 0x90, 0xFF, 0xFF, 0xFF, 0xFF, 0x00, 0xFF, 0xFF, 0xFF, 0x00,
        0xFF, 0xFF, 0xFF, 0x00, 0xFF, 0xFF, 0xFF, 0x00, 0xFF, 0xFF, 0xFF, 0x00,
        0xFF, 0xFF, 0xFF, 0x00, 0xB1, 0xB1, 0xB1, 0xFF, 0xB2, 0xB2, 0xB2, 0xFF,
        0xB0, 0xB0, 0xB0, 0xFF, 0xAC, 0xAC, 0xAC, 0xFF, 0xA8, 0xA8, 0xA8, 0xFF,
        0xA4, 0xA4, 0xA4, 0xFF, 0xA1, 0xA1, 0xA1, 0xFF, 0x9E, 0x9E, 0x9E, 0xFF,
        0x9B, 0x9B, 0x9B, 0xFF, 0x99, 0x99, 0x99, 0xFF, 0x97, 0x97, 0x97, 0xFF,
        0x96, 0x96, 0x96, 0xFF, 0x94, 0x94, 0x94, 0xFF, 0x93, 0x93, 0x93, 0xFF,
        0x93, 0x93, 0x93, 0xFF, 0x93, 0x93, 0x93, 0xFF, 0x93, 0x93, 0x93, 0xFF,
        0x93, 0x93, 0x93, 0xFF, 0x93, 0x93, 0x93, 0xFF, 0x93, 0x93, 0x93, 0xFF,
        0x93, 0x93, 0x93, 0xFF, 0x93, 0x93, 0x93, 0xFF, 0x93, 0x93, 0x93, 0xFF,
        0x93, 0x93, 0x93, 0xFF, 0x93, 0x93, 0x93, 0xFF, 0x93, 0x93, 0x93, 0xFF,
        0x93, 0x93, 0x93, 0xFF, 0x93, 0x93, 0x93, 0xFF, 0x93, 0x93, 0x93, 0xFF,
        0x93, 0x93, 0x93, 0xFF, 0x93, 0x93, 0x93, 0xFF, 0x93, 0x93, 0x93, 0xFF,
        0x93, 0x93, 0x93, 0xFF, 0x93, 0x93, 0x93, 0xFF, 0x93, 0x93, 0x93, 0xFF,
        0x93, 0x93, 0x93, 0xFF, 0x93, 0x93, 0x93, 0xFF, 0x93, 0x93, 0x93, 0xFF,
        0x93, 0x93, 0x93, 0xFF, 0x93, 0x93, 0x93, 0xFF, 0x93, 0x93, 0x93, 0xFF,
        0x93, 0x93, 0x93, 0xFF, 0x93, 0x93, 0x93, 0xFF, 0x93, 0x93, 0x93, 0xFF,
        0x93, 0x93, 0x93, 0xFF, 0x94, 0x94, 0x94, 0xFF, 0x96, 0x96, 0x96, 0xFF,
        0x97, 0x97, 0x97, 0xFF, 0x99, 0x99, 0x99, 0xFF, 0x9B, 0x9B, 0x9B, 0xFF,
        0x9E, 0x9E, 0x9E, 0xFF, 0xA1, 0xA1, 0xA1, 0xFF, 0xA4, 0xA4, 0xA4, 0xFF,
        0xA8, 0xA8, 0xA8, 0xFF, 0xAC, 0xAC, 0xAC, 0xFF, 0xB0, 0xB0, 0xB0, 0xFF,
        0xB2, 0xB2, 0xB2, 0xFF, 0xB1, 0xB1, 0xB1, 0xFF, 0xFF, 0xFF, 0xFF, 0x00,
        0xFF, 0xFF, 0xFF, 0x00, 0xFF, 0xFF, 0xFF, 0x00, 0xFF, 0xFF, 0xFF, 0x00,
        0xFF, 0xFF, 0xFF, 0x00, 0xFF, 0xFF, 0xFF, 0x00, 0x92, 0x92, 0x92, 0xFF,
        0x95, 0x95, 0x95, 0xFF, 0x96, 0x96, 0x96, 0xFF, 0x96, 0x96, 0x96, 0xFF,
        0x96, 0x96, 0x96, 0xFF, 0x95, 0x95, 0x95, 0xFF, 0x95, 0x95, 0x95, 0xFF,
        0x95, 0x95, 0x95, 0xFF, 0x95, 0x95, 0x95, 0xFF, 0x95, 0x95, 0x95, 0xFF,
        0x95, 0x95, 0x95, 0xFF, 0x95, 0x95, 0x95, 0xFF, 0x95, 0x95, 0x95, 0xFF,
        0x95, 0x95, 0x95, 0xFF, 0x95, 0x95, 0x95, 0xFF, 0x95, 0x95, 0x95, 0xFF,
        0x95, 0x95, 0x95, 0xFF, 0x95, 0x95, 0x95, 0xFF, 0x95, 0x95, 0x95, 0xFF,
        0x95, 0x95, 0x95, 0xFF, 0x95, 0x95, 0x95, 0xFF, 0x95, 0x95, 0x95, 0xFF,
        0x95, 0x95, 0x95, 0xFF, 0x95, 0x95, 0x95, 0xFF, 0x95, 0x95, 0x95, 0xFF,
        0x95, 0x95, 0x95, 0xFF, 0x95, 0x95, 0x95, 0xFF, 0x95, 0x95, 0x95, 0xFF,
        0x95, 0x95, 0x95, 0xFF, 0x95, 0x95, 0x95, 0xFF, 0x95, 0x95, 0x95, 0xFF,
        0x95, 0x95, 0x95, 0xFF, 0x95, 0x95, 0x95, 0xFF, 0x95, 0x95, 0x95, 0xFF,
        0x95, 0x95, 0x95, 0xFF, 0x95, 0x95, 0x95, 0xFF, 0x95, 0x95, 0x95, 0xFF,
        0x95, 0x95, 0x95, 0xFF, 0x95, 0x95, 0x95, 0xFF, 0x95, 0x95, 0x95, 0xFF,
        0x95, 0x95, 0x95, 0xFF, 0x95, 0x95, 0x95, 0xFF, 0x95, 0x95, 0x95, 0xFF,
        0x95, 0x95, 0x95, 0xFF, 0x95, 0x95, 0x95, 0xFF, 0x95, 0x95, 0x95, 0xFF,
        0x95, 0x95, 0x95, 0xFF, 0x95, 0x95, 0x95, 0xFF, 0x95, 0x95, 0x95, 0xFF,
        0x95, 0x95, 0x95, 0xFF, 0x95, 0x95, 0x95, 0xFF, 0x95, 0x95, 0x95, 0xFF,
        0x95, 0x95, 0x95, 0xFF, 0x96, 0x96, 0x96, 0xFF, 0x96, 0x96, 0x96, 0xFF,
        0x96, 0x96, 0x96, 0xFF, 0x95, 0x95, 0x95, 0xFF, 0x92, 0x92, 0x92, 0xFF,
        0xFF, 0xFF, 0xFF, 0x00, 0xFF, 0xFF, 0xFF, 0x00, 0xFF, 0xFF, 0xFF, 0x00,
        0xFF, 0xFF, 0xFF, 0x00, 0xFF, 0xFF, 0xFF, 0x00, 0xFF, 0xFF, 0xFF, 0x00,
        0xB2, 0xB2, 0xB2, 0xFF, 0xB3, 0xB3, 0xB3, 0xFF, 0xB1, 0xB1, 0xB1, 0xFF,
        0xAE, 0xAE, 0xAE, 0xFF, 0xAA, 0xAA, 0xAA, 0xFF, 0xA6, 0xA6, 0xA6, 0xFF,
        0xA3, 0xA3, 0xA3, 0xFF, 0x9F, 0x9F, 0x9F, 0xFF, 0x9D, 0x9D, 0x9D, 0xFF,
        0x9B, 0x9B, 0x9B, 0xFF, 0x99, 0x99, 0x99, 0xFF, 0x97, 0x97, 0x97, 0xFF,
        0x96, 0x96, 0x96, 0xFF, 0x95, 0x95, 0x95, 0xFF, 0x95, 0x95, 0x95, 0xFF,
        0x95, 0x95, 0x95, 0xFF, 0x95, 0x95, 0x95, 0xFF, 0x95, 0x95, 0x95, 0xFF,
        0x95, 0x95, 0x95, 0xFF, 0x95, 0x95, 0x95, 0xFF, 0x95, 0x95, 0x95, 0xFF,
        0x95, 0x95, 0x95, 0xFF, 0x95, 0x95, 0x95, 0xFF, 0x95, 0x95, 0x95, 0xFF,
        0x95, 0x95, 0x95, 0xFF, 0x95, 0x95, 0x95, 0xFF, 0x95, 0x95, 0x95, 0xFF,
        0x95, 0x95, 0x95, 0xFF, 0x95, 0x95, 0x95, 0xFF, 0x95, 0x95, 0x95, 0xFF,
        0x95, 0x95, 0x95, 0xFF, 0x95, 0x95, 0x95, 0xFF, 0x95, 0x95, 0x95, 0xFF,
        0x95, 0x95, 0x95, 0xFF, 0x95, 0x95, 0x95, 0xFF, 0x95, 0x95, 0x95, 0xFF,
        0x95, 0x95, 0x95, 0xFF, 0x95, 0x95, 0x95, 0xFF, 0x95, 0x95, 0x95, 0xFF,
        0x95, 0x95, 0x95, 0xFF, 0x95, 0x95, 0x95, 0xFF, 0x95, 0x95, 0x95, 0xFF,
        0x95, 0x95, 0x95, 0xFF, 0x95, 0x95, 0x95, 0xFF, 0x95, 0x95, 0x95, 0xFF,
        0x96, 0x96, 0x96, 0xFF, 0x97, 0x97, 0x97, 0xFF, 0x99, 0x99, 0x99, 0xFF,
        0x9B, 0x9B, 0x9B, 0xFF, 0x9D, 0x9D, 0x9D, 0xFF, 0x9F, 0x9F, 0x9F, 0xFF,
        0xA3, 0xA3, 0xA3, 0xFF, 0xA6, 0xA6, 0xA6, 0xFF, 0xAA, 0xAA, 0xAA, 0xFF,
        0xAE, 0xAE, 0xAE, 0xFF, 0xB1, 0xB1, 0xB1, 0xFF, 0xB3, 0xB3, 0xB3, 0xFF,
        0xB2, 0xB2, 0xB2, 0xFF, 0xFF, 0xFF, 0xFF, 0x00, 0xFF, 0xFF, 0xFF, 0x00,
        0xFF, 0xFF, 0xFF, 0x00, 0xFF, 0xFF, 0xFF, 0x00, 0xFF, 0xFF, 0xFF, 0x00,
        0xFF, 0xFF, 0xFF, 0x00, 0x92, 0x92, 0x92, 0xFF, 0x96, 0x96, 0x96, 0xFF,
        0x97, 0x97, 0x97, 0xFF, 0x97, 0x97, 0x97, 0xFF, 0x97, 0x97, 0x97, 0xFF,
        0x96, 0x96, 0x96, 0xFF, 0x96, 0x96, 0x96, 0xFF, 0x96, 0x96, 0x96, 0xFF,
        0x96, 0x96, 0x96, 0xFF, 0x96, 0x96, 0x96, 0xFF, 0x96, 0x96, 0x96, 0xFF,
        0x96, 0x96, 0x96, 0xFF, 0x96, 0x96, 0x96, 0xFF, 0x96, 0x96, 0x96, 0xFF,
        0x96, 0x96, 0x96, 0xFF, 0x96, 0x96, 0x96, 0xFF, 0x96, 0x96, 0x96, 0xFF,
        0x96, 0x96, 0x96, 0xFF, 0x96, 0x96, 0x96, 0xFF, 0x96, 0x96, 0x96, 0xFF,
        0x96, 0x96, 0x96, 0xFF, 0x96, 0x96, 0x96, 0xFF, 0x96, 0x96, 0x96, 0xFF,
        0x96, 0x96, 0x96, 0xFF, 0x96, 0x96, 0x96, 0xFF, 0x96, 0x96, 0x96, 0xFF,
        0x96, 0x96, 0x96, 0xFF, 0x96, 0x96, 0x96, 0xFF, 0x96, 0x96, 0x96, 0xFF,
        0x96, 0x96, 0x96, 0xFF, 0x96, 0x96, 0x96, 0xFF, 0x96, 0x96, 0x96, 0xFF,
        0x96, 0x96, 0x96, 0xFF, 0x96, 0x96, 0x96, 0xFF, 0x96, 0x96, 0x96, 0xFF,
        0x96, 0x96, 0x96, 0xFF, 0x96, 0x96, 0x96, 0xFF, 0x96, 0x96, 0x96, 0xFF,
        0x96, 0x96, 0x96, 0xFF, 0x96, 0x96, 0x96, 0xFF, 0x96, 0x96, 0x96, 0xFF,
        0x96, 0x96, 0x96, 0xFF, 0x96, 0x96, 0x96, 0xFF, 0x96, 0x96, 0x96, 0xFF,
        0x96, 0x96, 0x96, 0xFF, 0x96, 0x96, 0x96, 0xFF, 0x96, 0x96, 0x96, 0xFF,
        0x96, 0x96, 0x96, 0xFF, 0x96, 0x96, 0x96, 0xFF, 0x96, 0x96, 0x96, 0xFF,
        0x96, 0x96, 0x96, 0xFF, 0x96, 0x96, 0x96, 0xFF, 0x96, 0x96, 0x96, 0xFF,
        0x97, 0x97, 0x97, 0xFF, 0x97, 0x97, 0x97, 0xFF, 0x97, 0x97, 0x97, 0xFF,
        0x96, 0x96, 0x96, 0xFF, 0x92, 0x92, 0x92, 0xFF, 0xFF, 0xFF, 0xFF, 0x00,
        0xFF, 0xFF, 0xFF, 0x00, 0xFF, 0xFF, 0xFF, 0x00, 0xFF, 0xFF, 0xFF, 0x00,
        0xFF, 0xFF, 0xFF, 0x00, 0xFF, 0xFF, 0xFF, 0x00, 0xB3, 0xB3, 0xB3, 0xFF,
        0xB4, 0xB4, 0xB4, 0xFF, 0xB2, 0xB2, 0xB2, 0xFF, 0xAF, 0xAF, 0xAF, 0xFF,
        0xAB, 0xAB, 0xAB, 0xFF, 0xA7, 0xA7, 0xA7, 0xFF, 0xA3, 0xA3, 0xA3, 0xFF,
        0xA0, 0xA0, 0xA0, 0xFF, 0x9E, 0x9E, 0x9E, 0xFF, 0x9C, 0x9C, 0x9C, 0xFF,
        0x9A, 0x9A, 0x9A, 0xFF, 0x98, 0x98, 0x98, 0xFF, 0x97, 0x97, 0x97, 0xFF,
        0x96, 0x96, 0x96, 0xFF, 0x96, 0x96, 0x96, 0xFF, 0x96, 0x96, 0x96, 0xFF,
        0x96, 0x96, 0x96, 0xFF, 0x96, 0x96, 0x96, 0xFF, 0x96, 0x96, 0x96, 0xFF,
        0x96, 0x96, 0x96, 0xFF, 0x96, 0x96, 0x96, 0xFF, 0x96, 0x96, 0x96, 0xFF,
        0x96, 0x96, 0x96, 0xFF, 0x96, 0x96, 0x96, 0xFF, 0x96, 0x96, 0x96, 0xFF,
        0x96, 0x96, 0x96, 0xFF, 0x96, 0x96, 0x96, 0xFF, 0x96, 0x96, 0x96, 0xFF,
        0x96, 0x96, 0x96, 0xFF, 0x96, 0x96, 0x96, 0xFF, 0x96, 0x96, 0x96, 0xFF,
        0x96, 0x96, 0x96, 0xFF, 0x96, 0x96, 0x96, 0xFF, 0x96, 0x96, 0x96, 0xFF,
        0x96, 0x96, 0x96, 0xFF, 0x96, 0x96, 0x96, 0xFF, 0x96, 0x96, 0x96, 0xFF,
        0x96, 0x96, 0x96, 0xFF, 0x96, 0x96, 0x96, 0xFF, 0x96, 0x96, 0x96, 0xFF,
        0x96, 0x96, 0x96, 0xFF, 0x96, 0x96, 0x96, 0xFF, 0x96, 0x96, 0x96, 0xFF,
        0x96, 0x96, 0x96, 0xFF, 0x96, 0x96, 0x96, 0xFF, 0x97, 0x97, 0x97, 0xFF,
        0x98, 0x98, 0x98, 0xFF, 0x9A, 0x9A, 0x9A, 0xFF, 0x9C, 0x9C, 0x9C, 0xFF,
        0x9E, 0x9E, 0x9E, 0xFF, 0xA0, 0xA0, 0xA0, 0xFF, 0xA3, 0xA3, 0xA3, 0xFF,
        0xA7, 0xA7, 0xA7, 0xFF, 0xAB, 0xAB, 0xAB, 0xFF, 0xAF, 0xAF, 0xAF, 0xFF,
        0xB2, 0xB2, 0xB2, 0xFF, 0xB4, 0xB4, 0xB4, 0xFF, 0xB3, 0xB3, 0xB3, 0xFF,
        0xFF, 0xFF, 0xFF, 0x00, 0xFF, 0xFF, 0xFF, 0x00, 0xFF, 0xFF, 0xFF, 0x00,
        0xFF, 0xFF, 0xFF, 0x00, 0xFF, 0xFF, 0xFF, 0x00, 0xFF, 0xFF, 0xFF, 0x00,
        0x92, 0x92, 0x92, 0xFF, 0x96, 0x96, 0x96, 0xFF, 0x97, 0x97, 0x97, 0xFF,
        0x97, 0x97, 0x97, 0xFF, 0x97, 0x97, 0x97, 0xFF, 0x96, 0x96, 0x96, 0xFF,
        0x96, 0x96, 0x96, 0xFF, 0x96, 0x96, 0x96, 0xFF, 0x96, 0x96, 0x96, 0xFF,
        0x96, 0x96, 0x96, 0xFF, 0x96, 0x96, 0x96, 0xFF, 0x96, 0x96, 0x96, 0xFF,
        0x96, 0x96, 0x96, 0xFF, 0x96, 0x96, 0x96, 0xFF, 0x96, 0x96, 0x96, 0xFF,
        0x96, 0x96, 0x96, 0xFF, 0x96, 0x96, 0x96, 0xFF, 0x96, 0x96, 0x96, 0xFF,
        0x96, 0x96, 0x96, 0xFF, 0x96, 0x96, 0x96, 0xFF, 0x96, 0x96, 0x96, 0xFF,
        0x96, 0x96, 0x96, 0xFF, 0x96, 0x96, 0x96, 0xFF, 0x96, 0x96, 0x96, 0xFF,
        0x96, 0x96, 0x96, 0xFF, 0x96, 0x96, 0x96, 0xFF, 0x96, 0x96, 0x96, 0xFF,
        0x96, 0x96, 0x96, 0xFF, 0x96, 0x96, 0x96, 0xFF, 0x96, 0x96, 0x96, 0xFF,
        0x96, 0x96, 0x96, 0xFF, 0x96, 0x96, 0x96, 0xFF, 0x96, 0x96, 0x96, 0xFF,
        0x96, 0x96, 0x96, 0xFF, 0x96, 0x96, 0x96, 0xFF, 0x96, 0x96, 0x96, 0xFF,
        0x96, 0x96, 0x96, 0xFF, 0x96, 0x96, 0x96, 0xFF, 0x96, 0x96, 0x96, 0xFF,
        0x96, 0x96, 0x96, 0xFF, 0x96, 0x96, 0x96, 0xFF, 0x96, 0x96, 0x96, 0xFF,
        0x96, 0x96, 0x96, 0xFF, 0x96, 0x96, 0x96, 0xFF, 0x96, 0x96, 0x96, 0xFF,
        0x96, 0x96, 0x96, 0xFF, 0x96, 0x96, 0x96, 0xFF, 0x96, 0x96, 0x96, 0xFF,
        0x96, 0x96, 0x96, 0xFF, 0x96, 0x96, 0x96, 0xFF, 0x96, 0x96, 0x96, 0xFF,
        0x96, 0x96, 0x96, 0xFF, 0x96, 0x96, 0x96, 0xFF, 0x97, 0x97, 0x97, 0xFF,
        0x97, 0x97, 0x97, 0xFF, 0x97, 0x97, 0x97, 0xFF, 0x96, 0x96, 0x96, 0xFF,
        0x92, 0x92, 0x92, 0xFF, 0xFF, 0xFF, 0xFF, 0x00, 0xFF, 0xFF, 0xFF, 0x00,
        0xFF, 0xFF, 0xFF, 0x00, 0xFF, 0xFF, 0xFF, 0x00, 0xFF, 0xFF, 0xFF, 0x00,
        0xFF, 0xFF, 0xFF, 0x00, 0xB3, 0xB3, 0xB3, 0xFF, 0xB4, 0xB4, 0xB4, 0xFF,
        0xB2, 0xB2, 0xB2, 0xFF, 0xAF, 0xAF, 0xAF, 0xFF, 0xAB, 0xAB, 0xAB, 0xFF,
        0xA7, 0xA7, 0xA7, 0xFF, 0xA3, 0xA3, 0xA3, 0xFF, 0xA0, 0xA0, 0xA0, 0xFF,
        0x9E, 0x9E, 0x9E, 0xFF, 0x9C, 0x9C, 0x9C, 0xFF, 0x9A, 0x9A, 0x9A, 0xFF,
        0x98, 0x98, 0x98, 0xFF, 0x97, 0x97, 0x97, 0xFF, 0x96, 0x96, 0x96, 0xFF,
        0x96, 0x96, 0x96, 0xFF, 0x96, 0x96, 0x96, 0xFF, 0x96, 0x96, 0x96, 0xFF,
        0x96, 0x96, 0x96, 0xFF, 0x96, 0x96, 0x96, 0xFF, 0x96, 0x96, 0x96, 0xFF,
        0x96, 0x96, 0x96, 0xFF, 0x96, 0x96, 0x96, 0xFF, 0x96, 0x96, 0x96, 0xFF,
        0x96, 0x96, 0x96, 0xFF, 0x96, 0x96, 0x96, 0xFF, 0x96, 0x96, 0x96, 0xFF,
        0x96, 0x96, 0x96, 0xFF, 0x96, 0x96, 0x96, 0xFF, 0x96, 0x96, 0x96, 0xFF,
        0x96, 0x96, 0x96, 0xFF, 0x96, 0x96, 0x96, 0xFF, 0x96, 0x96, 0x96, 0xFF,
        0x96, 0x96, 0x96, 0xFF, 0x96, 0x96, 0x96, 0xFF, 0x96, 0x96, 0x96, 0xFF,
        0x96, 0x96, 0x96, 0xFF, 0x96, 0x96, 0x96, 0xFF, 0x96, 0x96, 0x96, 0xFF,
        0x96, 0x96, 0x96, 0xFF, 0x96, 0x96, 0x96, 0xFF, 0x96, 0x96, 0x96, 0xFF,
        0x96, 0x96, 0x96, 0xFF, 0x96, 0x96, 0x96, 0xFF, 0x96, 0x96, 0x96, 0xFF,
        0x96, 0x96, 0x96, 0xFF, 0x97, 0x97, 0x97, 0xFF, 0x98, 0x98, 0x98, 0xFF,
        0x9A, 0x9A, 0x9A, 0xFF, 0x9C, 0x9C, 0x9C, 0xFF, 0x9E, 0x9E, 0x9E, 0xFF,
        0xA0, 0xA0, 0xA0, 0xFF, 0xA3, 0xA3, 0xA3, 0xFF, 0xA7, 0xA7, 0xA7, 0xFF,
        0xAB, 0xAB, 0xAB, 0xFF, 0xAF, 0xAF, 0xAF, 0xFF, 0xB2, 0xB2, 0xB2, 0xFF,
        0xB4, 0xB4, 0xB4, 0xFF, 0xB3, 0xB3, 0xB3, 0xFF, 0xFF, 0xFF, 0xFF, 0x00,
        0xFF, 0xFF, 0xFF, 0x00, 0xFF, 0xFF, 0xFF, 0x00, 0xFF, 0xFF, 0xFF, 0x00,
        0xFF, 0xFF, 0xFF, 0x00, 0xFF, 0xFF, 0xFF, 0x00, 0x92, 0x92, 0x92, 0xFF,
        0x96, 0x96, 0x96, 0xFF, 0x97, 0x97, 0x97, 0xFF, 0x97, 0x97, 0x97, 0xFF,
        0x97, 0x97, 0x97, 0xFF, 0x96, 0x96, 0x96, 0xFF, 0x96, 0x96, 0x96, 0xFF,
        0x96, 0x96, 0x96, 0xFF, 0x96, 0x96, 0x96, 0xFF, 0x96, 0x96, 0x96, 0xFF,
        0x96, 0x96, 0x96, 0xFF, 0x96, 0x96, 0x96, 0xFF, 0x96, 0x96, 0x96, 0xFF,
        0x96, 0x96, 0x96, 0xFF, 0x96, 0x96, 0x96, 0xFF, 0x96, 0x96, 0x96, 0xFF,
        0x96, 0x96, 0x96, 0xFF, 0x96, 0x96, 0x96, 0xFF, 0x96, 0x96, 0x96, 0xFF,
        0x96, 0x96, 0x96, 0xFF, 0x96, 0x96, 0x96, 0xFF, 0x96, 0x96, 0x96, 0xFF,
        0x96, 0x96, 0x96, 0xFF, 0x96, 0x96, 0x96, 0xFF, 0x96, 0x96, 0x96, 0xFF,
        0x96, 0x96, 0x96, 0xFF, 0x96, 0x96, 0x96, 0xFF, 0x96, 0x96, 0x96, 0xFF,
        0x96, 0x96, 0x96, 0xFF, 0x96, 0x96, 0x96, 0xFF, 0x96, 0x96, 0x96, 0xFF,
        0x96, 0x96, 0x96, 0xFF, 0x96, 0x96, 0x96, 0xFF, 0x96, 0x96, 0x96, 0xFF,
        0x96, 0x96, 0x96, 0xFF, 0x96, 0x96, 0x96, 0xFF, 0x96, 0x96, 0x96, 0xFF,
        0x96, 0x96, 0x96, 0xFF, 0x96, 0x96, 0x96, 0xFF, 0x96, 0x96, 0x96, 0xFF,
        0x96, 0x96, 0x96, 0xFF, 0x96, 0x96, 0x96, 0xFF, 0x96, 0x96, 0x96, 0xFF,
        0x96, 0x96, 0x96, 0xFF, 0x96, 0x96, 0x96, 0xFF, 0x96, 0x96, 0x96, 0xFF,
        0x96, 0x96, 0x96, 0xFF, 0x96, 0x96, 0x96, 0xFF, 0x96, 0x96, 0x96, 0xFF,
        0x96, 0x96, 0x96, 0xFF, 0x96, 0x96, 0x96, 0xFF, 0x96, 0x96, 0x96, 0xFF,
        0x96, 0x96, 0x96, 0xFF, 0x97, 0x97, 0x97, 0xFF, 0x97, 0x97, 0x97, 0xFF,
        0x97, 0x97, 0x97, 0xFF, 0x96, 0x96, 0x96, 0xFF, 0x92, 0x92, 0x92, 0xFF,
        0xFF, 0xFF, 0xFF, 0x00, 0xFF, 0xFF, 0xFF, 0x00, 0xFF, 0xFF, 0xFF, 0x00,
        0xFF, 0xFF, 0xFF, 0x00, 0xFF, 0xFF, 0xFF, 0x00, 0xFF, 0xFF, 0xFF, 0x00,
        0xB3, 0xB3, 0xB3, 0xFF, 0xB4, 0xB4, 0xB4, 0xFF, 0xB2, 0xB2, 0xB2, 0xFF,
        0xAF, 0xAF, 0xAF, 0xFF, 0xAB, 0xAB, 0xAB, 0xFF, 0xA7, 0xA7, 0xA7, 0xFF,
        0xA4, 0xA4, 0xA4, 0xFF, 0xA0, 0xA0, 0xA0, 0xFF, 0x9E, 0x9E, 0x9E, 0xFF,
        0x9C, 0x9C, 0x9C, 0xFF, 0x9A, 0x9A, 0x9A, 0xFF, 0x98, 0x98, 0x98, 0xFF,
        0x97, 0x97, 0x97, 0xFF, 0x96, 0x96, 0x96, 0xFF, 0x96, 0x96, 0x96, 0xFF,
        0x96, 0x96, 0x96, 0xFF, 0x96, 0x96, 0x96, 0xFF, 0x96, 0x96, 0x96, 0xFF,
        0x96, 0x96, 0x96, 0xFF, 0x96, 0x96, 0x96, 0xFF, 0x96, 0x96, 0x96, 0xFF,
        0x96, 0x96, 0x96, 0xFF, 0x96, 0x96, 0x96, 0xFF, 0x96, 0x96, 0x96, 0xFF,
        0x96, 0x96, 0x96, 0xFF, 0x96, 0x96, 0x96, 0xFF, 0x96, 0x96, 0x96, 0xFF,
        0x96, 0x96, 0x96, 0xFF, 0x96, 0x96, 0x96, 0xFF, 0x96, 0x96, 0x96, 0xFF,
        0x96, 0x96, 0x96, 0xFF, 0x96, 0x96, 0x96, 0xFF, 0x96, 0x96, 0x96, 0xFF,
        0x96, 0x96, 0x96, 0xFF, 0x96, 0x96, 0x96, 0xFF, 0x96, 0x96, 0x96, 0xFF,
        0x96, 0x96, 0x96, 0xFF, 0x96, 0x96, 0x96, 0xFF, 0x96, 0x96, 0x96, 0xFF,
        0x96, 0x96, 0x96, 0xFF, 0x96, 0x96, 0x96, 0xFF, 0x96, 0x96, 0x96, 0xFF,
        0x96, 0x96, 0x96, 0xFF, 0x96, 0x96, 0x96, 0xFF, 0x96, 0x96, 0x96, 0xFF,
        0x97, 0x97, 0x97, 0xFF, 0x98, 0x98, 0x98, 0xFF, 0x9A, 0x9A, 0x9A, 0xFF,
        0x9C, 0x9C, 0x9C, 0xFF, 0x9E, 0x9E, 0x9E, 0xFF, 0xA0, 0xA0, 0xA0, 0xFF,
        0xA4, 0xA4, 0xA4, 0xFF, 0xA7, 0xA7, 0xA7, 0xFF, 0xAB, 0xAB, 0xAB, 0xFF,
        0xAF, 0xAF, 0xAF, 0xFF, 0xB2, 0xB2, 0xB2, 0xFF, 0xB4, 0xB4, 0xB4, 0xFF,
        0xB3, 0xB3, 0xB3, 0xFF, 0xFF, 0xFF, 0xFF, 0x00, 0xFF, 0xFF, 0xFF, 0x00,
        0xFF, 0xFF, 0xFF, 0x00, 0xFF, 0xFF, 0xFF, 0x00, 0xFF, 0xFF, 0xFF, 0x00,
        0xFF, 0xFF, 0xFF, 0x00, 0x92, 0x92, 0x92, 0xFF, 0x95, 0x95, 0x95, 0xFF,
        0x96, 0x96, 0x96, 0xFF, 0x96, 0x96, 0x96, 0xFF, 0x96, 0x96, 0x96, 0xFF,
        0x95, 0x95, 0x95, 0xFF, 0x95, 0x95, 0x95, 0xFF, 0x95, 0x95, 0x95, 0xFF,
        0x95, 0x95, 0x95, 0xFF, 0x95, 0x95, 0x95, 0xFF, 0x95, 0x95, 0x95, 0xFF,
        0x95, 0x95, 0x95, 0xFF, 0x95, 0x95, 0x95, 0xFF, 0x95, 0x95, 0x95, 0xFF,
        0x95, 0x95, 0x95, 0xFF, 0x95, 0x95, 0x95, 0xFF, 0x95, 0x95, 0x95, 0xFF,
        0x95, 0x95, 0x95, 0xFF, 0x95, 0x95, 0x95, 0xFF, 0x95, 0x95, 0x95, 0xFF,
        0x95, 0x95, 0x95, 0xFF, 0x95, 0x95, 0x95, 0xFF, 0x95, 0x95, 0x95, 0xFF,
        0x95, 0x95, 0x95, 0xFF, 0x95, 0x95, 0x95, 0xFF, 0x95, 0x95, 0x95, 0xFF,
        0x95, 0x95, 0x95, 0xFF, 0x95, 0x95, 0x95, 0xFF, 0x95, 0x95, 0x95, 0xFF,
        0x95, 0x95, 0x95, 0xFF, 0x95, 0x95, 0x95, 0xFF, 0x95, 0x95, 0x95, 0xFF,
        0x95, 0x95, 0x95, 0xFF, 0x95, 0x95, 0x95, 0xFF, 0x95, 0x95, 0x95, 0xFF,
        0x95, 0x95, 0x95, 0xFF, 0x95, 0x95, 0x95, 0xFF, 0x95, 0x95, 0x95, 0xFF,
        0x95, 0x95, 0x95, 0xFF, 0x95, 0x95, 0x95, 0xFF, 0x95, 0x95, 0x95, 0xFF,
        0x95, 0x95, 0x95, 0xFF, 0x95, 0x95, 0x95, 0xFF, 0x95, 0x95, 0x95, 0xFF,
        0x95, 0x95, 0x95, 0xFF, 0x95, 0x95, 0x95, 0xFF, 0x95, 0x95, 0x95, 0xFF,
        0x95, 0x95, 0x95, 0xFF, 0x95, 0x95, 0x95, 0xFF, 0x95, 0x95, 0x95, 0xFF,
        0x95, 0x95, 0x95, 0xFF, 0x95, 0x95, 0x95, 0xFF, 0x95, 0x95, 0x95, 0xFF,
        0x96, 0x96, 0x96, 0xFF, 0x96, 0x96, 0x96, 0xFF, 0x96, 0x96, 0x96, 0xFF,
        0x95, 0x95, 0x95, 0xFF, 0x92, 0x92, 0x92, 0xFF, 0xFF, 0xFF, 0xFF, 0x00,
        0xFF, 0xFF, 0xFF, 0x00, 0xFF, 0xFF, 0xFF, 0x00, 0xFF, 0xFF, 0xFF, 0x00,
        0xFF, 0xFF, 0xFF, 0x00, 0xFF, 0xFF, 0xFF, 0x00, 0xB2, 0xB2, 0xB2, 0xFF,
        0xB3, 0xB3, 0xB3, 0xFF, 0xB2, 0xB2, 0xB2, 0xFF, 0xAE, 0xAE, 0xAE, 0xFF,
        0xAA, 0xAA, 0xAA, 0xFF, 0xA6, 0xA6, 0xA6, 0xFF, 0xA3, 0xA3, 0xA3, 0xFF,
        0xA0, 0xA0, 0xA0, 0xFF, 0x9D, 0x9D, 0x9D, 0xFF, 0x9B, 0x9B, 0x9B, 0xFF,
        0x99, 0x99, 0x99, 0xFF, 0x97, 0x97, 0x97, 0xFF, 0x96, 0x96, 0x96, 0xFF,
        0x95, 0x95, 0x95, 0xFF, 0x95, 0x95, 0x95, 0xFF, 0x95, 0x95, 0x95, 0xFF,
        0x95, 0x95, 0x95, 0xFF, 0x95, 0x95, 0x95, 0xFF, 0x95, 0x95, 0x95, 0xFF,
        0x95, 0x95, 0x95, 0xFF, 0x95, 0x95, 0x95, 0xFF, 0x95, 0x95, 0x95, 0xFF,
        0x95, 0x95, 0x95, 0xFF, 0x95, 0x95, 0x95, 0xFF, 0x95, 0x95, 0x95, 0xFF,
        0x95, 0x95, 0x95, 0xFF, 0x95, 0x95, 0x95, 0xFF, 0x95, 0x95, 0x95, 0xFF,
        0x95, 0x95, 0x95, 0xFF, 0x95, 0x95, 0x95, 0xFF, 0x95, 0x95, 0x95, 0xFF,
        0x95, 0x95, 0x95, 0xFF, 0x95, 0x95, 0x95, 0xFF, 0x95, 0x95, 0x95, 0xFF,
        0x95, 0x95, 0x95, 0xFF, 0x95, 0x95, 0x95, 0xFF, 0x95, 0x95, 0x95, 0xFF,
        0x95, 0x95, 0x95, 0xFF, 0x95, 0x95, 0x95, 0xFF, 0x95, 0x95, 0x95, 0xFF,
        0x95, 0x95, 0x95, 0xFF, 0x95, 0x95, 0x95, 0xFF, 0x95, 0x95, 0x95, 0xFF,
        0x95, 0x95, 0x95, 0xFF, 0x95, 0x95, 0x95, 0xFF, 0x96, 0x96, 0x96, 0xFF,
        0x97, 0x97, 0x97, 0xFF, 0x99, 0x99, 0x99, 0xFF, 0x9B, 0x9B, 0x9B, 0xFF,
        0x9D, 0x9D, 0x9D, 0xFF, 0xA0, 0xA0, 0xA0, 0xFF, 0xA3, 0xA3, 0xA3, 0xFF,
        0xA6, 0xA6, 0xA6, 0xFF, 0xAA, 0xAA, 0xAA, 0xFF, 0xAE, 0xAE, 0xAE, 0xFF,
        0xB2, 0xB2, 0xB2, 0xFF, 0xB3, 0xB3, 0xB3, 0xFF, 0xB2, 0xB2, 0xB2, 0xFF,
        0xFF, 0xFF, 0xFF, 0x00, 0xFF, 0xFF, 0xFF, 0x00, 0xFF, 0xFF, 0xFF, 0x00,
        0xFF, 0xFF, 0xFF, 0x00, 0xFF, 0xFF, 0xFF, 0x00, 0xFF, 0xFF, 0xFF, 0x00,
        0x90, 0x90, 0x90, 0xFF, 0x93, 0x93, 0x93, 0xFF, 0x94, 0x94, 0x94, 0xFF,
        0x94, 0x94, 0x94, 0xFF, 0x94, 0x94, 0x94, 0xFF, 0x93, 0x93, 0x93, 0xFF,
        0x93, 0x93, 0x93, 0xFF, 0x93, 0x93, 0x93, 0xFF, 0x93, 0x93, 0x93, 0xFF,
        0x93, 0x93, 0x93, 0xFF, 0x93, 0x93, 0x93, 0xFF, 0x93, 0x93, 0x93, 0xFF,
        0x93, 0x93, 0x93, 0xFF, 0x93, 0x93, 0x93, 0xFF, 0x93, 0x93, 0x93, 0xFF,
        0x93, 0x93, 0x93, 0xFF, 0x93, 0x93, 0x93, 0xFF, 0x93, 0x93, 0x93, 0xFF,
        0x93, 0x93, 0x93, 0xFF, 0x93, 0x93, 0x93, 0xFF, 0x93, 0x93, 0x93, 0xFF,
        0x93, 0x93, 0x93, 0xFF, 0x93, 0x93, 0x93, 0xFF, 0x93, 0x93, 0x93, 0xFF,
        0x93, 0x93, 0x93, 0xFF, 0x93, 0x93, 0x93, 0xFF, 0x93, 0x93, 0x93, 0xFF,
        0x93, 0x93, 0x93, 0xFF, 0x93, 0x93, 0x93, 0xFF, 0x93, 0x93, 0x93, 0xFF,
        0x93, 0x93, 0x93, 0xFF, 0x93, 0x93, 0x93, 0xFF, 0x93, 0x93, 0x93, 0xFF,
        0x93, 0x93, 0x93, 0xFF, 0x93, 0x93, 0x93, 0xFF, 0x93, 0x93, 0x93, 0xFF,
        0x93, 0x93, 0x93, 0xFF, 0x93, 0x93, 0x93, 0xFF, 0x93, 0x93, 0x93, 0xFF,
        0x93, 0x93, 0x93, 0xFF, 0x93, 0x93, 0x93, 0xFF, 0x93, 0x93, 0x93, 0xFF,
        0x93, 0x93, 0x93, 0xFF, 0x93, 0x93, 0x93, 0xFF, 0x93, 0x93, 0x93, 0xFF,
        0x93, 0x93, 0x93, 0xFF, 0x93, 0x93, 0x93, 0xFF, 0x93, 0x93, 0x93, 0xFF,
        0x93, 0x93, 0x93, 0xFF, 0x93, 0x93, 0x93, 0xFF, 0x93, 0x93, 0x93, 0xFF,
        0x93, 0x93, 0x93, 0xFF, 0x93, 0x93, 0x93, 0xFF, 0x94, 0x94, 0x94, 0xFF,
        0x94, 0x94, 0x94, 0xFF, 0x94, 0x94, 0x94, 0xFF, 0x93, 0x93, 0x93, 0xFF,
        0x90, 0x90, 0x90, 0xFF, 0xFF, 0xFF, 0xFF, 0x00, 0xFF, 0xFF, 0xFF, 0x00,
        0xFF, 0xFF, 0xFF, 0x00, 0xFF, 0xFF, 0xFF, 0x00, 0xFF, 0xFF, 0xFF, 0x00,
        0xFF, 0xFF, 0xFF, 0x00, 0xB2, 0xB2, 0xB2, 0xFF, 0xB2, 0xB2, 0xB2, 0xFF,
        0xB0, 0xB0, 0xB0, 0xFF, 0xAC, 0xAC, 0xAC, 0xFF, 0xA8, 0xA8, 0xA8, 0xFF,
        0xA4, 0xA4, 0xA4, 0xFF, 0xA1, 0xA1, 0xA1, 0xFF, 0x9E, 0x9E, 0x9E, 0xFF,
        0x9B, 0x9B, 0x9B, 0xFF, 0x99, 0x99, 0x99, 0xFF, 0x97, 0x97, 0x97, 0xFF,
        0x96, 0x96, 0x96, 0xFF, 0x94, 0x94, 0x94, 0xFF, 0x93, 0x93, 0x93, 0xFF,
        0x93, 0x93, 0x93, 0xFF, 0x93, 0x93, 0x93, 0xFF, 0x93, 0x93, 0x93, 0xFF,
        0x93, 0x93, 0x93, 0xFF, 0x93, 0x93, 0x93, 0xFF, 0x93, 0x93, 0x93, 0xFF,
        0x93, 0x93, 0x93, 0xFF, 0x93, 0x93, 0x93, 0xFF, 0x93, 0x93, 0x93, 0xFF,
        0x93, 0x93, 0x93, 0xFF, 0x93, 0x93, 0x93, 0xFF, 0x93, 0x93, 0x93, 0xFF,
        0x93, 0x93, 0x93, 0xFF, 0x93, 0x93, 0x93, 0xFF, 0x93, 0x93, 0x93, 0xFF,
        0x93, 0x93, 0x93, 0xFF, 0x93, 0x93, 0x93, 0xFF, 0x93, 0x93, 0x93, 0xFF,
        0x93, 0x93, 0x93, 0xFF, 0x93, 0x93, 0x93, 0xFF, 0x93, 0x93, 0x93, 0xFF,
        0x93, 0x93, 0x93, 0xFF, 0x93, 0x93, 0x93, 0xFF, 0x93, 0x93, 0x93, 0xFF,
        0x93, 0x93, 0x93, 0xFF, 0x93, 0x93, 0x93, 0xFF, 0x93, 0x93, 0x93, 0xFF,
        0x93, 0x93, 0x93, 0xFF, 0x93, 0x93, 0x93, 0xFF, 0x93, 0x93, 0x93, 0xFF,
        0x93, 0x93, 0x93, 0xFF, 0x94, 0x94, 0x94, 0xFF, 0x96, 0x96, 0x96, 0xFF,
        0x97, 0x97, 0x97, 0xFF, 0x99, 0x99, 0x99, 0xFF, 0x9B, 0x9B, 0x9B, 0xFF,
        0x9E, 0x9E, 0x9E, 0xFF, 0xA1, 0xA1, 0xA1, 0xFF, 0xA4, 0xA4, 0xA4, 0xFF,
        0xA8, 0xA8, 0xA8, 0xFF, 0xAC, 0xAC, 0xAC, 0xFF, 0xB0, 0xB0, 0xB0, 0xFF,
        0xB2, 0xB2, 0xB2, 0xFF, 0xB2, 0xB2, 0xB2, 0xFF, 0xFF, 0xFF, 0xFF, 0x00,
        0xFF, 0xFF, 0xFF, 0x00, 0xFF, 0xFF, 0xFF, 0x00, 0xFF, 0xFF, 0xFF, 0x00,
        0xFF, 0xFF, 0xFF, 0x00, 0xFF, 0xFF, 0xFF, 0x00, 0x8E, 0x8E, 0x8E, 0xFF,
        0x91, 0x91, 0x91, 0xFF, 0x92, 0x92, 0x92, 0xFF, 0x92, 0x92, 0x92, 0xFF,
        0x92, 0x92, 0x92, 0xFF, 0x91, 0x91, 0x91, 0xFF, 0x91, 0x91, 0x91, 0xFF,
        0x91, 0x91, 0x91, 0xFF, 0x91, 0x91, 0x91, 0xFF, 0x91, 0x91, 0x91, 0xFF,
        0x91, 0x91, 0x91, 0xFF, 0x91, 0x91, 0x91, 0xFF, 0x91, 0x91, 0x91, 0xFF,
        0x91, 0x91, 0x91, 0xFF, 0x91, 0x91, 0x91, 0xFF, 0x91, 0x91, 0x91, 0xFF,
        0x91, 0x91, 0x91, 0xFF, 0x91, 0x91, 0x91, 0xFF, 0x91, 0x91, 0x91, 0xFF,
        0x91, 0x91, 0x91, 0xFF, 0x91, 0x91, 0x91, 0xFF, 0x91, 0x91, 0x91, 0xFF,
        0x91, 0x91, 0x91, 0xFF, 0x91, 0x91, 0x91, 0xFF, 0x91, 0x91, 0x91, 0xFF,
        0x91, 0x91, 0x91, 0xFF, 0x91, 0x91, 0x91, 0xFF, 0x91, 0x91, 0x91, 0xFF,
        0x91, 0x91, 0x91, 0xFF, 0x91, 0x91, 0x91, 0xFF, 0x91, 0x91, 0x91, 0xFF,
        0x91, 0x91, 0x91, 0xFF, 0x91, 0x91, 0x91, 0xFF, 0x91, 0x91, 0x91, 0xFF,
        0x91, 0x91, 0x91, 0xFF, 0x91, 0x91, 0x91, 0xFF, 0x91, 0x91, 0x91, 0xFF,
        0x91, 0x91, 0x91, 0xFF, 0x91, 0x91, 0x91, 0xFF, 0x91, 0x91, 0x91, 0xFF,
        0x91, 0x91, 0x91, 0xFF, 0x91, 0x91, 0x91, 0xFF, 0x91, 0x91, 0x91, 0xFF,
        0x91, 0x91, 0x91, 0xFF, 0x91, 0x91, 0x91, 0xFF, 0x91, 0x91, 0x91, 0xFF,
        0x91, 0x91, 0x91, 0xFF, 0x91, 0x91, 0x91, 0xFF, 0x91, 0x91, 0x91, 0xFF,
        0x91, 0x91, 0x91, 0xFF, 0x91, 0x91, 0x91, 0xFF, 0x91, 0x91, 0x91, 0xFF,
        0x91, 0x91, 0x91, 0xFF, 0x92, 0x92, 0x92, 0xFF, 0x92, 0x92, 0x92, 0xFF,
        0x92, 0x92, 0x92, 0xFF, 0x91, 0x91, 0x91, 0xFF, 0x8E, 0x8E, 0x8E, 0xFF,
        0xFF, 0xFF, 0xFF, 0x00, 0xFF, 0xFF, 0xFF, 0x00, 0xFF, 0xFF, 0xFF, 0x00,
        0xFF, 0xFF, 0xFF, 0x00, 0xFF, 0xFF, 0xFF, 0x00, 0xFF, 0xFF, 0xFF, 0x00,
        0xB0, 0xB0, 0xB0, 0xFF, 0xB1, 0xB1, 0xB1, 0xFF, 0xAF, 0xAF, 0xAF, 0xFF,
        0xAB, 0xAB, 0xAB, 0xFF, 0xA7, 0xA7, 0xA7, 0xFF, 0xA3, 0xA3, 0xA3, 0xFF,
        0x9F, 0x9F, 0x9F, 0xFF, 0x9C, 0x9C, 0x9C, 0xFF, 0x9A, 0x9A, 0x9A, 0xFF,
        0x97, 0x97, 0x97, 0xFF, 0x95, 0x95, 0x95, 0xFF, 0x94, 0x94, 0x94, 0xFF,
        0x92, 0x92, 0x92, 0xFF, 0x91, 0x91, 0x91, 0xFF, 0x91, 0x91, 0x91, 0xFF,
        0x91, 0x91, 0x91, 0xFF, 0x91, 0x91, 0x91, 0xFF, 0x91, 0x91, 0x91, 0xFF,
        0x91, 0x91, 0x91, 0xFF, 0x91, 0x91, 0x91, 0xFF, 0x91, 0x91, 0x91, 0xFF,
        0x91, 0x91, 0x91, 0xFF, 0x91, 0x91, 0x91, 0xFF, 0x91, 0x91, 0x91, 0xFF,
        0x91, 0x91, 0x91, 0xFF, 0x91, 0x91, 0x91, 0xFF, 0x91, 0x91, 0x91, 0xFF,
        0x91, 0x91, 0x91, 0xFF, 0x91, 0x91, 0x91, 0xFF, 0x91, 0x91, 0x91, 0xFF,
        0x91, 0x91, 0x91, 0xFF, 0x91, 0x91, 0x91, 0xFF, 0x91, 0x91, 0x91, 0xFF,
        0x91, 0x91, 0x91, 0xFF, 0x91, 0x91, 0x91, 0xFF, 0x91, 0x91, 0x91, 0xFF,
        0x91, 0x91, 0x91, 0xFF, 0x91, 0x91, 0x91, 0xFF, 0x91, 0x91, 0x91, 0xFF,
        0x91, 0x91, 0x91, 0xFF, 0x91, 0x91, 0x91, 0xFF, 0x91, 0x91, 0x91, 0xFF,
        0x91, 0x91, 0x91, 0xFF, 0x91, 0x91, 0x91, 0xFF, 0x91, 0x91, 0x91, 0xFF,
        0x92, 0x92, 0x92, 0xFF, 0x94, 0x94, 0x94, 0xFF, 0x95, 0x95, 0x95, 0xFF,
        0x97, 0x97, 0x97, 0xFF, 0x9A, 0x9A, 0x9A, 0xFF, 0x9C, 0x9C, 0x9C, 0xFF,
        0xA0, 0xA0, 0xA0, 0xFF, 0xA3, 0xA3, 0xA3, 0xFF, 0xA7, 0xA7, 0xA7, 0xFF,
        0xAB, 0xAB, 0xAB, 0xFF, 0xAF, 0xAF, 0xAF, 0xFF, 0xB1, 0xB1, 0xB1, 0xFF,
        0xB0, 0xB0, 0xB0, 0xFF, 0xFF, 0xFF, 0xFF, 0x00, 0xFF, 0xFF, 0xFF, 0x00,
        0xFF, 0xFF, 0xFF, 0x00, 0xFF, 0xFF, 0xFF, 0x00, 0xFF, 0xFF, 0xFF, 0x00,
        0xFF, 0xFF, 0xFF, 0x00, 0x8C, 0x8C, 0x8C, 0xFF, 0x90, 0x90, 0x90, 0xFF,
        0x90, 0x90, 0x90, 0xFF, 0x90, 0x90, 0x90, 0xFF, 0x90, 0x90, 0x90, 0xFF,
        0x8F, 0x8F, 0x8F, 0xFF, 0x8F, 0x8F, 0x8F, 0xFF, 0x8F, 0x8F, 0x8F, 0xFF,
        0x8F, 0x8F, 0x8F, 0xFF, 0x8F, 0x8F, 0x8F, 0xFF, 0x8F, 0x8F, 0x8F, 0xFF,
        0x8F, 0x8F, 0x8F, 0xFF, 0x8F, 0x8F, 0x8F, 0xFF, 0x8F, 0x8F, 0x8F, 0xFF,
        0x8F, 0x8F, 0x8F, 0xFF, 0x8F, 0x8F, 0x8F, 0xFF, 0x8F, 0x8F, 0x8F, 0xFF,
        0x8F, 0x8F, 0x8F, 0xFF, 0x8F, 0x8F, 0x8F, 0xFF, 0x8F, 0x8F, 0x8F, 0xFF,
        0x8F, 0x8F, 0x8F, 0xFF, 0x8F, 0x8F, 0x8F, 0xFF, 0x8F, 0x8F, 0x8F, 0xFF,
        0x8F, 0x8F, 0x8F, 0xFF, 0x8F, 0x8F, 0x8F, 0xFF, 0x8F, 0x8F, 0x8F, 0xFF,
        0x8F, 0x8F, 0x8F, 0xFF, 0x8F, 0x8F, 0x8F, 0xFF, 0x8F, 0x8F, 0x8F, 0xFF,
        0x8F, 0x8F, 0x8F, 0xFF, 0x8F, 0x8F, 0x8F, 0xFF, 0x8F, 0x8F, 0x8F, 0xFF,
        0x8F, 0x8F, 0x8F, 0xFF, 0x8F, 0x8F, 0x8F, 0xFF, 0x8F, 0x8F, 0x8F, 0xFF,
        0x8F, 0x8F, 0x8F, 0xFF, 0x8F, 0x8F, 0x8F, 0xFF, 0x8F, 0x8F, 0x8F, 0xFF,
        0x8F, 0x8F, 0x8F, 0xFF, 0x8F, 0x8F, 0x8F, 0xFF, 0x8F, 0x8F, 0x8F, 0xFF,
        0x8F, 0x8F, 0x8F, 0xFF, 0x8F, 0x8F, 0x8F, 0xFF, 0x8F, 0x8F, 0x8F, 0xFF,
        0x8F, 0x8F, 0x8F, 0xFF, 0x8F, 0x8F, 0x8F, 0xFF, 0x8F, 0x8F, 0x8F, 0xFF,
        0x8F, 0x8F, 0x8F, 0xFF, 0x8F, 0x8F, 0x8F, 0xFF, 0x8F, 0x8F, 0x8F, 0xFF,
        0x8F, 0x8F, 0x8F, 0xFF, 0x8F, 0x8F, 0x8F, 0xFF, 0x8F, 0x8F, 0x8F, 0xFF,
        0x90, 0x90, 0x90, 0xFF, 0x90, 0x90, 0x90, 0xFF, 0x90, 0x90, 0x90, 0xFF,
        0x90, 0x90, 0x90, 0xFF, 0x8C, 0x8C, 0x8C, 0xFF, 0xFF, 0xFF, 0xFF, 0x00,
        0xFF, 0xFF, 0xFF, 0x00, 0xFF, 0xFF, 0xFF, 0x00, 0xFF, 0xFF, 0xFF, 0x00,
        0xFF, 0xFF, 0xFF, 0x00, 0xFF, 0xFF, 0xFF, 0x00, 0xB0, 0xB0, 0xB0, 0xFF,
        0xB0, 0xB0, 0xB0, 0xFF, 0xAE, 0xAE, 0xAE, 0xFF, 0xAA, 0xAA, 0xAA, 0xFF,
        0xA6, 0xA6, 0xA6, 0xFF, 0xA2, 0xA2, 0xA2, 0xFF, 0x9E, 0x9E, 0x9E, 0xFF,
        0x9B, 0x9B, 0x9B, 0xFF, 0x98, 0x98, 0x98, 0xFF, 0x96, 0x96, 0x96, 0xFF,
        0x94, 0x94, 0x94, 0xFF, 0x92, 0x92, 0x92, 0xFF, 0x91, 0x91, 0x91, 0xFF,
        0x90, 0x90, 0x90, 0xFF, 0x8F, 0x8F, 0x8F, 0xFF, 0x8F, 0x8F, 0x8F, 0xFF,
        0x8F, 0x8F, 0x8F, 0xFF, 0x8F, 0x8F, 0x8F, 0xFF, 0x8F, 0x8F, 0x8F, 0xFF,
        0x8F, 0x8F, 0x8F, 0xFF, 0x8F, 0x8F, 0x8F, 0xFF, 0x8F, 0x8F, 0x8F, 0xFF,
        0x8F, 0x8F, 0x8F, 0xFF, 0x8F, 0x8F, 0x8F, 0xFF, 0x8F, 0x8F, 0x8F, 0xFF,
        0x8F, 0x8F, 0x8F, 0xFF, 0x8F, 0x8F, 0x8F, 0xFF, 0x8F, 0x8F, 0x8F, 0xFF,
        0x8F, 0x8F, 0x8F, 0xFF, 0x8F, 0x8F, 0x8F, 0xFF, 0x8F, 0x8F, 0x8F, 0xFF,
        0x8F, 0x8F, 0x8F, 0xFF, 0x8F, 0x8F, 0x8F, 0xFF, 0x8F, 0x8F, 0x8F, 0xFF,
        0x8F, 0x8F, 0x8F, 0xFF, 0x8F, 0x8F, 0x8F, 0xFF, 0x8F, 0x8F, 0x8F, 0xFF,
        0x8F, 0x8F, 0x8F, 0xFF, 0x8F, 0x8F, 0x8F, 0xFF, 0x8F, 0x8F, 0x8F, 0xFF,
        0x8F, 0x8F, 0x8F, 0xFF, 0x8F, 0x8F, 0x8F, 0xFF, 0x8F, 0x8F, 0x8F, 0xFF,
        0x8F, 0x8F, 0x8F, 0xFF, 0x90, 0x90, 0x90, 0xFF, 0x91, 0x91, 0x91, 0xFF,
        0x92, 0x92, 0x92, 0xFF, 0x94, 0x94, 0x94, 0xFF, 0x96, 0x96, 0x96, 0xFF,
        0x98, 0x98, 0x98, 0xFF, 0x9B, 0x9B, 0x9B, 0xFF, 0x9E, 0x9E, 0x9E, 0xFF,
        0xA2, 0xA2, 0xA2, 0xFF, 0xA6, 0xA6, 0xA6, 0xFF, 0xAA, 0xAA, 0xAA, 0xFF,
        0xAE, 0xAE, 0xAE, 0xFF, 0xB0, 0xB0, 0xB0, 0xFF, 0xB0, 0xB0, 0xB0, 0xFF,
        0xFF, 0xFF, 0xFF, 0x00, 0xFF, 0xFF, 0xFF, 0x00, 0xFF, 0xFF, 0xFF, 0x00,
        0xFF, 0xFF, 0xFF, 0x00, 0xFF, 0xFF, 0xFF, 0x00, 0xFF, 0xFF, 0xFF, 0x00,
        0x89, 0x89, 0x89, 0xFF, 0x8D, 0x8D, 0x8D, 0xFF, 0x8D, 0x8D, 0x8D, 0xFF,
        0x8D, 0x8D, 0x8D, 0xFF, 0x8D, 0x8D, 0x8D, 0xFF, 0x8C, 0x8C, 0x8C, 0xFF,
        0x8C, 0x8C, 0x8C, 0xFF, 0x8C, 0x8C, 0x8C, 0xFF, 0x8C, 0x8C, 0x8C, 0xFF,
        0x8C, 0x8C, 0x8C, 0xFF, 0x8C, 0x8C, 0x8C, 0xFF, 0x8C, 0x8C, 0x8C, 0xFF,
        0x8C, 0x8C, 0x8C, 0xFF, 0x8C, 0x8C, 0x8C, 0xFF, 0x8C, 0x8C, 0x8C, 0xFF,
        0x8C, 0x8C, 0x8C, 0xFF, 0x8C, 0x8C, 0x8C, 0xFF, 0x8C, 0x8C, 0x8C, 0xFF,
        0x8C, 0x8C, 0x8C, 0xFF, 0x8C, 0x8C, 0x8C, 0xFF, 0x8C, 0x8C, 0x8C, 0xFF,
        0x8C, 0x8C, 0x8C, 0xFF, 0x8C, 0x8C, 0x8C, 0xFF, 0x8C, 0x8C, 0x8C, 0xFF,
        0x8C, 0x8C, 0x8C, 0xFF, 0x8C, 0x8C, 0x8C, 0xFF, 0x8C, 0x8C, 0x8C, 0xFF,
        0x8C, 0x8C, 0x8C, 0xFF, 0x8C, 0x8C, 0x8C, 0xFF, 0x8C, 0x8C, 0x8C, 0xFF,
        0x8C, 0x8C, 0x8C, 0xFF, 0x8C, 0x8C, 0x8C, 0xFF, 0x8C, 0x8C, 0x8C, 0xFF,
        0x8C, 0x8C, 0x8C, 0xFF, 0x8C, 0x8C, 0x8C, 0xFF, 0x8C, 0x8C, 0x8C, 0xFF,
        0x8C, 0x8C, 0x8C, 0xFF, 0x8C, 0x8C, 0x8C, 0xFF, 0x8C, 0x8C, 0x8C, 0xFF,
        0x8C, 0x8C, 0x8C, 0xFF, 0x8C, 0x8C, 0x8C, 0xFF, 0x8C, 0x8C, 0x8C, 0xFF,
        0x8C, 0x8C, 0x8C, 0xFF, 0x8C, 0x8C, 0x8C, 0xFF, 0x8C, 0x8C, 0x8C, 0xFF,
        0x8C, 0x8C, 0x8C, 0xFF, 0x8C, 0x8C, 0x8C, 0xFF, 0x8C, 0x8C, 0x8C, 0xFF,
        0x8C, 0x8C, 0x8C, 0xFF, 0x8C, 0x8C, 0x8C, 0xFF, 0x8C, 0x8C, 0x8C, 0xFF,
        0x8C, 0x8C, 0x8C, 0xFF, 0x8C, 0x8C, 0x8C, 0xFF, 0x8D, 0x8D, 0x8D, 0xFF,
        0x8D, 0x8D, 0x8D, 0xFF, 0x8D, 0x8D, 0x8D, 0xFF, 0x8D, 0x8D, 0x8D, 0xFF,
        0x89, 0x89, 0x89, 0xFF, 0xFF, 0xFF, 0xFF, 0x00, 0xFF, 0xFF, 0xFF, 0x00,
        0xFF, 0xFF, 0xFF, 0x00, 0xFF, 0xFF, 0xFF, 0x00, 0xFF, 0xFF, 0xFF, 0x00,
        0xFF, 0xFF, 0xFF, 0x00, 0xAF, 0xAF, 0xAF, 0xFF, 0xAF, 0xAF, 0xAF, 0xFF,
        0xAD, 0xAD, 0xAD, 0xFF, 0xA9, 0xA9, 0xA9, 0xFF, 0xA4, 0xA4, 0xA4, 0xFF,
        0xA0, 0xA0, 0xA0, 0xFF, 0x9C, 0x9C, 0x9C, 0xFF, 0x99, 0x99, 0x99, 0xFF,
        0x96, 0x96, 0x96, 0xFF, 0x94, 0x94, 0x94, 0xFF, 0x92, 0x92, 0x92, 0xFF,
        0x90, 0x90, 0x90, 0xFF, 0x8F, 0x8F, 0x8F, 0xFF, 0x8E, 0x8E, 0x8E, 0xFF,
        0x8D, 0x8D, 0x8D, 0xFF, 0x8D, 0x8D, 0x8D, 0xFF, 0x8D, 0x8D, 0x8D, 0xFF,
        0x8D, 0x8D, 0x8D, 0xFF, 0x8D, 0x8D, 0x8D, 0xFF, 0x8D, 0x8D, 0x8D, 0xFF,
        0x8D, 0x8D, 0x8D, 0xFF, 0x8D, 0x8D, 0x8D, 0xFF, 0x8D, 0x8D, 0x8D, 0xFF,
        0x8D, 0x8D, 0x8D, 0xFF, 0x8D, 0x8D, 0x8D, 0xFF, 0x8D, 0x8D, 0x8D, 0xFF,
        0x8D, 0x8D, 0x8D, 0xFF, 0x8D, 0x8D, 0x8D, 0xFF, 0x8D, 0x8D, 0x8D, 0xFF,
        0x8D, 0x8D, 0x8D, 0xFF, 0x8D, 0x8D, 0x8D, 0xFF, 0x8D, 0x8D, 0x8D, 0xFF,
        0x8D, 0x8D, 0x8D, 0xFF, 0x8D, 0x8D, 0x8D, 0xFF, 0x8D, 0x8D, 0x8D, 0xFF,
        0x8D, 0x8D, 0x8D, 0xFF, 0x8D, 0x8D, 0x8D, 0xFF, 0x8D, 0x8D, 0x8D, 0xFF,
        0x8D, 0x8D, 0x8D, 0xFF, 0x8D, 0x8D, 0x8D, 0xFF, 0x8D, 0x8D, 0x8D, 0xFF,
        0x8D, 0x8D, 0x8D, 0xFF, 0x8D, 0x8D, 0x8D, 0xFF, 0x8D, 0x8D, 0x8D, 0xFF,
        0x8E, 0x8E, 0x8E, 0xFF, 0x8F, 0x8F, 0x8F, 0xFF, 0x90, 0x90, 0x90, 0xFF,
        0x92, 0x92, 0x92, 0xFF, 0x94, 0x94, 0x94, 0xFF, 0x96, 0x96, 0x96, 0xFF,
        0x99, 0x99, 0x99, 0xFF, 0x9C, 0x9C, 0x9C, 0xFF, 0xA0, 0xA0, 0xA0, 0xFF,
        0xA4, 0xA4, 0xA4, 0xFF, 0xA9, 0xA9, 0xA9, 0xFF, 0xAD, 0xAD, 0xAD, 0xFF,
        0xAF, 0xAF, 0xAF, 0xFF, 0xAF, 0xAF, 0xAF, 0xFF, 0xFF, 0xFF, 0xFF, 0x00,
        0xFF, 0xFF, 0xFF, 0x00, 0xFF, 0xFF, 0xFF, 0x00, 0xFF, 0xFF, 0xFF, 0x00,
        0xFF, 0xFF, 0xFF, 0x00, 0xFF, 0xFF, 0xFF, 0x00, 0x86, 0x86, 0x86, 0xFF,
        0x8A, 0x8A, 0x8A, 0xFF, 0x8A, 0x8A, 0x8A, 0xFF, 0x8A, 0x8A, 0x8A, 0xFF,
        0x8A, 0x8A, 0x8A, 0xFF, 0x89, 0x89, 0x89, 0xFF, 0x89, 0x89, 0x89, 0xFF,
        0x89, 0x89, 0x89, 0xFF, 0x89, 0x89, 0x89, 0xFF, 0x89, 0x89, 0x89, 0xFF,
        0x89, 0x89, 0x89, 0xFF, 0x89, 0x89, 0x89, 0xFF, 0x89, 0x89, 0x89, 0xFF,
        0x89, 0x89, 0x89, 0xFF, 0x89, 0x89, 0x89, 0xFF, 0x89, 0x89, 0x89, 0xFF,
        0x89, 0x89, 0x89, 0xFF, 0x89, 0x89, 0x89, 0xFF, 0x89, 0x89, 0x89, 0xFF,
        0x89, 0x89, 0x89, 0xFF, 0x89, 0x89, 0x89, 0xFF, 0x89, 0x89, 0x89, 0xFF,
        0x89, 0x89, 0x89, 0xFF, 0x89, 0x89, 0x89, 0xFF, 0x89, 0x89, 0x89, 0xFF,
        0x89, 0x89, 0x89, 0xFF, 0x89, 0x89, 0x89, 0xFF, 0x89, 0x89, 0x89, 0xFF,
        0x89, 0x89, 0x89, 0xFF, 0x89, 0x89, 0x89, 0xFF, 0x89, 0x89, 0x89, 0xFF,
        0x89, 0x89, 0x89, 0xFF, 0x89, 0x89, 0x89, 0xFF, 0x89, 0x89, 0x89, 0xFF,
        0x89, 0x89, 0x89, 0xFF, 0x89, 0x89, 0x89, 0xFF, 0x89, 0x89, 0x89, 0xFF,
        0x89, 0x89, 0x89, 0xFF, 0x89, 0x89, 0x89, 0xFF, 0x89, 0x89, 0x89, 0xFF,
        0x89, 0x89, 0x89, 0xFF, 0x89, 0x89, 0x89, 0xFF, 0x89, 0x89, 0x89, 0xFF,
        0x89, 0x89, 0x89, 0xFF, 0x89, 0x89, 0x89, 0xFF, 0x89, 0x89, 0x89, 0xFF,
        0x89, 0x89, 0x89, 0xFF, 0x89, 0x89, 0x89, 0xFF, 0x89, 0x89, 0x89, 0xFF,
        0x89, 0x89, 0x89, 0xFF, 0x89, 0x89, 0x89, 0xFF, 0x89, 0x89, 0x89, 0xFF,
        0x89, 0x89, 0x89, 0xFF, 0x8A, 0x8A, 0x8A, 0xFF, 0x8A, 0x8A, 0x8A, 0xFF,
        0x8A, 0x8A, 0x8A, 0xFF, 0x8A, 0x8A, 0x8A, 0xFF, 0x86, 0x86, 0x86, 0xFF,
        0xFF, 0xFF, 0xFF, 0x00, 0xFF, 0xFF, 0xFF, 0x00, 0xFF, 0xFF, 0xFF, 0x00,
        0xFF, 0xFF, 0xFF, 0x00, 0xFF, 0xFF, 0xFF, 0x00, 0xFF, 0xFF, 0xFF, 0x00,
        0xAE, 0xAE, 0xAE, 0xFF, 0xAF, 0xAF, 0xAF, 0xFF, 0xAC, 0xAC, 0xAC, 0xFF,
        0xA8, 0xA8, 0xA8, 0xFF, 0xA3, 0xA3, 0xA3, 0xFF, 0x9F, 0x9F, 0x9F, 0xFF,
        0x9B, 0x9B, 0x9B, 0xFF, 0x98, 0x98, 0x98, 0xFF, 0x95, 0x95, 0x95, 0xFF,
        0x92, 0x92, 0x92, 0xFF, 0x90, 0x90, 0x90, 0xFF, 0x8F, 0x8F, 0x8F, 0xFF,
        0x8D, 0x8D, 0x8D, 0xFF, 0x8C, 0x8C, 0x8C, 0xFF, 0x8C, 0x8C, 0x8C, 0xFF,
        0x8C, 0x8C, 0x8C, 0xFF, 0x8C, 0x8C, 0x8C, 0xFF, 0x8C, 0x8C, 0x8C, 0xFF,
        0x8C, 0x8C, 0x8C, 0xFF, 0x8C, 0x8C, 0x8C, 0xFF, 0x8C, 0x8C, 0x8C, 0xFF,
        0x8C, 0x8C, 0x8C, 0xFF, 0x8C, 0x8C, 0x8C, 0xFF, 0x8C, 0x8C, 0x8C, 0xFF,
        0x8C, 0x8C, 0x8C, 0xFF, 0x8C, 0x8C, 0x8C, 0xFF, 0x8C, 0x8C, 0x8C, 0xFF,
        0x8C, 0x8C, 0x8C, 0xFF, 0x8C, 0x8C, 0x8C, 0xFF, 0x8C, 0x8C, 0x8C, 0xFF,
        0x8C, 0x8C, 0x8C, 0xFF, 0x8C, 0x8C, 0x8C, 0xFF, 0x8C, 0x8C, 0x8C, 0xFF,
        0x8C, 0x8C, 0x8C, 0xFF, 0x8C, 0x8C, 0x8C, 0xFF, 0x8C, 0x8C, 0x8C, 0xFF,
        0x8C, 0x8C, 0x8C, 0xFF, 0x8C, 0x8C, 0x8C, 0xFF, 0x8C, 0x8C, 0x8C, 0xFF,
        0x8C, 0x8C, 0x8C, 0xFF, 0x8C, 0x8C, 0x8C, 0xFF, 0x8C, 0x8C, 0x8C, 0xFF,
        0x8C, 0x8C, 0x8C, 0xFF, 0x8C, 0x8C, 0x8C, 0xFF, 0x8C, 0x8C, 0x8C, 0xFF,
        0x8D, 0x8D, 0x8D, 0xFF, 0x8F, 0x8F, 0x8F, 0xFF, 0x90, 0x90, 0x90, 0xFF,
        0x92, 0x92, 0x92, 0xFF, 0x95, 0x95, 0x95, 0xFF, 0x98, 0x98, 0x98, 0xFF,
        0x9B, 0x9B, 0x9B, 0xFF, 0x9F, 0x9F, 0x9F, 0xFF, 0xA3, 0xA3, 0xA3, 0xFF,
        0xA8, 0xA8, 0xA8, 0xFF, 0xAC, 0xAC, 0xAC, 0xFF, 0xAF, 0xAF, 0xAF, 0xFF,
        0xAE, 0xAE, 0xAE, 0xFF, 0xFF, 0xFF, 0xFF, 0x00, 0xFF, 0xFF, 0xFF, 0x00,
        0xFF, 0xFF, 0xFF, 0x00, 0xFF, 0xFF, 0xFF, 0x00, 0xFF, 0xFF, 0xFF, 0x00,
        0xFF, 0xFF, 0xFF, 0x00, 0x83, 0x83, 0x83, 0xFF, 0x87, 0x87, 0x87, 0xFF,
        0x87, 0x87, 0x87, 0xFF, 0x87, 0x87, 0x87, 0xFF, 0x87, 0x87, 0x87, 0xFF,
        0x86, 0x86, 0x86, 0xFF, 0x86, 0x86, 0x86, 0xFF, 0x86, 0x86, 0x86, 0xFF,
        0x86, 0x86, 0x86, 0xFF, 0x86, 0x86, 0x86, 0xFF, 0x86, 0x86, 0x86, 0xFF,
        0x86, 0x86, 0x86, 0xFF, 0x86, 0x86, 0x86, 0xFF, 0x86, 0x86, 0x86, 0xFF,
        0x86, 0x86, 0x86, 0xFF, 0x86, 0x86, 0x86, 0xFF, 0x86, 0x86, 0x86, 0xFF,
        0x86, 0x86, 0x86, 0xFF, 0x86, 0x86, 0x86, 0xFF, 0x86, 0x86, 0x86, 0xFF,
        0x86, 0x86, 0x86, 0xFF, 0x86, 0x86, 0x86, 0xFF, 0x86, 0x86, 0x86, 0xFF,
        0x86, 0x86, 0x86, 0xFF, 0x86, 0x86, 0x86, 0xFF, 0x86, 0x86, 0x86, 0xFF,
        0x86, 0x86, 0x86, 0xFF, 0x86, 0x86, 0x86, 0xFF, 0x86, 0x86, 0x86, 0xFF,
        0x86, 0x86, 0x86, 0xFF, 0x86, 0x86, 0x86, 0xFF, 0x86, 0x86, 0x86, 0xFF,
        0x86, 0x86, 0x86, 0xFF, 0x86, 0x86, 0x86, 0xFF, 0x86, 0x86, 0x86, 0xFF,
        0x86, 0x86, 0x86, 0xFF, 0x86, 0x86, 0x86, 0xFF, 0x86, 0x86, 0x86, 0xFF,
        0x86, 0x86, 0x86, 0xFF, 0x86, 0x86, 0x86, 0xFF, 0x86, 0x86, 0x86, 0xFF,
        0x86, 0x86, 0x86, 0xFF, 0x86, 0x86, 0x86, 0xFF, 0x86, 0x86, 0x86, 0xFF,
        0x86, 0x86, 0x86, 0xFF, 0x86, 0x86, 0x86, 0xFF, 0x86, 0x86, 0x86, 0xFF,
        0x86, 0x86, 0x86, 0xFF, 0x86, 0x86, 0x86, 0xFF, 0x86, 0x86, 0x86, 0xFF,
        0x86, 0x86, 0x86, 0xFF, 0x86, 0x86, 0x86, 0xFF, 0x86, 0x86, 0x86, 0xFF,
        0x87, 0x87, 0x87, 0xFF, 0x87, 0x87, 0x87, 0xFF, 0x87, 0x87, 0x87, 0xFF,
        0x87, 0x87, 0x87, 0xFF, 0x83, 0x83, 0x83, 0xFF, 0xFF, 0xFF, 0xFF, 0x00,
        0xFF, 0xFF, 0xFF, 0x00, 0xFF, 0xFF, 0xFF, 0x00, 0xFF, 0xFF, 0xFF, 0x00,
        0xFF, 0xFF, 0xFF, 0x00, 0xFF, 0xFF, 0xFF, 0x00, 0xAC, 0xAC, 0xAC, 0xFF,
        0xAE, 0xAE, 0xAE, 0xFF, 0xAB, 0xAB, 0xAB, 0xFF, 0xA7, 0xA7, 0xA7, 0xFF,
        0xA2, 0xA2, 0xA2, 0xFF, 0x9E, 0x9E, 0x9E, 0xFF, 0x9A, 0x9A, 0x9A, 0xFF,
        0x97, 0x97, 0x97, 0xFF, 0x94, 0x94, 0x94, 0xFF, 0x91, 0x91, 0x91, 0xFF,
        0x8F, 0x8F, 0x8F, 0xFF, 0x8E, 0x8E, 0x8E, 0xFF, 0x8C, 0x8C, 0x8C, 0xFF,
        0x8B, 0x8B, 0x8B, 0xFF, 0x8B, 0x8B, 0x8B, 0xFF, 0x8A, 0x8A, 0x8A, 0xFF,
        0x8A, 0x8A, 0x8A, 0xFF, 0x8A, 0x8A, 0x8A, 0xFF, 0x8A, 0x8A, 0x8A, 0xFF,
        0x8A, 0x8A, 0x8A, 0xFF, 0x8A, 0x8A, 0x8A, 0xFF, 0x8A, 0x8A, 0x8A, 0xFF,
        0x8A, 0x8A, 0x8A, 0xFF, 0x8A, 0x8A, 0x8A, 0xFF, 0x8A, 0x8A, 0x8A, 0xFF,
        0x8A, 0x8A, 0x8A, 0xFF, 0x8A, 0x8A, 0x8A, 0xFF, 0x8A, 0x8A, 0x8A, 0xFF,
        0x8A, 0x8A, 0x8A, 0xFF, 0x8A, 0x8A, 0x8A, 0xFF, 0x8A, 0x8A, 0x8A, 0xFF,
        0x8A, 0x8A, 0x8A, 0xFF, 0x8A, 0x8A, 0x8A, 0xFF, 0x8A, 0x8A, 0x8A, 0xFF,
        0x8A, 0x8A, 0x8A, 0xFF, 0x8A, 0x8A, 0x8A, 0xFF, 0x8A, 0x8A, 0x8A, 0xFF,
        0x8A, 0x8A, 0x8A, 0xFF, 0x8A, 0x8A, 0x8A, 0xFF, 0x8A, 0x8A, 0x8A, 0xFF,
        0x8A, 0x8A, 0x8A, 0xFF, 0x8A, 0x8A, 0x8A, 0xFF, 0x8A, 0x8A, 0x8A, 0xFF,
        0x8B, 0x8B, 0x8B, 0xFF, 0x8B, 0x8B, 0x8B, 0xFF, 0x8C, 0x8C, 0x8C, 0xFF,
        0x8E, 0x8E, 0x8E, 0xFF, 0x8F, 0x8F, 0x8F, 0xFF, 0x91, 0x91, 0x91, 0xFF,
        0x94, 0x94, 0x94, 0xFF, 0x97, 0x97, 0x97, 0xFF, 0x9A, 0x9A, 0x9A, 0xFF,
        0x9E, 0x9E, 0x9E, 0xFF, 0xA2, 0xA2, 0xA2, 0xFF, 0xA7, 0xA7, 0xA7, 0xFF,
        0xAB, 0xAB, 0xAB, 0xFF, 0xAE, 0xAE, 0xAE, 0xFF, 0xAC, 0xAC, 0xAC, 0xFF,
        0xFF, 0xFF, 0xFF, 0x00, 0xFF, 0xFF, 0xFF, 0x00, 0xFF, 0xFF, 0xFF, 0x00,
        0xFF, 0xFF, 0xFF, 0x00, 0xFF, 0xFF, 0xFF, 0x00, 0xFF, 0xFF, 0xFF, 0x00,
        0x80, 0x80, 0x80, 0xFF, 0x83, 0x83, 0x83, 0xFF, 0x83, 0x83, 0x83, 0xFF,
        0x83, 0x83, 0x83, 0xFF, 0x83, 0x83, 0x83, 0xFF, 0x82, 0x82, 0x82, 0xFF,
        0x82, 0x82, 0x82, 0xFF, 0x82, 0x82, 0x82, 0xFF, 0x82, 0x82, 0x82, 0xFF,
        0x82, 0x82, 0x82, 0xFF, 0x82, 0x82, 0x82, 0xFF, 0x82, 0x82, 0x82, 0xFF,
        0x82, 0x82, 0x82, 0xFF, 0x82, 0x82, 0x82, 0xFF, 0x82, 0x82, 0x82, 0xFF,
        0x82, 0x82, 0x82, 0xFF, 0x82, 0x82, 0x82, 0xFF, 0x82, 0x82, 0x82, 0xFF,
        0x82, 0x82, 0x82, 0xFF, 0x82, 0x82, 0x82, 0xFF, 0x82, 0x82, 0x82, 0xFF,
        0x82, 0x82, 0x82, 0xFF, 0x82, 0x82, 0x82, 0xFF, 0x82, 0x82, 0x82, 0xFF,
        0x82, 0x82, 0x82, 0xFF, 0x82, 0x82, 0x82, 0xFF, 0x82, 0x82, 0x82, 0xFF,
        0x82, 0x82, 0x82, 0xFF, 0x82, 0x82, 0x82, 0xFF, 0x82, 0x82, 0x82, 0xFF,
        0x82, 0x82, 0x82, 0xFF, 0x82, 0x82, 0x82, 0xFF, 0x82, 0x82, 0x82, 0xFF,
        0x82, 0x82, 0x82, 0xFF, 0x82, 0x82, 0x82, 0xFF, 0x82, 0x82, 0x82, 0xFF,
        0x82, 0x82, 0x82, 0xFF, 0x82, 0x82, 0x82, 0xFF, 0x82, 0x82, 0x82, 0xFF,
        0x82, 0x82, 0x82, 0xFF, 0x82, 0x82, 0x82, 0xFF, 0x82, 0x82, 0x82, 0xFF,
        0x82, 0x82, 0x82, 0xFF, 0x82, 0x82, 0x82, 0xFF, 0x82, 0x82, 0x82, 0xFF,
        0x82, 0x82, 0x82, 0xFF, 0x82, 0x82, 0x82, 0xFF, 0x82, 0x82, 0x82, 0xFF,
        0x82, 0x82, 0x82, 0xFF, 0x82, 0x82, 0x82, 0xFF, 0x82, 0x82, 0x82, 0xFF,
        0x82, 0x82, 0x82, 0xFF, 0x82, 0x82, 0x82, 0xFF, 0x83, 0x83, 0x83, 0xFF,
        0x83, 0x83, 0x83, 0xFF, 0x83, 0x83, 0x83, 0xFF, 0x83, 0x83, 0x83, 0xFF,
        0x80, 0x80, 0x80, 0xFF, 0xFF, 0xFF, 0xFF, 0x00, 0xFF, 0xFF, 0xFF, 0x00,
        0xFF, 0xFF, 0xFF, 0x00, 0xFF, 0xFF, 0xFF, 0x00, 0xFF, 0xFF, 0xFF, 0x00,
        0xFF, 0xFF, 0xFF, 0x00, 0xAA, 0xAA, 0xAA, 0xFF, 0xAC, 0xAC, 0xAC, 0xFF,
        0xAA, 0xAA, 0xAA, 0xFF, 0xA6, 0xA6, 0xA6, 0xFF, 0xA1, 0xA1, 0xA1, 0xFF,
        0x9D, 0x9D, 0x9D, 0xFF, 0x99, 0x99, 0x99, 0xFF, 0x96, 0x96, 0x96, 0xFF,
        0x93, 0x93, 0x93, 0xFF, 0x90, 0x90, 0x90, 0xFF, 0x8E, 0x8E, 0x8E, 0xFF,
        0x8C, 0x8C, 0x8C, 0xFF, 0x8A, 0x8A, 0x8A, 0xFF, 0x89, 0x89, 0x89, 0xFF,
        0x89, 0x89, 0x89, 0xFF, 0x89, 0x89, 0x89, 0xFF, 0x89, 0x89, 0x89, 0xFF,
        0x89, 0x89, 0x89, 0xFF, 0x89, 0x89, 0x89, 0xFF, 0x89, 0x89, 0x89, 0xFF,
        0x89, 0x89, 0x89, 0xFF, 0x89, 0x89, 0x89, 0xFF, 0x89, 0x89, 0x89, 0xFF,
        0x89, 0x89, 0x89, 0xFF, 0x89, 0x89, 0x89, 0xFF, 0x89, 0x89, 0x89, 0xFF,
        0x89, 0x89, 0x89, 0xFF, 0x89, 0x89, 0x89, 0xFF, 0x89, 0x89, 0x89, 0xFF,
        0x89, 0x89, 0x89, 0xFF, 0x89, 0x89, 0x89, 0xFF, 0x89, 0x89, 0x89, 0xFF,
        0x89, 0x89, 0x89, 0xFF, 0x89, 0x89, 0x89, 0xFF, 0x89, 0x89, 0x89, 0xFF,
        0x89, 0x89, 0x89, 0xFF, 0x89, 0x89, 0x89, 0xFF, 0x89, 0x89, 0x89, 0xFF,
        0x89, 0x89, 0x89, 0xFF, 0x89, 0x89, 0x89, 0xFF, 0x89, 0x89, 0x89, 0xFF,
        0x89, 0x89, 0x89, 0xFF, 0x89, 0x89, 0x89, 0xFF, 0x89, 0x89, 0x89, 0xFF,
        0x89, 0x89, 0x89, 0xFF, 0x8A, 0x8A, 0x8A, 0xFF, 0x8C, 0x8C, 0x8C, 0xFF,
        0x8E, 0x8E, 0x8E, 0xFF, 0x90, 0x90, 0x90, 0xFF, 0x93, 0x93, 0x93, 0xFF,
        0x96, 0x96, 0x96, 0xFF, 0x99, 0x99, 0x99, 0xFF, 0x9D, 0x9D, 0x9D, 0xFF,
        0xA1, 0xA1, 0xA1, 0xFF, 0xA6, 0xA6, 0xA6, 0xFF, 0xAA, 0xAA, 0xAA, 0xFF,
        0xAC, 0xAC, 0xAC, 0xFF, 0xAA, 0xAA, 0xAA, 0xFF, 0xFF, 0xFF, 0xFF, 0x00,
        0xFF, 0xFF, 0xFF, 0x00, 0xFF, 0xFF, 0xFF, 0x00, 0xFF, 0xFF, 0xFF, 0x00,
        0xFF, 0xFF, 0xFF, 0x00, 0xFF, 0xFF, 0xFF, 0x00, 0x7D, 0x7D, 0x7D, 0xFF,
        0x7F, 0x7F, 0x7F, 0xFF, 0x81, 0x81, 0x81, 0xFF, 0x81, 0x81, 0x81, 0xFF,
        0x80, 0x80, 0x80, 0xFF, 0x80, 0x80, 0x80, 0xFF, 0x7F, 0x7F, 0x7F, 0xFF,
        0x7F, 0x7F, 0x7F, 0xFF, 0x7F, 0x7F, 0x7F, 0xFF, 0x7F, 0x7F, 0x7F, 0xFF,
        0x7F, 0x7F, 0x7F, 0xFF, 0x7F, 0x7F, 0x7F, 0xFF, 0x7F, 0x7F, 0x7F, 0xFF,
        0x7F, 0x7F, 0x7F, 0xFF, 0x7F, 0x7F, 0x7F, 0xFF, 0x7F, 0x7F, 0x7F, 0xFF,
        0x7F, 0x7F, 0x7F, 0xFF, 0x7F, 0x7F, 0x7F, 0xFF, 0x7F, 0x7F, 0x7F, 0xFF,
        0x7F, 0x7F, 0x7F, 0xFF, 0x7F, 0x7F, 0x7F, 0xFF, 0x7F, 0x7F, 0x7F, 0xFF,
        0x7F, 0x7F, 0x7F, 0xFF, 0x7F, 0x7F, 0x7F, 0xFF, 0x7F, 0x7F, 0x7F, 0xFF,
        0x7F, 0x7F, 0x7F, 0xFF, 0x7F, 0x7F, 0x7F, 0xFF, 0x7F, 0x7F, 0x7F, 0xFF,
        0x7F, 0x7F, 0x7F, 0xFF, 0x7F, 0x7F, 0x7F, 0xFF, 0x7F, 0x7F, 0x7F, 0xFF,
        0x7F, 0x7F, 0x7F, 0xFF, 0x7F, 0x7F, 0x7F, 0xFF, 0x7F, 0x7F, 0x7F, 0xFF,
        0x7F, 0x7F, 0x7F, 0xFF, 0x7F, 0x7F, 0x7F, 0xFF, 0x7F, 0x7F, 0x7F, 0xFF,
        0x7F, 0x7F, 0x7F, 0xFF, 0x7F, 0x7F, 0x7F, 0xFF, 0x7F, 0x7F, 0x7F, 0xFF,
        0x7F, 0x7F, 0x7F, 0xFF, 0x7F, 0x7F, 0x7F, 0xFF, 0x7F, 0x7F, 0x7F, 0xFF,
        0x7F, 0x7F, 0x7F, 0xFF, 0x7F, 0x7F, 0x7F, 0xFF, 0x7F, 0x7F, 0x7F, 0xFF,
        0x7F, 0x7F, 0x7F, 0xFF, 0x7F, 0x7F, 0x7F, 0xFF, 0x7F, 0x7F, 0x7F, 0xFF,
        0x7F, 0x7F, 0x7F, 0xFF, 0x7F, 0x7F, 0x7F, 0xFF, 0x7F, 0x7F, 0x7F, 0xFF,
        0x80, 0x80, 0x80, 0xFF, 0x80, 0x80, 0x80, 0xFF, 0x81, 0x81, 0x81, 0xFF,
        0x81, 0x81, 0x81, 0xFF, 0x7F, 0x7F, 0x7F, 0xFF, 0x7D, 0x7D, 0x7D, 0xFF,
        0xFF, 0xFF, 0xFF, 0x00, 0xFF, 0xFF, 0xFF, 0x00, 0xFF, 0xFF, 0xFF, 0x00,
        0xFF, 0xFF, 0xFF, 0x00, 0xFF, 0xFF, 0xFF, 0x00, 0xFF, 0xFF, 0xFF, 0x00,
        0xA8, 0xA8, 0xA8, 0xFF, 0xAB, 0xAB, 0xAB, 0xFF, 0xAA, 0xAA, 0xAA, 0xFF,
        0xA6, 0xA6, 0xA6, 0xFF, 0xA1, 0xA1, 0xA1, 0xFF, 0x9D, 0x9D, 0x9D, 0xFF,
        0x99, 0x99, 0x99, 0xFF, 0x96, 0x96, 0x96, 0xFF, 0x93, 0x93, 0x93, 0xFF,
        0x90, 0x90, 0x90, 0xFF, 0x8E, 0x8E, 0x8E, 0xFF, 0x8C, 0x8C, 0x8C, 0xFF,
        0x8B, 0x8B, 0x8B, 0xFF, 0x8A, 0x8A, 0x8A, 0xFF, 0x89, 0x89, 0x89, 0xFF,
        0x89, 0x89, 0x89, 0xFF, 0x89, 0x89, 0x89, 0xFF, 0x89, 0x89, 0x89, 0xFF,
        0x89, 0x89, 0x89, 0xFF, 0x89, 0x89, 0x89, 0xFF, 0x89, 0x89, 0x89, 0xFF,
        0x89, 0x89, 0x89, 0xFF, 0x89, 0x89, 0x89, 0xFF, 0x89, 0x89, 0x89, 0xFF,
        0x89, 0x89, 0x89, 0xFF, 0x89, 0x89, 0x89, 0xFF, 0x89, 0x89, 0x89, 0xFF,
        0x89, 0x89, 0x89, 0xFF, 0x89, 0x89, 0x89, 0xFF, 0x89, 0x89, 0x89, 0xFF,
        0x89, 0x89, 0x89, 0xFF, 0x89, 0x89, 0x89, 0xFF, 0x89, 0x89, 0x89, 0xFF,
        0x89, 0x89, 0x89, 0xFF, 0x89, 0x89, 0x89, 0xFF, 0x89, 0x89, 0x89, 0xFF,
        0x89, 0x89, 0x89, 0xFF, 0x89, 0x89, 0x89, 0xFF, 0x89, 0x89, 0x89, 0xFF,
        0x89, 0x89, 0x89, 0xFF, 0x89, 0x89, 0x89, 0xFF, 0x89, 0x89, 0x89, 0xFF,
        0x89, 0x89, 0x89, 0xFF, 0x89, 0x89, 0x89, 0xFF, 0x8A, 0x8A, 0x8A, 0xFF,
        0x8B, 0x8B, 0x8B, 0xFF, 0x8C, 0x8C, 0x8C, 0xFF, 0x8E, 0x8E, 0x8E, 0xFF,
        0x90, 0x90, 0x90, 0xFF, 0x93, 0x93, 0x93, 0xFF, 0x96, 0x96, 0x96, 0xFF,
        0x99, 0x99, 0x99, 0xFF, 0x9D, 0x9D, 0x9D, 0xFF, 0xA1, 0xA1, 0xA1, 0xFF,
        0xA6, 0xA6, 0xA6, 0xFF, 0xAA, 0xAA, 0xAA, 0xFF, 0xAB, 0xAB, 0xAB, 0xFF,
        0xA8, 0xA8, 0xA8, 0xFF, 0xFF, 0xFF, 0xFF, 0x00, 0xFF, 0xFF, 0xFF, 0x00,
        0xFF, 0xFF, 0xFF, 0x00, 0xFF, 0xFF, 0xFF, 0x00, 0xFF, 0xFF, 0xFF, 0x00,
        0xFF, 0xFF, 0xFF, 0x00, 0x77, 0x77, 0x77, 0xFF, 0x7B, 0x7B, 0x7B, 0xFF,
        0x7D, 0x7D, 0x7D, 0xFF, 0x7D, 0x7D, 0x7D, 0xFF, 0x7C, 0x7C, 0x7C, 0xFF,
        0x7C, 0x7C, 0x7C, 0xFF, 0x7B, 0x7B, 0x7B, 0xFF, 0x7B, 0x7B, 0x7B, 0xFF,
        0x7B, 0x7B, 0x7B, 0xFF, 0x7B, 0x7B, 0x7B, 0xFF, 0x7B, 0x7B, 0x7B, 0xFF,
        0x7B, 0x7B, 0x7B, 0xFF, 0x7B, 0x7B, 0x7B, 0xFF, 0x7B, 0x7B, 0x7B, 0xFF,
        0x7B, 0x7B, 0x7B, 0xFF, 0x7B, 0x7B, 0x7B, 0xFF, 0x7B, 0x7B, 0x7B, 0xFF,
        0x7B, 0x7B, 0x7B, 0xFF, 0x7B, 0x7B, 0x7B, 0xFF, 0x7B, 0x7B, 0x7B, 0xFF,
        0x7B, 0x7B, 0x7B, 0xFF, 0x7B, 0x7B, 0x7B, 0xFF, 0x7B, 0x7B, 0x7B, 0xFF,
        0x7B, 0x7B, 0x7B, 0xFF, 0x7B, 0x7B, 0x7B, 0xFF, 0x7B, 0x7B, 0x7B, 0xFF,
        0x7B, 0x7B, 0x7B, 0xFF, 0x7B, 0x7B, 0x7B, 0xFF, 0x7B, 0x7B, 0x7B, 0xFF,
        0x7B, 0x7B, 0x7B, 0xFF, 0x7B, 0x7B, 0x7B, 0xFF, 0x7B, 0x7B, 0x7B, 0xFF,
        0x7B, 0x7B, 0x7B, 0xFF, 0x7B, 0x7B, 0x7B, 0xFF, 0x7B, 0x7B, 0x7B, 0xFF,
        0x7B, 0x7B, 0x7B, 0xFF, 0x7B, 0x7B, 0x7B, 0xFF, 0x7B, 0x7B, 0x7B, 0xFF,
        0x7B, 0x7B, 0x7B, 0xFF, 0x7B, 0x7B, 0x7B, 0xFF, 0x7B, 0x7B, 0x7B, 0xFF,
        0x7B, 0x7B, 0x7B, 0xFF, 0x7B, 0x7B, 0x7B, 0xFF, 0x7B, 0x7B, 0x7B, 0xFF,
        0x7B, 0x7B, 0x7B, 0xFF, 0x7B, 0x7B, 0x7B, 0xFF, 0x7B, 0x7B, 0x7B, 0xFF,
        0x7B, 0x7B, 0x7B, 0xFF, 0x7B, 0x7B, 0x7B, 0xFF, 0x7B, 0x7B, 0x7B, 0xFF,
        0x7B, 0x7B, 0x7B, 0xFF, 0x7B, 0x7B, 0x7B, 0xFF, 0x7C, 0x7C, 0x7C, 0xFF,
        0x7C, 0x7C, 0x7C, 0xFF, 0x7D, 0x7D, 0x7D, 0xFF, 0x7D, 0x7D, 0x7D, 0xFF,
        0x7B, 0x7B, 0x7B, 0xFF, 0x77, 0x77, 0x77, 0xFF, 0xFF, 0xFF, 0xFF, 0x00,
        0xFF, 0xFF, 0xFF, 0x00, 0xFF, 0xFF, 0xFF, 0x00, 0xFF, 0xFF, 0xFF, 0x00,
        0xFF, 0xFF, 0xFF, 0x00, 0xFF, 0xFF, 0xFF, 0x00, 0xA3, 0xA3, 0xA3, 0xFF,
        0xA9, 0xA9, 0xA9, 0xFF, 0xAA, 0xAA, 0xAA, 0xFF, 0xA5, 0xA5, 0xA5, 0xFF,
        0xA1, 0xA1, 0xA1, 0xFF, 0x9D, 0x9D, 0x9D, 0xFF, 0x99, 0x99, 0x99, 0xFF,
        0x95, 0x95, 0x95, 0xFF, 0x92, 0x92, 0x92, 0xFF, 0x90, 0x90, 0x90, 0xFF,
        0x8E, 0x8E, 0x8E, 0xFF, 0x8C, 0x8C, 0x8C, 0xFF, 0x8A, 0x8A, 0x8A, 0xFF,
        0x89, 0x89, 0x89, 0xFF, 0x88, 0x88, 0x88, 0xFF, 0x88, 0x88, 0x88, 0xFF,
        0x88, 0x88, 0x88, 0xFF, 0x88, 0x88, 0x88, 0xFF, 0x88, 0x88, 0x88, 0xFF,
        0x88, 0x88, 0x88, 0xFF, 0x88, 0x88, 0x88, 0xFF, 0x88, 0x88, 0x88, 0xFF,
        0x88, 0x88, 0x88, 0xFF, 0x88, 0x88, 0x88, 0xFF, 0x88, 0x88, 0x88, 0xFF,
        0x88, 0x88, 0x88, 0xFF, 0x88, 0x88, 0x88, 0xFF, 0x88, 0x88, 0x88, 0xFF,
        0x88, 0x88, 0x88, 0xFF, 0x88, 0x88, 0x88, 0xFF, 0x88, 0x88, 0x88, 0xFF,
        0x88, 0x88, 0x88, 0xFF, 0x88, 0x88, 0x88, 0xFF, 0x88, 0x88, 0x88, 0xFF,
        0x88, 0x88, 0x88, 0xFF, 0x88, 0x88, 0x88, 0xFF, 0x88, 0x88, 0x88, 0xFF,
        0x88, 0x88, 0x88, 0xFF, 0x88, 0x88, 0x88, 0xFF, 0x88, 0x88, 0x88, 0xFF,
        0x88, 0x88, 0x88, 0xFF, 0x88, 0x88, 0x88, 0xFF, 0x88, 0x88, 0x88, 0xFF,
        0x88, 0x88, 0x88, 0xFF, 0x89, 0x89, 0x89, 0xFF, 0x8A, 0x8A, 0x8A, 0xFF,
        0x8C, 0x8C, 0x8C, 0xFF, 0x8E, 0x8E, 0x8E, 0xFF, 0x90, 0x90, 0x90, 0xFF,
        0x92, 0x92, 0x92, 0xFF, 0x95, 0x95, 0x95, 0xFF, 0x99, 0x99, 0x99, 0xFF,
        0x9D, 0x9D, 0x9D, 0xFF, 0xA1, 0xA1, 0xA1, 0xFF, 0xA4, 0xA4, 0xA4, 0xFF,
        0xAA, 0xAA, 0xAA, 0xFF, 0xA9, 0xA9, 0xA9, 0xFF, 0xA3, 0xA3, 0xA3, 0xFF,
        0xFF, 0xFF, 0xFF, 0x00, 0xFF, 0xFF, 0xFF, 0x00, 0xFF, 0xFF, 0xFF, 0x00,
        0xFF, 0xFF, 0xFF, 0x00, 0xFF, 0xFF, 0xFF, 0x00, 0xFF, 0xFF, 0xFF, 0x00,
        0x71, 0x71, 0x71, 0xF8, 0x74, 0x74, 0x74, 0xFF, 0x78, 0x78, 0x78, 0xFF,
        0x79, 0x79, 0x79, 0xFF, 0x78, 0x78, 0x78, 0xFF, 0x78, 0x78, 0x78, 0xFF,
        0x77, 0x77, 0x77, 0xFF, 0x77, 0x77, 0x77, 0xFF, 0x77, 0x77, 0x77, 0xFF,
        0x77, 0x77, 0x77, 0xFF, 0x77, 0x77, 0x77, 0xFF, 0x77, 0x77, 0x77, 0xFF,
        0x77, 0x77, 0x77, 0xFF, 0x77, 0x77, 0x77, 0xFF, 0x77, 0x77, 0x77, 0xFF,
        0x77, 0x77, 0x77, 0xFF, 0x77, 0x77, 0x77, 0xFF, 0x77, 0x77, 0x77, 0xFF,
        0x77, 0x77, 0x77, 0xFF, 0x77, 0x77, 0x77, 0xFF, 0x77, 0x77, 0x77, 0xFF,
        0x77, 0x77, 0x77, 0xFF, 0x77, 0x77, 0x77, 0xFF, 0x77, 0x77, 0x77, 0xFF,
        0x77, 0x77, 0x77, 0xFF, 0x77, 0x77, 0x77, 0xFF, 0x77, 0x77, 0x77, 0xFF,
        0x77, 0x77, 0x77, 0xFF, 0x77, 0x77, 0x77, 0xFF, 0x77, 0x77, 0x77, 0xFF,
        0x77, 0x77, 0x77, 0xFF, 0x77, 0x77, 0x77, 0xFF, 0x77, 0x77, 0x77, 0xFF,
        0x77, 0x77, 0x77, 0xFF, 0x77, 0x77, 0x77, 0xFF, 0x77, 0x77, 0x77, 0xFF,
        0x77, 0x77, 0x77, 0xFF, 0x77, 0x77, 0x77, 0xFF, 0x77, 0x77, 0x77, 0xFF,
        0x77, 0x77, 0x77, 0xFF, 0x77, 0x77, 0x77, 0xFF, 0x77, 0x77, 0x77, 0xFF,
        0x77, 0x77, 0x77, 0xFF, 0x77, 0x77, 0x77, 0xFF, 0x77, 0x77, 0x77, 0xFF,
        0x77, 0x77, 0x77, 0xFF, 0x77, 0x77, 0x77, 0xFF, 0x77, 0x77, 0x77, 0xFF,
        0x77, 0x77, 0x77, 0xFF, 0x77, 0x77, 0x77, 0xFF, 0x77, 0x77, 0x77, 0xFF,
        0x77, 0x77, 0x77, 0xFF, 0x78, 0x78, 0x78, 0xFF, 0x78, 0x78, 0x78, 0xFF,
        0x79, 0x79, 0x79, 0xFF, 0x78, 0x78, 0x78, 0xFF, 0x74, 0x74, 0x74, 0xFF,
        0x71, 0x71, 0x71, 0xF3, 0xFF, 0xFF, 0xFF, 0x00, 0xFF, 0xFF, 0xFF, 0x00,
        0xFF, 0xFF, 0xFF, 0x00, 0xFF, 0xFF, 0xFF, 0x00, 0xFF, 0xFF, 0xFF, 0x00,
        0xFF, 0xFF, 0xFF, 0x00, 0x9B, 0x9B, 0x9B, 0xF8, 0xA1, 0xA1, 0xA1, 0xFF,
        0xA7, 0xA7, 0xA7, 0xFF, 0xA5, 0xA5, 0xA5, 0xFF, 0xA2, 0xA2, 0xA2, 0xFF,
        0x9D, 0x9D, 0x9D, 0xFF, 0x99, 0x99, 0x99, 0xFF, 0x96, 0x96, 0x96, 0xFF,
        0x93, 0x93, 0x93, 0xFF, 0x90, 0x90, 0x90, 0xFF, 0x8E, 0x8E, 0x8E, 0xFF,
        0x8C, 0x8C, 0x8C, 0xFF, 0x8A, 0x8A, 0x8A, 0xFF, 0x89, 0x89, 0x89, 0xFF,
        0x89, 0x89, 0x89, 0xFF, 0x89, 0x89, 0x89, 0xFF, 0x89, 0x89, 0x89, 0xFF,
        0x89, 0x89, 0x89, 0xFF, 0x88, 0x88, 0x88, 0xFF, 0x88, 0x88, 0x88, 0xFF,
        0x88, 0x88, 0x88, 0xFF, 0x88, 0x88, 0x88, 0xFF, 0x88, 0x88, 0x88, 0xFF,
        0x88, 0x88, 0x88, 0xFF, 0x88, 0x88, 0x88, 0xFF, 0x88, 0x88, 0x88, 0xFF,
        0x88, 0x88, 0x88, 0xFF, 0x88, 0x88, 0x88, 0xFF, 0x88, 0x88, 0x88, 0xFF,
        0x88, 0x88, 0x88, 0xFF, 0x88, 0x88, 0x88, 0xFF, 0x88, 0x88, 0x88, 0xFF,
        0x88, 0x88, 0x88, 0xFF, 0x88, 0x88, 0x88, 0xFF, 0x88, 0x88, 0x88, 0xFF,
        0x88, 0x88, 0x88, 0xFF, 0x88, 0x88, 0x88, 0xFF, 0x88, 0x88, 0x88, 0xFF,
        0x88, 0x88, 0x88, 0xFF, 0x88, 0x88, 0x88, 0xFF, 0x89, 0x89, 0x89, 0xFF,
        0x89, 0x89, 0x89, 0xFF, 0x89, 0x89, 0x89, 0xFF, 0x89, 0x89, 0x89, 0xFF,
        0x8A, 0x8A, 0x8A, 0xFF, 0x8A, 0x8A, 0x8A, 0xFF, 0x8C, 0x8C, 0x8C, 0xFF,
        0x8E, 0x8E, 0x8E, 0xFF, 0x90, 0x90, 0x90, 0xFF, 0x93, 0x93, 0x93, 0xFF,
        0x96, 0x96, 0x96, 0xFF, 0x99, 0x99, 0x99, 0xFF, 0x9D, 0x9D, 0x9D, 0xFF,
        0xA2, 0xA2, 0xA2, 0xFF, 0xA5, 0xA5, 0xA5, 0xFF, 0xA7, 0xA7, 0xA7, 0xFF,
        0xA1, 0xA1, 0xA1, 0xFF, 0x9B, 0x9B, 0x9B, 0xF3, 0xFF, 0xFF, 0xFF, 0x00,
        0xFF, 0xFF, 0xFF, 0x00, 0xFF, 0xFF, 0xFF, 0x00, 0xFF, 0xFF, 0xFF, 0x00,
        0xFF, 0xFF, 0xFF, 0x00, 0xFF, 0xFF, 0xFF, 0x00, 0x68, 0x68, 0x68, 0xD0,
        0x6C, 0x6C, 0x6C, 0xFF, 0x72, 0x72, 0x72, 0xFF, 0x76, 0x76, 0x76, 0xFF,
        0x76, 0x76, 0x76, 0xFF, 0x75, 0x75, 0x75, 0xFF, 0x75, 0x75, 0x75, 0xFF,
        0x75, 0x75, 0x75, 0xFF, 0x75, 0x75, 0x75, 0xFF, 0x75, 0x75, 0x75, 0xFF,
        0x75, 0x75, 0x75, 0xFF, 0x75, 0x75, 0x75, 0xFF, 0x75, 0x75, 0x75, 0xFF,
        0x75, 0x75, 0x75, 0xFF, 0x75, 0x75, 0x75, 0xFF, 0x75, 0x75, 0x75, 0xFF,
        0x75, 0x75, 0x75, 0xFF, 0x75, 0x75, 0x75, 0xFF, 0x75, 0x75, 0x75, 0xFF,
        0x75, 0x75, 0x75, 0xFF, 0x75, 0x75, 0x75, 0xFF, 0x75, 0x75, 0x75, 0xFF,
        0x75, 0x75, 0x75, 0xFF, 0x75, 0x75, 0x75, 0xFF, 0x75, 0x75, 0x75, 0xFF,
        0x75, 0x75, 0x75, 0xFF, 0x75, 0x75, 0x75, 0xFF, 0x75, 0x75, 0x75, 0xFF,
        0x75, 0x75, 0x75, 0xFF, 0x75, 0x75, 0x75, 0xFF, 0x75, 0x75, 0x75, 0xFF,
        0x75, 0x75, 0x75, 0xFF, 0x75, 0x75, 0x75, 0xFF, 0x75, 0x75, 0x75, 0xFF,
        0x75, 0x75, 0x75, 0xFF, 0x75, 0x75, 0x75, 0xFF, 0x75, 0x75, 0x75, 0xFF,
        0x75, 0x75, 0x75, 0xFF, 0x75, 0x75, 0x75, 0xFF, 0x75, 0x75, 0x75, 0xFF,
        0x75, 0x75, 0x75, 0xFF, 0x75, 0x75, 0x75, 0xFF, 0x75, 0x75, 0x75, 0xFF,
        0x75, 0x75, 0x75, 0xFF, 0x75, 0x75, 0x75, 0xFF, 0x75, 0x75, 0x75, 0xFF,
        0x75, 0x75, 0x75, 0xFF, 0x75, 0x75, 0x75, 0xFF, 0x75, 0x75, 0x75, 0xFF,
        0x75, 0x75, 0x75, 0xFF, 0x75, 0x75, 0x75, 0xFF, 0x75, 0x75, 0x75, 0xFF,
        0x75, 0x75, 0x75, 0xFF, 0x76, 0x76, 0x76, 0xFF, 0x76, 0x76, 0x76, 0xFF,
        0x72, 0x72, 0x72, 0xFF, 0x6C, 0x6C, 0x6C, 0xFF, 0x68, 0x68, 0x68, 0xD1,
        0xFF, 0xFF, 0xFF, 0x00, 0xFF, 0xFF, 0xFF, 0x00, 0xFF, 0xFF, 0xFF, 0x00,
        0xFF, 0xFF, 0xFF, 0x00, 0xFF, 0xFF, 0xFF, 0x00, 0xFF, 0xFF, 0xFF, 0x00,
        0x91, 0x91, 0x91, 0xD0, 0x98, 0x98, 0x98, 0xFF, 0xA3, 0xA3, 0xA3, 0xFF,
        0xA5, 0xA5, 0xA5, 0xFF, 0xA3, 0xA3, 0xA3, 0xFF, 0x9F, 0x9F, 0x9F, 0xFF,
        0x9B, 0x9B, 0x9B, 0xFF, 0x97, 0x97, 0x97, 0xFF, 0x95, 0x95, 0x95, 0xFF,
        0x92, 0x92, 0x92, 0xFF, 0x90, 0x90, 0x90, 0xFF, 0x8E, 0x8E, 0x8E, 0xFF,
        0x8D, 0x8D, 0x8D, 0xFF, 0x8B, 0x8B, 0x8B, 0xFF, 0x8B, 0x8B, 0x8B, 0xFF,
        0x8A, 0x8A, 0x8A, 0xFF, 0x8A, 0x8A, 0x8A, 0xFF, 0x8A, 0x8A, 0x8A, 0xFF,
        0x8A, 0x8A, 0x8A, 0xFF, 0x8A, 0x8A, 0x8A, 0xFF, 0x8A, 0x8A, 0x8A, 0xFF,
        0x8A, 0x8A, 0x8A, 0xFF, 0x8A, 0x8A, 0x8A, 0xFF, 0x8A, 0x8A, 0x8A, 0xFF,
        0x8A, 0x8A, 0x8A, 0xFF, 0x8A, 0x8A, 0x8A, 0xFF, 0x8A, 0x8A, 0x8A, 0xFF,
        0x8A, 0x8A, 0x8A, 0xFF, 0x8A, 0x8A, 0x8A, 0xFF, 0x8A, 0x8A, 0x8A, 0xFF,
        0x8A, 0x8A, 0x8A, 0xFF, 0x8A, 0x8A, 0x8A, 0xFF, 0x8A, 0x8A, 0x8A, 0xFF,
        0x8A, 0x8A, 0x8A, 0xFF, 0x8A, 0x8A, 0x8A, 0xFF, 0x8A, 0x8A, 0x8A, 0xFF,
        0x8A, 0x8A, 0x8A, 0xFF, 0x8A, 0x8A, 0x8A, 0xFF, 0x8A, 0x8A, 0x8A, 0xFF,
        0x8A, 0x8A, 0x8A, 0xFF, 0x8A, 0x8A, 0x8A, 0xFF, 0x8A, 0x8A, 0x8A, 0xFF,
        0x8A, 0x8A, 0x8A, 0xFF, 0x8B, 0x8B, 0x8B, 0xFF, 0x8B, 0x8B, 0x8B, 0xFF,
        0x8D, 0x8D, 0x8D, 0xFF, 0x8E, 0x8E, 0x8E, 0xFF, 0x90, 0x90, 0x90, 0xFF,
        0x92, 0x92, 0x92, 0xFF, 0x95, 0x95, 0x95, 0xFF, 0x97, 0x97, 0x97, 0xFF,
        0x9B, 0x9B, 0x9B, 0xFF, 0x9F, 0x9F, 0x9F, 0xFF, 0xA3, 0xA3, 0xA3, 0xFF,
        0xA5, 0xA5, 0xA5, 0xFF, 0xA3, 0xA3, 0xA3, 0xFF, 0x98, 0x98, 0x98, 0xFF,
        0x91, 0x91, 0x91, 0xD1, 0xFF, 0xFF, 0xFF, 0x00, 0xFF, 0xFF, 0xFF, 0x00,
        0xFF, 0xFF, 0xFF, 0x00, 0xFF, 0xFF, 0xFF, 0x00, 0xFF, 0xFF, 0xFF, 0x00,
        0xFF, 0xFF, 0xFF, 0x00, 0x5D, 0x5D, 0x5D, 0x82, 0x60, 0x60, 0x60, 0xFF,
        0x68, 0x68, 0x68, 0xFF, 0x6F, 0x6F, 0x6F, 0xFF, 0x72, 0x72, 0x72, 0xFF,
        0x72, 0x72, 0x72, 0xFF, 0x71, 0x71, 0x71, 0xFF, 0x71, 0x71, 0x71, 0xFF,
        0x71, 0x71, 0x71, 0xFF, 0x71, 0x71, 0x71, 0xFF, 0x71, 0x71, 0x71, 0xFF,
        0x71, 0x71, 0x71, 0xFF, 0x71, 0x71, 0x71, 0xFF, 0x71, 0x71, 0x71, 0xFF,
        0x71, 0x71, 0x71, 0xFF, 0x71, 0x71, 0x71, 0xFF, 0x71, 0x71, 0x71, 0xFF,
        0x71, 0x71, 0x71, 0xFF, 0x71, 0x71, 0x71, 0xFF, 0x71, 0x71, 0x71, 0xFF,
        0x71, 0x71, 0x71, 0xFF, 0x71, 0x71, 0x71, 0xFF, 0x71, 0x71, 0x71, 0xFF,
        0x71, 0x71, 0x71, 0xFF, 0x71, 0x71, 0x71, 0xFF, 0x71, 0x71, 0x71, 0xFF,
        0x71, 0x71, 0x71, 0xFF, 0x71, 0x71, 0x71, 0xFF, 0x71, 0x71, 0x71, 0xFF,
        0x71, 0x71, 0x71, 0xFF, 0x71, 0x71, 0x71, 0xFF, 0x71, 0x71, 0x71, 0xFF,
        0x71, 0x71, 0x71, 0xFF, 0x71, 0x71, 0x71, 0xFF, 0x71, 0x71, 0x71, 0xFF,
        0x71, 0x71, 0x71, 0xFF, 0x71, 0x71, 0x71, 0xFF, 0x71, 0x71, 0x71, 0xFF,
        0x71, 0x71, 0x71, 0xFF, 0x71, 0x71, 0x71, 0xFF, 0x71, 0x71, 0x71, 0xFF,
        0x71, 0x71, 0x71, 0xFF, 0x71, 0x71, 0x71, 0xFF, 0x71, 0x71, 0x71, 0xFF,
        0x71, 0x71, 0x71, 0xFF, 0x71, 0x71, 0x71, 0xFF, 0x71, 0x71, 0x71, 0xFF,
        0x71, 0x71, 0x71, 0xFF, 0x71, 0x71, 0x71, 0xFF, 0x71, 0x71, 0x71, 0xFF,
        0x71, 0x71, 0x71, 0xFF, 0x71, 0x71, 0x71, 0xFF, 0x72, 0x72, 0x72, 0xFF,
        0x72, 0x72, 0x72, 0xFF, 0x6F, 0x6F, 0x6F, 0xFF, 0x68, 0x68, 0x68, 0xFF,
        0x60, 0x60, 0x60, 0xFF, 0x5D, 0x5D, 0x5D, 0x86, 0xFF, 0xFF, 0xFF, 0x00,
        0xFF, 0xFF, 0xFF, 0x00, 0xFF, 0xFF, 0xFF, 0x00, 0xFF, 0xFF, 0xFF, 0x00,
        0xFF, 0xFF, 0xFF, 0x00, 0xFF, 0xFF, 0xFF, 0x00, 0x85, 0x85, 0x85, 0x82,
        0x89, 0x89, 0x89, 0xFF, 0x96, 0x96, 0x96, 0xFF, 0xA2, 0xA2, 0xA2, 0xFF,
        0xA4, 0xA4, 0xA4, 0xFF, 0xA0, 0xA0, 0xA0, 0xFF, 0x9D, 0x9D, 0x9D, 0xFF,
        0x99, 0x99, 0x99, 0xFF, 0x96, 0x96, 0x96, 0xFF, 0x94, 0x94, 0x94, 0xFF,
        0x92, 0x92, 0x92, 0xFF, 0x8F, 0x8F, 0x8F, 0xFF, 0x8E, 0x8E, 0x8E, 0xFF,
        0x8D, 0x8D, 0x8D, 0xFF, 0x8D, 0x8D, 0x8D, 0xFF, 0x8C, 0x8C, 0x8C, 0xFF,
        0x8C, 0x8C, 0x8C, 0xFF, 0x8C, 0x8C, 0x8C, 0xFF, 0x8C, 0x8C, 0x8C, 0xFF,
        0x8C, 0x8C, 0x8C, 0xFF, 0x8C, 0x8C, 0x8C, 0xFF, 0x8C, 0x8C, 0x8C, 0xFF,
        0x8C, 0x8C, 0x8C, 0xFF, 0x8C, 0x8C, 0x8C, 0xFF, 0x8C, 0x8C, 0x8C, 0xFF,
        0x8C, 0x8C, 0x8C, 0xFF, 0x8C, 0x8C, 0x8C, 0xFF, 0x8C, 0x8C, 0x8C, 0xFF,
        0x8C, 0x8C, 0x8C, 0xFF, 0x8C, 0x8C, 0x8C, 0xFF, 0x8C, 0x8C, 0x8C, 0xFF,
        0x8C, 0x8C, 0x8C, 0xFF, 0x8C, 0x8C, 0x8C, 0xFF, 0x8C, 0x8C, 0x8C, 0xFF,
        0x8C, 0x8C, 0x8C, 0xFF, 0x8C, 0x8C, 0x8C, 0xFF, 0x8C, 0x8C, 0x8C, 0xFF,
        0x8C, 0x8C, 0x8C, 0xFF, 0x8C, 0x8C, 0x8C, 0xFF, 0x8C, 0x8C, 0x8C, 0xFF,
        0x8C, 0x8C, 0x8C, 0xFF, 0x8C, 0x8C, 0x8C, 0xFF, 0x8C, 0x8C, 0x8C, 0xFF,
        0x8D, 0x8D, 0x8D, 0xFF, 0x8D, 0x8D, 0x8D, 0xFF, 0x8E, 0x8E, 0x8E, 0xFF,
        0x8F, 0x8F, 0x8F, 0xFF, 0x92, 0x92, 0x92, 0xFF, 0x94, 0x94, 0x94, 0xFF,
        0x96, 0x96, 0x96, 0xFF, 0x99, 0x99, 0x99, 0xFF, 0x9D, 0x9D, 0x9D, 0xFF,
        0xA0, 0xA0, 0xA0, 0xFF, 0xA4, 0xA4, 0xA4, 0xFF, 0xA2, 0xA2, 0xA2, 0xFF,
        0x96, 0x96, 0x96, 0xFF, 0x89, 0x89, 0x89, 0xFF, 0x85, 0x85, 0x85, 0x86,
        0xFF, 0xFF, 0xFF, 0x00, 0xFF, 0xFF, 0xFF, 0x00, 0xFF, 0xFF, 0xFF, 0x00,
        0xFF, 0xFF, 0xFF, 0x00, 0xFF, 0xFF, 0xFF, 0x00, 0xFF, 0xFF, 0xFF, 0x00,
        0x57, 0x57, 0x57, 0x16, 0x53, 0x53, 0x53, 0xF1, 0x5A, 0x5A, 0x5A, 0xFF,
        0x64, 0x64, 0x64, 0xFF, 0x6B, 0x6B, 0x6B, 0xFF, 0x6E, 0x6E, 0x6E, 0xFF,
        0x6F, 0x6F, 0x6F, 0xFF, 0x6F, 0x6F, 0x6F, 0xFF, 0x6F, 0x6F, 0x6F, 0xFF,
        0x6F, 0x6F, 0x6F, 0xFF, 0x6F, 0x6F, 0x6F, 0xFF, 0x6F, 0x6F, 0x6F, 0xFF,
        0x6F, 0x6F, 0x6F, 0xFF, 0x6F, 0x6F, 0x6F, 0xFF, 0x6F, 0x6F, 0x6F, 0xFF,
        0x6F, 0x6F, 0x6F, 0xFF, 0x6F, 0x6F, 0x6F, 0xFF, 0x6F, 0x6F, 0x6F, 0xFF,
        0x6F, 0x6F, 0x6F, 0xFF, 0x6F, 0x6F, 0x6F, 0xFF, 0x6F, 0x6F, 0x6F, 0xFF,
        0x6F, 0x6F, 0x6F, 0xFF, 0x6F, 0x6F, 0x6F, 0xFF, 0x6F, 0x6F, 0x6F, 0xFF,
        0x6F, 0x6F, 0x6F, 0xFF, 0x6F, 0x6F, 0x6F, 0xFF, 0x6F, 0x6F, 0x6F, 0xFF,
        0x6F, 0x6F, 0x6F, 0xFF, 0x6F, 0x6F, 0x6F, 0xFF, 0x6F, 0x6F, 0x6F, 0xFF,
        0x6F, 0x6F, 0x6F, 0xFF, 0x6F, 0x6F, 0x6F, 0xFF, 0x6F, 0x6F, 0x6F, 0xFF,
        0x6F, 0x6F, 0x6F, 0xFF, 0x6F, 0x6F, 0x6F, 0xFF, 0x6F, 0x6F, 0x6F, 0xFF,
        0x6F, 0x6F, 0x6F, 0xFF, 0x6F, 0x6F, 0x6F, 0xFF, 0x6F, 0x6F, 0x6F, 0xFF,
        0x6F, 0x6F, 0x6F, 0xFF, 0x6F, 0x6F, 0x6F, 0xFF, 0x6F, 0x6F, 0x6F, 0xFF,
        0x6F, 0x6F, 0x6F, 0xFF, 0x6F, 0x6F, 0x6F, 0xFF, 0x6F, 0x6F, 0x6F, 0xFF,
        0x6F, 0x6F, 0x6F, 0xFF, 0x6F, 0x6F, 0x6F, 0xFF, 0x6F, 0x6F, 0x6F, 0xFF,
        0x6F, 0x6F, 0x6F, 0xFF, 0x6F, 0x6F, 0x6F, 0xFF, 0x6F, 0x6F, 0x6F, 0xFF,
        0x6F, 0x6F, 0x6F, 0xFF, 0x6E, 0x6E, 0x6E, 0xFF, 0x6B, 0x6B, 0x6B, 0xFF,
        0x64, 0x64, 0x64, 0xFF, 0x5A, 0x5A, 0x5A, 0xFF, 0x53, 0x53, 0x53, 0xF1,
        0x57, 0x57, 0x57, 0x16, 0xFF, 0xFF, 0xFF, 0x00, 0xFF, 0xFF, 0xFF, 0x00,
        0xFF, 0xFF, 0xFF, 0x00, 0xFF, 0xFF, 0xFF, 0x00, 0xFF, 0xFF, 0xFF, 0x00,
        0xFF, 0xFF, 0xFF, 0x00, 0x7E, 0x7E, 0x7E, 0x16, 0x78, 0x78, 0x78, 0xF1,
        0x82, 0x82, 0x82, 0xFF, 0x93, 0x93, 0x93, 0xFF, 0x9E, 0x9E, 0x9E, 0xFF,
        0xA0, 0xA0, 0xA0, 0xFF, 0x9E, 0x9E, 0x9E, 0xFF, 0x9B, 0x9B, 0x9B, 0xFF,
        0x9A, 0x9A, 0x9A, 0xFF, 0x97, 0x97, 0x97, 0xFF, 0x95, 0x95, 0x95, 0xFF,
        0x93, 0x93, 0x93, 0xFF, 0x92, 0x92, 0x92, 0xFF, 0x90, 0x90, 0x90, 0xFF,
        0x90, 0x90, 0x90, 0xFF, 0x8F, 0x8F, 0x8F, 0xFF, 0x8F, 0x8F, 0x8F, 0xFF,
        0x8F, 0x8F, 0x8F, 0xFF, 0x8F, 0x8F, 0x8F, 0xFF, 0x8F, 0x8F, 0x8F, 0xFF,
        0x8F, 0x8F, 0x8F, 0xFF, 0x8F, 0x8F, 0x8F, 0xFF, 0x8F, 0x8F, 0x8F, 0xFF,
        0x8F, 0x8F, 0x8F, 0xFF, 0x8F, 0x8F, 0x8F, 0xFF, 0x8F, 0x8F, 0x8F, 0xFF,
        0x8F, 0x8F, 0x8F, 0xFF, 0x8F, 0x8F, 0x8F, 0xFF, 0x8F, 0x8F, 0x8F, 0xFF,
        0x8F, 0x8F, 0x8F, 0xFF, 0x8F, 0x8F, 0x8F, 0xFF, 0x8F, 0x8F, 0x8F, 0xFF,
        0x8F, 0x8F, 0x8F, 0xFF, 0x8F, 0x8F, 0x8F, 0xFF, 0x8F, 0x8F, 0x8F, 0xFF,
        0x8F, 0x8F, 0x8F, 0xFF, 0x8F, 0x8F, 0x8F, 0xFF, 0x8F, 0x8F, 0x8F, 0xFF,
        0x8F, 0x8F, 0x8F, 0xFF, 0x8F, 0x8F, 0x8F, 0xFF, 0x8F, 0x8F, 0x8F, 0xFF,
        0x8F, 0x8F, 0x8F, 0xFF, 0x8F, 0x8F, 0x8F, 0xFF, 0x90, 0x90, 0x90, 0xFF,
        0x90, 0x90, 0x90, 0xFF, 0x92, 0x92, 0x92, 0xFF, 0x93, 0x93, 0x93, 0xFF,
        0x95, 0x95, 0x95, 0xFF, 0x97, 0x97, 0x97, 0xFF, 0x9A, 0x9A, 0x9A, 0xFF,
        0x9B, 0x9B, 0x9B, 0xFF, 0x9E, 0x9E, 0x9E, 0xFF, 0xA0, 0xA0, 0xA0, 0xFF,
        0x9E, 0x9E, 0x9E, 0xFF, 0x93, 0x93, 0x93, 0xFF, 0x82, 0x82, 0x82, 0xFF,
        0x78, 0x78, 0x78, 0xF1, 0x7D, 0x7D, 0x7D, 0x16, 0xFF, 0xFF, 0xFF, 0x00,
        0xFF, 0xFF, 0xFF, 0x00, 0xFF, 0xFF, 0xFF, 0x00, 0xFF, 0xFF, 0xFF, 0x00,
        0xFF, 0xFF, 0xFF, 0x00, 0xFF, 0xFF, 0xFF, 0x00, 0xFF, 0xFF, 0xFF, 0x00,
        0x4C, 0x4C, 0x4C, 0x53, 0x4A, 0x4A, 0x4A, 0xFE, 0x51, 0x51, 0x51, 0xFF,
        0x5A, 0x5A, 0x5A, 0xFF, 0x62, 0x62, 0x62, 0xFF, 0x66, 0x66, 0x66, 0xFF,
        0x68, 0x68, 0x68, 0xFF, 0x68, 0x68, 0x68, 0xFF, 0x67, 0x67, 0x67, 0xFF,
        0x67, 0x67, 0x67, 0xFF, 0x67, 0x67, 0x67, 0xFF, 0x67, 0x67, 0x67, 0xFF,
        0x67, 0x67, 0x67, 0xFF, 0x67, 0x67, 0x67, 0xFF, 0x67, 0x67, 0x67, 0xFF,
        0x67, 0x67, 0x67, 0xFF, 0x67, 0x67, 0x67, 0xFF, 0x67, 0x67, 0x67, 0xFF,
        0x67, 0x67, 0x67, 0xFF, 0x67, 0x67, 0x67, 0xFF, 0x67, 0x67, 0x67, 0xFF,
        0x67, 0x67, 0x67, 0xFF, 0x67, 0x67, 0x67, 0xFF, 0x67, 0x67, 0x67, 0xFF,
        0x67, 0x67, 0x67, 0xFF, 0x67, 0x67, 0x67, 0xFF, 0x67, 0x67, 0x67, 0xFF,
        0x67, 0x67, 0x67, 0xFF, 0x67, 0x67, 0x67, 0xFF, 0x67, 0x67, 0x67, 0xFF,
        0x67, 0x67, 0x67, 0xFF, 0x67, 0x67, 0x67, 0xFF, 0x67, 0x67, 0x67, 0xFF,
        0x67, 0x67, 0x67, 0xFF, 0x67, 0x67, 0x67, 0xFF, 0x67, 0x67, 0x67, 0xFF,
        0x67, 0x67, 0x67, 0xFF, 0x67, 0x67, 0x67, 0xFF, 0x67, 0x67, 0x67, 0xFF,
        0x67, 0x67, 0x67, 0xFF, 0x67, 0x67, 0x67, 0xFF, 0x67, 0x67, 0x67, 0xFF,
        0x67, 0x67, 0x67, 0xFF, 0x67, 0x67, 0x67, 0xFF, 0x67, 0x67, 0x67, 0xFF,
        0x67, 0x67, 0x67, 0xFF, 0x67, 0x67, 0x67, 0xFF, 0x67, 0x67, 0x67, 0xFF,
        0x68, 0x68, 0x68, 0xFF, 0x68, 0x68, 0x68, 0xFF, 0x65, 0x65, 0x65, 0xFF,
        0x62, 0x62, 0x62, 0xFF, 0x5A, 0x5A, 0x5A, 0xFF, 0x50, 0x50, 0x50, 0xFF,
        0x4A, 0x4A, 0x4A, 0xFE, 0x4C, 0x4C, 0x4C, 0x53, 0xFF, 0xFF, 0xFF, 0x00,
        0xFF, 0xFF, 0xFF, 0x00, 0xFF, 0xFF, 0xFF, 0x00, 0xFF, 0xFF, 0xFF, 0x00,
        0xFF, 0xFF, 0xFF, 0x00, 0xFF, 0xFF, 0xFF, 0x00, 0xFF, 0xFF, 0xFF, 0x00,
        0xFF, 0xFF, 0xFF, 0x00, 0x6F, 0x6F, 0x6F, 0x53, 0x6C, 0x6C, 0x6C, 0xFE,
        0x78, 0x78, 0x78, 0xFF, 0x87, 0x87, 0x87, 0xFF, 0x93, 0x93, 0x93, 0xFF,
        0x97, 0x97, 0x97, 0xFF, 0x97, 0x97, 0x97, 0xFF, 0x95, 0x95, 0x95, 0xFF,
        0x93, 0x93, 0x93, 0xFF, 0x91, 0x91, 0x91, 0xFF, 0x8F, 0x8F, 0x8F, 0xFF,
        0x8E, 0x8E, 0x8E, 0xFF, 0x8D, 0x8D, 0x8D, 0xFF, 0x8C, 0x8C, 0x8C, 0xFF,
        0x8C, 0x8C, 0x8C, 0xFF, 0x8C, 0x8C, 0x8C, 0xFF, 0x8C, 0x8C, 0x8C, 0xFF,
        0x8C, 0x8C, 0x8C, 0xFF, 0x8C, 0x8C, 0x8C, 0xFF, 0x8C, 0x8C, 0x8C, 0xFF,
        0x8C, 0x8C, 0x8C, 0xFF, 0x8C, 0x8C, 0x8C, 0xFF, 0x8C, 0x8C, 0x8C, 0xFF,
        0x8C, 0x8C, 0x8C, 0xFF, 0x8C, 0x8C, 0x8C, 0xFF, 0x8C, 0x8C, 0x8C, 0xFF,
        0x8C, 0x8C, 0x8C, 0xFF, 0x8C, 0x8C, 0x8C, 0xFF, 0x8C, 0x8C, 0x8C, 0xFF,
        0x8C, 0x8C, 0x8C, 0xFF, 0x8C, 0x8C, 0x8C, 0xFF, 0x8C, 0x8C, 0x8C, 0xFF,
        0x8C, 0x8C, 0x8C, 0xFF, 0x8C, 0x8C, 0x8C, 0xFF, 0x8C, 0x8C, 0x8C, 0xFF,
        0x8C, 0x8C, 0x8C, 0xFF, 0x8C, 0x8C, 0x8C, 0xFF, 0x8C, 0x8C, 0x8C, 0xFF,
        0x8C, 0x8C, 0x8C, 0xFF, 0x8C, 0x8C, 0x8C, 0xFF, 0x8C, 0x8C, 0x8C, 0xFF,
        0x8C, 0x8C, 0x8C, 0xFF, 0x8C, 0x8C, 0x8C, 0xFF, 0x8D, 0x8D, 0x8D, 0xFF,
        0x8E, 0x8E, 0x8E, 0xFF, 0x8F, 0x8F, 0x8F, 0xFF, 0x91, 0x91, 0x91, 0xFF,
        0x93, 0x93, 0x93, 0xFF, 0x95, 0x95, 0x95, 0xFF, 0x97, 0x97, 0x97, 0xFF,
        0x96, 0x96, 0x96, 0xFF, 0x92, 0x92, 0x92, 0xFF, 0x87, 0x87, 0x87, 0xFF,
        0x77, 0x77, 0x77, 0xFF, 0x6C, 0x6C, 0x6C, 0xFE, 0x6F, 0x6F, 0x6F, 0x53,
        0xFF, 0xFF, 0xFF, 0x00, 0xFF, 0xFF, 0xFF, 0x00, 0xFF, 0xFF, 0xFF, 0x00,
        0xFF, 0xFF, 0xFF, 0x00, 0xFF, 0xFF, 0xFF, 0x00, 0xFF, 0xFF, 0xFF, 0x00,
        0xFF, 0xFF, 0xFF, 0x00, 0xFF, 0xFF, 0xFF, 0x00, 0xFF, 0xFF, 0xFF, 0x00,
        0x43, 0x43, 0x43, 0x54, 0x40, 0x40, 0x40, 0xF2, 0x43, 0x43, 0x43, 0xFF,
        0x49, 0x49, 0x49, 0xFF, 0x4E, 0x4E, 0x4E, 0xFF, 0x50, 0x50, 0x50, 0xFF,
        0x51, 0x51, 0x51, 0xFF, 0x51, 0x51, 0x51, 0xFF, 0x51, 0x51, 0x51, 0xFF,
        0x51, 0x51, 0x51, 0xFF, 0x51, 0x51, 0x51, 0xFF, 0x51, 0x51, 0x51, 0xFF,
        0x51, 0x51, 0x51, 0xFF, 0x51, 0x51, 0x51, 0xFF, 0x51, 0x51, 0x51, 0xFF,
        0x51, 0x51, 0x51, 0xFF, 0x51, 0x51, 0x51, 0xFF, 0x51, 0x51, 0x51, 0xFF,
        0x51, 0x51, 0x51, 0xFF, 0x51, 0x51, 0x51, 0xFF, 0x51, 0x51, 0x51, 0xFF,
        0x51, 0x51, 0x51, 0xFF, 0x51, 0x51, 0x51, 0xFF, 0x51, 0x51, 0x51, 0xFF,
        0x51, 0x51, 0x51, 0xFF, 0x51, 0x51, 0x51, 0xFF, 0x51, 0x51, 0x51, 0xFF,
        0x51, 0x51, 0x51, 0xFF, 0x51, 0x51, 0x51, 0xFF, 0x51, 0x51, 0x51, 0xFF,
        0x51, 0x51, 0x51, 0xFF, 0x51, 0x51, 0x51, 0xFF, 0x51, 0x51, 0x51, 0xFF,
        0x51, 0x51, 0x51, 0xFF, 0x51, 0x51, 0x51, 0xFF, 0x51, 0x51, 0x51, 0xFF,
        0x51, 0x51, 0x51, 0xFF, 0x51, 0x51, 0x51, 0xFF, 0x51, 0x51, 0x51, 0xFF,
        0x51, 0x51, 0x51, 0xFF, 0x51, 0x51, 0x51, 0xFF, 0x51, 0x51, 0x51, 0xFF,
        0x51, 0x51, 0x51, 0xFF, 0x51, 0x51, 0x51, 0xFF, 0x51, 0x51, 0x51, 0xFF,
        0x51, 0x51, 0x51, 0xFF, 0x51, 0x51, 0x51, 0xFF, 0x51, 0x51, 0x51, 0xFF,
        0x50, 0x50, 0x50, 0xFF, 0x4D, 0x4D, 0x4D, 0xFF, 0x4A, 0x4A, 0x4A, 0xFF,
        0x43, 0x43, 0x43, 0xFF, 0x40, 0x40, 0x40, 0xF2, 0x43, 0x43, 0x43, 0x53,
        0xFF, 0xFF, 0xFF, 0x00, 0xFF, 0xFF, 0xFF, 0x00, 0xFF, 0xFF, 0xFF, 0x00,
        0xFF, 0xFF, 0xFF, 0x00, 0xFF, 0xFF, 0xFF, 0x00, 0xFF, 0xFF, 0xFF, 0x00,
        0xFF, 0xFF, 0xFF, 0x00, 0xFF, 0xFF, 0xFF, 0x00, 0xFF, 0xFF, 0xFF, 0x00,
        0xFF, 0xFF, 0xFF, 0x00, 0x62, 0x62, 0x62, 0x54, 0x5E, 0x5E, 0x5E, 0xF2,
        0x64, 0x64, 0x64, 0xFF, 0x6D, 0x6D, 0x6D, 0xFF, 0x75, 0x75, 0x75, 0xFF,
        0x78, 0x78, 0x78, 0xFF, 0x78, 0x78, 0x78, 0xFF, 0x77, 0x77, 0x77, 0xFF,
        0x75, 0x75, 0x75, 0xFF, 0x74, 0x74, 0x74, 0xFF, 0x73, 0x73, 0x73, 0xFF,
        0x72, 0x72, 0x72, 0xFF, 0x72, 0x72, 0x72, 0xFF, 0x71, 0x71, 0x71, 0xFF,
        0x71, 0x71, 0x71, 0xFF, 0x71, 0x71, 0x71, 0xFF, 0x71, 0x71, 0x71, 0xFF,
        0x71, 0x71, 0x71, 0xFF, 0x71, 0x71, 0x71, 0xFF, 0x71, 0x71, 0x71, 0xFF,
        0x71, 0x71, 0x71, 0xFF, 0x71, 0x71, 0x71, 0xFF, 0x71, 0x71, 0x71, 0xFF,
        0x71, 0x71, 0x71, 0xFF, 0x71, 0x71, 0x71, 0xFF, 0x71, 0x71, 0x71, 0xFF,
        0x71, 0x71, 0x71, 0xFF, 0x71, 0x71, 0x71, 0xFF, 0x71, 0x71, 0x71, 0xFF,
        0x71, 0x71, 0x71, 0xFF, 0x71, 0x71, 0x71, 0xFF, 0x71, 0x71, 0x71, 0xFF,
        0x71, 0x71, 0x71, 0xFF, 0x71, 0x71, 0x71, 0xFF, 0x71, 0x71, 0x71, 0xFF,
        0x71, 0x71, 0x71, 0xFF, 0x71, 0x71, 0x71, 0xFF, 0x71, 0x71, 0x71, 0xFF,
        0x71, 0x71, 0x71, 0xFF, 0x71, 0x71, 0x71, 0xFF, 0x71, 0x71, 0x71, 0xFF,
        0x72, 0x72, 0x72, 0xFF, 0x72, 0x72, 0x72, 0xFF, 0x73, 0x73, 0x73, 0xFF,
        0x74, 0x74, 0x74, 0xFF, 0x75, 0x75, 0x75, 0xFF, 0x77, 0x77, 0x77, 0xFF,
        0x78, 0x78, 0x78, 0xFF, 0x78, 0x78, 0x78, 0xFF, 0x74, 0x74, 0x74, 0xFF,
        0x6D, 0x6D, 0x6D, 0xFF, 0x64, 0x64, 0x64, 0xFF, 0x5D, 0x5D, 0x5D, 0xF2,
        0x62, 0x62, 0x62, 0x53, 0xFF, 0xFF, 0xFF, 0x00, 0xFF, 0xFF, 0xFF, 0x00,
        0xFF, 0xFF, 0xFF, 0x00, 0xFF, 0xFF, 0xFF, 0x00, 0xFF, 0xFF, 0xFF, 0x00,
        0xFF, 0xFF, 0xFF, 0x00, 0xFF, 0xFF, 0xFF, 0x00, 0xFF, 0xFF, 0xFF, 0x00,
        0xFF, 0xFF, 0xFF, 0x00, 0xFF, 0xFF, 0xFF, 0x00, 0xFF, 0xFF, 0xFF, 0x00,
        0x3F, 0x3F, 0x3F, 0x14, 0x38, 0x38, 0x38, 0x86, 0x36, 0x36, 0x36, 0xD3,
        0x35, 0x35, 0x35, 0xFA, 0x35, 0x35, 0x35, 0xFF, 0x35, 0x35, 0x35, 0xFF,
        0x35, 0x35, 0x35, 0xFF, 0x35, 0x35, 0x35, 0xFF, 0x35, 0x35, 0x35, 0xFF,
        0x35, 0x35, 0x35, 0xFF, 0x35, 0x35, 0x35, 0xFF, 0x35, 0x35, 0x35, 0xFF,
        0x35, 0x35, 0x35, 0xFF, 0x35, 0x35, 0x35, 0xFF, 0x35, 0x35, 0x35, 0xFF,
        0x35, 0x35, 0x35, 0xFF, 0x35, 0x35, 0x35, 0xFF, 0x35, 0x35, 0x35, 0xFF,
        0x35, 0x35, 0x35, 0xFF, 0x35, 0x35, 0x35, 0xFF, 0x35, 0x35, 0x35, 0xFF,
        0x35, 0x35, 0x35, 0xFF, 0x35, 0x35, 0x35, 0xFF, 0x35, 0x35, 0x35, 0xFF,
        0x35, 0x35, 0x35, 0xFF, 0x35, 0x35, 0x35, 0xFF, 0x35, 0x35, 0x35, 0xFF,
        0x35, 0x35, 0x35, 0xFF, 0x35, 0x35, 0x35, 0xFF, 0x35, 0x35, 0x35, 0xFF,
        0x35, 0x35, 0x35, 0xFF, 0x35, 0x35, 0x35, 0xFF, 0x35, 0x35, 0x35, 0xFF,
        0x35, 0x35, 0x35, 0xFF, 0x35, 0x35, 0x35, 0xFF, 0x35, 0x35, 0x35, 0xFF,
        0x35, 0x35, 0x35, 0xFF, 0x35, 0x35, 0x35, 0xFF, 0x35, 0x35, 0x35, 0xFF,
        0x35, 0x35, 0x35, 0xFF, 0x35, 0x35, 0x35, 0xFF, 0x35, 0x35, 0x35, 0xFF,
        0x35, 0x35, 0x35, 0xFF, 0x35, 0x35, 0x35, 0xFF, 0x35, 0x35, 0x35, 0xFF,
        0x35, 0x35, 0x35, 0xFF, 0x35, 0x35, 0x35, 0xFF, 0x35, 0x35, 0x35, 0xFF,
        0x35, 0x35, 0x35, 0xF4, 0x36, 0x36, 0x36, 0xCE, 0x38, 0x38, 0x38, 0x83,
        0x3F, 0x3F, 0x3F, 0x14, 0xFF, 0xFF, 0xFF, 0x00, 0xFF, 0xFF, 0xFF, 0x00,
        0xFF, 0xFF, 0xFF, 0x00, 0xFF, 0xFF, 0xFF, 0x00, 0xFF, 0xFF, 0xFF, 0x00,
        0xFF, 0xFF, 0xFF, 0x00, 0xFF, 0xFF, 0xFF, 0x00, 0xFF, 0xFF, 0xFF, 0x00,
        0xFF, 0xFF, 0xFF, 0x00, 0xFF, 0xFF, 0xFF, 0x00, 0xFF, 0xFF, 0xFF, 0x00,
        0xFF, 0xFF, 0xFF, 0x00, 0x5D, 0x5D, 0x5D, 0x14, 0x53, 0x53, 0x53, 0x86,
        0x50, 0x50, 0x50, 0xD3, 0x4F, 0x4F, 0x4F, 0xFA, 0x4F, 0x4F, 0x4F, 0xFF,
        0x4F, 0x4F, 0x4F, 0xFF, 0x4F, 0x4F, 0x4F, 0xFF, 0x4F, 0x4F, 0x4F, 0xFF,
        0x4F, 0x4F, 0x4F, 0xFF, 0x4E, 0x4E, 0x4E, 0xFF, 0x4E, 0x4E, 0x4E, 0xFF,
        0x4E, 0x4E, 0x4E, 0xFF, 0x4E, 0x4E, 0x4E, 0xFF, 0x4D, 0x4D, 0x4D, 0xFF,
        0x4D, 0x4D, 0x4D, 0xFF, 0x4D, 0x4D, 0x4D, 0xFF, 0x4D, 0x4D, 0x4D, 0xFF,
        0x4D, 0x4D, 0x4D, 0xFF, 0x4D, 0x4D, 0x4D, 0xFF, 0x4D, 0x4D, 0x4D, 0xFF,
        0x4D, 0x4D, 0x4D, 0xFF, 0x4D, 0x4D, 0x4D, 0xFF, 0x4D, 0x4D, 0x4D, 0xFF,
        0x4D, 0x4D, 0x4D, 0xFF, 0x4D, 0x4D, 0x4D, 0xFF, 0x4D, 0x4D, 0x4D, 0xFF,
        0x4D, 0x4D, 0x4D, 0xFF, 0x4D, 0x4D, 0x4D, 0xFF, 0x4D, 0x4D, 0x4D, 0xFF,
        0x4D, 0x4D, 0x4D, 0xFF, 0x4D, 0x4D, 0x4D, 0xFF, 0x4D, 0x4D, 0x4D, 0xFF,
        0x4D, 0x4D, 0x4D, 0xFF, 0x4D, 0x4D, 0x4D, 0xFF, 0x4D, 0x4D, 0x4D, 0xFF,
        0x4D, 0x4D, 0x4D, 0xFF, 0x4D, 0x4D, 0x4D, 0xFF, 0x4D, 0x4D, 0x4D, 0xFF,
        0x4D, 0x4D, 0x4D, 0xFF, 0x4E, 0x4E, 0x4E, 0xFF, 0x4E, 0x4E, 0x4E, 0xFF,
        0x4E, 0x4E, 0x4E, 0xFF, 0x4E, 0x4E, 0x4E, 0xFF, 0x4F, 0x4F, 0x4F, 0xFF,
        0x4F, 0x4F, 0x4F, 0xFF, 0x4F, 0x4F, 0x4F, 0xFF, 0x4F, 0x4F, 0x4F, 0xFF,
        0x4F, 0x4F, 0x4F, 0xFF, 0x4F, 0x4F, 0x4F, 0xF4, 0x50, 0x50, 0x50, 0xCE,
        0x53, 0x53, 0x53, 0x83, 0x5D, 0x5D, 0x5D, 0x14, 0xFF, 0xFF, 0xFF, 0x00,
        0xFF, 0xFF, 0xFF, 0x00, 0xFF, 0xFF, 0xFF, 0x00, 0xFF, 0xFF, 0xFF, 0x00,
        0xFF, 0xFF, 0xFF, 0x00, 0xFF, 0xFF, 0xFF, 0x00, 0xFF, 0xFF, 0xFF, 0x00,
        0xFF, 0xFF, 0xFF, 0x00, 0xFF, 0xFF, 0xFF, 0x00, 0xFF, 0xFF, 0xFF, 0x00,
        0xFF, 0xFF, 0xFF, 0x00, 0xFF, 0xFF, 0xFF, 0x00, 0xFF, 0xFF, 0xFF, 0x00,
        0xFF, 0xFF, 0xFF, 0x00, 0xFF, 0xFF, 0xFF, 0x00, 0xFF, 0xFF, 0xFF, 0x00,
        0xFF, 0xFF, 0xFF, 0x00, 0xFF, 0xFF, 0xFF, 0x00, 0xFF, 0xFF, 0xFF, 0x00,
        0xFF, 0xFF, 0xFF, 0x00, 0xFF, 0xFF, 0xFF, 0x00, 0xFF, 0xFF, 0xFF, 0x00,
        0xFF, 0xFF, 0xFF, 0x00, 0xFF, 0xFF, 0xFF, 0x00, 0xFF, 0xFF, 0xFF, 0x00,
        0xFF, 0xFF, 0xFF, 0x00, 0xFF, 0xFF, 0xFF, 0x00, 0xFF, 0xFF, 0xFF, 0x00,
        0xFF, 0xFF, 0xFF, 0x00, 0xFF, 0xFF, 0xFF, 0x00, 0xFF, 0xFF, 0xFF, 0x00,
        0xFF, 0xFF, 0xFF, 0x00, 0xFF, 0xFF, 0xFF, 0x00, 0xFF, 0xFF, 0xFF, 0x00,
        0xFF, 0xFF, 0xFF, 0x00, 0xFF, 0xFF, 0xFF, 0x00, 0xFF, 0xFF, 0xFF, 0x00,
        0xFF, 0xFF, 0xFF, 0x00, 0xFF, 0xFF, 0xFF, 0x00, 0xFF, 0xFF, 0xFF, 0x00,
        0xFF, 0xFF, 0xFF, 0x00, 0xFF, 0xFF, 0xFF, 0x00, 0xFF, 0xFF, 0xFF, 0x00,
        0xFF, 0xFF, 0xFF, 0x00, 0xFF, 0xFF, 0xFF, 0x00, 0xFF, 0xFF, 0xFF, 0x00,
        0xFF, 0xFF, 0xFF, 0x00, 0xFF, 0xFF, 0xFF, 0x00, 0xFF, 0xFF, 0xFF, 0x00,
        0xFF, 0xFF, 0xFF, 0x00, 0xFF, 0xFF, 0xFF, 0x00, 0xFF, 0xFF, 0xFF, 0x00,
        0xFF, 0xFF, 0xFF, 0x00, 0xFF, 0xFF, 0xFF, 0x00, 0xFF, 0xFF, 0xFF, 0x00,
        0xFF, 0xFF, 0xFF, 0x00, 0xFF, 0xFF, 0xFF, 0x00, 0xFF, 0xFF, 0xFF, 0x00,
        0xFF, 0xFF, 0xFF, 0x00, 0xFF, 0xFF, 0xFF, 0x00, 0xFF, 0xFF, 0xFF, 0x00,
        0xFF, 0xFF, 0xFF, 0x00, 0xFF, 0xFF, 0xFF, 0x00, 0xFF, 0xFF, 0xFF, 0x00,
        0xFF, 0xFF, 0xFF, 0x00, 0xFF, 0xFF, 0xFF, 0x00, 0xFF, 0xFF, 0xFF, 0x00,
        0xFF, 0xFF, 0xFF, 0x00, 0xFF, 0xFF, 0xFF, 0x00, 0xFF, 0xFF, 0xFF, 0x00,
        0xFF, 0xFF, 0xFF, 0x00, 0xFF, 0xFF, 0xFF, 0x00, 0xFF, 0xFF, 0xFF, 0x00,
        0xFF, 0xFF, 0xFF, 0x00, 0xFF, 0xFF, 0xFF, 0x00, 0xFF, 0xFF, 0xFF, 0x00,
        0xFF, 0xFF, 0xFF, 0x00, 0xFF, 0xFF, 0xFF, 0x00, 0xFF, 0xFF, 0xFF, 0x00,
        0xFF, 0xFF, 0xFF, 0x00, 0xFF, 0xFF, 0xFF, 0x00, 0xFF, 0xFF, 0xFF, 0x00,
        0xFF, 0xFF, 0xFF, 0x00, 0xFF, 0xFF, 0xFF, 0x00, 0xFF, 0xFF, 0xFF, 0x00,
        0xFF, 0xFF, 0xFF, 0x00, 0xFF, 0xFF, 0xFF, 0x00, 0xFF, 0xFF, 0xFF, 0x00,
        0xFF, 0xFF, 0xFF, 0x00, 0xFF, 0xFF, 0xFF, 0x00, 0xFF, 0xFF, 0xFF, 0x00,
        0xFF, 0xFF, 0xFF, 0x00, 0xFF, 0xFF, 0xFF, 0x00, 0xFF, 0xFF, 0xFF, 0x00,
        0xFF, 0xFF, 0xFF, 0x00, 0xFF, 0xFF, 0xFF, 0x00, 0xFF, 0xFF, 0xFF, 0x00,
        0xFF, 0xFF, 0xFF, 0x00, 0xFF, 0xFF, 0xFF, 0x00, 0xFF, 0xFF, 0xFF, 0x00,
        0xFF, 0xFF, 0xFF, 0x00, 0xFF, 0xFF, 0xFF, 0x00, 0xFF, 0xFF, 0xFF, 0x00,
        0xFF, 0xFF, 0xFF, 0x00, 0xFF, 0xFF, 0xFF, 0x00, 0xFF, 0xFF, 0xFF, 0x00,
        0xFF, 0xFF, 0xFF, 0x00, 0xFF, 0xFF, 0xFF, 0x00, 0xFF, 0xFF, 0xFF, 0x00,
        0xFF, 0xFF, 0xFF, 0x00, 0xFF, 0xFF, 0xFF, 0x00, 0xFF, 0xFF, 0xFF, 0x00,
        0xFF, 0xFF, 0xFF, 0x00, 0xFF, 0xFF, 0xFF, 0x00, 0xFF, 0xFF, 0xFF, 0x00,
        0xFF, 0xFF, 0xFF, 0x00, 0xFF, 0xFF, 0xFF, 0x00, 0xFF, 0xFF, 0xFF, 0x00,
        0xFF, 0xFF, 0xFF, 0x00, 0xFF, 0xFF, 0xFF, 0x00, 0xFF, 0xFF, 0xFF, 0x00,
        0xFF, 0xFF, 0xFF, 0x00, 0xFF, 0xFF, 0xFF, 0x00, 0xFF, 0xFF, 0xFF, 0x00,
        0xFF, 0xFF, 0xFF, 0x00, 0xFF, 0xFF, 0xFF, 0x00, 0xFF, 0xFF, 0xFF, 0x00,
        0xFF, 0xFF, 0xFF, 0x00, 0xFF, 0xFF, 0xFF, 0x00, 0xFF, 0xFF, 0xFF, 0x00,
        0xFF, 0xFF, 0xFF, 0x00, 0xFF, 0xFF, 0xFF, 0x00, 0xFF, 0xFF, 0xFF, 0x00,
        0xFF, 0xFF, 0xFF, 0x00, 0xFF, 0xFF, 0xFF, 0x00, 0xFF, 0xFF, 0xFF, 0x00,
        0xFF, 0xFF, 0xFF, 0x00, 0xFF, 0xFF, 0xFF, 0x00, 0xFF, 0xFF, 0xFF, 0x00,
        0xFF, 0xFF, 0xFF, 0x00, 0xFF, 0xFF, 0xFF, 0x00, 0xFF, 0xFF, 0xFF, 0x00,
        0xFF, 0xFF, 0xFF, 0x00, 0xFF, 0xFF, 0xFF, 0x00, 0xFF, 0xFF, 0xFF, 0x00,
        0xFF, 0xFF, 0xFF, 0x00, 0xFF, 0xFF, 0xFF, 0x00, 0xFF, 0xFF, 0xFF, 0x00,
        0xFF, 0xFF, 0xFF, 0x00, 0xFF, 0xFF, 0xFF, 0x00, 0xFF, 0xFF, 0xFF, 0x00,
        0xFF, 0xFF, 0xFF, 0x00, 0xFF, 0xFF, 0xFF, 0x00, 0xFF, 0xFF, 0xFF, 0x00,
        0xFF, 0xFF, 0xFF, 0x00, 0xFF, 0xFF, 0xFF, 0x00, 0xFF, 0xFF, 0xFF, 0x00,
        0xFF, 0xFF, 0xFF, 0x00, 0xFF, 0xFF, 0xFF, 0x00, 0xFF, 0xFF, 0xFF, 0x00,
        0xFF, 0xFF, 0xFF, 0x00, 0xFF, 0xFF, 0xFF, 0x00, 0xFF, 0xFF, 0xFF, 0x00,
        0xFF, 0xFF, 0xFF, 0x00, 0xFF, 0xFF, 0xFF, 0x00, 0xFF, 0xFF, 0xFF, 0x00,
        0xFF, 0xFF, 0xFF, 0x00, 0xFF, 0xFF, 0xFF, 0x00, 0xFF, 0xFF, 0xFF, 0x00,
        0xFF, 0xFF, 0xFF, 0x00, 0xFF, 0xFF, 0xFF, 0x00, 0xFF, 0xFF, 0xFF, 0x00,
        0xFF, 0xFF, 0xFF, 0x00, 0xFF, 0xFF, 0xFF, 0x00, 0xFF, 0xFF, 0xFF, 0x00,
        0xFF, 0xFF, 0xFF, 0x00, 0xFF, 0xFF, 0xFF, 0x00, 0xFF, 0xFF, 0xFF, 0x00,
        0xFF, 0xFF, 0xFF, 0x00, 0xFF, 0xFF, 0xFF, 0x00, 0xFF, 0xFF, 0xFF, 0x00,
        0xFF, 0xFF, 0xFF, 0x00, 0xFF, 0xFF, 0xFF, 0x00, 0xFF, 0xFF, 0xFF, 0x00,
        0xFF, 0xFF, 0xFF, 0x00, 0xFF, 0xFF, 0xFF, 0x00, 0xFF, 0xFF, 0xFF, 0x00,
        0xFF, 0xFF, 0xFF, 0x00, 0xFF, 0xFF, 0xFF, 0x00, 0xFF, 0xFF, 0xFF, 0x00,
        0xFF, 0xFF, 0xFF, 0x00, 0xFF, 0xFF, 0xFF, 0x00, 0xFF, 0xFF, 0xFF, 0x00,
        0xFF, 0xFF, 0xFF, 0x00, 0xFF, 0xFF, 0xFF, 0x00, 0xFF, 0xFF, 0xFF, 0x00,
        0xFF, 0xFF, 0xFF, 0x00, 0xFF, 0xFF, 0xFF, 0x00, 0xFF, 0xFF, 0xFF, 0x00,
        0xFF, 0xFF, 0xFF, 0x00, 0xFF, 0xFF, 0xFF, 0x00, 0xFF, 0xFF, 0xFF, 0x00,
        0xFF, 0xFF, 0xFF, 0x00, 0xFF, 0xFF, 0xFF, 0x00, 0xFF, 0xFF, 0xFF, 0x00,
        0xFF, 0xFF, 0xFF, 0x00, 0xFF, 0xFF, 0xFF, 0x00, 0xFF, 0xFF, 0xFF, 0x00,
        0xFF, 0xFF, 0xFF, 0x00, 0xFF, 0xFF, 0xFF, 0x00, 0xFF, 0xFF, 0xFF, 0x00,
        0xFF, 0xFF, 0xFF, 0x00, 0xFF, 0xFF, 0xFF, 0x00, 0xFF, 0xFF, 0xFF, 0x00,
        0xFF, 0xFF, 0xFF, 0x00, 0xFF, 0xFF, 0xFF, 0x00, 0xFF, 0xFF, 0xFF, 0x00,
        0xFF, 0xFF, 0xFF, 0x00, 0xFF, 0xFF, 0xFF, 0x00, 0xFF, 0xFF, 0xFF, 0x00,
        0xFF, 0xFF, 0xFF, 0x00, 0xFF, 0xFF, 0xFF, 0x00, 0xFF, 0xFF, 0xFF, 0x00,
        0xFF, 0xFF, 0xFF, 0x00, 0xFF, 0xFF, 0xFF, 0x00, 0xFF, 0xFF, 0xFF, 0x00,
        0xFF, 0xFF, 0xFF, 0x00, 0xFF, 0xFF, 0xFF, 0x00, 0xFF, 0xFF, 0xFF, 0x00,
        0xFF, 0xFF, 0xFF, 0x00, 0xFF, 0xFF, 0xFF, 0x00, 0xFF, 0xFF, 0xFF, 0x00,
        0xFF, 0xFF, 0xFF, 0x00, 0xFF, 0xFF, 0xFF, 0x00, 0xFF, 0xFF, 0xFF, 0x00,
        0xFF, 0xFF, 0xFF, 0x00, 0xFF, 0xFF, 0xFF, 0x00, 0xFF, 0xFF, 0xFF, 0x00,
        0xFF, 0xFF, 0xFF, 0x00, 0xFF, 0xFF, 0xFF, 0x00, 0xFF, 0xFF, 0xFF, 0x00,
        0xFF, 0xFF, 0xFF, 0x00, 0xFF, 0xFF, 0xFF, 0x00, 0xFF, 0xFF, 0xFF, 0x00,
        0xFF, 0xFF, 0xFF, 0x00, 0xFF, 0xFF, 0xFF, 0x00, 0xFF, 0xFF, 0xFF, 0x00,
        0xFF, 0xFF, 0xFF, 0x00, 0xFF, 0xFF, 0xFF, 0x00, 0xFF, 0xFF, 0xFF, 0x00,
        0xFF, 0xFF, 0xFF, 0x00, 0xFF, 0xFF, 0xFF, 0x00, 0xFF, 0xFF, 0xFF, 0x00,
        0xFF, 0xFF, 0xFF, 0x00, 0xFF, 0xFF, 0xFF, 0x00, 0xFF, 0xFF, 0xFF, 0x00,
        0xFF, 0xFF, 0xFF, 0x00, 0xFF, 0xFF, 0xFF, 0x00, 0xFF, 0xFF, 0xFF, 0x00,
        0xFF, 0xFF, 0xFF, 0x00, 0xFF, 0xFF, 0xFF, 0x00, 0xFF, 0xFF, 0xFF, 0x00,
        0xFF, 0xFF, 0xFF, 0x00, 0xFF, 0xFF, 0xFF, 0x00, 0xFF, 0xFF, 0xFF, 0x00,
        0xFF, 0xFF, 0xFF, 0x00, 0xFF, 0xFF, 0xFF, 0x00, 0xFF, 0xFF, 0xFF, 0x00,
        0xFF, 0xFF, 0xFF, 0x00, 0xFF, 0xFF, 0xFF, 0x00, 0xFF, 0xFF, 0xFF, 0x00,
        0xFF, 0xFF, 0xFF, 0x00, 0xFF, 0xFF, 0xFF, 0x00, 0xFF, 0xFF, 0xFF, 0x00,
        0xFF, 0xFF, 0xFF, 0x00, 0xFF, 0xFF, 0xFF, 0x00, 0xFF, 0xFF, 0xFF, 0x00,
        0xFF, 0xFF, 0xFF, 0x00, 0xFF, 0xFF, 0xFF, 0x00, 0xFF, 0xFF, 0xFF, 0x00,
        0xFF, 0xFF, 0xFF, 0x00, 0xFF, 0xFF, 0xFF, 0x00, 0xFF, 0xFF, 0xFF, 0x00,
        0xFF, 0xFF, 0xFF, 0x00, 0xFF, 0xFF, 0xFF, 0x00, 0xFF, 0xFF, 0xFF, 0x00,
        0xFF, 0xFF, 0xFF, 0x00, 0xFF, 0xFF, 0xFF, 0x00, 0xFF, 0xFF, 0xFF, 0x00,
        0xFF, 0xFF, 0xFF, 0x00, 0xFF, 0xFF, 0xFF, 0x00, 0xFF, 0xFF, 0xFF, 0x00,
        0xFF, 0xFF, 0xFF, 0x00, 0xFF, 0xFF, 0xFF, 0x00, 0xFF, 0xFF, 0xFF, 0x00,
        0xFF, 0xFF, 0xFF, 0x00, 0xFF, 0xFF, 0xFF, 0x00, 0xFF, 0xFF, 0xFF, 0x00,
        0xFF, 0xFF, 0xFF, 0x00, 0xFF, 0xFF, 0xFF, 0x00, 0xFF, 0xFF, 0xFF, 0x00,
        0xFF, 0xFF, 0xFF, 0x00, 0xFF, 0xFF, 0xFF, 0x00, 0xFF, 0xFF, 0xFF, 0x00,
        0xFF, 0xFF, 0xFF, 0x00, 0xFF, 0xFF, 0xFF, 0x00, 0xFF, 0xFF, 0xFF, 0x00,
        0xFF, 0xFF, 0xFF, 0x00, 0xFF, 0xFF, 0xFF, 0x00, 0xFF, 0xFF, 0xFF, 0x00,
        0xFF, 0xFF, 0xFF, 0x00, 0xFF, 0xFF, 0xFF, 0x00, 0xFF, 0xFF, 0xFF, 0x00,
        0xFF, 0xFF, 0xFF, 0x00, 0xFF, 0xFF, 0xFF, 0x00, 0xFF, 0xFF, 0xFF, 0x00,
        0xFF, 0xFF, 0xFF, 0x00, 0xFF, 0xFF, 0xFF, 0x00, 0xFF, 0xFF, 0xFF, 0x00,
        0xFF, 0xFF, 0xFF, 0x00, 0xFF, 0xFF, 0xFF, 0x00, 0xFF, 0xFF, 0xFF, 0x00,
        0xFF, 0xFF, 0xFF, 0x00, 0xFF, 0xFF, 0xFF, 0x00, 0xFF, 0xFF, 0xFF, 0x00,
        0xFF, 0xFF, 0xFF, 0x00, 0xFF, 0xFF, 0xFF, 0x00, 0xFF, 0xFF, 0xFF, 0x00,
        0xFF, 0xFF, 0xFF, 0x00, 0xFF, 0xFF, 0xFF, 0x00, 0xFF, 0xFF, 0xFF, 0x00,
        0xFF, 0xFF, 0xFF, 0x00, 0xFF, 0xFF, 0xFF, 0x00, 0xFF, 0xFF, 0xFF, 0x00,
        0xFF, 0xFF, 0xFF, 0x00, 0xFF, 0xFF, 0xFF, 0x00, 0xFF, 0xFF, 0xFF, 0x00,
        0xFF, 0xFF, 0xFF, 0x00, 0xFF, 0xFF, 0xFF, 0x00, 0xFF, 0xFF, 0xFF, 0x00,
        0xFF, 0xFF, 0xFF, 0x00, 0xFF, 0xFF, 0xFF, 0x00, 0xFF, 0xFF, 0xFF, 0x00,
        0xFF, 0xFF, 0xFF, 0x00, 0xFF, 0xFF, 0xFF, 0x00, 0xFF, 0xFF, 0xFF, 0x00,
        0xFF, 0xFF, 0xFF, 0x00, 0xFF, 0xFF, 0xFF, 0x00, 0xFF, 0xFF, 0xFF, 0x00,
        0xFF, 0xFF, 0xFF, 0x00, 0xFF, 0xFF, 0xFF, 0x00, 0xFF, 0xFF, 0xFF, 0x00,
        0xFF, 0xFF, 0xFF, 0x00, 0xFF, 0xFF, 0xFF, 0x00, 0xFF, 0xFF, 0xFF, 0x00,
        0xFF, 0xFF, 0xFF, 0x00, 0xFF, 0xFF, 0xFF, 0x00, 0xFF, 0xFF, 0xFF, 0x00,
        0xFF, 0xFF, 0xFF, 0x00, 0xFF, 0xFF, 0xFF, 0x00, 0xFF, 0xFF, 0xFF, 0x00,
        0xFF, 0xFF, 0xFF, 0x00, 0xFF, 0xFF, 0xFF, 0x00, 0xFF, 0xFF, 0xFF, 0x00,
        0xFF, 0xFF, 0xFF, 0x00, 0xFF, 0xFF, 0xFF, 0x00, 0xFF, 0xFF, 0xFF, 0x00,
        0xFF, 0xFF, 0xFF, 0x00, 0xFF, 0xFF, 0xFF, 0x00, 0xFF, 0xFF, 0xFF, 0x00,
        0xFF, 0xFF, 0xFF, 0x00, 0xFF, 0xFF, 0xFF, 0x00, 0xFF, 0xFF, 0xFF, 0x00,
        0xFF, 0xFF, 0xFF, 0x00, 0xFF, 0xFF, 0xFF, 0x00, 0xFF, 0xFF, 0xFF, 0x00,
        0xFF, 0xFF, 0xFF, 0x00, 0xFF, 0xFF, 0xFF, 0x00, 0xFF, 0xFF, 0xFF, 0x00,
        0xFF, 0xFF, 0xFF, 0x00, 0xFF, 0xFF, 0xFF, 0x00, 0xFF, 0xFF, 0xFF, 0x00,
        0xFF, 0xFF, 0xFF, 0x00, 0xFF, 0xFF, 0xFF, 0x00, 0xFF, 0xFF, 0xFF, 0x00,
        0xFF, 0xFF, 0xFF, 0x00, 0xFF, 0xFF, 0xFF, 0x00, 0xFF, 0xFF, 0xFF, 0x00,
        0xFF, 0xFF, 0xFF, 0x00, 0xFF, 0xFF, 0xFF, 0x00, 0xFF, 0xFF, 0xFF, 0x00,
        0xFF, 0xFF, 0xFF, 0x00, 0xFF, 0xFF, 0xFF, 0x00, 0xFF, 0xFF, 0xFF, 0x00,
        0xFF, 0xFF, 0xFF, 0x00, 0xFF, 0xFF, 0xFF, 0x00, 0xFF, 0xFF, 0xFF, 0x00,
        0xFF, 0xFF, 0xFF, 0x00, 0xFF, 0xFF, 0xFF, 0x00, 0xFF, 0xFF, 0xFF, 0x00,
        0xFF, 0xFF, 0xFF, 0x00, 0xFF, 0xFF, 0xFF, 0x00, 0xFF, 0xFF, 0xFF, 0x00,
        0xFF, 0xFF, 0xFF, 0x00, 0xFF, 0xFF, 0xFF, 0x00, 0xFF, 0xFF, 0xFF, 0x00,
        0xFF, 0xFF, 0xFF, 0x00, 0xFF, 0xFF, 0xFF, 0x00, 0xFF, 0xFF, 0xFF, 0x00,
        0xFF, 0xFF, 0xFF, 0x00, 0xFF, 0xFF, 0xFF, 0x00, 0xFF, 0xFF, 0xFF, 0x00,
        0xFF, 0xFF, 0xFF, 0x00, 0xFF, 0xFF, 0xFF, 0x00, 0xFF, 0xFF, 0xFF, 0x00,
        0xFF, 0xFF, 0xFF, 0x00, 0xFF, 0xFF, 0xFF, 0x00, 0xFF, 0xFF, 0xFF, 0x00,
        0xFF, 0xFF, 0xFF, 0x00, 0xFF, 0xFF, 0xFF, 0x00, 0xFF, 0xFF, 0xFF, 0x00,
        0xFF, 0xFF, 0xFF, 0x00, 0xFF, 0xFF, 0xFF, 0x00, 0xFF, 0xFF, 0xFF, 0x00,
        0xFF, 0xFF, 0xFF, 0x00, 0xFF, 0xFF, 0xFF, 0x00, 0xFF, 0xFF, 0xFF, 0x00,
        0xFF, 0xFF, 0xFF, 0x00, 0xFF, 0xFF, 0xFF, 0x00, 0xFF, 0xFF, 0xFF, 0x00,
        0xFF, 0xFF, 0xFF, 0x00, 0xFF, 0xFF, 0xFF, 0x00, 0xFF, 0xFF, 0xFF, 0x00,
        0xFF, 0xFF, 0xFF, 0x00, 0xFF, 0xFF, 0xFF, 0x00, 0xFF, 0xFF, 0xFF, 0x00,
        0xFF, 0xFF, 0xFF, 0x00, 0xFF, 0xFF, 0xFF, 0x00, 0xFF, 0xFF, 0xFF, 0x00,
        0xFF, 0xFF, 0xFF, 0x00, 0xFF, 0xFF, 0xFF, 0x00, 0xFF, 0xFF, 0xFF, 0x00,
        0xFF, 0xFF, 0xFF, 0x00, 0xFF, 0xFF, 0xFF, 0x00, 0xFF, 0xFF, 0xFF, 0x00,
        0xFF, 0xFF, 0xFF, 0x00, 0xFF, 0xFF, 0xFF, 0x00, 0xFF, 0xFF, 0xFF, 0x00,
        0xFF, 0xFF, 0xFF, 0x00, 0xFF, 0xFF, 0xFF, 0x00, 0xFF, 0xFF, 0xFF, 0x00,
        0xFF, 0xFF, 0xFF, 0x00, 0xFF, 0xFF, 0xFF, 0x00, 0xFF, 0xFF, 0xFF, 0x00,
        0xFF, 0xFF, 0xFF, 0x00, 0xFF, 0xFF, 0xFF, 0x00, 0xFF, 0xFF, 0xFF, 0x00,
        0xFF, 0xFF, 0xFF, 0x00, 0xFF, 0xFF, 0xFF, 0x00, 0xFF, 0xFF, 0xFF, 0x00,
        0xFF, 0xFF, 0xFF, 0x00, 0xFF, 0xFF, 0xFF, 0x00, 0xFF, 0xFF, 0xFF, 0x00,
        0xFF, 0xFF, 0xFF, 0x00, 0xFF, 0xFF, 0xFF, 0x00, 0xFF, 0xFF, 0xFF, 0x00,
        0xFF, 0xFF, 0xFF, 0x00, 0xFF, 0xFF, 0xFF, 0x00, 0xFF, 0xFF, 0xFF, 0x00,
        0xFF, 0xFF, 0xFF, 0x00, 0xFF, 0xFF, 0xFF, 0x00, 0xFF, 0xFF, 0xFF, 0x00,
        0xFF, 0xFF, 0xFF, 0x00, 0xFF, 0xFF, 0xFF, 0x00, 0xFF, 0xFF, 0xFF, 0x00,
        0xFF, 0xFF, 0xFF, 0x00, 0xFF, 0xFF, 0xFF, 0x00, 0xFF, 0xFF, 0xFF, 0x00,
        0xFF, 0xFF, 0xFF, 0x00, 0xFF, 0xFF, 0xFF, 0x00, 0xFF, 0xFF, 0xFF, 0x00,
        0xFF, 0xFF, 0xFF, 0x00, 0xFF, 0xFF, 0xFF, 0x00, 0xFF, 0xFF, 0xFF, 0x00,
        0xFF, 0xFF, 0xFF, 0x00, 0xFF, 0xFF, 0xFF, 0x00, 0xFF, 0xFF, 0xFF, 0x00,
        0xFF, 0xFF, 0xFF, 0x00, 0xFF, 0xFF, 0xFF, 0x00, 0xFF, 0xFF, 0xFF, 0x00,
        0xFF, 0xFF, 0xFF, 0x00, 0xFF, 0xFF, 0xFF, 0x00, 0xFF, 0xFF, 0xFF, 0x00,
        0xFF, 0xFF, 0xFF, 0x00, 0xFF, 0xFF, 0xFF, 0x00, 0xFF, 0xFF, 0xFF, 0x00,
        0xFF, 0xFF, 0xFF, 0x00, 0xFF, 0xFF, 0xFF, 0x00, 0xFF, 0xFF, 0xFF, 0x00,
        0xFF, 0xFF, 0xFF, 0x00, 0xFF, 0xFF, 0xFF, 0x00, 0xFF, 0xFF, 0xFF, 0x00,
        0xFF, 0xFF, 0xFF, 0x00, 0xFF, 0xFF, 0xFF, 0x00, 0xFF, 0xFF, 0xFF, 0x00,
        0xFF, 0xFF, 0xFF, 0x00, 0xFF, 0xFF, 0xFF, 0x00, 0xFF, 0xFF, 0xFF, 0x00,
        0xFF, 0xFF, 0xFF, 0x00, 0xFF, 0xFF, 0xFF, 0x00, 0xFF, 0xFF, 0xFF, 0x00,
        0xFF, 0xFF, 0xFF, 0x00, 0xFF, 0xFF, 0xFF, 0x00, 0xFF, 0xFF, 0xFF, 0x00,
        0xFF, 0xFF, 0xFF, 0x00, 0xFF, 0xFF, 0xFF, 0x00, 0xFF, 0xFF, 0xFF, 0x00,
        0xFF, 0xFF, 0xFF, 0x00, 0xFF, 0xFF, 0xFF, 0x00, 0xFF, 0xFF, 0xFF, 0x00,
        0xFF, 0xFF, 0xFF, 0x00, 0xFF, 0xFF, 0xFF, 0x00, 0xFF, 0xFF, 0xFF, 0x00,
        0xFF, 0xFF, 0xFF, 0x00, 0xFF, 0xFF, 0xFF, 0x00, 0xFF, 0xFF, 0xFF, 0x00,
        0xFF, 0xFF, 0xFF, 0x00, 0xFF, 0xFF, 0xFF, 0x00, 0xFF, 0xFF, 0xFF, 0x00,
        0xFF, 0xFF, 0xFF, 0x00, 0xFF, 0xFF, 0xFF, 0x00, 0xFF, 0xFF, 0xFF, 0x00,
        0xFF, 0xFF, 0xFF, 0x00, 0xFF, 0xFF, 0xFF, 0x00, 0xFF, 0xFF, 0xFF, 0x00,
        0xFF, 0xFF, 0xFF, 0x00, 0xFF, 0xFF, 0xFF, 0x00, 0xFF, 0xFF, 0xFF, 0x00,
        0xFF, 0xFF, 0xFF, 0x00, 0xFF, 0xFF, 0xFF, 0x00, 0xFF, 0xFF, 0xFF, 0x00,
        0xFF, 0xFF, 0xFF, 0x00, 0xFF, 0xFF, 0xFF, 0x00, 0xFF, 0xFF, 0xFF, 0x00,
        0xFF, 0xFF, 0xFF, 0x00, 0xFF, 0xFF, 0xFF, 0x00, 0xFF, 0xFF, 0xFF, 0x00,
        0xFF, 0xFF, 0xFF, 0x00, 0xFF, 0xFF, 0xFF, 0x00, 0xFF, 0xFF, 0xFF, 0x00,
        0xFF, 0xFF, 0xFF, 0x00, 0xFF, 0xFF, 0xFF, 0x00, 0xFF, 0xFF, 0xFF, 0x00,
        0xFF, 0xFF, 0xFF, 0x00, 0xFF, 0xFF, 0xFF, 0x00, 0xFF, 0xFF, 0xFF, 0x00,
        0xFF, 0xFF, 0xFF, 0x00, 0xFF, 0xFF, 0xFF, 0x00, 0xFF, 0xFF, 0xFF, 0x00,
        0xFF, 0xFF, 0xFF, 0x00, 0xFF, 0xFF, 0xFF, 0x00, 0xFF, 0xFF, 0xFF, 0x00,
        0xFF, 0xFF, 0xFF, 0x00, 0xFF, 0xFF, 0xFF, 0x00, 0xFF, 0xFF, 0xFF, 0x00,
        0xFF, 0xFF, 0xFF, 0x00, 0xFF, 0xFF, 0xFF, 0x00, 0xFF, 0xFF, 0xFF, 0x00,
        0xFF, 0xFF, 0xFF, 0x00, 0xFF, 0xFF, 0xFF, 0x00, 0xFF, 0xFF, 0xFF, 0x00,
        0xFF, 0xFF, 0xFF, 0x00, 0xFF, 0xFF, 0xFF, 0x00, 0xFF, 0xFF, 0xFF, 0x00,
        0xFF, 0xFF, 0xFF, 0x00, 0xFF, 0xFF, 0xFF, 0x00, 0xFF, 0xFF, 0xFF, 0x00,
        0xFF, 0xFF, 0xFF, 0x00, 0xFF, 0xFF, 0xFF, 0x00, 0xFF, 0xFF, 0xFF, 0x00,
        0xFF, 0xFF, 0xFF, 0x00, 0xFF, 0xFF, 0xFF, 0x00, 0xFF, 0xFF, 0xFF, 0x00,
        0xFF, 0xFF, 0xFF, 0x00, 0xFF, 0xFF, 0xFF, 0x00, 0xFF, 0xFF, 0xFF, 0x00,
        0xFF, 0xFF, 0xFF, 0x00, 0xFF, 0xFF, 0xFF, 0x00, 0xFF, 0xFF, 0xFF, 0x00,
        0xFF, 0xFF, 0xFF, 0x00, 0xFF, 0xFF, 0xFF, 0x00, 0xFF, 0xFF, 0xFF, 0x00,
        0xFF, 0xFF, 0xFF, 0x00, 0xFF, 0xFF, 0xFF, 0x00, 0xFF, 0xFF, 0xFF, 0x00,
        0xFF, 0xFF, 0xFF, 0x00, 0xFF, 0xFF, 0xFF, 0x00, 0xFF, 0xFF, 0xFF, 0x00,
        0xFF, 0xFF, 0xFF, 0x00, 0xFF, 0xFF, 0xFF, 0x00, 0xFF, 0xFF, 0xFF, 0x00,
        0xFF, 0xFF, 0xFF, 0x00, 0xFF, 0xFF, 0xFF, 0x00, 0xFF, 0xFF, 0xFF, 0x00,
        0xFF, 0xFF, 0xFF, 0x00, 0xFF, 0xFF, 0xFF, 0x00, 0xFF, 0xFF, 0xFF, 0x00,
        0xFF, 0xFF, 0xFF, 0x00, 0xFF, 0xFF, 0xFF, 0x00, 0xFF, 0xFF, 0xFF, 0x00,
        0xFF, 0xFF, 0xFF, 0x00, 0xFF, 0xFF, 0xFF, 0x00, 0xFF, 0xFF, 0xFF, 0x00,
        0xFF, 0xFF, 0xFF, 0x00, 0xFF, 0xFF, 0xFF, 0x00, 0xFF, 0xFF, 0xFF, 0x00,
        0xFF, 0xFF, 0xFF, 0x00, 0xFF, 0xFF, 0xFF, 0x00, 0xFF, 0xFF, 0xFF, 0x00,
        0xFF, 0xFF, 0xFF, 0x00, 0xFF, 0xFF, 0xFF, 0x00, 0xFF, 0xFF, 0xFF, 0x00,
        0xFF, 0xFF, 0xFF, 0x00, 0xFF, 0xFF, 0xFF, 0x00, 0xFF, 0xFF, 0xFF, 0x00,
        0xFF, 0xFF, 0xFF, 0x00, 0xFF, 0xFF, 0xFF, 0x00, 0xFF, 0xFF, 0xFF, 0x00,
        0xFF, 0xFF, 0xFF, 0x00, 0xFF, 0xFF, 0xFF, 0x00, 0xFF, 0xFF, 0xFF, 0x00,
        0xFF, 0xFF, 0xFF, 0x00, 0xFF, 0xFF, 0xFF, 0x00, 0xFF, 0xFF, 0xFF, 0x00,
        0xFF, 0xFF, 0xFF, 0x00, 0xFF, 0xFF, 0xFF, 0x00, 0xFF, 0xFF, 0xFF, 0x00,
        0xFF, 0xFF, 0xFF, 0x00, 0xFF, 0xFF, 0xFF, 0x00, 0xFF, 0xFF, 0xFF, 0x00,
        0xFF, 0xFF, 0xFF, 0x00, 0xFF, 0xFF, 0xFF, 0x00, 0xFF, 0xFF, 0xFF, 0x00,
        0xFF, 0xFF, 0xFF, 0x00, 0xFF, 0xFF, 0xFF, 0x00, 0xFF, 0xFF, 0xFF, 0x00,
        0xFF, 0xFF, 0xFF, 0x00, 0xFF, 0xFF, 0xFF, 0x00, 0xFF, 0xFF, 0xFF, 0x00,
        0xFF, 0xFF, 0xFF, 0x00, 0xFF, 0xFF, 0xFF, 0x00, 0xFF, 0xFF, 0xFF, 0x00,
        0xFF, 0xFF, 0xFF, 0x00, 0xFF, 0xFF, 0xFF, 0x00, 0xFF, 0xFF, 0xFF, 0x00,
        0xFF, 0xFF, 0xFF, 0x00, 0xFF, 0xFF, 0xFF, 0x00, 0xFF, 0xFF, 0xFF, 0x00,
        0xFF, 0xFF, 0xFF, 0x00, 0xFF, 0xFF, 0xFF, 0x00, 0xFF, 0xFF, 0xFF, 0x00,
        0xFF, 0xFF, 0xFF, 0x00, 0xFF, 0xFF, 0xFF, 0x00, 0xFF, 0xFF, 0xFF, 0x00,
        0xFF, 0xFF, 0xFF, 0x00, 0xFF, 0xFF, 0xFF, 0x00, 0xFF, 0xFF, 0xFF, 0x00,
        0xFF, 0xFF, 0xFF, 0x00, 0xFF, 0xFF, 0xFF, 0x00, 0xFF, 0xFF, 0xFF, 0x00,
        0xFF, 0xFF, 0xFF, 0x00, 0xFF, 0xFF, 0xFF, 0x00, 0xFF, 0xFF, 0xFF, 0x00,
        0xFF, 0xFF, 0xFF, 0x00, 0xFF, 0xFF, 0xFF, 0x00, 0xFF, 0xFF, 0xFF, 0x00,
        0xFF, 0xFF, 0xFF, 0x00, 0xFF, 0xFF, 0xFF, 0x00, 0xFF, 0xFF, 0xFF, 0x00,
        0xFF, 0xFF, 0xFF, 0x00, 0xFF, 0xFF, 0xFF, 0x00, 0xFF, 0xFF, 0xFF, 0x00,
        0xFF, 0xFF, 0xFF, 0x00, 0xFF, 0xFF, 0xFF, 0x00, 0xFF, 0xFF, 0xFF, 0x00,
        0xFF, 0xFF, 0xFF, 0x00, 0xFF, 0xFF, 0xFF, 0x00, 0xFF, 0xFF, 0xFF, 0x00,
        0xFF, 0xFF, 0xFF, 0x00, 0xFF, 0xFF, 0xFF, 0x00, 0xFF, 0xFF, 0xFF, 0x00,
        0xFF, 0xFF, 0xFF, 0x00, 0xFF, 0xFF, 0xFF, 0x00, 0xFF, 0xFF, 0xFF, 0x00,
        0xFF, 0xFF, 0xFF, 0x00, 0xFF, 0xFF, 0xFF, 0x00, 0xFF, 0xFF, 0xFF, 0x00,
        0xFF, 0xFF, 0xFF, 0x00, 0xFF, 0xFF, 0xFF, 0x00, 0xFF, 0xFF, 0xFF, 0x00,
        0xFF, 0xFF, 0xFF, 0x00, 0xFF, 0xFF, 0xFF, 0x00, 0xFF, 0xFF, 0xFF, 0x00,
        0xFF, 0xFF, 0xFF, 0x00, 0xFF, 0xFF, 0xFF, 0x00, 0xFF, 0xFF, 0xFF, 0x00,
        0xFF, 0xFF, 0xFF, 0x00, 0xFF, 0xFF, 0xFF, 0x00, 0xFF, 0xFF, 0xFF, 0x00,
        0xFF, 0xFF, 0xFF, 0x00, 0xFF, 0xFF, 0xFF, 0x00, 0xFF, 0xFF, 0xFF, 0x00,
        0xFF, 0xFF, 0xFF, 0x00, 0xFF, 0xFF, 0xFF, 0x00, 0xFF, 0xFF, 0xFF, 0x00,
        0xFF, 0xFF, 0xFF, 0x00, 0xFF, 0xFF, 0xFF, 0x00, 0xFF, 0xFF, 0xFF, 0x00,
        0xFF, 0xFF, 0xFF, 0x00, 0xFF, 0xFF, 0xFF, 0x00, 0xFF, 0xFF, 0xFF, 0x00,
        0xFF, 0xFF, 0xFF, 0x00, 0xFF, 0xFF, 0xFF, 0x00, 0xFF, 0xFF, 0xFF, 0x00,
        0xFF, 0xFF, 0xFF, 0x00, 0xFF, 0xFF, 0xFF, 0x00, 0xFF, 0xFF, 0xFF, 0x00,
        0xFF, 0xFF, 0xFF, 0x00, 0xFF, 0xFF, 0xFF, 0x00, 0xFF, 0xFF, 0xFF, 0x00,
        0xFF, 0xFF, 0xFF, 0x00, 0xFF, 0xFF, 0xFF, 0x00, 0xFF, 0xFF, 0xFF, 0x00,
        0xFF, 0xFF, 0xFF, 0x00, 0xFF, 0xFF, 0xFF, 0x00, 0xFF, 0xFF, 0xFF, 0x00,
        0xFF, 0xFF, 0xFF, 0x00, 0xFF, 0xFF, 0xFF, 0x00, 0xFF, 0xFF, 0xFF, 0x00,
        0xFF, 0xFF, 0xFF, 0x00, 0xFF, 0xFF, 0xFF, 0x00, 0xFF, 0xFF, 0xFF, 0x00,
        0xFF, 0xFF, 0xFF, 0x00, 0xFF, 0xFF, 0xFF, 0x00, 0xFF, 0xFF, 0xFF, 0x00,
        0xFF, 0xFF, 0xFF, 0x00, 0xFF, 0xFF, 0xFF, 0x00, 0xFF, 0xFF, 0xFF, 0x00,
        0xFF, 0xFF, 0xFF, 0x00, 0xFF, 0xFF, 0xFF, 0x00, 0xFF, 0xFF, 0xFF, 0x00,
        0xFF, 0xFF, 0xFF, 0x00, 0xFF, 0xFF, 0xFF, 0x00, 0xFF, 0xFF, 0xFF, 0x00,
        0xFF, 0xFF, 0xFF, 0x00, 0xFF, 0xFF, 0xFF, 0x00, 0xFF, 0xFF, 0xFF, 0x00,
        0xFF, 0xFF, 0xFF, 0x00, 0xFF, 0xFF, 0xFF, 0x00, 0xFF, 0xFF, 0xFF, 0x00,
        0xFF, 0xFF, 0xFF, 0x00, 0xFF, 0xFF, 0xFF, 0x00, 0xFF, 0xFF, 0xFF, 0x00,
        0xFF, 0xFF, 0xFF, 0x00, 0xFF, 0xFF, 0xFF, 0x00, 0xFF, 0xFF, 0xFF, 0x00,
        0xFF, 0xFF, 0xFF, 0x00, 0xFF, 0xFF, 0xFF, 0x00, 0xFF, 0xFF, 0xFF, 0x00,
        0xFF, 0xFF, 0xFF, 0x00, 0xFF, 0xFF, 0xFF, 0x00, 0xFF, 0xFF, 0xFF, 0x00,
        0xFF, 0xFF, 0xFF, 0x00, 0xFF, 0xFF, 0xFF, 0x00, 0xFF, 0xFF, 0xFF, 0x00,
        0xFF, 0xFF, 0xFF, 0x00, 0xFF, 0xFF, 0xFF, 0x00, 0xFF, 0xFF, 0xFF, 0x00,
        0xFF, 0xFF, 0xFF, 0x00, 0xFF, 0xFF, 0xFF, 0x00, 0xFF, 0xFF, 0xFF, 0x00,
        0xFF, 0xFF, 0xFF, 0x00, 0xFF, 0xFF, 0xFF, 0x00, 0xFF, 0xFF, 0xFF, 0x00,
        0xFF, 0xFF, 0xFF, 0x00, 0xFF, 0xFF, 0xFF, 0x00, 0xFF, 0xFF, 0xFF, 0x00,
        0xFF, 0xFF, 0xFF, 0x00, 0xFF, 0xFF, 0xFF, 0x00, 0xFF, 0xFF, 0xFF, 0x00,
        0xFF, 0xFF, 0xFF, 0x00, 0xFF, 0xFF, 0xFF, 0x00, 0xFF, 0xFF, 0xFF, 0x00,
        0xFF, 0xFF, 0xFF, 0x00, 0xFF, 0xFF, 0xFF, 0x00, 0xFF, 0xFF, 0xFF, 0x00,
        0xFF, 0xFF, 0xFF, 0x00, 0xFF, 0xFF, 0xFF, 0x00, 0xFF, 0xFF, 0xFF, 0x00,
        0xFF, 0xFF, 0xFF, 0x00, 0xFF, 0xFF, 0xFF, 0x00, 0xFF, 0xFF, 0xFF, 0x00,
        0xFF, 0xFF, 0xFF, 0x00, 0xFF, 0xFF, 0xFF, 0x00, 0xFF, 0xFF, 0xFF, 0x00,
        0xFF, 0xFF, 0xFF, 0x00, 0xFF, 0xFF, 0xFF, 0x00, 0xFF, 0xFF, 0xFF, 0x00,
        0xFF, 0xFF, 0xFF, 0x00, 0xFF, 0xFF, 0xFF, 0x00, 0xFF, 0xFF, 0xFF, 0x00,
        0xFF, 0xFF, 0xFF, 0x00, 0xFF, 0xFF, 0xFF, 0x00, 0xFF, 0xFF, 0xFF, 0x00,
        0xFF, 0xFF, 0xFF, 0x00, 0xFF, 0xFF, 0xFF, 0x00, 0xFF, 0xFF, 0xFF, 0x00,
        0xFF, 0xFF, 0xFF, 0x00, 0xFF, 0xFF, 0xFF, 0x00, 0xFF, 0xFF, 0xFF, 0x00,
        0xFF, 0xFF, 0xFF, 0x00, 0xFF, 0xFF, 0xFF, 0x00, 0xFF, 0xFF, 0xFF, 0x00,
        0xFF, 0xFF, 0xFF, 0x00, 0xFF, 0xFF, 0xFF, 0x00, 0xFF, 0xFF, 0xFF, 0x00,
        0xFF, 0xFF, 0xFF, 0x00, 0xFF, 0xFF, 0xFF, 0x00, 0xFF, 0xFF, 0xFF, 0x00,
        0xFF, 0xFF, 0xFF, 0x00, 0xFF, 0xFF, 0xFF, 0x00, 0xFF, 0xFF, 0xFF, 0x00,
        0xFF, 0xFF, 0xFF, 0x00, 0xFF, 0xFF, 0xFF, 0x00, 0xFF, 0xFF, 0xFF, 0x00,
        0xFF, 0xFF, 0xFF, 0x00, 0xFF, 0xFF, 0xFF, 0x00, 0xFF, 0xFF, 0xFF, 0x00,
        0xFF, 0xFF, 0xFF, 0x00, 0xFF, 0xFF, 0xFF, 0x00, 0xFF, 0xFF, 0xFF, 0x00,
        0xFF, 0xFF, 0xFF, 0x00, 0xFF, 0xFF, 0xFF, 0x00, 0xFF, 0xFF, 0xFF, 0x00,
        0xFF, 0xFF, 0xFF, 0x00, 0xFF, 0xFF, 0xFF, 0x00, 0xFF, 0xFF, 0xFF, 0x00,
        0xFF, 0xFF, 0xFF, 0x00, 0xFF, 0xFF, 0xFF, 0x00, 0xFF, 0xFF, 0xFF, 0x00,
        0xFF, 0xFF, 0xFF, 0x00, 0xFF, 0xFF, 0xFF, 0x00, 0xFF, 0xFF, 0xFF, 0x00,
        0xFF, 0xFF, 0xFF, 0x00, 0xFF, 0xFF, 0xFF, 0x00, 0xFF, 0xFF, 0xFF, 0x00,
        0xFF, 0xFF, 0xFF, 0x00, 0xFF, 0xFF, 0xFF, 0x00, 0xFF, 0xFF, 0xFF, 0x00,
        0xFF, 0xFF, 0xFF, 0x00, 0xFF, 0xFF, 0xFF, 0x00, 0xFF, 0xFF, 0xFF, 0x00,
        0xFF, 0xFF, 0xFF, 0x00, 0xFF, 0xFF, 0xFF, 0x00, 0xFF, 0xFF, 0xFF, 0x00,
        0xFF, 0xFF, 0xFF, 0x00, 0xFF, 0xFF, 0xFF, 0x00, 0xFF, 0xFF, 0xFF, 0x00,
        0xFF, 0xFF, 0xFF, 0x00, 0xFF, 0xFF, 0xFF, 0x00, 0xFF, 0xFF, 0xFF, 0x00,
        0xFF, 0xFF, 0xFF, 0x00, 0xFF, 0xFF, 0xFF, 0x00, 0xFF, 0xFF, 0xFF, 0x00,
        0xFF, 0xFF, 0xFF, 0x00, 0xFF, 0xFF, 0xFF, 0x00, 0xFF, 0xFF, 0xFF, 0x00,
        0xFF, 0xFF, 0xFF, 0x00, 0xFF, 0xFF, 0xFF, 0x00, 0xFF, 0xFF, 0xFF, 0x00,
        0xFF, 0xFF, 0xFF, 0x00, 0xFF, 0xFF, 0xFF, 0x00, 0xFF, 0xFF, 0xFF, 0x00,
        0xFF, 0xFF, 0xFF, 0x00, 0xFF, 0xFF, 0xFF, 0x00, 0xFF, 0xFF, 0xFF, 0x00,
        0xFF, 0xFF, 0xFF, 0x00, 0xFF, 0xFF, 0xFF, 0x00, 0xFF, 0xFF, 0xFF, 0x00,
        0xFF, 0xFF, 0xFF, 0x00, 0xFF, 0xFF, 0xFF, 0x00, 0xFF, 0xFF, 0xFF, 0x00,
        0xFF, 0xFF, 0xFF, 0x00, 0xFF, 0xFF, 0xFF, 0x00, 0xFF, 0xFF, 0xFF, 0x00,
        0xFF, 0xFF, 0xFF, 0x00, 0xFF, 0xFF, 0xFF, 0x00, 0xFF, 0xFF, 0xFF, 0x00,
        0xFF, 0xFF, 0xFF, 0x00, 0xFF, 0xFF, 0xFF, 0x00, 0xFF, 0xFF, 0xFF, 0x00,
        0xFF, 0xFF, 0xFF, 0x00, 0xFF, 0xFF, 0xFF, 0x00, 0xFF, 0xFF, 0xFF, 0x00,
        0xFF, 0xFF, 0xFF, 0x00, 0xFF, 0xFF, 0xFF, 0x00, 0xFF, 0xFF, 0xFF, 0x00,
        0xFF, 0xFF, 0xFF, 0x00, 0xFF, 0xFF, 0xFF, 0x00, 0xFF, 0xFF, 0xFF, 0x00,
        0xFF, 0xFF, 0xFF, 0x00, 0xFF, 0xFF, 0xFF, 0x00, 0xFF, 0xFF, 0xFF, 0x00,
        0xFF, 0xFF, 0xFF, 0x00, 0xFF, 0xFF, 0xFF, 0x00, 0xFF, 0xFF, 0xFF, 0x00,
        0xFF, 0xFF, 0xFF, 0x00, 0xFF, 0xFF, 0xFF, 0x00, 0xFF, 0xFF, 0xFF, 0x00,
        0xFF, 0xFF, 0xFF, 0x00, 0xFF, 0xFF, 0xFF, 0x00, 0xFF, 0xFF, 0xFF, 0x00,
        0xFF, 0xFF, 0xFF, 0x00, 0xFF, 0xFF, 0xFF, 0x00, 0xFF, 0xFF, 0xFF, 0x00,
        0xFF, 0xFF, 0xFF, 0x00, 0xFF, 0xFF, 0xFF, 0x00, 0xFF, 0xFF, 0xFF, 0x00,
        0xFF, 0xFF, 0xFF, 0x00, 0xFF, 0xFF, 0xFF, 0x00, 0xFF, 0xFF, 0xFF, 0x00,
        0xFF, 0xFF, 0xFF, 0x00, 0xFF, 0xFF, 0xFF, 0x00, 0xFF, 0xFF, 0xFF, 0x00,
        0xFF, 0xFF, 0xFF, 0x00, 0xFF, 0xFF, 0xFF, 0x00, 0xFF, 0xFF, 0xFF, 0x00,
        0xFF, 0xFF, 0xFF, 0x00, 0xFF, 0xFF, 0xFF, 0x00, 0xFF, 0xFF, 0xFF, 0x00,
        0xFF, 0xFF, 0xFF, 0x00, 0xFF, 0xFF, 0xFF, 0x00, 0xFF, 0xFF, 0xFF, 0x00,
        0xFF, 0xFF, 0xFF, 0x00, 0xFF, 0xFF, 0xFF, 0x00, 0xFF, 0xFF, 0xFF, 0x00,
        0xFF, 0xFF, 0xFF, 0x00, 0xFF, 0xFF, 0xFF, 0x00, 0xFF, 0xFF, 0xFF, 0x00,
        0xFF, 0xFF, 0xFF, 0x00, 0xFF, 0xFF, 0xFF, 0x00, 0xFF, 0xFF, 0xFF, 0x00,
        0xFF, 0xFF, 0xFF, 0x00, 0xFF, 0xFF, 0xFF, 0x00, 0xFF, 0xFF, 0xFF, 0x00,
        0xFF, 0xFF, 0xFF, 0x00, 0xFF, 0xFF, 0xFF, 0x00, 0xFF, 0xFF, 0xFF, 0x00,
        0xFF, 0xFF, 0xFF, 0x00, 0xFF, 0xFF, 0xFF, 0x00, 0xFF, 0xFF, 0xFF, 0x00,
        0xFF, 0xFF, 0xFF, 0x00, 0xFF, 0xFF, 0xFF, 0x00, 0xFF, 0xFF, 0xFF, 0x00,
        0xFF, 0xFF, 0xFF, 0x00, 0xFF, 0xFF, 0xFF, 0x00, 0xFF, 0xFF, 0xFF, 0x00,
        0xFF, 0xFF, 0xFF, 0x00, 0xFF, 0xFF, 0xFF, 0x00, 0xFF, 0xFF, 0xFF, 0x00,
        0xFF, 0xFF, 0xFF, 0x00, 0xFF, 0xFF, 0xFF, 0x00, 0xFF, 0xFF, 0xFF, 0x00,
        0xFF, 0xFF, 0xFF, 0x00, 0xFF, 0xFF, 0xFF, 0x00, 0xFF, 0xFF, 0xFF, 0x00,
        0xFF, 0xFF, 0xFF, 0x00, 0xFF, 0xFF, 0xFF, 0x00, 0xFF, 0xFF, 0xFF, 0x00,
        0xFF, 0xFF, 0xFF, 0x00, 0xFF, 0xFF, 0xFF, 0x00, 0xFF, 0xFF, 0xFF, 0x00,
        0xFF, 0xFF, 0xFF, 0x00, 0xFF, 0xFF, 0xFF, 0x00, 0xFF, 0xFF, 0xFF, 0x00,
        0xFF, 0xFF, 0xFF, 0x00, 0xFF, 0xFF, 0xFF, 0x00, 0xFF, 0xFF, 0xFF, 0x00,
        0xFF, 0xFF, 0xFF, 0x00, 0xFF, 0xFF, 0xFF, 0x00, 0xFF, 0xFF, 0xFF, 0x00,
        0xFF, 0xFF, 0xFF, 0x00, 0xFF, 0xFF, 0xFF, 0x00, 0xFF, 0xFF, 0xFF, 0x00,
        0xFF, 0xFF, 0xFF, 0x00, 0xFF, 0xFF, 0xFF, 0x00, 0xFF, 0xFF, 0xFF, 0x00,
        0xFF, 0xFF, 0xFF, 0x00, 0xFF, 0xFF, 0xFF, 0x00, 0xFF, 0xFF, 0xFF, 0x00,
        0xFF, 0xFF, 0xFF, 0x00, 0xFF, 0xFF, 0xFF, 0x00, 0xFF, 0xFF, 0xFF, 0x00,
        0xFF, 0xFF, 0xFF, 0x00, 0xFF, 0xFF, 0xFF, 0x00, 0xFF, 0xFF, 0xFF, 0x00,
        0xFF, 0xFF, 0xFF, 0x00, 0xFF, 0xFF, 0xFF, 0x00, 0xFF, 0xFF, 0xFF, 0x00,
        0xFF, 0xFF, 0xFF, 0x00, 0xFF, 0xFF, 0xFF, 0x00, 0xFF, 0xFF, 0xFF, 0x00,
        0xFF, 0xFF, 0xFF, 0x00, 0xFF, 0xFF, 0xFF, 0x00, 0xFF, 0xFF, 0xFF, 0x00,
        0xFF, 0xFF, 0xFF, 0x00, 0xFF, 0xFF, 0xFF, 0x00, 0xFF, 0xFF, 0xFF, 0x00,
        0xFF, 0xFF, 0xFF, 0x00, 0xFF, 0xFF, 0xFF, 0x00, 0xFF, 0xFF, 0xFF, 0x00,
        0xFF, 0xFF, 0xFF, 0x00, 0xFF, 0xFF, 0xFF, 0x00, 0xFF, 0xFF, 0xFF, 0x00,
        0xFF, 0xFF, 0xFF, 0x00, 0xFF, 0xFF, 0xFF, 0x00, 0xFF, 0xFF, 0xFF, 0x00,
        0xFF, 0xFF, 0xFF, 0x00, 0xFF, 0xFF, 0xFF, 0x00, 0xFF, 0xFF, 0xFF, 0x00,
        0xFF, 0xFF, 0xFF, 0x00, 0xFF, 0xFF, 0xFF, 0x00, 0xFF, 0xFF, 0xFF, 0x00,
        0xFF, 0xFF, 0xFF, 0x00, 0xFF, 0xFF, 0xFF, 0x00, 0xFF, 0xFF, 0xFF, 0x00,
        0xFF, 0xFF, 0xFF, 0x00, 0xFF, 0xFF, 0xFF, 0x00, 0xFF, 0xFF, 0xFF, 0x00,
        0xFF, 0xFF, 0xFF, 0x00, 0xFF, 0xFF, 0xFF, 0x00, 0xFF, 0xFF, 0xFF, 0x00,
        0xFF, 0xFF, 0xFF, 0x00, 0xFF, 0xFF, 0xFF, 0x00, 0xFF, 0xFF, 0xFF, 0x00,
        0xFF, 0xFF, 0xFF, 0x00, 0xFF, 0xFF, 0xFF, 0x00, 0xFF, 0xFF, 0xFF, 0x00,
        0xFF, 0xFF, 0xFF, 0x00, 0xFF, 0xFF, 0xFF, 0x00, 0xFF, 0xFF, 0xFF, 0x00,
        0xFF, 0xFF, 0xFF, 0x00, 0xFF, 0xFF, 0xFF, 0x00, 0xFF, 0xFF, 0xFF, 0x00,
        0xFF, 0xFF, 0xFF, 0x00, 0xFF, 0xFF, 0xFF, 0x00, 0xFF, 0xFF, 0xFF, 0x00,
        0xFF, 0xFF, 0xFF, 0x00, 0xFF, 0xFF, 0xFF, 0x00, 0xFF, 0xFF, 0xFF, 0x00,
        0xFF, 0xFF, 0xFF, 0x00, 0xFF, 0xFF, 0xFF, 0x00, 0xFF, 0xFF, 0xFF, 0x00,
        0xFF, 0xFF, 0xFF, 0x00, 0xFF, 0xFF, 0xFF, 0x00, 0xFF, 0xFF, 0xFF, 0x00,
        0xFF, 0xFF, 0xFF, 0x00, 0xFF, 0xFF, 0xFF, 0x00, 0xFF, 0xFF, 0xFF, 0x00,
        0xFF, 0xFF, 0xFF, 0x00, 0xFF, 0xFF, 0xFF, 0x00, 0xFF, 0xFF, 0xFF, 0x00,
        0xFF, 0xFF, 0xFF, 0x00, 0xFF, 0xFF, 0xFF, 0x00, 0xFF, 0xFF, 0xFF, 0x00,
        0xFF, 0xFF, 0xFF, 0x00, 0xFF, 0xFF, 0xFF, 0x00, 0xFF, 0xFF, 0xFF, 0x00,
        0xFF, 0xFF, 0xFF, 0x00, 0xFF, 0xFF, 0xFF, 0x00, 0xFF, 0xFF, 0xFF, 0x00,
        0xFF, 0xFF, 0xFF, 0x00, 0xFF, 0xFF, 0xFF, 0x00, 0xFF, 0xFF, 0xFF, 0x00,
        0xFF, 0xFF, 0xFF, 0x00, 0xFF, 0xFF, 0xFF, 0x00, 0xFF, 0xFF, 0xFF, 0x00,
        0xFF, 0xFF, 0xFF, 0x00, 0xFF, 0xFF, 0xFF, 0x00, 0xFF, 0xFF, 0xFF, 0x00,
        0xFF, 0xFF, 0xFF, 0x00, 0xFF, 0xFF, 0xFF, 0x00, 0xFF, 0xFF, 0xFF, 0x00,
        0xFF, 0xFF, 0xFF, 0x00, 0xFF, 0xFF, 0xFF, 0x00, 0xFF, 0xFF, 0xFF, 0x00,
        0xFF, 0xFF, 0xFF, 0x00, 0xFF, 0xFF, 0xFF, 0x00, 0xFF, 0xFF, 0xFF, 0x00,
        0xFF, 0xFF, 0xFF, 0x00, 0xFF, 0xFF, 0xFF, 0x00, 0xFF, 0xFF, 0xFF, 0x00,
        0xFF, 0xFF, 0xFF, 0x00, 0xFF, 0xFF, 0xFF, 0x00, 0xFF, 0xFF, 0xFF, 0x00,
        0xFF, 0xFF, 0xFF, 0x00, 0xFF, 0xFF, 0xFF, 0x00, 0xFF, 0xFF, 0xFF, 0x00,
        0xFF, 0xFF, 0xFF, 0x00, 0xFF, 0xFF, 0xFF, 0x00, 0xFF, 0xFF, 0xFF, 0x00,
        0xFF, 0xFF, 0xFF, 0x00, 0xFF, 0xFF, 0xFF, 0x00, 0xFF, 0xFF, 0xFF, 0x00,
        0xFF, 0xFF, 0xFF, 0x00, 0xFF, 0xFF, 0xFF, 0x00, 0xFF, 0xFF, 0xFF, 0x00,
        0xFF, 0xFF, 0xFF, 0x00, 0xFF, 0xFF, 0xFF, 0x00, 0xFF, 0xFF, 0xFF, 0x00,
        0xFF, 0xFF, 0xFF, 0x00, 0xFF, 0xFF, 0xFF, 0x00, 0xFF, 0xFF, 0xFF, 0x00,
        0xFF, 0xFF, 0xFF, 0x00, 0xFF, 0xFF, 0xFF, 0x00, 0xFF, 0xFF, 0xFF, 0x00,
        0xFF, 0xFF, 0xFF, 0x00, 0xFF, 0xFF, 0xFF, 0x00, 0xFF, 0xFF, 0xFF, 0x00,
        0xFF, 0xFF, 0xFF, 0x00, 0xFF, 0xFF, 0xFF, 0x00, 0xFF, 0xFF, 0xFF, 0x00,
        0xFF, 0xFF, 0xFF, 0x00, 0xFF, 0xFF, 0xFF, 0x00, 0xFF, 0xFF, 0xFF, 0x00,
        0xFF, 0xFF, 0xFF, 0x00, 0xFF, 0xFF, 0xFF, 0x00, 0xFF, 0xFF, 0xFF, 0x00,
        0xFF, 0xFF, 0xFF, 0x00, 0xFF, 0xFF, 0xFF, 0x00, 0xFF, 0xFF, 0xFF, 0x00,
        0xFF, 0xFF, 0xFF, 0x00, 0xFF, 0xFF, 0xFF, 0x00, 0xFF, 0xFF, 0xFF, 0x00,
        0xFF, 0xFF, 0xFF, 0x00, 0xFF, 0xFF, 0xFF, 0x00, 0xFF, 0xFF, 0xFF, 0x00,
        0xFF, 0xFF, 0xFF, 0x00, 0xFF, 0xFF, 0xFF, 0x00, 0xFF, 0xFF, 0xFF, 0x00,
        0xFF, 0xFF, 0xFF, 0x00, 0xFF, 0xFF, 0xFF, 0x00, 0xFF, 0xFF, 0xFF, 0x00,
        0xFF, 0xFF, 0xFF, 0x00, 0xFF, 0xFF, 0xFF, 0x00, 0xFF, 0xFF, 0xFF, 0x00,
        0xFF, 0xFF, 0xFF, 0x00, 0xFF, 0xFF, 0xFF, 0x00, 0xFF, 0xFF, 0xFF, 0x00,
        0xFF, 0xFF, 0xFF, 0x00, 0xFF, 0xFF, 0xFF, 0x00, 0xFF, 0xFF, 0xFF, 0x00,
        0xFF, 0xFF, 0xFF, 0x00, 0xFF, 0xFF, 0xFF, 0x00, 0xFF, 0xFF, 0xFF, 0x00,
        0xFF, 0xFF, 0xFF, 0x00, 0xFF, 0xFF, 0xFF, 0x00, 0xFF, 0xFF, 0xFF, 0x00,
        0xFF, 0xFF, 0xFF, 0x00, 0xFF, 0xFF, 0xFF, 0x00, 0xFF, 0xFF, 0xFF, 0x00,
        0xFF, 0xFF, 0xFF, 0x00, 0xFF, 0xFF, 0xFF, 0x00, 0xFF, 0xFF, 0xFF, 0x00,
        0xFF, 0xFF, 0xFF, 0x00, 0xFF, 0xFF, 0xFF, 0x00, 0xFF, 0xFF, 0xFF, 0x00,
        0xFF, 0xFF, 0xFF, 0x00, 0xFF, 0xFF, 0xFF, 0x00, 0xFF, 0xFF, 0xFF, 0x00,
        0xFF, 0xFF, 0xFF, 0x00, 0xFF, 0xFF, 0xFF, 0x00, 0xFF, 0xFF, 0xFF, 0x00,
        0xFF, 0xFF, 0xFF, 0x00, 0xFF, 0xFF, 0xFF, 0x00, 0xFF, 0xFF, 0xFF, 0x00,
        0xFF, 0xFF, 0xFF, 0x00, 0xFF, 0xFF, 0xFF, 0x00, 0xFF, 0xFF, 0xFF, 0x00,
        0xFF, 0xFF, 0xFF, 0x00, 0xFF, 0xFF, 0xFF, 0x00, 0xFF, 0xFF, 0xFF, 0x00,
        0xFF, 0xFF, 0xFF, 0x00, 0xFF, 0xFF, 0xFF, 0x00, 0xFF, 0xFF, 0xFF, 0x00,
        0xFF, 0xFF, 0xFF, 0x00, 0xFF, 0xFF, 0xFF, 0x00, 0xFF, 0xFF, 0xFF, 0x00,
        0xFF, 0xFF, 0xFF, 0x00, 0xFF, 0xFF, 0xFF, 0x00, 0xFF, 0xFF, 0xFF, 0x00,
        0xFF, 0xFF, 0xFF, 0x00, 0xFF, 0xFF, 0xFF, 0x00, 0xFF, 0xFF, 0xFF, 0x00,
        0xFF, 0xFF, 0xFF, 0x00, 0xFF, 0xFF, 0xFF, 0x00, 0xFF, 0xFF, 0xFF, 0x00,
        0xFF, 0xFF, 0xFF, 0x00, 0xFF, 0xFF, 0xFF, 0x00, 0xFF, 0xFF, 0xFF, 0x00,
        0xFF, 0xFF, 0xFF, 0x00, 0xFF, 0xFF, 0xFF, 0x00, 0xFF, 0xFF, 0xFF, 0x00,
        0xFF, 0xFF, 0xFF, 0x00, 0xFF, 0xFF, 0xFF, 0x00, 0xFF, 0xFF, 0xFF, 0x00,
        0xFF, 0xFF, 0xFF, 0x00, 0xFF, 0xFF, 0xFF, 0x00, 0xFF, 0xFF, 0xFF, 0x00,
        0xFF, 0xFF, 0xFF, 0x00, 0xFF, 0xFF, 0xFF, 0x00, 0xFF, 0xFF, 0xFF, 0x00,
        0xFF, 0xFF, 0xFF, 0x00, 0xFF, 0xFF, 0xFF, 0x00, 0xFF, 0xFF, 0xFF, 0x00,
        0xFF, 0xFF, 0xFF, 0x00, 0xFF, 0xFF, 0xFF, 0x00, 0xFF, 0xFF, 0xFF, 0x00,
        0xFF, 0xFF, 0xFF, 0x00, 0xFF, 0xFF, 0xFF, 0x00, 0xFF, 0xFF, 0xFF, 0x00,
        0xFF, 0xFF, 0xFF, 0x00, 0xFF, 0xFF, 0xFF, 0x00, 0xFF, 0xFF, 0xFF, 0x00,
        0xFF, 0xFF, 0xFF, 0x00, 0xFF, 0xFF, 0xFF, 0x00, 0xFF, 0xFF, 0xFF, 0x00,
        0xFF, 0xFF, 0xFF, 0x00, 0xFF, 0xFF, 0xFF, 0x00, 0xFF, 0xFF, 0xFF, 0x00,
        0xFF, 0xFF, 0xFF, 0x00, 0xFF, 0xFF, 0xFF, 0x00, 0xFF, 0xFF, 0xFF, 0x00,
        0xFF, 0xFF, 0xFF, 0x00, 0xFF, 0xFF, 0xFF, 0x00, 0xFF, 0xFF, 0xFF, 0x00,
        0xFF, 0xFF, 0xFF, 0x00, 0xFF, 0xFF, 0xFF, 0x00, 0xFF, 0xFF, 0xFF, 0x00,
        0xFF, 0xFF, 0xFF, 0x00, 0xFF, 0xFF, 0xFF, 0x00, 0xFF, 0xFF, 0xFF, 0x00,
        0xFF, 0xFF, 0xFF, 0x00, 0xFF, 0xFF, 0xFF, 0x00, 0xFF, 0xFF, 0xFF, 0x00,
        0xFF, 0xFF, 0xFF, 0x00, 0xFF, 0xFF, 0xFF, 0x00, 0xFF, 0xFF, 0xFF, 0x00,
        0xFF, 0xFF, 0xFF, 0x00, 0xFF, 0xFF, 0xFF, 0x00, 0xFF, 0xFF, 0xFF, 0x00,
        0xFF, 0xFF, 0xFF, 0x00, 0xFF, 0xFF, 0xFF, 0x00, 0xFF, 0xFF, 0xFF, 0x00,
        0xFF, 0xFF, 0xFF, 0x00, 0xFF, 0xFF, 0xFF, 0x00, 0xFF, 0xFF, 0xFF, 0x00,
        0xFF, 0xFF, 0xFF, 0x00, 0xFF, 0xFF, 0xFF, 0x00, 0xFF, 0xFF, 0xFF, 0x00,
        0xFF, 0xFF, 0xFF, 0x00, 0xFF, 0xFF, 0xFF, 0x00, 0xFF, 0xFF, 0xFF, 0x00,
        0xFF, 0xFF, 0xFF, 0x00, 0xFF, 0xFF, 0xFF, 0x00, 0xFF, 0xFF, 0xFF, 0x00,
        0xFF, 0xFF, 0xFF, 0x00, 0xFF, 0xFF, 0xFF, 0x00, 0xFF, 0xFF, 0xFF, 0x00,
        0xFF, 0xFF, 0xFF, 0x00, 0xFF, 0xFF, 0xFF, 0x00, 0xFF, 0xFF, 0xFF, 0x00,
        0xFF, 0xFF, 0xFF, 0x00, 0xFF, 0xFF, 0xFF, 0x00, 0xFF, 0xFF, 0xFF, 0x00,
        0xFF, 0xFF, 0xFF, 0x00, 0xFF, 0xFF, 0xFF, 0x00, 0xFF, 0xFF, 0xFF, 0x00,
        0xFF, 0xFF, 0xFF, 0x00, 0xFF, 0xFF, 0xFF, 0x00, 0xFF, 0xFF, 0xFF, 0x00,
        0xFF, 0xFF, 0xFF, 0x00, 0xFF, 0xFF, 0xFF, 0x00, 0xFF, 0xFF, 0xFF, 0x00,
        0xFF, 0xFF, 0xFF, 0x00, 0xFF, 0xFF, 0xFF, 0x00, 0xFF, 0xFF, 0xFF, 0x00,
        0xFF, 0xFF, 0xFF, 0x00, 0xFF, 0xFF, 0xFF, 0x00, 0xFF, 0xFF, 0xFF, 0x00,
        0xFF, 0xFF, 0xFF, 0x00, 0xFF, 0xFF, 0xFF, 0x00, 0xFF, 0xFF, 0xFF, 0x00,
        0xFF, 0xFF, 0xFF, 0x00, 0xFF, 0xFF, 0xFF, 0x00, 0xFF, 0xFF, 0xFF, 0x00,
        0xFF, 0xFF, 0xFF, 0x00, 0xFF, 0xFF, 0xFF, 0x00, 0xFF, 0xFF, 0xFF, 0x00,
        0xFF, 0xFF, 0xFF, 0x00, 0xFF, 0xFF, 0xFF, 0x00, 0xFF, 0xFF, 0xFF, 0x00,
        0xFF, 0xFF, 0xFF, 0x00, 0xFF, 0xFF, 0xFF, 0x00, 0xFF, 0xFF, 0xFF, 0x00,
        0xFF, 0xFF, 0xFF, 0x00, 0xFF, 0xFF, 0xFF, 0x00, 0xFF, 0xFF, 0xFF, 0x00,
        0xFF, 0xFF, 0xFF, 0x00, 0xFF, 0xFF, 0xFF, 0x00, 0xFF, 0xFF, 0xFF, 0x00,
        0xFF, 0xFF, 0xFF, 0x00, 0xFF, 0xFF, 0xFF, 0x00, 0xFF, 0xFF, 0xFF, 0x00,
        0xFF, 0xFF, 0xFF, 0x00, 0xFF, 0xFF, 0xFF, 0x00, 0xFF, 0xFF, 0xFF, 0x00,
        0xFF, 0xFF, 0xFF, 0x00, 0xFF, 0xFF, 0xFF, 0x00, 0xFF, 0xFF, 0xFF, 0x00,
        0xFF, 0xFF, 0xFF, 0x00, 0xFF, 0xFF, 0xFF, 0x00, 0xFF, 0xFF, 0xFF, 0x00,
        0xFF, 0xFF, 0xFF, 0x00, 0xFF, 0xFF, 0xFF, 0x00, 0xFF, 0xFF, 0xFF, 0x00,
        0xFF, 0xFF, 0xFF, 0x00, 0xFF, 0xFF, 0xFF, 0x00, 0xFF, 0xFF, 0xFF, 0x00,
        0xFF, 0xFF, 0xFF, 0x00, 0xFF, 0xFF, 0xFF, 0x00, 0xFF, 0xFF, 0xFF, 0x00,
        0xFF, 0xFF, 0xFF, 0x00, 0xFF, 0xFF, 0xFF, 0x00, 0xFF, 0xFF, 0xFF, 0x00,
        0xFF, 0xFF, 0xFF, 0x00, 0xFF, 0xFF, 0xFF, 0x00, 0xFF, 0xFF, 0xFF, 0x00,
        0xFF, 0xFF, 0xFF, 0x00, 0xFF, 0xFF, 0xFF, 0x00, 0xFF, 0xFF, 0xFF, 0x00,
        0xFF, 0xFF, 0xFF, 0x00, 0xFF, 0xFF, 0xFF, 0x00, 0xFF, 0xFF, 0xFF, 0x00,
        0xFF, 0xFF, 0xFF, 0x00, 0xFF, 0xFF, 0xFF, 0x00, 0xFF, 0xFF, 0xFF, 0x00,
        0xFF, 0xFF, 0xFF, 0x00, 0xFF, 0xFF, 0xFF, 0x00, 0xFF, 0xFF, 0xFF, 0x00,
        0xFF, 0xFF, 0xFF, 0x00, 0xFF, 0xFF, 0xFF, 0x00, 0xFF, 0xFF, 0xFF, 0x00,
        0xFF, 0xFF, 0xFF, 0x00, 0xFF, 0xFF, 0xFF, 0x00, 0xFF, 0xFF, 0xFF, 0x00,
        0xFF, 0xFF, 0xFF, 0x00, 0xFF, 0xFF, 0xFF, 0x00, 0xFF, 0xFF, 0xFF, 0x00,
        0xFF, 0xFF, 0xFF, 0x00, 0xFF, 0xFF, 0xFF, 0x00, 0xFF, 0xFF, 0xFF, 0x00,
        0xFF, 0xFF, 0xFF, 0x00, 0xFF, 0xFF, 0xFF, 0x00, 0xFF, 0xFF, 0xFF, 0x00,
        0xFF, 0xFF, 0xFF, 0x00, 0xFF, 0xFF, 0xFF, 0x00, 0xFF, 0xFF, 0xFF, 0x00,
        0xFF, 0xFF, 0xFF, 0x00, 0xFF, 0xFF, 0xFF, 0x00, 0xFF, 0xFF, 0xFF, 0x00,
        0xFF, 0xFF, 0xFF, 0x00, 0xFF, 0xFF, 0xFF, 0x00, 0xFF, 0xFF, 0xFF, 0x00,
        0xFF, 0xFF, 0xFF, 0x00, 0xFF, 0xFF, 0xFF, 0x00, 0xFF, 0xFF, 0xFF, 0x00,
        0xFF, 0xFF, 0xFF, 0x00, 0xFF, 0xFF, 0xFF, 0x00, 0xFF, 0xFF, 0xFF, 0x00,
        0xFF, 0xFF, 0xFF, 0x00, 0xFF, 0xFF, 0xFF, 0x00, 0xFF, 0xFF, 0xFF, 0x00,
        0xFF, 0xFF, 0xFF, 0x00, 0xFF, 0xFF, 0xFF, 0x00, 0xFF, 0xFF, 0xFF, 0x00,
        0xFF, 0xFF, 0xFF, 0x00, 0xFF, 0xFF, 0xFF, 0x00, 0xFF, 0xFF, 0xFF, 0x00,
        0xFF, 0xFF, 0xFF, 0x00, 0xFF, 0xFF, 0xFF, 0x00, 0xFF, 0xFF, 0xFF, 0x00,
        0xFF, 0xFF, 0xFF, 0x00, 0xFF, 0xFF, 0xFF, 0x00, 0xFF, 0xFF, 0xFF, 0x00,
        0xFF, 0xFF, 0xFF, 0x00, 0xFF, 0xFF, 0xFF, 0x00, 0xFF, 0xFF, 0xFF, 0x00,
        0xFF, 0xFF, 0xFF, 0x00, 0xFF, 0xFF, 0xFF, 0x00, 0xFF, 0xFF, 0xFF, 0x00,
        0xFF, 0xFF, 0xFF, 0x00, 0xFF, 0xFF, 0xFF, 0x00, 0xFF, 0xFF, 0xFF, 0x00,
        0xFF, 0xFF, 0xFF, 0x00, 0xFF, 0xFF, 0xFF, 0x00, 0xFF, 0xFF, 0xFF, 0x00,
        0xFF, 0xFF, 0xFF, 0x00, 0xFF, 0xFF, 0xFF, 0x00, 0xFF, 0xFF, 0xFF, 0x00,
        0xFF, 0xFF, 0xFF, 0x00, 0xFF, 0xFF, 0xFF, 0x00, 0xFF, 0xFF, 0xFF, 0x00,
        0xFF, 0xFF, 0xFF, 0x00, 0xFF, 0xFF, 0xFF, 0x00, 0xFF, 0xFF, 0xFF, 0x00,
        0xFF, 0xFF, 0xFF, 0x00, 0xFF, 0xFF, 0xFF, 0x00, 0xFF, 0xFF, 0xFF, 0x00,
        0xFF, 0xFF, 0xFF, 0x00, 0xFF, 0xFF, 0xFF, 0x00, 0xFF, 0xFF, 0xFF, 0x00,
        0xFF, 0xFF, 0xFF, 0x00, 0xFF, 0xFF, 0xFF, 0x00, 0xFF, 0xFF, 0xFF, 0x00,
        0xFF, 0xFF, 0xFF, 0x00, 0xFF, 0xFF, 0xFF, 0x00, 0xFF, 0xFF, 0xFF, 0x00,
        0xFF, 0xFF, 0xFF, 0x00, 0xFF, 0xFF, 0xFF, 0x00, 0xFF, 0xFF, 0xFF, 0x00,
        0xFF, 0xFF, 0xFF, 0x00, 0xFF, 0xFF, 0xFF, 0x00, 0xFF, 0xFF, 0xFF, 0x00,
        0xFF, 0xFF, 0xFF, 0x00, 0xFF, 0xFF, 0xFF, 0x00, 0xFF, 0xFF, 0xFF, 0x00,
        0xFF, 0xFF, 0xFF, 0x00, 0xFF, 0xFF, 0xFF, 0x00, 0xFF, 0xFF, 0xFF, 0x00,
        0xFF, 0xFF, 0xFF, 0x00, 0xFF, 0xFF, 0xFF, 0x00, 0xFF, 0xFF, 0xFF, 0x00,
        0xFF, 0xFF, 0xFF, 0x00, 0xFF, 0xFF, 0xFF, 0x00, 0xFF, 0xFF, 0xFF, 0x00,
        0xFF, 0xFF, 0xFF, 0x00, 0xFF, 0xFF, 0xFF, 0x00, 0xFF, 0xFF, 0xFF, 0x00,
        0xFF, 0xFF, 0xFF, 0x00, 0xFF, 0xFF, 0xFF, 0x00, 0xFF, 0xFF, 0xFF, 0x00,
        0xFF, 0xFF, 0xFF, 0x00, 0xFF, 0xFF, 0xFF, 0x00, 0xFF, 0xFF, 0xFF, 0x00,
        0xFF, 0xFF, 0xFF, 0x00, 0xFF, 0xFF, 0xFF, 0x00, 0xFF, 0xFF, 0xFF, 0x00,
        0xFF, 0xFF, 0xFF, 0x00, 0xFF, 0xFF, 0xFF, 0x00, 0xFF, 0xFF, 0xFF, 0x00,
        0xFF, 0xFF, 0xFF, 0x00, 0xFF, 0xFF, 0xFF, 0x00, 0xFF, 0xFF, 0xFF, 0x00,
        0xFF, 0xFF, 0xFF, 0x00, 0xFF, 0xFF, 0xFF, 0x00, 0xFF, 0xFF, 0xFF, 0x00,
        0xFF, 0xFF, 0xFF, 0x00, 0xFF, 0xFF, 0xFF, 0x00, 0xFF, 0xFF, 0xFF, 0x00,
        0xFF, 0xFF, 0xFF, 0x00, 0xFF, 0xFF, 0xFF, 0x00, 0xFF, 0xFF, 0xFF, 0x00,
        0xFF, 0xFF, 0xFF, 0x00, 0xFF, 0xFF, 0xFF, 0x00, 0xFF, 0xFF, 0xFF, 0x00,
        0xFF, 0xFF, 0xFF, 0x00, 0xFF, 0xFF, 0xFF, 0x00, 0xFF, 0xFF, 0xFF, 0x00,
        0xFF, 0xFF, 0xFF, 0x00, 0xFF, 0xFF, 0xFF, 0x00, 0xFF, 0xFF, 0xFF, 0x00,
        0xFF, 0xFF, 0xFF, 0x00, 0xFF, 0xFF, 0xFF, 0x00, 0xFF, 0xFF, 0xFF, 0x00,
        0xFF, 0xFF, 0xFF, 0x00, 0xFF, 0xFF, 0xFF, 0x00, 0xFF, 0xFF, 0xFF, 0x00,
        0xFF, 0xFF, 0xFF, 0x00, 0xFF, 0xFF, 0xFF, 0x00, 0xFF, 0xFF, 0xFF, 0x00,
        0xFF, 0xFF, 0xFF, 0x00, 0xFF, 0xFF, 0xFF, 0x00, 0xFF, 0xFF, 0xFF, 0x00,
        0xFF, 0xFF, 0xFF, 0x00, 0xFF, 0xFF, 0xFF, 0x00, 0xFF, 0xFF, 0xFF, 0x00,
        0xFF, 0xFF, 0xFF, 0x00, 0xFF, 0xFF, 0xFF, 0x00, 0xFF, 0xFF, 0xFF, 0x00,
        0xFF, 0xFF, 0xFF, 0x00, 0xFF, 0xFF, 0xFF, 0x00, 0xFF, 0xFF, 0xFF, 0x00,
        0xFF, 0xFF, 0xFF, 0x00, 0xFF, 0xFF, 0xFF, 0x00, 0xFF, 0xFF, 0xFF, 0x00,
        0xFF, 0xFF, 0xFF, 0x00, 0xFF, 0xFF, 0xFF, 0x00, 0xFF, 0xFF, 0xFF, 0x00,
        0xFF, 0xFF, 0xFF, 0x00, 0xFF, 0xFF, 0xFF, 0x00, 0xFF, 0xFF, 0xFF, 0x00,
        0xFF, 0xFF, 0xFF, 0x00, 0xFF, 0xFF, 0xFF, 0x00, 0xFF, 0xFF, 0xFF, 0x00,
        0xFF, 0xFF, 0xFF, 0x00, 0xFF, 0xFF, 0xFF, 0x00, 0xFF, 0xFF, 0xFF, 0x00,
        0xFF, 0xFF, 0xFF, 0x00, 0xFF, 0xFF, 0xFF, 0x00, 0xFF, 0xFF, 0xFF, 0x00,
        0xFF, 0xFF, 0xFF, 0x00, 0xFF, 0xFF, 0xFF, 0x00, 0xFF, 0xFF, 0xFF, 0x00,
        0xFF, 0xFF, 0xFF, 0x00, 0xFF, 0xFF, 0xFF, 0x00, 0xFF, 0xFF, 0xFF, 0x00,
        0xFF, 0xFF, 0xFF, 0x00, 0xFF, 0xFF, 0xFF, 0x00, 0xFF, 0xFF, 0xFF, 0x00,
        0xFF, 0xFF, 0xFF, 0x00, 0xFF, 0xFF, 0xFF, 0x00, 0xFF, 0xFF, 0xFF, 0x00,
        0xFF, 0xFF, 0xFF, 0x00, 0xFF, 0xFF, 0xFF, 0x00, 0xFF, 0xFF, 0xFF, 0x00,
        0xFF, 0xFF, 0xFF, 0x00, 0xFF, 0xFF, 0xFF, 0x00, 0xFF, 0xFF, 0xFF, 0x00,
        0xFF, 0xFF, 0xFF, 0x00, 0xFF, 0xFF, 0xFF, 0x00, 0xFF, 0xFF, 0xFF, 0x00,
        0xFF, 0xFF, 0xFF, 0x00, 0xFF, 0xFF, 0xFF, 0x00, 0xFF, 0xFF, 0xFF, 0x00,
        0xFF, 0xFF, 0xFF, 0x00, 0xFF, 0xFF, 0xFF, 0x00, 0xFF, 0xFF, 0xFF, 0x00,
        0xFF, 0xFF, 0xFF, 0x00, 0xFF, 0xFF, 0xFF, 0x00, 0xFF, 0xFF, 0xFF, 0x00,
        0xFF, 0xFF, 0xFF, 0x00, 0xFF, 0xFF, 0xFF, 0x00, 0xFF, 0xFF, 0xFF, 0x00,
        0xFF, 0xFF, 0xFF, 0x00, 0xFF, 0xFF, 0xFF, 0x00, 0xFF, 0xFF, 0xFF, 0x00,
        0xFF, 0xFF, 0xFF, 0x00, 0xFF, 0xFF, 0xFF, 0x00, 0xFF, 0xFF, 0xFF, 0x00,
        0xFF, 0xFF, 0xFF, 0x00, 0xFF, 0xFF, 0xFF, 0x00, 0xFF, 0xFF, 0xFF, 0x00,
        0xFF, 0xFF, 0xFF, 0x00, 0xFF, 0xFF, 0xFF, 0x00, 0xFF, 0xFF, 0xFF, 0x00,
        0xFF, 0xFF, 0xFF, 0x00, 0xFF, 0xFF, 0xFF, 0x00, 0xFF, 0xFF, 0xFF, 0x00,
        0xFF, 0xFF, 0xFF, 0x00, 0xFF, 0xFF, 0xFF, 0x00, 0xFF, 0xFF, 0xFF, 0x00,
        0xFF, 0xFF, 0xFF, 0x00, 0xFF, 0xFF, 0xFF, 0x00, 0xFF, 0xFF, 0xFF, 0x00,
        0xFF, 0xFF, 0xFF, 0x00, 0xFF, 0xFF, 0xFF, 0x00, 0xFF, 0xFF, 0xFF, 0x00,
        0xFF, 0xFF, 0xFF, 0x00, 0xFF, 0xFF, 0xFF, 0x00, 0xFF, 0xFF, 0xFF, 0x00,
        0xFF, 0xFF, 0xFF, 0x00, 0xFF, 0xFF, 0xFF, 0x00, 0xFF, 0xFF, 0xFF, 0x00,
        0xFF, 0xFF, 0xFF, 0x00, 0xFF, 0xFF, 0xFF, 0x00, 0xFF, 0xFF, 0xFF, 0x00,
        0xFF, 0xFF, 0xFF, 0x00, 0xFF, 0xFF, 0xFF, 0x00, 0xFF, 0xFF, 0xFF, 0x00,
        0xFF, 0xFF, 0xFF, 0x00, 0xFF, 0xFF, 0xFF, 0x00, 0xFF, 0xFF, 0xFF, 0x00,
        0xFF, 0xFF, 0xFF, 0x00, 0xFF, 0xFF, 0xFF, 0x00, 0xFF, 0xFF, 0xFF, 0x00,
        0xFF, 0xFF, 0xFF, 0x00, 0xFF, 0xFF, 0xFF, 0x00, 0xFF, 0xFF, 0xFF, 0x00,
        0xFF, 0xFF, 0xFF, 0x00, 0xFF, 0xFF, 0xFF, 0x00, 0xFF, 0xFF, 0xFF, 0x00,
        0xFF, 0xFF, 0xFF, 0x00, 0xFF, 0xFF, 0xFF, 0x00, 0xFF, 0xFF, 0xFF, 0x00,
        0xFF, 0xFF, 0xFF, 0x00, 0xFF, 0xFF, 0xFF, 0x00, 0xFF, 0xFF, 0xFF, 0x00,
        0xFF, 0xFF, 0xFF, 0x00, 0xFF, 0xFF, 0xFF, 0x00, 0xFF, 0xFF, 0xFF, 0x00,
        0xFF, 0xFF, 0xFF, 0x00, 0xFF, 0xFF, 0xFF, 0x00, 0xFF, 0xFF, 0xFF, 0x00,
        0xFF, 0xFF, 0xFF, 0x00, 0xFF, 0xFF, 0xFF, 0x00, 0xFF, 0xFF, 0xFF, 0x00,
        0xFF, 0xFF, 0xFF, 0x00, 0xFF, 0xFF, 0xFF, 0x00, 0xFF, 0xFF, 0xFF, 0x00,
        0xFF, 0xFF, 0xFF, 0x00, 0xFF, 0xFF, 0xFF, 0x00, 0xFF, 0xFF, 0xFF, 0x00,
        0xFF, 0xFF, 0xFF, 0x00, 0xFF, 0xFF, 0xFF, 0x00, 0xFF, 0xFF, 0xFF, 0x00,
        0xFF, 0xFF, 0xFF, 0x00, 0xFF, 0xFF, 0xFF, 0x00, 0xFF, 0xFF, 0xFF, 0x00,
        0xFF, 0xFF, 0xFF, 0x00, 0xFF, 0xFF, 0xFF, 0x00, 0xFF, 0xFF, 0xFF, 0x00,
        0xFF, 0xFF, 0xFF, 0x00, 0xFF, 0xFF, 0xFF, 0x00, 0xFF, 0xFF, 0xFF, 0x00,
        0xFF, 0xFF, 0xFF, 0x00, 0xFF, 0xFF, 0xFF, 0x00, 0xFF, 0xFF, 0xFF, 0x00,
        0xFF, 0xFF, 0xFF, 0x00, 0xFF, 0xFF, 0xFF, 0x00, 0xFF, 0xFF, 0xFF, 0x00,
        0xFF, 0xFF, 0xFF, 0x00, 0xFF, 0xFF, 0xFF, 0x00, 0xFF, 0xFF, 0xFF, 0x00,
        0xFF, 0xFF, 0xFF, 0x00, 0xFF, 0xFF, 0xFF, 0x00, 0xFF, 0xFF, 0xFF, 0x00,
        0xFF, 0xFF, 0xFF, 0x00, 0xFF, 0xFF, 0xFF, 0x00, 0xFF, 0xFF, 0xFF, 0x00,
        0xFF, 0xFF, 0xFF, 0x00, 0xFF, 0xFF, 0xFF, 0x00, 0xFF, 0xFF, 0xFF, 0x00,
        0xFF, 0xFF, 0xFF, 0x00, 0xFF, 0xFF, 0xFF, 0x00, 0xFF, 0xFF, 0xFF, 0x00,
        0xFF, 0xFF, 0xFF, 0x00, 0xFF, 0xFF, 0xFF, 0x00, 0xFF, 0xFF, 0xFF, 0x00,
        0xFF, 0xFF, 0xFF, 0x00, 0xFF, 0xFF, 0xFF, 0x00, 0xFF, 0xFF, 0xFF, 0x00,
        0xFF, 0xFF, 0xFF, 0x00, 0xFF, 0xFF, 0xFF, 0x00, 0xFF, 0xFF, 0xFF, 0x00,
        0xFF, 0xFF, 0xFF, 0x00, 0xFF, 0xFF, 0xFF, 0x00, 0xFF, 0xFF, 0xFF, 0x00,
        0xFF, 0xFF, 0xFF, 0x00, 0xFF, 0xFF, 0xFF, 0x00, 0xFF, 0xFF, 0xFF, 0x00,
        0xFF, 0xFF, 0xFF, 0x00, 0xFF, 0xFF, 0xFF, 0x00, 0xFF, 0xFF, 0xFF, 0x00,
        0xFF, 0xFF, 0xFF, 0x00, 0xFF, 0xFF, 0xFF, 0x00, 0xFF, 0xFF, 0xFF, 0x00,
        0xFF, 0xFF, 0xFF, 0x00, 0xFF, 0xFF, 0xFF, 0x00, 0xFF, 0xFF, 0xFF, 0x00,
        0xFF, 0xFF, 0xFF, 0x00, 0xFF, 0xFF, 0xFF, 0x00, 0xFF, 0xFF, 0xFF, 0x00,
        0xFF, 0xFF, 0xFF, 0x00, 0xFF, 0xFF, 0xFF, 0x00, 0xFF, 0xFF, 0xFF, 0x00,
        0xFF, 0xFF, 0xFF, 0x00, 0xFF, 0xFF, 0xFF, 0x00, 0xFF, 0xFF, 0xFF, 0x00,
        0xFF, 0xFF, 0xFF, 0x00, 0xFF, 0xFF, 0xFF, 0x00, 0xFF, 0xFF, 0xFF, 0x00,
        0xFF, 0xFF, 0xFF, 0x00, 0xFF, 0xFF, 0xFF, 0x00, 0xFF, 0xFF, 0xFF, 0x00,
        0xFF, 0xFF, 0xFF, 0x00, 0xFF, 0xFF, 0xFF, 0x00, 0xFF, 0xFF, 0xFF, 0x00,
        0xFF, 0xFF, 0xFF, 0x00, 0xFF, 0xFF, 0xFF, 0x00, 0xFF, 0xFF, 0xFF, 0x00,
        0xFF, 0xFF, 0xFF, 0x00, 0xFF, 0xFF, 0xFF, 0x00, 0xFF, 0xFF, 0xFF, 0x00,
        0xFF, 0xFF, 0xFF, 0x00, 0xFF, 0xFF, 0xFF, 0x00, 0xFF, 0xFF, 0xFF, 0x00,
        0xFF, 0xFF, 0xFF, 0x00, 0xFF, 0xFF, 0xFF, 0x00, 0xFF, 0xFF, 0xFF, 0x00,
        0xFF, 0xFF, 0xFF, 0x00, 0xFF, 0xFF, 0xFF, 0x00, 0xFF, 0xFF, 0xFF, 0x00,
        0xFF, 0xFF, 0xFF, 0x00, 0xFF, 0xFF, 0xFF, 0x00, 0xFF, 0xFF, 0xFF, 0x00,
        0xFF, 0xFF, 0xFF, 0x00, 0xFF, 0xFF, 0xFF, 0x00, 0xFF, 0xFF, 0xFF, 0x00,
        0xFF, 0xFF, 0xFF, 0x00, 0xFF, 0xFF, 0xFF, 0x00, 0xFF, 0xFF, 0xFF, 0x00,
        0xFF, 0xFF, 0xFF, 0x00, 0xFF, 0xFF, 0xFF, 0x00, 0xFF, 0xFF, 0xFF, 0x00,
        0xFF, 0xFF, 0xFF, 0x00, 0xFF, 0xFF, 0xFF, 0x00, 0xFF, 0xFF, 0xFF, 0x00,
        0xFF, 0xFF, 0xFF, 0x00, 0xFF, 0xFF, 0xFF, 0x00, 0xFF, 0xFF, 0xFF, 0x00,
        0xFF, 0xFF, 0xFF, 0x00, 0xFF, 0xFF, 0xFF, 0x00, 0xFF, 0xFF, 0xFF, 0x00,
        0xFF, 0xFF, 0xFF, 0x00, 0xFF, 0xFF, 0xFF, 0x00, 0xFF, 0xFF, 0xFF, 0x00,
        0xFF, 0xFF, 0xFF, 0x00, 0xFF, 0xFF, 0xFF, 0x00, 0xFF, 0xFF, 0xFF, 0x00,
        0xFF, 0xFF, 0xFF, 0x00, 0xFF, 0xFF, 0xFF, 0x00, 0xFF, 0xFF, 0xFF, 0x00,
        0xFF, 0xFF, 0xFF, 0x00, 0xFF, 0xFF, 0xFF, 0x00, 0xFF, 0xFF, 0xFF, 0x00,
        0xFF, 0xFF, 0xFF, 0x00, 0xFF, 0xFF, 0xFF, 0x00, 0xFF, 0xFF, 0xFF, 0x00,
        0xFF, 0xFF, 0xFF, 0x00, 0xFF, 0xFF, 0xFF, 0x00, 0xFF, 0xFF, 0xFF, 0x00,
        0xFF, 0xFF, 0xFF, 0x00, 0xFF, 0xFF, 0xFF, 0x00, 0xFF, 0xFF, 0xFF, 0x00,
        0xFF, 0xFF, 0xFF, 0x00, 0xFF, 0xFF, 0xFF, 0x00, 0xFF, 0xFF, 0xFF, 0x00,
        0xFF, 0xFF, 0xFF, 0x00, 0xFF, 0xFF, 0xFF, 0x00, 0xFF, 0xFF, 0xFF, 0x00,
        0xFF, 0xFF, 0xFF, 0x00, 0xFF, 0xFF, 0xFF, 0x00, 0xFF, 0xFF, 0xFF, 0x00,
        0xFF, 0xFF, 0xFF, 0x00, 0xFF, 0xFF, 0xFF, 0x00, 0xFF, 0xFF, 0xFF, 0x00,
        0xFF, 0xFF, 0xFF, 0x00, 0xFF, 0xFF, 0xFF, 0x00, 0xFF, 0xFF, 0xFF, 0x00,
        0xFF, 0xFF, 0xFF, 0x00, 0xFF, 0xFF, 0xFF, 0x00, 0xFF, 0xFF, 0xFF, 0x00,
        0xFF, 0xFF, 0xFF, 0x00, 0xFF, 0xFF, 0xFF, 0x00, 0xFF, 0xFF, 0xFF, 0x00,
        0xFF, 0xFF, 0xFF, 0x00, 0xFF, 0xFF, 0xFF, 0x00, 0xFF, 0xFF, 0xFF, 0x00,
        0xFF, 0xFF, 0xFF, 0x00, 0xFF, 0xFF, 0xFF, 0x00, 0xFF, 0xFF, 0xFF, 0x00,
        0xFF, 0xFF, 0xFF, 0x00, 0xFF, 0xFF, 0xFF, 0x00, 0xFF, 0xFF, 0xFF, 0x00,
        0xFF, 0xFF, 0xFF, 0x00, 0xFF, 0xFF, 0xFF, 0x00, 0xFF, 0xFF, 0xFF, 0x00,
        0xFF, 0xFF, 0xFF, 0x00, 0xFF, 0xFF, 0xFF, 0x00, 0xFF, 0xFF, 0xFF, 0x00,
        0xFF, 0xFF, 0xFF, 0x00, 0xFF, 0xFF, 0xFF, 0x00, 0xFF, 0xFF, 0xFF, 0x00,
        0xFF, 0xFF, 0xFF, 0x00, 0xFF, 0xFF, 0xFF, 0x00, 0xFF, 0xFF, 0xFF, 0x00,
        0xFF, 0xFF, 0xFF, 0x00, 0xFF, 0xFF, 0xFF, 0x00, 0xFF, 0xFF, 0xFF, 0x00,
        0xFF, 0xFF, 0xFF, 0x00, 0xFF, 0xFF, 0xFF, 0x00, 0xFF, 0xFF, 0xFF, 0x00,
        0xFF, 0xFF, 0xFF, 0x00, 0xFF, 0xFF, 0xFF, 0x00, 0xFF, 0xFF, 0xFF, 0x00,
        0xFF, 0xFF, 0xFF, 0x00, 0xFF, 0xFF, 0xFF, 0x00, 0xFF, 0xFF, 0xFF, 0x00,
        0xFF, 0xFF, 0xFF, 0x00, 0xFF, 0xFF, 0xFF, 0x00, 0xFF, 0xFF, 0xFF, 0x00,
        0xFF, 0xFF, 0xFF, 0x00, 0xFF, 0xFF, 0xFF, 0x00, 0xFF, 0xFF, 0xFF, 0x00,
        0xFF, 0xFF, 0xFF, 0x00, 0xFF, 0xFF, 0xFF, 0x00, 0xFF, 0xFF, 0xFF, 0x00,
        0xFF, 0xFF, 0xFF, 0x00, 0xFF, 0xFF, 0xFF, 0x00, 0xFF, 0xFF, 0xFF, 0x00,
        0xFF, 0xFF, 0xFF, 0x00, 0xFF, 0xFF, 0xFF, 0x00, 0xFF, 0xFF, 0xFF, 0x00,
        0xFF, 0xFF, 0xFF, 0x00, 0xFF, 0xFF, 0xFF, 0x00, 0xFF, 0xFF, 0xFF, 0x00,
        0xFF, 0xFF, 0xFF, 0x00, 0xFF, 0xFF, 0xFF, 0x00, 0xFF, 0xFF, 0xFF, 0x00,
        0xFF, 0xFF, 0xFF, 0x00, 0xFF, 0xFF, 0xFF, 0x00, 0xFF, 0xFF, 0xFF, 0x00,
        0xFF, 0xFF, 0xFF, 0x00, 0xFF, 0xFF, 0xFF, 0x00, 0xFF, 0xFF, 0xFF, 0x00,
        0xFF, 0xFF, 0xFF, 0x00, 0xFF, 0xFF, 0xFF, 0x00, 0xFF, 0xFF, 0xFF, 0x00,
        0xFF, 0xFF, 0xFF, 0x00, 0xFF, 0xFF, 0xFF, 0x00, 0xFF, 0xFF, 0xFF, 0x00,
        0xFF, 0xFF, 0xFF, 0x00, 0xFF, 0xFF, 0xFF, 0x00, 0xFF, 0xFF, 0xFF, 0x00,
        0xFF, 0xFF, 0xFF, 0x00, 0xFF, 0xFF, 0xFF, 0x00, 0xFF, 0xFF, 0xFF, 0x00,
        0xFF, 0xFF, 0xFF, 0x00, 0xFF, 0xFF, 0xFF, 0x00, 0xFF, 0xFF, 0xFF, 0x00,
        0xFF, 0xFF, 0xFF, 0x00, 0xFF, 0xFF, 0xFF, 0x00, 0xFF, 0xFF, 0xFF, 0x00,
        0xFF, 0xFF, 0xFF, 0x00, 0xFF, 0xFF, 0xFF, 0x00, 0xFF, 0xFF, 0xFF, 0x00,
        0xFF, 0xFF, 0xFF, 0x00, 0xFF, 0xFF, 0xFF, 0x00, 0xFF, 0xFF, 0xFF, 0x00,
        0xFF, 0xFF, 0xFF, 0x00, 0xFF, 0xFF, 0xFF, 0x00, 0xFF, 0xFF, 0xFF, 0x00,
        0xFF, 0xFF, 0xFF, 0x00, 0xFF, 0xFF, 0xFF, 0x00, 0xFF, 0xFF, 0xFF, 0x00,
        0xFF, 0xFF, 0xFF, 0x00, 0xFF, 0xFF, 0xFF, 0x00, 0xFF, 0xFF, 0xFF, 0x00,
        0xFF, 0xFF, 0xFF, 0x00, 0xFF, 0xFF, 0xFF, 0x00, 0xFF, 0xFF, 0xFF, 0x00,
        0xFF, 0xFF, 0xFF, 0x00, 0xFF, 0xFF, 0xFF, 0x00, 0xFF, 0xFF, 0xFF, 0x00,
        0xFF, 0xFF, 0xFF, 0x00, 0xFF, 0xFF, 0xFF, 0x00, 0xFF, 0xFF, 0xFF, 0x00,
        0xFF, 0xFF, 0xFF, 0x00, 0xFF, 0xFF, 0xFF, 0x00, 0xFF, 0xFF, 0xFF, 0x00,
        0xFF, 0xFF, 0xFF, 0x00, 0xFF, 0xFF, 0xFF, 0x00, 0xFF, 0xFF, 0xFF, 0x00,
        0xFF, 0xFF, 0xFF, 0x00, 0xFF, 0xFF, 0xFF, 0x00, 0xFF, 0xFF, 0xFF, 0x00,
        0xFF, 0xFF, 0xFF, 0x00, 0xFF, 0xFF, 0xFF, 0x00, 0xFF, 0xFF, 0xFF, 0x00,
        0xFF, 0xFF, 0xFF, 0x00, 0xFF, 0xFF, 0xFF, 0x00, 0xFF, 0xFF, 0xFF, 0x00,
        0xFF, 0xFF, 0xFF, 0x00, 0xFF, 0xFF, 0xFF, 0x00, 0xFF, 0xFF, 0xFF, 0x00,
        0xFF, 0xFF, 0xFF, 0x00, 0xFF, 0xFF, 0xFF, 0x00, 0xFF, 0xFF, 0xFF, 0x00,
        0xFF, 0xFF, 0xFF, 0x00, 0xFF, 0xFF, 0xFF, 0x00, 0xFF, 0xFF, 0xFF, 0x00,
        0xFF, 0xFF, 0xFF, 0x00, 0xFF, 0xFF, 0xFF, 0x00, 0xFF, 0xFF, 0xFF, 0x00,
        0xFF, 0xFF, 0xFF, 0x00, 0xFF, 0xFF, 0xFF, 0x00, 0xFF, 0xFF, 0xFF, 0x00,
        0xFF, 0xFF, 0xFF, 0x00, 0xFF, 0xFF, 0xFF, 0x00, 0xFF, 0xFF, 0xFF, 0x00,
        0xFF, 0xFF, 0xFF, 0x00, 0xFF, 0xFF, 0xFF, 0x00, 0xFF, 0xFF, 0xFF, 0x00,
        0xFF, 0xFF, 0xFF, 0x00, 0xFF, 0xFF, 0xFF, 0x00, 0xFF, 0xFF, 0xFF, 0x00,
        0xFF, 0xFF, 0xFF, 0x00, 0xFF, 0xFF, 0xFF, 0x00, 0xFF, 0xFF, 0xFF, 0x00,
        0xFF, 0xFF, 0xFF, 0x00, 0xFF, 0xFF, 0xFF, 0x00, 0xFF, 0xFF, 0xFF, 0x00,
        0xFF, 0xFF, 0xFF, 0x00, 0xFF, 0xFF, 0xFF, 0x00, 0xFF, 0xFF, 0xFF, 0x00,
        0xFF, 0xFF, 0xFF, 0x00, 0xFF, 0xFF, 0xFF, 0x00, 0xFF, 0xFF, 0xFF, 0x00,
        0xFF, 0xFF, 0xFF, 0x00, 0xFF, 0xFF, 0xFF, 0x00, 0xFF, 0xFF, 0xFF, 0x00,
        0xFF, 0xFF, 0xFF, 0x00, 0xFF, 0xFF, 0xFF, 0x00, 0xFF, 0xFF, 0xFF, 0x00,
        0xFF, 0xFF, 0xFF, 0x00, 0xFF, 0xFF, 0xFF, 0x00, 0xFF, 0xFF, 0xFF, 0x00,
        0xFF, 0xFF, 0xFF, 0x00, 0xFF, 0xFF, 0xFF, 0x00, 0xFF, 0xFF, 0xFF, 0x00,
        0xFF, 0xFF, 0xFF, 0x00, 0xFF, 0xFF, 0xFF, 0x00, 0xFF, 0xFF, 0xFF, 0x00,
        0xFF, 0xFF, 0xFF, 0x00, 0xFF, 0xFF, 0xFF, 0x00, 0xFF, 0xFF, 0xFF, 0x00,
        0xFF, 0xFF, 0xFF, 0x00, 0xFF, 0xFF, 0xFF, 0x00, 0xFF, 0xFF, 0xFF, 0x00,
        0xFF, 0xFF, 0xFF, 0x00, 0xFF, 0xFF, 0xFF, 0x00, 0xFF, 0xFF, 0xFF, 0x00,
        0xFF, 0xFF, 0xFF, 0x00, 0xFF, 0xFF, 0xFF, 0x00, 0xFF, 0xFF, 0xFF, 0x00,
        0xFF, 0xFF, 0xFF, 0x00, 0xFF, 0xFF, 0xFF, 0x00, 0xFF, 0xFF, 0xFF, 0x00,
        0xFF, 0xFF, 0xFF, 0x00, 0xFF, 0xFF, 0xFF, 0x00, 0xFF, 0xFF, 0xFF, 0x00,
        0xFF, 0xFF, 0xFF, 0x00, 0xFF, 0xFF, 0xFF, 0x00, 0xFF, 0xFF, 0xFF, 0x00,
        0xFF, 0xFF, 0xFF, 0x00, 0xFF, 0xFF, 0xFF, 0x00, 0xFF, 0xFF, 0xFF, 0x00,
        0xFF, 0xFF, 0xFF, 0x00, 0xFF, 0xFF, 0xFF, 0x00, 0xFF, 0xFF, 0xFF, 0x00,
        0xFF, 0xFF, 0xFF, 0x00, 0xFF, 0xFF, 0xFF, 0x00, 0xFF, 0xFF, 0xFF, 0x00,
        0xFF, 0xFF, 0xFF, 0x00, 0xFF, 0xFF, 0xFF, 0x00, 0xFF, 0xFF, 0xFF, 0x00,
        0xFF, 0xFF, 0xFF, 0x00, 0xFF, 0xFF, 0xFF, 0x00, 0xFF, 0xFF, 0xFF, 0x00,
        0xFF, 0xFF, 0xFF, 0x00, 0xFF, 0xFF, 0xFF, 0x00, 0xFF, 0xFF, 0xFF, 0x00,
        0xFF, 0xFF, 0xFF, 0x00, 0xFF, 0xFF, 0xFF, 0x00, 0xFF, 0xFF, 0xFF, 0x00,
        0xFF, 0xFF, 0xFF, 0x00, 0xFF, 0xFF, 0xFF, 0x00, 0xFF, 0xFF, 0xFF, 0x00,
        0xFF, 0xFF, 0xFF, 0x00, 0xFF, 0xFF, 0xFF, 0x00, 0xFF, 0xFF, 0xFF, 0x00,
        0xFF, 0xFF, 0xFF, 0x00, 0xFF, 0xFF, 0xFF, 0x00, 0xFF, 0xFF, 0xFF, 0x00,
        0xFF, 0xFF, 0xFF, 0x00, 0xFF, 0xFF, 0xFF, 0x00, 0xFF, 0xFF, 0xFF, 0x00,
        0xFF, 0xFF, 0xFF, 0x00, 0xFF, 0xFF, 0xFF, 0x00, 0xFF, 0xFF, 0xFF, 0x00,
        0xFF, 0xFF, 0xFF, 0x00, 0xFF, 0xFF, 0xFF, 0x00, 0xFF, 0xFF, 0xFF, 0x00,
        0xFF, 0xFF, 0xFF, 0x00, 0xFF, 0xFF, 0xFF, 0x00, 0xFF, 0xFF, 0xFF, 0x00,
        0xFF, 0xFF, 0xFF, 0x00, 0xFF, 0xFF, 0xFF, 0x00, 0xFF, 0xFF, 0xFF, 0x00,
        0xFF, 0xFF, 0xFF, 0x00, 0xFF, 0xFF, 0xFF, 0x00, 0xFF, 0xFF, 0xFF, 0x00,
        0xFF, 0xFF, 0xFF, 0x00, 0xFF, 0xFF, 0xFF, 0x00, 0xFF, 0xFF, 0xFF, 0x00,
        0xFF, 0xFF, 0xFF, 0x00, 0xFF, 0xFF, 0xFF, 0x00, 0xFF, 0xFF, 0xFF, 0x00,
        0xFF, 0xFF, 0xFF, 0x00, 0xFF, 0xFF, 0xFF, 0x00, 0xFF, 0xFF, 0xFF, 0x00,
        0xFF, 0xFF, 0xFF, 0x00, 0xFF, 0xFF, 0xFF, 0x00, 0xFF, 0xFF, 0xFF, 0x00,
        0xFF, 0xFF, 0xFF, 0x00, 0xFF, 0xFF, 0xFF, 0x00, 0xFF, 0xFF, 0xFF, 0x00,
        0xFF, 0xFF, 0xFF, 0x00, 0xFF, 0xFF, 0xFF, 0x00, 0xFF, 0xFF, 0xFF, 0x00,
        0xFF, 0xFF, 0xFF, 0x00, 0xFF, 0xFF, 0xFF, 0x00, 0xFF, 0xFF, 0xFF, 0x00,
        0xFF, 0xFF, 0xFF, 0x00, 0xFF, 0xFF, 0xFF, 0x00, 0xFF, 0xFF, 0xFF, 0x00,
        0xFF, 0xFF, 0xFF, 0x00, 0xFF, 0xFF, 0xFF, 0x00, 0xFF, 0xFF, 0xFF, 0x00,
        0xFF, 0xFF, 0xFF, 0x00, 0xFF, 0xFF, 0xFF, 0x00, 0xFF, 0xFF, 0xFF, 0x00,
        0xFF, 0xFF, 0xFF, 0x00, 0xFF, 0xFF, 0xFF, 0x00, 0xFF, 0xFF, 0xFF, 0x00,
        0xFF, 0xFF, 0xFF, 0x00, 0xFF, 0xFF, 0xFF, 0x00, 0xFF, 0xFF, 0xFF, 0x00,
        0xFF, 0xFF, 0xFF, 0x00, 0xFF, 0xFF, 0xFF, 0x00, 0xFF, 0xFF, 0xFF, 0x00,
        0xFF, 0xFF, 0xFF, 0x00, 0xFF, 0xFF, 0xFF, 0x00, 0xFF, 0xFF, 0xFF, 0x00,
        0xFF, 0xFF, 0xFF, 0x00, 0xFF, 0xFF, 0xFF, 0x00, 0xFF, 0xFF, 0xFF, 0x00,
        0xFF, 0xFF, 0xFF, 0x00, 0xFF, 0xFF, 0xFF, 0x00, 0xFF, 0xFF, 0xFF, 0x00,
        0xFF, 0xFF, 0xFF, 0x00, 0xFF, 0xFF, 0xFF, 0x00, 0xFF, 0xFF, 0xFF, 0x00,
        0xFF, 0xFF, 0xFF, 0x00, 0xFF, 0xFF, 0xFF, 0x00, 0xFF, 0xFF, 0xFF, 0x00,
        0xFF, 0xFF, 0xFF, 0x00, 0xFF, 0xFF, 0xFF, 0x00, 0xFF, 0xFF, 0xFF, 0x00,
        0xFF, 0xFF, 0xFF, 0x00, 0xFF, 0xFF, 0xFF, 0x00, 0xFF, 0xFF, 0xFF, 0x00,
        0xFF, 0xFF, 0xFF, 0x00, 0xFF, 0xFF, 0xFF, 0x00, 0xFF, 0xFF, 0xFF, 0x00,
        0xFF, 0xFF, 0xFF, 0x00, 0xFF, 0xFF, 0xFF, 0x00, 0xFF, 0xFF, 0xFF, 0x00,
        0xFF, 0xFF, 0xFF, 0x00, 0xFF, 0xFF, 0xFF, 0x00, 0xFF, 0xFF, 0xFF, 0x00,
        0xFF, 0xFF, 0xFF, 0x00, 0xFF, 0xFF, 0xFF, 0x00, 0xFF, 0xFF, 0xFF, 0x00,
        0xFF, 0xFF, 0xFF, 0x00, 0xFF, 0xFF, 0xFF, 0x00, 0xFF, 0xFF, 0xFF, 0x00,
        0xFF, 0xFF, 0xFF, 0x00, 0xFF, 0xFF, 0xFF, 0x00, 0xFF, 0xFF, 0xFF, 0x00,
        0xFF, 0xFF, 0xFF, 0x00, 0xFF, 0xFF, 0xFF, 0x00, 0xFF, 0xFF, 0xFF, 0x00,
        0xFF, 0xFF, 0xFF, 0x00, 0xFF, 0xFF, 0xFF, 0x00, 0xFF, 0xFF, 0xFF, 0x00,
        0xFF, 0xFF, 0xFF, 0x00, 0xFF, 0xFF, 0xFF, 0x00, 0xFF, 0xFF, 0xFF, 0x00,
        0xFF, 0xFF, 0xFF, 0x00, 0xFF, 0xFF, 0xFF, 0x00, 0xFF, 0xFF, 0xFF, 0x00,
        0xFF, 0xFF, 0xFF, 0x00, 0xFF, 0xFF, 0xFF, 0x00, 0xFF, 0xFF, 0xFF, 0x00,
        0xFF, 0xFF, 0xFF, 0x00, 0xFF, 0xFF, 0xFF, 0x00, 0xFF, 0xFF, 0xFF, 0x00,
        0xFF, 0xFF, 0xFF, 0x00, 0xFF, 0xFF, 0xFF, 0x00, 0xFF, 0xFF, 0xFF, 0x00,
        0xFF, 0xFF, 0xFF, 0x00, 0xFF, 0xFF, 0xFF, 0x00, 0xFF, 0xFF, 0xFF, 0x00,
        0xFF, 0xFF, 0xFF, 0x00, 0xFF, 0xFF, 0xFF, 0x00, 0xFF, 0xFF, 0xFF, 0x00,
        0xFF, 0xFF, 0xFF, 0x00, 0xFF, 0xFF, 0xFF, 0x00, 0xFF, 0xFF, 0xFF, 0x00,
        0xFF, 0xFF, 0xFF, 0x00, 0xFF, 0xFF, 0xFF, 0x00, 0xFF, 0xFF, 0xFF, 0x00,
        0xFF, 0xFF, 0xFF, 0x00, 0xFF, 0xFF, 0xFF, 0x00, 0xFF, 0xFF, 0xFF, 0x00,
        0xFF, 0xFF, 0xFF, 0x00, 0xFF, 0xFF, 0xFF, 0x00, 0xFF, 0xFF, 0xFF, 0x00,
        0xFF, 0xFF, 0xFF, 0x00, 0xFF, 0xFF, 0xFF, 0x00, 0xFF, 0xFF, 0xFF, 0x00,
        0xFF, 0xFF, 0xFF, 0x00, 0xFF, 0xFF, 0xFF, 0x00, 0xFF, 0xFF, 0xFF, 0x00,
        0xFF, 0xFF, 0xFF, 0x00, 0xFF, 0xFF, 0xFF, 0x00, 0xFF, 0xFF, 0xFF, 0x00,
        0xFF, 0xFF, 0xFF, 0x00, 0xFF, 0xFF, 0xFF, 0x00, 0xFF, 0xFF, 0xFF, 0x00,
        0xFF, 0xFF, 0xFF, 0x00, 0xFF, 0xFF, 0xFF, 0x00, 0xFF, 0xFF, 0xFF, 0x00,
        0xFF, 0xFF, 0xFF, 0x00, 0xFF, 0xFF, 0xFF, 0x00, 0xFF, 0xFF, 0xFF, 0x00,
        0xFF, 0xFF, 0xFF, 0x00, 0xFF, 0xFF, 0xFF, 0x00, 0xFF, 0xFF, 0xFF, 0x00,
        0xFF, 0xFF, 0xFF, 0x00, 0xFF, 0xFF, 0xFF, 0x00, 0xFF, 0xFF, 0xFF, 0x00,
        0xFF, 0xFF, 0xFF, 0x00, 0xFF, 0xFF, 0xFF, 0x00, 0xFF, 0xFF, 0xFF, 0x00,
        0xFF, 0xFF, 0xFF, 0x00, 0xFF, 0xFF, 0xFF, 0x00, 0xFF, 0xFF, 0xFF, 0x00,
        0xFF, 0xFF, 0xFF, 0x00, 0xFF, 0xFF, 0xFF, 0x00, 0xFF, 0xFF, 0xFF, 0x00,
        0xFF, 0xFF, 0xFF, 0x00, 0xFF, 0xFF, 0xFF, 0x00, 0xFF, 0xFF, 0xFF, 0x00,
        0xFF, 0xFF, 0xFF, 0x00, 0xFF, 0xFF, 0xFF, 0x00, 0xFF, 0xFF, 0xFF, 0x00,
        0xFF, 0xFF, 0xFF, 0x00, 0xFF, 0xFF, 0xFF, 0x00, 0xFF, 0xFF, 0xFF, 0x00,
        0xFF, 0xFF, 0xFF, 0x00, 0xFF, 0xFF, 0xFF, 0x00, 0xFF, 0xFF, 0xFF, 0x00,
        0xFF, 0xFF, 0xFF, 0x00, 0xFF, 0xFF, 0xFF, 0x00, 0xFF, 0xFF, 0xFF, 0x00,
        0xFF, 0xFF, 0xFF, 0x00, 0xFF, 0xFF, 0xFF, 0x00, 0xFF, 0xFF, 0xFF, 0x00,
        0xFF, 0xFF, 0xFF, 0x00, 0xFF, 0xFF, 0xFF, 0x00, 0xFF, 0xFF, 0xFF, 0x00,
        0xFF, 0xFF, 0xFF, 0x00, 0xFF, 0xFF, 0xFF, 0x00, 0xFF, 0xFF, 0xFF, 0x00,
        0xFF, 0xFF, 0xFF, 0x00, 0xFF, 0xFF, 0xFF, 0x00, 0xFF, 0xFF, 0xFF, 0x00,
        0xFF, 0xFF, 0xFF, 0x00, 0xFF, 0xFF, 0xFF, 0x00, 0xFF, 0xFF, 0xFF, 0x00,
        0xFF, 0xFF, 0xFF, 0x00, 0xFF, 0xFF, 0xFF, 0x00, 0xFF, 0xFF, 0xFF, 0x00,
        0xFF, 0xFF, 0xFF, 0x00, 0xFF, 0xFF, 0xFF, 0x00, 0xFF, 0xFF, 0xFF, 0x00,
        0xFF, 0xFF, 0xFF, 0x00, 0xFF, 0xFF, 0xFF, 0x00, 0xFF, 0xFF, 0xFF, 0x00,
        0xFF, 0xFF, 0xFF, 0x00, 0xFF, 0xFF, 0xFF, 0x00, 0xFF, 0xFF, 0xFF, 0x00,
        0xFF, 0xFF, 0xFF, 0x00, 0xFF, 0xFF, 0xFF, 0x00, 0xFF, 0xFF, 0xFF, 0x00,
        0xFF, 0xFF, 0xFF, 0x00, 0xFF, 0xFF, 0xFF, 0x00, 0xFF, 0xFF, 0xFF, 0x00,
        0xFF, 0xFF, 0xFF, 0x00, 0xFF, 0xFF, 0xFF, 0x00, 0xFF, 0xFF, 0xFF, 0x00,
        0xFF, 0xFF, 0xFF, 0x00, 0xFF, 0xFF, 0xFF, 0x00, 0xFF, 0xFF, 0xFF, 0x00,
        0xFF, 0xFF, 0xFF, 0x00, 0xFF, 0xFF, 0xFF, 0x00, 0xFF, 0xFF, 0xFF, 0x00,
        0xFF, 0xFF, 0xFF, 0x00, 0xFF, 0xFF, 0xFF, 0x00, 0xFF, 0xFF, 0xFF, 0x00,
        0xFF, 0xFF, 0xFF, 0x00, 0xFF, 0xFF, 0xFF, 0x00, 0xFF, 0xFF, 0xFF, 0x00,
        0xFF, 0xFF, 0xFF, 0x00, 0xFF, 0xFF, 0xFF, 0x00, 0xFF, 0xFF, 0xFF, 0x00,
        0xFF, 0xFF, 0xFF, 0x00, 0xFF, 0xFF, 0xFF, 0x00, 0xFF, 0xFF, 0xFF, 0x00,
        0xFF, 0xFF, 0xFF, 0x00, 0xFF, 0xFF, 0xFF, 0x00, 0xFF, 0xFF, 0xFF, 0x00,
        0xFF, 0xFF, 0xFF, 0x00, 0xFF, 0xFF, 0xFF, 0x00, 0xFF, 0xFF, 0xFF, 0x00,
        0xFF, 0xFF, 0xFF, 0x00, 0xFF, 0xFF, 0xFF, 0x00, 0xFF, 0xFF, 0xFF, 0x00,
        0xFF, 0xFF, 0xFF, 0x00, 0xFF, 0xFF, 0xFF, 0x00, 0xFF, 0xFF, 0xFF, 0x00,
        0xFF, 0xFF, 0xFF, 0x00, 0xFF, 0xFF, 0xFF, 0x00, 0xFF, 0xFF, 0xFF, 0x00,
        0xFF, 0xFF, 0xFF, 0x00, 0xFF, 0xFF, 0xFF, 0x00, 0xFF, 0xFF, 0xFF, 0x00,
        0xFF, 0xFF, 0xFF, 0x00, 0xFF, 0xFF, 0xFF, 0x00, 0xFF, 0xFF, 0xFF, 0x00,
        0xFF, 0xFF, 0xFF, 0x00, 0xFF, 0xFF, 0xFF, 0x00, 0xFF, 0xFF, 0xFF, 0x00,
        0xFF, 0xFF, 0xFF, 0x00, 0xFF, 0xFF, 0xFF, 0x00, 0xFF, 0xFF, 0xFF, 0x00,
        0xFF, 0xFF, 0xFF, 0x00, 0xFF, 0xFF, 0xFF, 0x00, 0xFF, 0xFF, 0xFF, 0x00,
        0xFF, 0xFF, 0xFF, 0x00, 0xFF, 0xFF, 0xFF, 0x00, 0xFF, 0xFF, 0xFF, 0x00,
        0xFF, 0xFF, 0xFF, 0x00, 0xFF, 0xFF, 0xFF, 0x00, 0xFF, 0xFF, 0xFF, 0x00,
        0xFF, 0xFF, 0xFF, 0x00, 0xFF, 0xFF, 0xFF, 0x00, 0xFF, 0xFF, 0xFF, 0x00,
        0xFF, 0xFF, 0xFF, 0x00, 0xFF, 0xFF, 0xFF, 0x00, 0xFF, 0xFF, 0xFF, 0x00,
        0xFF, 0xFF, 0xFF, 0x00, 0xFF, 0xFF, 0xFF, 0x00, 0xFF, 0xFF, 0xFF, 0x00,
        0xFF, 0xFF, 0xFF, 0x00, 0xFF, 0xFF, 0xFF, 0x00, 0xFF, 0xFF, 0xFF, 0x00,
        0xFF, 0xFF, 0xFF, 0x00, 0xFF, 0xFF, 0xFF, 0x00, 0xFF, 0xFF, 0xFF, 0x00,
        0xFF, 0xFF, 0xFF, 0x00, 0xFF, 0xFF, 0xFF, 0x00, 0xFF, 0xFF, 0xFF, 0x00,
        0xFF, 0xFF, 0xFF, 0x00, 0xFF, 0xFF, 0xFF, 0x00, 0xFF, 0xFF, 0xFF, 0x00,
        0xFF, 0xFF, 0xFF, 0x00, 0xFF, 0xFF, 0xFF, 0x00, 0xFF, 0xFF, 0xFF, 0x00,
        0xFF, 0xFF, 0xFF, 0x00, 0xFF, 0xFF, 0xFF, 0x00, 0xFF, 0xFF, 0xFF, 0x00,
        0xFF, 0xFF, 0xFF, 0x00, 0xFF, 0xFF, 0xFF, 0x00, 0xFF, 0xFF, 0xFF, 0x00,
        0xFF, 0xFF, 0xFF, 0x00, 0xFF, 0xFF, 0xFF, 0x00, 0xFF, 0xFF, 0xFF, 0x00,
        0xFF, 0xFF, 0xFF, 0x00, 0xFF, 0xFF, 0xFF, 0x00, 0xFF, 0xFF, 0xFF, 0x00,
        0xFF, 0xFF, 0xFF, 0x00, 0xFF, 0xFF, 0xFF, 0x00, 0xFF, 0xFF, 0xFF, 0x00,
        0xFF, 0xFF, 0xFF, 0x00, 0xFF, 0xFF, 0xFF, 0x00, 0xFF, 0xFF, 0xFF, 0x00,
        0xFF, 0xFF, 0xFF, 0x00, 0xFF, 0xFF, 0xFF, 0x00, 0xFF, 0xFF, 0xFF, 0x00,
        0xFF, 0xFF, 0xFF, 0x00, 0xFF, 0xFF, 0xFF, 0x00, 0xFF, 0xFF, 0xFF, 0x00,
        0xFF, 0xFF, 0xFF, 0x00, 0xFF, 0xFF, 0xFF, 0x00, 0xFF, 0xFF, 0xFF, 0x00,
        0xFF, 0xFF, 0xFF, 0x00, 0xFF, 0xFF, 0xFF, 0x00, 0xFF, 0xFF, 0xFF, 0x00,
        0xFF, 0xFF, 0xFF, 0x00, 0xFF, 0xFF, 0xFF, 0x00, 0xFF, 0xFF, 0xFF, 0x00,
        0xFF, 0xFF, 0xFF, 0x00, 0xFF, 0xFF, 0xFF, 0x00, 0xFF, 0xFF, 0xFF, 0x00,
        0x60, 0x60, 0x60, 0x14, 0x67, 0x67, 0x67, 0x86, 0x6D, 0x6D, 0x6D, 0xD2,
        0x70, 0x70, 0x70, 0xF8, 0x70, 0x70, 0x70, 0xF8, 0x6D, 0x6D, 0x6D, 0xD0,
        0x67, 0x67, 0x67, 0x82, 0x60, 0x60, 0x60, 0x14, 0xFF, 0xFF, 0xFF, 0x00,
        0xFF, 0xFF, 0xFF, 0x00, 0xFF, 0xFF, 0xFF, 0x00, 0xFF, 0xFF, 0xFF, 0x00,
        0xFF, 0xFF, 0xFF, 0x00, 0xFF, 0xFF, 0xFF, 0x00, 0xFF, 0xFF, 0xFF, 0x00,
        0xFF, 0xFF, 0xFF, 0x00, 0xFF, 0xFF, 0xFF, 0x00, 0xFF, 0xFF, 0xFF, 0x00,
        0xFF, 0xFF, 0xFF, 0x00, 0xFF, 0xFF, 0xFF, 0x00, 0xFF, 0xFF, 0xFF, 0x00,
        0xFF, 0xFF, 0xFF, 0x00, 0xFF, 0xFF, 0xFF, 0x00, 0xFF, 0xFF, 0xFF, 0x00,
        0xFF, 0xFF, 0xFF, 0x00, 0xFF, 0xFF, 0xFF, 0x00, 0xFF, 0xFF, 0xFF, 0x00,
        0xFF, 0xFF, 0xFF, 0x00, 0xFF, 0xFF, 0xFF, 0x00, 0xFF, 0xFF, 0xFF, 0x00,
        0xFF, 0xFF, 0xFF, 0x00, 0xFF, 0xFF, 0xFF, 0x00, 0xFF, 0xFF, 0xFF, 0x00,
        0xFF, 0xFF, 0xFF, 0x00, 0xFF, 0xFF, 0xFF, 0x00, 0xFF, 0xFF, 0xFF, 0x00,
        0xFF, 0xFF, 0xFF, 0x00, 0xFF, 0xFF, 0xFF, 0x00, 0xFF, 0xFF, 0xFF, 0x00,
        0xFF, 0xFF, 0xFF, 0x00, 0xFF, 0xFF, 0xFF, 0x00, 0xFF, 0xFF, 0xFF, 0x00,
        0xFF, 0xFF, 0xFF, 0x00, 0xFF, 0xFF, 0xFF, 0x00, 0xFF, 0xFF, 0xFF, 0x00,
        0xFF, 0xFF, 0xFF, 0x00, 0xFF, 0xFF, 0xFF, 0x00, 0xFF, 0xFF, 0xFF, 0x00,
        0xFF, 0xFF, 0xFF, 0x00, 0xFF, 0xFF, 0xFF, 0x00, 0xFF, 0xFF, 0xFF, 0x00,
        0xFF, 0xFF, 0xFF, 0x00, 0xFF, 0xFF, 0xFF, 0x00, 0xFF, 0xFF, 0xFF, 0x00,
        0xFF, 0xFF, 0xFF, 0x00, 0xFF, 0xFF, 0xFF, 0x00, 0xFF, 0xFF, 0xFF, 0x00,
        0xFF, 0xFF, 0xFF, 0x00, 0xFF, 0xFF, 0xFF, 0x00, 0xFF, 0xFF, 0xFF, 0x00,
        0xFF, 0xFF, 0xFF, 0x00, 0xFF, 0xFF, 0xFF, 0x00, 0xFF, 0xFF, 0xFF, 0x00,
        0xFF, 0xFF, 0xFF, 0x00, 0x86, 0x86, 0x86, 0x14, 0x8B, 0x8B, 0x8B, 0x86,
        0x90, 0x90, 0x90, 0xD2, 0x92, 0x92, 0x92, 0xF8, 0x92, 0x92, 0x92, 0xF8,
        0x90, 0x90, 0x90, 0xD0, 0x8B, 0x8B, 0x8B, 0x82, 0x86, 0x86, 0x86, 0x14,
        0xFF, 0xFF, 0xFF, 0x00, 0xFF, 0xFF, 0xFF, 0x00, 0xFF, 0xFF, 0xFF, 0x00,
        0xFF, 0xFF, 0xFF, 0x00, 0xFF, 0xFF, 0xFF, 0x00, 0xFF, 0xFF, 0xFF, 0x00,
        0xFF, 0xFF, 0xFF, 0x00, 0xFF, 0xFF, 0xFF, 0x00, 0xFF, 0xFF, 0xFF, 0x00,
        0xFF, 0xFF, 0xFF, 0x00, 0xFF, 0xFF, 0xFF, 0x00, 0xFF, 0xFF, 0xFF, 0x00,
        0xFF, 0xFF, 0xFF, 0x00, 0xFF, 0xFF, 0xFF, 0x00, 0xFF, 0xFF, 0xFF, 0x00,
        0xFF, 0xFF, 0xFF, 0x00, 0xFF, 0xFF, 0xFF, 0x00, 0xFF, 0xFF, 0xFF, 0x00,
        0xFF, 0xFF, 0xFF, 0x00, 0xFF, 0xFF, 0xFF, 0x00, 0xFF, 0xFF, 0xFF, 0x00,
        0xFF, 0xFF, 0xFF, 0x00, 0xFF, 0xFF, 0xFF, 0x00, 0xFF, 0xFF, 0xFF, 0x00,
        0xFF, 0xFF, 0xFF, 0x00, 0xFF, 0xFF, 0xFF, 0x00, 0xFF, 0xFF, 0xFF, 0x00,
        0xFF, 0xFF, 0xFF, 0x00, 0xFF, 0xFF, 0xFF, 0x00, 0xFF, 0xFF, 0xFF, 0x00,
        0xFF, 0xFF, 0xFF, 0x00, 0xFF, 0xFF, 0xFF, 0x00, 0xFF, 0xFF, 0xFF, 0x00,
        0xFF, 0xFF, 0xFF, 0x00, 0xFF, 0xFF, 0xFF, 0x00, 0xFF, 0xFF, 0xFF, 0x00,
        0xFF, 0xFF, 0xFF, 0x00, 0xFF, 0xFF, 0xFF, 0x00, 0xFF, 0xFF, 0xFF, 0x00,
        0xFF, 0xFF, 0xFF, 0x00, 0xFF, 0xFF, 0xFF, 0x00, 0xFF, 0xFF, 0xFF, 0x00,
        0xFF, 0xFF, 0xFF, 0x00, 0xFF, 0xFF, 0xFF, 0x00, 0xFF, 0xFF, 0xFF, 0x00,
        0xFF, 0xFF, 0xFF, 0x00, 0xFF, 0xFF, 0xFF, 0x00, 0xFF, 0xFF, 0xFF, 0x00,
        0xFF, 0xFF, 0xFF, 0x00, 0xFF, 0xFF, 0xFF, 0x00, 0xFF, 0xFF, 0xFF, 0x00,
        0xFF, 0xFF, 0xFF, 0x00, 0xFF, 0xFF, 0xFF, 0x00, 0xFF, 0xFF, 0xFF, 0x00,
        0xFF, 0xFF, 0xFF, 0x00, 0x60, 0x60, 0x60, 0x53, 0x67, 0x67, 0x67, 0xF0,
        0x6F, 0x6F, 0x6F, 0xFF, 0x75, 0x75, 0x75, 0xFF, 0x78, 0x78, 0x78, 0xFF,
        0x78, 0x78, 0x78, 0xFF, 0x75, 0x75, 0x75, 0xFF, 0x6F, 0x6F, 0x6F, 0xFF,
        0x67, 0x67, 0x67, 0xF1, 0x60, 0x60, 0x60, 0x53, 0xFF, 0xFF, 0xFF, 0x00,
        0xFF, 0xFF, 0xFF, 0x00, 0xFF, 0xFF, 0xFF, 0x00, 0xFF, 0xFF, 0xFF, 0x00,
        0xFF, 0xFF, 0xFF, 0x00, 0xFF, 0xFF, 0xFF, 0x00, 0xFF, 0xFF, 0xFF, 0x00,
        0xFF, 0xFF, 0xFF, 0x00, 0xFF, 0xFF, 0xFF, 0x00, 0xFF, 0xFF, 0xFF, 0x00,
        0xFF, 0xFF, 0xFF, 0x00, 0xFF, 0xFF, 0xFF, 0x00, 0xFF, 0xFF, 0xFF, 0x00,
        0xFF, 0xFF, 0xFF, 0x00, 0xFF, 0xFF, 0xFF, 0x00, 0xFF, 0xFF, 0xFF, 0x00,
        0xFF, 0xFF, 0xFF, 0x00, 0xFF, 0xFF, 0xFF, 0x00, 0xFF, 0xFF, 0xFF, 0x00,
        0xFF, 0xFF, 0xFF, 0x00, 0xFF, 0xFF, 0xFF, 0x00, 0xFF, 0xFF, 0xFF, 0x00,
        0xFF, 0xFF, 0xFF, 0x00, 0xFF, 0xFF, 0xFF, 0x00, 0xFF, 0xFF, 0xFF, 0x00,
        0xFF, 0xFF, 0xFF, 0x00, 0xFF, 0xFF, 0xFF, 0x00, 0xFF, 0xFF, 0xFF, 0x00,
        0xFF, 0xFF, 0xFF, 0x00, 0xFF, 0xFF, 0xFF, 0x00, 0xFF, 0xFF, 0xFF, 0x00,
        0xFF, 0xFF, 0xFF, 0x00, 0xFF, 0xFF, 0xFF, 0x00, 0xFF, 0xFF, 0xFF, 0x00,
        0xFF, 0xFF, 0xFF, 0x00, 0xFF, 0xFF, 0xFF, 0x00, 0xFF, 0xFF, 0xFF, 0x00,
        0xFF, 0xFF, 0xFF, 0x00, 0xFF, 0xFF, 0xFF, 0x00, 0xFF, 0xFF, 0xFF, 0x00,
        0xFF, 0xFF, 0xFF, 0x00, 0xFF, 0xFF, 0xFF, 0x00, 0xFF, 0xFF, 0xFF, 0x00,
        0xFF, 0xFF, 0xFF, 0x00, 0xFF, 0xFF, 0xFF, 0x00, 0xFF, 0xFF, 0xFF, 0x00,
        0xFF, 0xFF, 0xFF, 0x00, 0xFF, 0xFF, 0xFF, 0x00, 0xFF, 0xFF, 0xFF, 0x00,
        0xFF, 0xFF, 0xFF, 0x00, 0xFF, 0xFF, 0xFF, 0x00, 0xFF, 0xFF, 0xFF, 0x00,
        0xFF, 0xFF, 0xFF, 0x00, 0xFF, 0xFF, 0xFF, 0x00, 0x86, 0x86, 0x86, 0x53,
        0x8C, 0x8C, 0x8C, 0xF0, 0x92, 0x92, 0x92, 0xFF, 0x96, 0x96, 0x96, 0xFF,
        0x98, 0x98, 0x98, 0xFF, 0x98, 0x98, 0x98, 0xFF, 0x96, 0x96, 0x96, 0xFF,
        0x92, 0x92, 0x92, 0xFF, 0x8C, 0x8C, 0x8C, 0xF1, 0x86, 0x86, 0x86, 0x53,
        0xFF, 0xFF, 0xFF, 0x00, 0xFF, 0xFF, 0xFF, 0x00, 0xFF, 0xFF, 0xFF, 0x00,
        0xFF, 0xFF, 0xFF, 0x00, 0xFF, 0xFF, 0xFF, 0x00, 0xFF, 0xFF, 0xFF, 0x00,
        0xFF, 0xFF, 0xFF, 0x00, 0xFF, 0xFF, 0xFF, 0x00, 0xFF, 0xFF, 0xFF, 0x00,
        0xFF, 0xFF, 0xFF, 0x00, 0xFF, 0xFF, 0xFF, 0x00, 0xFF, 0xFF, 0xFF, 0x00,
        0xFF, 0xFF, 0xFF, 0x00, 0xFF, 0xFF, 0xFF, 0x00, 0xFF, 0xFF, 0xFF, 0x00,
        0xFF, 0xFF, 0xFF, 0x00, 0xFF, 0xFF, 0xFF, 0x00, 0xFF, 0xFF, 0xFF, 0x00,
        0xFF, 0xFF, 0xFF, 0x00, 0xFF, 0xFF, 0xFF, 0x00, 0xFF, 0xFF, 0xFF, 0x00,
        0xFF, 0xFF, 0xFF, 0x00, 0xFF, 0xFF, 0xFF, 0x00, 0xFF, 0xFF, 0xFF, 0x00,
        0xFF, 0xFF, 0xFF, 0x00, 0xFF, 0xFF, 0xFF, 0x00, 0xFF, 0xFF, 0xFF, 0x00,
        0xFF, 0xFF, 0xFF, 0x00, 0xFF, 0xFF, 0xFF, 0x00, 0xFF, 0xFF, 0xFF, 0x00,
        0xFF, 0xFF, 0xFF, 0x00, 0xFF, 0xFF, 0xFF, 0x00, 0xFF, 0xFF, 0xFF, 0x00,
        0xFF, 0xFF, 0xFF, 0x00, 0xFF, 0xFF, 0xFF, 0x00, 0xFF, 0xFF, 0xFF, 0x00,
        0xFF, 0xFF, 0xFF, 0x00, 0xFF, 0xFF, 0xFF, 0x00, 0xFF, 0xFF, 0xFF, 0x00,
        0xFF, 0xFF, 0xFF, 0x00, 0xFF, 0xFF, 0xFF, 0x00, 0xFF, 0xFF, 0xFF, 0x00,
        0xFF, 0xFF, 0xFF, 0x00, 0xFF, 0xFF, 0xFF, 0x00, 0xFF, 0xFF, 0xFF, 0x00,
        0xFF, 0xFF, 0xFF, 0x00, 0xFF, 0xFF, 0xFF, 0x00, 0xFF, 0xFF, 0xFF, 0x00,
        0xFF, 0xFF, 0xFF, 0x00, 0xFF, 0xFF, 0xFF, 0x00, 0xFF, 0xFF, 0xFF, 0x00,
        0xFF, 0xFF, 0xFF, 0x00, 0xFF, 0xFF, 0xFF, 0x00, 0x5D, 0x5D, 0x5D, 0x53,
        0x63, 0x63, 0x63, 0xFE, 0x69, 0x69, 0x69, 0xFF, 0x6E, 0x6E, 0x6E, 0xFF,
        0x6F, 0x6F, 0x6F, 0xFF, 0x6E, 0x6E, 0x6E, 0xFF, 0x6E, 0x6E, 0x6E, 0xFF,
        0x6F, 0x6F, 0x6F, 0xFF, 0x6E, 0x6E, 0x6E, 0xFF, 0x69, 0x69, 0x69, 0xFF,
        0x63, 0x63, 0x63, 0xFE, 0x5E, 0x5E, 0x5E, 0x53, 0xFF, 0xFF, 0xFF, 0x00,
        0xFF, 0xFF, 0xFF, 0x00, 0xFF, 0xFF, 0xFF, 0x00, 0xFF, 0xFF, 0xFF, 0x00,
        0xFF, 0xFF, 0xFF, 0x00, 0xFF, 0xFF, 0xFF, 0x00, 0xFF, 0xFF, 0xFF, 0x00,
        0xFF, 0xFF, 0xFF, 0x00, 0xFF, 0xFF, 0xFF, 0x00, 0xFF, 0xFF, 0xFF, 0x00,
        0xFF, 0xFF, 0xFF, 0x00, 0xFF, 0xFF, 0xFF, 0x00, 0xFF, 0xFF, 0xFF, 0x00,
        0xFF, 0xFF, 0xFF, 0x00, 0xFF, 0xFF, 0xFF, 0x00, 0xFF, 0xFF, 0xFF, 0x00,
        0xFF, 0xFF, 0xFF, 0x00, 0xFF, 0xFF, 0xFF, 0x00, 0xFF, 0xFF, 0xFF, 0x00,
        0xFF, 0xFF, 0xFF, 0x00, 0xFF, 0xFF, 0xFF, 0x00, 0xFF, 0xFF, 0xFF, 0x00,
        0xFF, 0xFF, 0xFF, 0x00, 0xFF, 0xFF, 0xFF, 0x00, 0xFF, 0xFF, 0xFF, 0x00,
        0xFF, 0xFF, 0xFF, 0x00, 0xFF, 0xFF, 0xFF, 0x00, 0xFF, 0xFF, 0xFF, 0x00,
        0xFF, 0xFF, 0xFF, 0x00, 0xFF, 0xFF, 0xFF, 0x00, 0xFF, 0xFF, 0xFF, 0x00,
        0xFF, 0xFF, 0xFF, 0x00, 0xFF, 0xFF, 0xFF, 0x00, 0xFF, 0xFF, 0xFF, 0x00,
        0xFF, 0xFF, 0xFF, 0x00, 0xFF, 0xFF, 0xFF, 0x00, 0xFF, 0xFF, 0xFF, 0x00,
        0xFF, 0xFF, 0xFF, 0x00, 0xFF, 0xFF, 0xFF, 0x00, 0xFF, 0xFF, 0xFF, 0x00,
        0xFF, 0xFF, 0xFF, 0x00, 0xFF, 0xFF, 0xFF, 0x00, 0xFF, 0xFF, 0xFF, 0x00,
        0xFF, 0xFF, 0xFF, 0x00, 0xFF, 0xFF, 0xFF, 0x00, 0xFF, 0xFF, 0xFF, 0x00,
        0xFF, 0xFF, 0xFF, 0x00, 0xFF, 0xFF, 0xFF, 0x00, 0xFF, 0xFF, 0xFF, 0x00,
        0xFF, 0xFF, 0xFF, 0x00, 0xFF, 0xFF, 0xFF, 0x00, 0xFF, 0xFF, 0xFF, 0x00,
        0x84, 0x84, 0x84, 0x53, 0x89, 0x89, 0x89, 0xFE, 0x8D, 0x8D, 0x8D, 0xFF,
        0x91, 0x91, 0x91, 0xFF, 0x91, 0x91, 0x91, 0xFF, 0x91, 0x91, 0x91, 0xFF,
        0x91, 0x91, 0x91, 0xFF, 0x91, 0x91, 0x91, 0xFF, 0x91, 0x91, 0x91, 0xFF,
        0x8D, 0x8D, 0x8D, 0xFF, 0x89, 0x89, 0x89, 0xFE, 0x85, 0x85, 0x85, 0x53,
        0xFF, 0xFF, 0xFF, 0x00, 0xFF, 0xFF, 0xFF, 0x00, 0xFF, 0xFF, 0xFF, 0x00,
        0xFF, 0xFF, 0xFF, 0x00, 0xFF, 0xFF, 0xFF, 0x00, 0xFF, 0xFF, 0xFF, 0x00,
        0xFF, 0xFF, 0xFF, 0x00, 0xFF, 0xFF, 0xFF, 0x00, 0xFF, 0xFF, 0xFF, 0x00,
        0xFF, 0xFF, 0xFF, 0x00, 0xFF, 0xFF, 0xFF, 0x00, 0xFF, 0xFF, 0xFF, 0x00,
        0xFF, 0xFF, 0xFF, 0x00, 0xFF, 0xFF, 0xFF, 0x00, 0xFF, 0xFF, 0xFF, 0x00,
        0xFF, 0xFF, 0xFF, 0x00, 0xFF, 0xFF, 0xFF, 0x00, 0xFF, 0xFF, 0xFF, 0x00,
        0xFF, 0xFF, 0xFF, 0x00, 0xFF, 0xFF, 0xFF, 0x00, 0xFF, 0xFF, 0xFF, 0x00,
        0xFF, 0xFF, 0xFF, 0x00, 0xFF, 0xFF, 0xFF, 0x00, 0xFF, 0xFF, 0xFF, 0x00,
        0xFF, 0xFF, 0xFF, 0x00, 0xFF, 0xFF, 0xFF, 0x00, 0xFF, 0xFF, 0xFF, 0x00,
        0xFF, 0xFF, 0xFF, 0x00, 0xFF, 0xFF, 0xFF, 0x00, 0xFF, 0xFF, 0xFF, 0x00,
        0xFF, 0xFF, 0xFF, 0x00, 0xFF, 0xFF, 0xFF, 0x00, 0xFF, 0xFF, 0xFF, 0x00,
        0xFF, 0xFF, 0xFF, 0x00, 0xFF, 0xFF, 0xFF, 0x00, 0xFF, 0xFF, 0xFF, 0x00,
        0xFF, 0xFF, 0xFF, 0x00, 0xFF, 0xFF, 0xFF, 0x00, 0xFF, 0xFF, 0xFF, 0x00,
        0xFF, 0xFF, 0xFF, 0x00, 0xFF, 0xFF, 0xFF, 0x00, 0xFF, 0xFF, 0xFF, 0x00,
        0xFF, 0xFF, 0xFF, 0x00, 0xFF, 0xFF, 0xFF, 0x00, 0xFF, 0xFF, 0xFF, 0x00,
        0xFF, 0xFF, 0xFF, 0x00, 0xFF, 0xFF, 0xFF, 0x00, 0xFF, 0xFF, 0xFF, 0x00,
        0xFF, 0xFF, 0xFF, 0x00, 0xFF, 0xFF, 0xFF, 0x00, 0xFF, 0xFF, 0xFF, 0x00,
        0x57, 0x57, 0x57, 0x15, 0x5C, 0x5C, 0x5C, 0xF1, 0x5F, 0x5F, 0x5F, 0xFF,
        0x63, 0x63, 0x63, 0xFF, 0x61, 0x61, 0x61, 0xFF, 0x5B, 0x5B, 0x5B, 0xFF,
        0x58, 0x58, 0x58, 0xFF, 0x58, 0x58, 0x58, 0xFF, 0x5B, 0x5B, 0x5B, 0xFF,
        0x61, 0x61, 0x61, 0xFF, 0x63, 0x63, 0x63, 0xFF, 0x5F, 0x5F, 0x5F, 0xFF,
        0x5C, 0x5C, 0x5C, 0xF1, 0x57, 0x57, 0x57, 0x16, 0xFF, 0xFF, 0xFF, 0x00,
        0xFF, 0xFF, 0xFF, 0x00, 0xFF, 0xFF, 0xFF, 0x00, 0xFF, 0xFF, 0xFF, 0x00,
        0xFF, 0xFF, 0xFF, 0x00, 0xFF, 0xFF, 0xFF, 0x00, 0xFF, 0xFF, 0xFF, 0x00,
        0xFF, 0xFF, 0xFF, 0x00, 0xFF, 0xFF, 0xFF, 0x00, 0xFF, 0xFF, 0xFF, 0x00,
        0xFF, 0xFF, 0xFF, 0x00, 0xFF, 0xFF, 0xFF, 0x00, 0xFF, 0xFF, 0xFF, 0x00,
        0xFF, 0xFF, 0xFF, 0x00, 0xFF, 0xFF, 0xFF, 0x00, 0xFF, 0xFF, 0xFF, 0x00,
        0xFF, 0xFF, 0xFF, 0x00, 0xFF, 0xFF, 0xFF, 0x00, 0xFF, 0xFF, 0xFF, 0x00,
        0xFF, 0xFF, 0xFF, 0x00, 0xFF, 0xFF, 0xFF, 0x00, 0xFF, 0xFF, 0xFF, 0x00,
        0xFF, 0xFF, 0xFF, 0x00, 0xFF, 0xFF, 0xFF, 0x00, 0xFF, 0xFF, 0xFF, 0x00,
        0xFF, 0xFF, 0xFF, 0x00, 0xFF, 0xFF, 0xFF, 0x00, 0xFF, 0xFF, 0xFF, 0x00,
        0xFF, 0xFF, 0xFF, 0x00, 0xFF, 0xFF, 0xFF, 0x00, 0xFF, 0xFF, 0xFF, 0x00,
        0xFF, 0xFF, 0xFF, 0x00, 0xFF, 0xFF, 0xFF, 0x00, 0xFF, 0xFF, 0xFF, 0x00,
        0xFF, 0xFF, 0xFF, 0x00, 0xFF, 0xFF, 0xFF, 0x00, 0xFF, 0xFF, 0xFF, 0x00,
        0xFF, 0xFF, 0xFF, 0x00, 0xFF, 0xFF, 0xFF, 0x00, 0xFF, 0xFF, 0xFF, 0x00,
        0xFF, 0xFF, 0xFF, 0x00, 0xFF, 0xFF, 0xFF, 0x00, 0xFF, 0xFF, 0xFF, 0x00,
        0xFF, 0xFF, 0xFF, 0x00, 0xFF, 0xFF, 0xFF, 0x00, 0xFF, 0xFF, 0xFF, 0x00,
        0xFF, 0xFF, 0xFF, 0x00, 0xFF, 0xFF, 0xFF, 0x00, 0xFF, 0xFF, 0xFF, 0x00,
        0xFF, 0xFF, 0xFF, 0x00, 0x80, 0x80, 0x80, 0x15, 0x83, 0x83, 0x83, 0xF1,
        0x86, 0x86, 0x86, 0xFF, 0x89, 0x89, 0x89, 0xFF, 0x87, 0x87, 0x87, 0xFF,
        0x82, 0x82, 0x82, 0xFF, 0x7F, 0x7F, 0x7F, 0xFF, 0x7F, 0x7F, 0x7F, 0xFF,
        0x82, 0x82, 0x82, 0xFF, 0x87, 0x87, 0x87, 0xFF, 0x89, 0x89, 0x89, 0xFF,
        0x86, 0x86, 0x86, 0xFF, 0x83, 0x83, 0x83, 0xF1, 0x80, 0x80, 0x80, 0x16,
        0xFF, 0xFF, 0xFF, 0x00, 0xFF, 0xFF, 0xFF, 0x00, 0xFF, 0xFF, 0xFF, 0x00,
        0xFF, 0xFF, 0xFF, 0x00, 0xFF, 0xFF, 0xFF, 0x00, 0xFF, 0xFF, 0xFF, 0x00,
        0xFF, 0xFF, 0xFF, 0x00, 0xFF, 0xFF, 0xFF, 0x00, 0xFF, 0xFF, 0xFF, 0x00,
        0xFF, 0xFF, 0xFF, 0x00, 0xFF, 0xFF, 0xFF, 0x00, 0xFF, 0xFF, 0xFF, 0x00,
        0xFF, 0xFF, 0xFF, 0x00, 0xFF, 0xFF, 0xFF, 0x00, 0xFF, 0xFF, 0xFF, 0x00,
        0xFF, 0xFF, 0xFF, 0x00, 0xFF, 0xFF, 0xFF, 0x00, 0xFF, 0xFF, 0xFF, 0x00,
        0xFF, 0xFF, 0xFF, 0x00, 0xFF, 0xFF, 0xFF, 0x00, 0xFF, 0xFF, 0xFF, 0x00,
        0xFF, 0xFF, 0xFF, 0x00, 0xFF, 0xFF, 0xFF, 0x00, 0xFF, 0xFF, 0xFF, 0x00,
        0xFF, 0xFF, 0xFF, 0x00, 0xFF, 0xFF, 0xFF, 0x00, 0xFF, 0xFF, 0xFF, 0x00,
        0xFF, 0xFF, 0xFF, 0x00, 0xFF, 0xFF, 0xFF, 0x00, 0xFF, 0xFF, 0xFF, 0x00,
        0xFF, 0xFF, 0xFF, 0x00, 0xFF, 0xFF, 0xFF, 0x00, 0xFF, 0xFF, 0xFF, 0x00,
        0xFF, 0xFF, 0xFF, 0x00, 0xFF, 0xFF, 0xFF, 0x00, 0xFF, 0xFF, 0xFF, 0x00,
        0xFF, 0xFF, 0xFF, 0x00, 0xFF, 0xFF, 0xFF, 0x00, 0xFF, 0xFF, 0xFF, 0x00,
        0xFF, 0xFF, 0xFF, 0x00, 0xFF, 0xFF, 0xFF, 0x00, 0xFF, 0xFF, 0xFF, 0x00,
        0xFF, 0xFF, 0xFF, 0x00, 0xFF, 0xFF, 0xFF, 0x00, 0xFF, 0xFF, 0xFF, 0x00,
        0xFF, 0xFF, 0xFF, 0x00, 0xFF, 0xFF, 0xFF, 0x00, 0xFF, 0xFF, 0xFF, 0x00,
        0xFF, 0xFF, 0xFF, 0x00, 0xFF, 0xFF, 0xFF, 0x00, 0x56, 0x56, 0x56, 0x82,
        0x53, 0x53, 0x53, 0xFF, 0x54, 0x54, 0x54, 0xFF, 0x59, 0x59, 0x59, 0xFF,
        0x56, 0x56, 0x56, 0xFF, 0x4F, 0x4F, 0x4F, 0xFF, 0x4E, 0x4E, 0x4E, 0xFF,
        0x4E, 0x4E, 0x4E, 0xFF, 0x4F, 0x4F, 0x4F, 0xFF, 0x56, 0x56, 0x56, 0xFF,
        0x59, 0x59, 0x59, 0xFF, 0x54, 0x54, 0x54, 0xFF, 0x53, 0x53, 0x53, 0xFF,
        0x56, 0x56, 0x56, 0x86, 0xFF, 0xFF, 0xFF, 0x00, 0xFF, 0xFF, 0xFF, 0x00,
        0xFF, 0xFF, 0xFF, 0x00, 0xFF, 0xFF, 0xFF, 0x00, 0xFF, 0xFF, 0xFF, 0x00,
        0xFF, 0xFF, 0xFF, 0x00, 0xFF, 0xFF, 0xFF, 0x00, 0xFF, 0xFF, 0xFF, 0x00,
        0xFF, 0xFF, 0xFF, 0x00, 0xFF, 0xFF, 0xFF, 0x00, 0xFF, 0xFF, 0xFF, 0x00,
        0xFF, 0xFF, 0xFF, 0x00, 0xFF, 0xFF, 0xFF, 0x00, 0xFF, 0xFF, 0xFF, 0x00,
        0xFF, 0xFF, 0xFF, 0x00, 0xFF, 0xFF, 0xFF, 0x00, 0xFF, 0xFF, 0xFF, 0x00,
        0xFF, 0xFF, 0xFF, 0x00, 0xFF, 0xFF, 0xFF, 0x00, 0xFF, 0xFF, 0xFF, 0x00,
        0xFF, 0xFF, 0xFF, 0x00, 0xFF, 0xFF, 0xFF, 0x00, 0xFF, 0xFF, 0xFF, 0x00,
        0xFF, 0xFF, 0xFF, 0x00, 0xFF, 0xFF, 0xFF, 0x00, 0xFF, 0xFF, 0xFF, 0x00,
        0xFF, 0xFF, 0xFF, 0x00, 0xFF, 0xFF, 0xFF, 0x00, 0xFF, 0xFF, 0xFF, 0x00,
        0xFF, 0xFF, 0xFF, 0x00, 0xFF, 0xFF, 0xFF, 0x00, 0xFF, 0xFF, 0xFF, 0x00,
        0xFF, 0xFF, 0xFF, 0x00, 0xFF, 0xFF, 0xFF, 0x00, 0xFF, 0xFF, 0xFF, 0x00,
        0xFF, 0xFF, 0xFF, 0x00, 0xFF, 0xFF, 0xFF, 0x00, 0xFF, 0xFF, 0xFF, 0x00,
        0xFF, 0xFF, 0xFF, 0x00, 0xFF, 0xFF, 0xFF, 0x00, 0xFF, 0xFF, 0xFF, 0x00,
        0xFF, 0xFF, 0xFF, 0x00, 0xFF, 0xFF, 0xFF, 0x00, 0xFF, 0xFF, 0xFF, 0x00,
        0xFF, 0xFF, 0xFF, 0x00, 0xFF, 0xFF, 0xFF, 0x00, 0xFF, 0xFF, 0xFF, 0x00,
        0xFF, 0xFF, 0xFF, 0x00, 0xFF, 0xFF, 0xFF, 0x00, 0xFF, 0xFF, 0xFF, 0x00,
        0x7E, 0x7E, 0x7E, 0x82, 0x7C, 0x7C, 0x7C, 0xFF, 0x7D, 0x7D, 0x7D, 0xFF,
        0x80, 0x80, 0x80, 0xFF, 0x7B, 0x7B, 0x7B, 0xFF, 0x74, 0x74, 0x74, 0xFF,
        0x73, 0x73, 0x73, 0xFF, 0x73, 0x73, 0x73, 0xFF, 0x74, 0x74, 0x74, 0xFF,
        0x7B, 0x7B, 0x7B, 0xFF, 0x80, 0x80, 0x80, 0xFF, 0x7D, 0x7D, 0x7D, 0xFF,
        0x7C, 0x7C, 0x7C, 0xFF, 0x7E, 0x7E, 0x7E, 0x86, 0xFF, 0xFF, 0xFF, 0x00,
        0xFF, 0xFF, 0xFF, 0x00, 0xFF, 0xFF, 0xFF, 0x00, 0xFF, 0xFF, 0xFF, 0x00,
        0xFF, 0xFF, 0xFF, 0x00, 0xFF, 0xFF, 0xFF, 0x00, 0xFF, 0xFF, 0xFF, 0x00,
        0xFF, 0xFF, 0xFF, 0x00, 0xFF, 0xFF, 0xFF, 0x00, 0xFF, 0xFF, 0xFF, 0x00,
        0xFF, 0xFF, 0xFF, 0x00, 0xFF, 0xFF, 0xFF, 0x00, 0xFF, 0xFF, 0xFF, 0x00,
        0xFF, 0xFF, 0xFF, 0x00, 0xFF, 0xFF, 0xFF, 0x00, 0xFF, 0xFF, 0xFF, 0x00,
        0xFF, 0xFF, 0xFF, 0x00, 0xFF, 0xFF, 0xFF, 0x00, 0xFF, 0xFF, 0xFF, 0x00,
        0xFF, 0xFF, 0xFF, 0x00, 0xFF, 0xFF, 0xFF, 0x00, 0xFF, 0xFF, 0xFF, 0x00,
        0xFF, 0xFF, 0xFF, 0x00, 0xFF, 0xFF, 0xFF, 0x00, 0xFF, 0xFF, 0xFF, 0x00,
        0xFF, 0xFF, 0xFF, 0x00, 0xFF, 0xFF, 0xFF, 0x00, 0xFF, 0xFF, 0xFF, 0x00,
        0xFF, 0xFF, 0xFF, 0x00, 0xFF, 0xFF, 0xFF, 0x00, 0xFF, 0xFF, 0xFF, 0x00,
        0xFF, 0xFF, 0xFF, 0x00, 0xFF, 0xFF, 0xFF, 0x00, 0xFF, 0xFF, 0xFF, 0x00,
        0xFF, 0xFF, 0xFF, 0x00, 0xFF, 0xFF, 0xFF, 0x00, 0xFF, 0xFF, 0xFF, 0x00,
        0xFF, 0xFF, 0xFF, 0x00, 0xFF, 0xFF, 0xFF, 0x00, 0xFF, 0xFF, 0xFF, 0x00,
        0xFF, 0xFF, 0xFF, 0x00, 0xFF, 0xFF, 0xFF, 0x00, 0xFF, 0xFF, 0xFF, 0x00,
        0xFF, 0xFF, 0xFF, 0x00, 0xFF, 0xFF, 0xFF, 0x00, 0xFF, 0xFF, 0xFF, 0x00,
        0xFF, 0xFF, 0xFF, 0x00, 0xFF, 0xFF, 0xFF, 0x00, 0xFF, 0xFF, 0xFF, 0x00,
        0xFF, 0xFF, 0xFF, 0x00, 0x4F, 0x4F, 0x4F, 0xD0, 0x4B, 0x4B, 0x4B, 0xFF,
        0x4C, 0x4C, 0x4C, 0xFF, 0x50, 0x50, 0x50, 0xFF, 0x4F, 0x4F, 0x4F, 0xFF,
        0x4E, 0x4E, 0x4E, 0xFF, 0x4E, 0x4E, 0x4E, 0xFF, 0x4E, 0x4E, 0x4E, 0xFF,
        0x4E, 0x4E, 0x4E, 0xFF, 0x4F, 0x4F, 0x4F, 0xFF, 0x50, 0x50, 0x50, 0xFF,
        0x4C, 0x4C, 0x4C, 0xFF, 0x4B, 0x4B, 0x4B, 0xFF, 0x4F, 0x4F, 0x4F, 0xD2,
        0xFF, 0xFF, 0xFF, 0x00, 0xFF, 0xFF, 0xFF, 0x00, 0xFF, 0xFF, 0xFF, 0x00,
        0xFF, 0xFF, 0xFF, 0x00, 0xFF, 0xFF, 0xFF, 0x00, 0xFF, 0xFF, 0xFF, 0x00,
        0xFF, 0xFF, 0xFF, 0x00, 0xFF, 0xFF, 0xFF, 0x00, 0xFF, 0xFF, 0xFF, 0x00,
        0xFF, 0xFF, 0xFF, 0x00, 0xFF, 0xFF, 0xFF, 0x00, 0xFF, 0xFF, 0xFF, 0x00,
        0xFF, 0xFF, 0xFF, 0x00, 0xFF, 0xFF, 0xFF, 0x00, 0xFF, 0xFF, 0xFF, 0x00,
        0xFF, 0xFF, 0xFF, 0x00, 0xFF, 0xFF, 0xFF, 0x00, 0xFF, 0xFF, 0xFF, 0x00,
        0xFF, 0xFF, 0xFF, 0x00, 0xFF, 0xFF, 0xFF, 0x00, 0xFF, 0xFF, 0xFF, 0x00,
        0xFF, 0xFF, 0xFF, 0x00, 0xFF, 0xFF, 0xFF, 0x00, 0xFF, 0xFF, 0xFF, 0x00,
        0xFF, 0xFF, 0xFF, 0x00, 0xFF, 0xFF, 0xFF, 0x00, 0xFF, 0xFF, 0xFF, 0x00,
        0xFF, 0xFF, 0xFF, 0x00, 0xFF, 0xFF, 0xFF, 0x00, 0xFF, 0xFF, 0xFF, 0x00,
        0xFF, 0xFF, 0xFF, 0x00, 0xFF, 0xFF, 0xFF, 0x00, 0xFF, 0xFF, 0xFF, 0x00,
        0xFF, 0xFF, 0xFF, 0x00, 0xFF, 0xFF, 0xFF, 0x00, 0xFF, 0xFF, 0xFF, 0x00,
        0xFF, 0xFF, 0xFF, 0x00, 0xFF, 0xFF, 0xFF, 0x00, 0xFF, 0xFF, 0xFF, 0x00,
        0xFF, 0xFF, 0xFF, 0x00, 0xFF, 0xFF, 0xFF, 0x00, 0xFF, 0xFF, 0xFF, 0x00,
        0xFF, 0xFF, 0xFF, 0x00, 0xFF, 0xFF, 0xFF, 0x00, 0xFF, 0xFF, 0xFF, 0x00,
        0xFF, 0xFF, 0xFF, 0x00, 0xFF, 0xFF, 0xFF, 0x00, 0xFF, 0xFF, 0xFF, 0x00,
        0xFF, 0xFF, 0xFF, 0x00, 0xFF, 0xFF, 0xFF, 0x00, 0x79, 0x79, 0x79, 0xD0,
        0x73, 0x73, 0x73, 0xFF, 0x75, 0x75, 0x75, 0xFF, 0x76, 0x76, 0x76, 0xFF,
        0x73, 0x73, 0x73, 0xFF, 0x70, 0x70, 0x70, 0xFF, 0x6F, 0x6F, 0x6F, 0xFF,
        0x6F, 0x6F, 0x6F, 0xFF, 0x70, 0x70, 0x70, 0xFF, 0x73, 0x73, 0x73, 0xFF,
        0x76, 0x76, 0x76, 0xFF, 0x75, 0x75, 0x75, 0xFF, 0x74, 0x74, 0x74, 0xFF,
        0x79, 0x79, 0x79, 0xD2, 0xFF, 0xFF, 0xFF, 0x00, 0xFF, 0xFF, 0xFF, 0x00,
        0xFF, 0xFF, 0xFF, 0x00, 0xFF, 0xFF, 0xFF, 0x00, 0xFF, 0xFF, 0xFF, 0x00,
        0xFF, 0xFF, 0xFF, 0x00, 0xFF, 0xFF, 0xFF, 0x00, 0xFF, 0xFF, 0xFF, 0x00,
        0xFF, 0xFF, 0xFF, 0x00, 0xFF, 0xFF, 0xFF, 0x00, 0xFF, 0xFF, 0xFF, 0x00,
        0xFF, 0xFF, 0xFF, 0x00, 0xFF, 0xFF, 0xFF, 0x00, 0xFF, 0xFF, 0xFF, 0x00,
        0xFF, 0xFF, 0xFF, 0x00, 0xFF, 0xFF, 0xFF, 0x00, 0xFF, 0xFF, 0xFF, 0x00,
        0xFF, 0xFF, 0xFF, 0x00, 0xFF, 0xFF, 0xFF, 0x00, 0xFF, 0xFF, 0xFF, 0x00,
        0xFF, 0xFF, 0xFF, 0x00, 0xFF, 0xFF, 0xFF, 0x00, 0xFF, 0xFF, 0xFF, 0x00,
        0xFF, 0xFF, 0xFF, 0x00, 0xFF, 0xFF, 0xFF, 0x00, 0xFF, 0xFF, 0xFF, 0x00,
        0xFF, 0xFF, 0xFF, 0x00, 0xFF, 0xFF, 0xFF, 0x00, 0xFF, 0xFF, 0xFF, 0x00,
        0xFF, 0xFF, 0xFF, 0x00, 0xFF, 0xFF, 0xFF, 0x00, 0xFF, 0xFF, 0xFF, 0x00,
        0xFF, 0xFF, 0xFF, 0x00, 0xFF, 0xFF, 0xFF, 0x00, 0xFF, 0xFF, 0xFF, 0x00,
        0xFF, 0xFF, 0xFF, 0x00, 0xFF, 0xFF, 0xFF, 0x00, 0xFF, 0xFF, 0xFF, 0x00,
        0xFF, 0xFF, 0xFF, 0x00, 0xFF, 0xFF, 0xFF, 0x00, 0xFF, 0xFF, 0xFF, 0x00,
        0xFF, 0xFF, 0xFF, 0x00, 0xFF, 0xFF, 0xFF, 0x00, 0xFF, 0xFF, 0xFF, 0x00,
        0xFF, 0xFF, 0xFF, 0x00, 0xFF, 0xFF, 0xFF, 0x00, 0xFF, 0xFF, 0xFF, 0x00,
        0xFF, 0xFF, 0xFF, 0x00, 0xFF, 0xFF, 0xFF, 0x00, 0xFF, 0xFF, 0xFF, 0x00,
        0x4C, 0x4C, 0x4C, 0xF8, 0x4A, 0x4A, 0x4A, 0xFF, 0x4D, 0x4D, 0x4D, 0xFF,
        0x50, 0x50, 0x50, 0xFF, 0x4F, 0x4F, 0x4F, 0xFF, 0x4F, 0x4F, 0x4F, 0xFF,
        0x4F, 0x4F, 0x4F, 0xFF, 0x4F, 0x4F, 0x4F, 0xFF, 0x4F, 0x4F, 0x4F, 0xFF,
        0x4F, 0x4F, 0x4F, 0xFF, 0x50, 0x50, 0x50, 0xFF, 0x4D, 0x4D, 0x4D, 0xFF,
        0x4A, 0x4A, 0x4A, 0xFF, 0x4C, 0x4C, 0x4C, 0xF9, 0xFF, 0xFF, 0xFF, 0x00,
        0xFF, 0xFF, 0xFF, 0x00, 0xFF, 0xFF, 0xFF, 0x00, 0xFF, 0xFF, 0xFF, 0x00,
        0xFF, 0xFF, 0xFF, 0x00, 0xFF, 0xFF, 0xFF, 0x00, 0xFF, 0xFF, 0xFF, 0x00,
        0xFF, 0xFF, 0xFF, 0x00, 0xFF, 0xFF, 0xFF, 0x00, 0xFF, 0xFF, 0xFF, 0x00,
        0xFF, 0xFF, 0xFF, 0x00, 0xFF, 0xFF, 0xFF, 0x00, 0xFF, 0xFF, 0xFF, 0x00,
        0xFF, 0xFF, 0xFF, 0x00, 0xFF, 0xFF, 0xFF, 0x00, 0xFF, 0xFF, 0xFF, 0x00,
        0xFF, 0xFF, 0xFF, 0x00, 0xFF, 0xFF, 0xFF, 0x00, 0xFF, 0xFF, 0xFF, 0x00,
        0xFF, 0xFF, 0xFF, 0x00, 0xFF, 0xFF, 0xFF, 0x00, 0xFF, 0xFF, 0xFF, 0x00,
        0xFF, 0xFF, 0xFF, 0x00, 0xFF, 0xFF, 0xFF, 0x00, 0xFF, 0xFF, 0xFF, 0x00,
        0xFF, 0xFF, 0xFF, 0x00, 0xFF, 0xFF, 0xFF, 0x00, 0xFF, 0xFF, 0xFF, 0x00,
        0xFF, 0xFF, 0xFF, 0x00, 0xFF, 0xFF, 0xFF, 0x00, 0xFF, 0xFF, 0xFF, 0x00,
        0xFF, 0xFF, 0xFF, 0x00, 0xFF, 0xFF, 0xFF, 0x00, 0xFF, 0xFF, 0xFF, 0x00,
        0xFF, 0xFF, 0xFF, 0x00, 0xFF, 0xFF, 0xFF, 0x00, 0xFF, 0xFF, 0xFF, 0x00,
        0xFF, 0xFF, 0xFF, 0x00, 0xFF, 0xFF, 0xFF, 0x00, 0xFF, 0xFF, 0xFF, 0x00,
        0xFF, 0xFF, 0xFF, 0x00, 0xFF, 0xFF, 0xFF, 0x00, 0xFF, 0xFF, 0xFF, 0x00,
        0xFF, 0xFF, 0xFF, 0x00, 0xFF, 0xFF, 0xFF, 0x00, 0xFF, 0xFF, 0xFF, 0x00,
        0xFF, 0xFF, 0xFF, 0x00, 0xFF, 0xFF, 0xFF, 0x00, 0xFF, 0xFF, 0xFF, 0x00,
        0xFF, 0xFF, 0xFF, 0x00, 0x75, 0x75, 0x75, 0xF8, 0x71, 0x71, 0x71, 0xFF,
        0x73, 0x73, 0x73, 0xFF, 0x73, 0x73, 0x73, 0xFF, 0x6F, 0x6F, 0x6F, 0xFF,
        0x6D, 0x6D, 0x6D, 0xFF, 0x6D, 0x6D, 0x6D, 0xFF, 0x6D, 0x6D, 0x6D, 0xFF,
        0x6D, 0x6D, 0x6D, 0xFF, 0x6F, 0x6F, 0x6F, 0xFF, 0x73, 0x73, 0x73, 0xFF,
        0x73, 0x73, 0x73, 0xFF, 0x71, 0x71, 0x71, 0xFF, 0x75, 0x75, 0x75, 0xF9,
        0xFF, 0xFF, 0xFF, 0x00, 0xFF, 0xFF, 0xFF, 0x00, 0xFF, 0xFF, 0xFF, 0x00,
        0xFF, 0xFF, 0xFF, 0x00, 0xFF, 0xFF, 0xFF, 0x00, 0xFF, 0xFF, 0xFF, 0x00,
        0xFF, 0xFF, 0xFF, 0x00, 0xFF, 0xFF, 0xFF, 0x00, 0xFF, 0xFF, 0xFF, 0x00,
        0xFF, 0xFF, 0xFF, 0x00, 0xFF, 0xFF, 0xFF, 0x00, 0xFF, 0xFF, 0xFF, 0x00,
        0xFF, 0xFF, 0xFF, 0x00, 0xFF, 0xFF, 0xFF, 0x00, 0xFF, 0xFF, 0xFF, 0x00,
        0xFF, 0xFF, 0xFF, 0x00, 0xFF, 0xFF, 0xFF, 0x00, 0xFF, 0xFF, 0xFF, 0x00,
        0xFF, 0xFF, 0xFF, 0x00, 0xFF, 0xFF, 0xFF, 0x00, 0xFF, 0xFF, 0xFF, 0x00,
        0xFF, 0xFF, 0xFF, 0x00, 0xFF, 0xFF, 0xFF, 0x00, 0xFF, 0xFF, 0xFF, 0x00,
        0xFF, 0xFF, 0xFF, 0x00, 0xFF, 0xFF, 0xFF, 0x00, 0xFF, 0xFF, 0xFF, 0x00,
        0xFF, 0xFF, 0xFF, 0x00, 0xFF, 0xFF, 0xFF, 0x00, 0xFF, 0xFF, 0xFF, 0x00,
        0xFF, 0xFF, 0xFF, 0x00, 0xFF, 0xFF, 0xFF, 0x00, 0xFF, 0xFF, 0xFF, 0x00,
        0xFF, 0xFF, 0xFF, 0x00, 0xFF, 0xFF, 0xFF, 0x00, 0xFF, 0xFF, 0xFF, 0x00,
        0xFF, 0xFF, 0xFF, 0x00, 0xFF, 0xFF, 0xFF, 0x00, 0xFF, 0xFF, 0xFF, 0x00,
        0xFF, 0xFF, 0xFF, 0x00, 0xFF, 0xFF, 0xFF, 0x00, 0xFF, 0xFF, 0xFF, 0x00,
        0xFF, 0xFF, 0xFF, 0x00, 0xFF, 0xFF, 0xFF, 0x00, 0xFF, 0xFF, 0xFF, 0x00,
        0xFF, 0xFF, 0xFF, 0x00, 0xFF, 0xFF, 0xFF, 0x00, 0xFF, 0xFF, 0xFF, 0x00,
        0xFF, 0xFF, 0xFF, 0x00, 0xFF, 0xFF, 0xFF, 0x00, 0x48, 0x48, 0x48, 0xFF,
        0x48, 0x48, 0x48, 0xFF, 0x4E, 0x4E, 0x4E, 0xFF, 0x50, 0x50, 0x50, 0xFF,
        0x4F, 0x4F, 0x4F, 0xFF, 0x4F, 0x4F, 0x4F, 0xFF, 0x4F, 0x4F, 0x4F, 0xFF,
        0x4F, 0x4F, 0x4F, 0xFF, 0x4F, 0x4F, 0x4F, 0xFF, 0x4F, 0x4F, 0x4F, 0xFF,
        0x50, 0x50, 0x50, 0xFF, 0x4E, 0x4E, 0x4E, 0xFF, 0x48, 0x48, 0x48, 0xFF,
        0x48, 0x48, 0x48, 0xFF, 0xFF, 0xFF, 0xFF, 0x00, 0xFF, 0xFF, 0xFF, 0x00,
        0xFF, 0xFF, 0xFF, 0x00, 0xFF, 0xFF, 0xFF, 0x00, 0xFF, 0xFF, 0xFF, 0x00,
        0xFF, 0xFF, 0xFF, 0x00, 0xFF, 0xFF, 0xFF, 0x00, 0xFF, 0xFF, 0xFF, 0x00,
        0xFF, 0xFF, 0xFF, 0x00, 0xFF, 0xFF, 0xFF, 0x00, 0xFF, 0xFF, 0xFF, 0x00,
        0xFF, 0xFF, 0xFF, 0x00, 0xFF, 0xFF, 0xFF, 0x00, 0xFF, 0xFF, 0xFF, 0x00,
        0xFF, 0xFF, 0xFF, 0x00, 0xFF, 0xFF, 0xFF, 0x00, 0xFF, 0xFF, 0xFF, 0x00,
        0xFF, 0xFF, 0xFF, 0x00, 0xFF, 0xFF, 0xFF, 0x00, 0xFF, 0xFF, 0xFF, 0x00,
        0xFF, 0xFF, 0xFF, 0x00, 0xFF, 0xFF, 0xFF, 0x00, 0xFF, 0xFF, 0xFF, 0x00,
        0xFF, 0xFF, 0xFF, 0x00, 0xFF, 0xFF, 0xFF, 0x00, 0xFF, 0xFF, 0xFF, 0x00,
        0xFF, 0xFF, 0xFF, 0x00, 0xFF, 0xFF, 0xFF, 0x00, 0xFF, 0xFF, 0xFF, 0x00,
        0xFF, 0xFF, 0xFF, 0x00, 0xFF, 0xFF, 0xFF, 0x00, 0xFF, 0xFF, 0xFF, 0x00,
        0xFF, 0xFF, 0xFF, 0x00, 0xFF, 0xFF, 0xFF, 0x00, 0xFF, 0xFF, 0xFF, 0x00,
        0xFF, 0xFF, 0xFF, 0x00, 0xFF, 0xFF, 0xFF, 0x00, 0xFF, 0xFF, 0xFF, 0x00,
        0xFF, 0xFF, 0xFF, 0x00, 0xFF, 0xFF, 0xFF, 0x00, 0xFF, 0xFF, 0xFF, 0x00,
        0xFF, 0xFF, 0xFF, 0x00, 0xFF, 0xFF, 0xFF, 0x00, 0xFF, 0xFF, 0xFF, 0x00,
        0xFF, 0xFF, 0xFF, 0x00, 0xFF, 0xFF, 0xFF, 0x00, 0xFF, 0xFF, 0xFF, 0x00,
        0xFF, 0xFF, 0xFF, 0x00, 0xFF, 0xFF, 0xFF, 0x00, 0xFF, 0xFF, 0xFF, 0x00,
        0x6F, 0x6F, 0x6F, 0xFF, 0x6E, 0x6E, 0x6E, 0xFF, 0x71, 0x71, 0x71, 0xFF,
        0x70, 0x70, 0x70, 0xFF, 0x6D, 0x6D, 0x6D, 0xFF, 0x6B, 0x6B, 0x6B, 0xFF,
        0x6A, 0x6A, 0x6A, 0xFF, 0x6A, 0x6A, 0x6A, 0xFF, 0x6B, 0x6B, 0x6B, 0xFF,
        0x6D, 0x6D, 0x6D, 0xFF, 0x70, 0x70, 0x70, 0xFF, 0x71, 0x71, 0x71, 0xFF,
        0x6E, 0x6E, 0x6E, 0xFF, 0x6F, 0x6F, 0x6F, 0xFF, 0xFF, 0xFF, 0xFF, 0x00,
        0xFF, 0xFF, 0xFF, 0x00, 0xFF, 0xFF, 0xFF, 0x00, 0xFF, 0xFF, 0xFF, 0x00,
        0xFF, 0xFF, 0xFF, 0x00, 0xFF, 0xFF, 0xFF, 0x00, 0xFF, 0xFF, 0xFF, 0x00,
        0xFF, 0xFF, 0xFF, 0x00, 0xFF, 0xFF, 0xFF, 0x00, 0xFF, 0xFF, 0xFF, 0x00,
        0xFF, 0xFF, 0xFF, 0x00, 0xFF, 0xFF, 0xFF, 0x00, 0xFF, 0xFF, 0xFF, 0x00,
        0xFF, 0xFF, 0xFF, 0x00, 0xFF, 0xFF, 0xFF, 0x00, 0xFF, 0xFF, 0xFF, 0x00,
        0xFF, 0xFF, 0xFF, 0x00, 0xFF, 0xFF, 0xFF, 0x00, 0xFF, 0xFF, 0xFF, 0x00,
        0xFF, 0xFF, 0xFF, 0x00, 0xFF, 0xFF, 0xFF, 0x00, 0xFF, 0xFF, 0xFF, 0x00,
        0xFF, 0xFF, 0xFF, 0x00, 0xFF, 0xFF, 0xFF, 0x00, 0xFF, 0xFF, 0xFF, 0x00,
        0xFF, 0xFF, 0xFF, 0x00, 0xFF, 0xFF, 0xFF, 0x00, 0xFF, 0xFF, 0xFF, 0x00,
        0xFF, 0xFF, 0xFF, 0x00, 0xFF, 0xFF, 0xFF, 0x00, 0xFF, 0xFF, 0xFF, 0x00,
        0xFF, 0xFF, 0xFF, 0x00, 0xFF, 0xFF, 0xFF, 0x00, 0xFF, 0xFF, 0xFF, 0x00,
        0xFF, 0xFF, 0xFF, 0x00, 0xFF, 0xFF, 0xFF, 0x00, 0xFF, 0xFF, 0xFF, 0x00,
        0xFF, 0xFF, 0xFF, 0x00, 0xFF, 0xFF, 0xFF, 0x00, 0xFF, 0xFF, 0xFF, 0x00,
        0xFF, 0xFF, 0xFF, 0x00, 0xFF, 0xFF, 0xFF, 0x00, 0xFF, 0xFF, 0xFF, 0x00,
        0xFF, 0xFF, 0xFF, 0x00, 0xFF, 0xFF, 0xFF, 0x00, 0xFF, 0xFF, 0xFF, 0x00,
        0xFF, 0xFF, 0xFF, 0x00, 0xFF, 0xFF, 0xFF, 0x00, 0xFF, 0xFF, 0xFF, 0x00,
        0xFF, 0xFF, 0xFF, 0x00, 0x46, 0x46, 0x46, 0xFF, 0x47, 0x47, 0x47, 0xFF,
        0x4E, 0x4E, 0x4E, 0xFF, 0x51, 0x51, 0x51, 0xFF, 0x50, 0x50, 0x50, 0xFF,
        0x50, 0x50, 0x50, 0xFF, 0x50, 0x50, 0x50, 0xFF, 0x50, 0x50, 0x50, 0xFF,
        0x50, 0x50, 0x50, 0xFF, 0x50, 0x50, 0x50, 0xFF, 0x51, 0x51, 0x51, 0xFF,
        0x4D, 0x4D, 0x4D, 0xFF, 0x47, 0x47, 0x47, 0xFF, 0x46, 0x46, 0x46, 0xFF,
        0xFF, 0xFF, 0xFF, 0x00, 0xFF, 0xFF, 0xFF, 0x00, 0xFF, 0xFF, 0xFF, 0x00,
        0xFF, 0xFF, 0xFF, 0x00, 0xFF, 0xFF, 0xFF, 0x00, 0xFF, 0xFF, 0xFF, 0x00,
        0xFF, 0xFF, 0xFF, 0x00, 0xFF, 0xFF, 0xFF, 0x00, 0xFF, 0xFF, 0xFF, 0x00,
        0xFF, 0xFF, 0xFF, 0x00, 0xFF, 0xFF, 0xFF, 0x00, 0xFF, 0xFF, 0xFF, 0x00,
        0xFF, 0xFF, 0xFF, 0x00, 0xFF, 0xFF, 0xFF, 0x00, 0xFF, 0xFF, 0xFF, 0x00,
        0xFF, 0xFF, 0xFF, 0x00, 0xFF, 0xFF, 0xFF, 0x00, 0xFF, 0xFF, 0xFF, 0x00,
        0xFF, 0xFF, 0xFF, 0x00, 0xFF, 0xFF, 0xFF, 0x00, 0xFF, 0xFF, 0xFF, 0x00,
        0xFF, 0xFF, 0xFF, 0x00, 0xFF, 0xFF, 0xFF, 0x00, 0xFF, 0xFF, 0xFF, 0x00,
        0xFF, 0xFF, 0xFF, 0x00, 0xFF, 0xFF, 0xFF, 0x00, 0xFF, 0xFF, 0xFF, 0x00,
        0xFF, 0xFF, 0xFF, 0x00, 0xFF, 0xFF, 0xFF, 0x00, 0xFF, 0xFF, 0xFF, 0x00,
        0xFF, 0xFF, 0xFF, 0x00, 0xFF, 0xFF, 0xFF, 0x00, 0xFF, 0xFF, 0xFF, 0x00,
        0xFF, 0xFF, 0xFF, 0x00, 0xFF, 0xFF, 0xFF, 0x00, 0xFF, 0xFF, 0xFF, 0x00,
        0xFF, 0xFF, 0xFF, 0x00, 0xFF, 0xFF, 0xFF, 0x00, 0xFF, 0xFF, 0xFF, 0x00,
        0xFF, 0xFF, 0xFF, 0x00, 0xFF, 0xFF, 0xFF, 0x00, 0xFF, 0xFF, 0xFF, 0x00,
        0xFF, 0xFF, 0xFF, 0x00, 0xFF, 0xFF, 0xFF, 0x00, 0xFF, 0xFF, 0xFF, 0x00,
        0xFF, 0xFF, 0xFF, 0x00, 0xFF, 0xFF, 0xFF, 0x00, 0xFF, 0xFF, 0xFF, 0x00,
        0xFF, 0xFF, 0xFF, 0x00, 0xFF, 0xFF, 0xFF, 0x00, 0x6B, 0x6B, 0x6B, 0xFF,
        0x68, 0x68, 0x68, 0xFF, 0x6F, 0x6F, 0x6F, 0xFF, 0x6F, 0x6F, 0x6F, 0xFF,
        0x6B, 0x6B, 0x6B, 0xFF, 0x69, 0x69, 0x69, 0xFF, 0x69, 0x69, 0x69, 0xFF,
        0x69, 0x69, 0x69, 0xFF, 0x69, 0x69, 0x69, 0xFF, 0x6B, 0x6B, 0x6B, 0xFF,
        0x6F, 0x6F, 0x6F, 0xFF, 0x6E, 0x6E, 0x6E, 0xFF, 0x68, 0x68, 0x68, 0xFF,
        0x6B, 0x6B, 0x6B, 0xFF, 0xFF, 0xFF, 0xFF, 0x00, 0xFF, 0xFF, 0xFF, 0x00,
        0xFF, 0xFF, 0xFF, 0x00, 0xFF, 0xFF, 0xFF, 0x00, 0xFF, 0xFF, 0xFF, 0x00,
        0xFF, 0xFF, 0xFF, 0x00, 0xFF, 0xFF, 0xFF, 0x00, 0xFF, 0xFF, 0xFF, 0x00,
        0xFF, 0xFF, 0xFF, 0x00, 0xFF, 0xFF, 0xFF, 0x00, 0xFF, 0xFF, 0xFF, 0x00,
        0xFF, 0xFF, 0xFF, 0x00, 0xFF, 0xFF, 0xFF, 0x00, 0xFF, 0xFF, 0xFF, 0x00,
        0xFF, 0xFF, 0xFF, 0x00, 0xFF, 0xFF, 0xFF, 0x00, 0xFF, 0xFF, 0xFF, 0x00,
        0xFF, 0xFF, 0xFF, 0x00, 0xFF, 0xFF, 0xFF, 0x00, 0xFF, 0xFF, 0xFF, 0x00,
        0xFF, 0xFF, 0xFF, 0x00, 0xFF, 0xFF, 0xFF, 0x00, 0xFF, 0xFF, 0xFF, 0x00,
        0xFF, 0xFF, 0xFF, 0x00, 0xFF, 0xFF, 0xFF, 0x00, 0xFF, 0xFF, 0xFF, 0x00,
        0xFF, 0xFF, 0xFF, 0x00, 0xFF, 0xFF, 0xFF, 0x00, 0xFF, 0xFF, 0xFF, 0x00,
        0xFF, 0xFF, 0xFF, 0x00, 0xFF, 0xFF, 0xFF, 0x00, 0xFF, 0xFF, 0xFF, 0x00,
        0xFF, 0xFF, 0xFF, 0x00, 0xFF, 0xFF, 0xFF, 0x00, 0xFF, 0xFF, 0xFF, 0x00,
        0xFF, 0xFF, 0xFF, 0x00, 0xFF, 0xFF, 0xFF, 0x00, 0xFF, 0xFF, 0xFF, 0x00,
        0xFF, 0xFF, 0xFF, 0x00, 0xFF, 0xFF, 0xFF, 0x00, 0xFF, 0xFF, 0xFF, 0x00,
        0xFF, 0xFF, 0xFF, 0x00, 0xFF, 0xFF, 0xFF, 0x00, 0xFF, 0xFF, 0xFF, 0x00,
        0xFF, 0xFF, 0xFF, 0x00, 0xFF, 0xFF, 0xFF, 0x00, 0xFF, 0xFF, 0xFF, 0x00,
        0xFF, 0xFF, 0xFF, 0x00, 0xFF, 0xFF, 0xFF, 0x00, 0xFF, 0xFF, 0xFF, 0x00,
        0x44, 0x44, 0x44, 0xFF, 0x45, 0x45, 0x45, 0xFF, 0x4C, 0x4C, 0x4C, 0xFF,
        0x50, 0x50, 0x50, 0xFF, 0x50, 0x50, 0x50, 0xFF, 0x50, 0x50, 0x50, 0xFF,
        0x50, 0x50, 0x50, 0xFF, 0x50, 0x50, 0x50, 0xFF, 0x50, 0x50, 0x50, 0xFF,
        0x50, 0x50, 0x50, 0xFF, 0x50, 0x50, 0x50, 0xFF, 0x4C, 0x4C, 0x4C, 0xFF,
        0x45, 0x45, 0x45, 0xFF, 0x44, 0x44, 0x44, 0xFF, 0xFF, 0xFF, 0xFF, 0x00,
        0xFF, 0xFF, 0xFF, 0x00, 0xFF, 0xFF, 0xFF, 0x00, 0xFF, 0xFF, 0xFF, 0x00,
        0xFF, 0xFF, 0xFF, 0x00, 0xFF, 0xFF, 0xFF, 0x00, 0xFF, 0xFF, 0xFF, 0x00,
        0xFF, 0xFF, 0xFF, 0x00, 0xFF, 0xFF, 0xFF, 0x00, 0xFF, 0xFF, 0xFF, 0x00,
        0xFF, 0xFF, 0xFF, 0x00, 0xFF, 0xFF, 0xFF, 0x00, 0xFF, 0xFF, 0xFF, 0x00,
        0xFF, 0xFF, 0xFF, 0x00, 0xFF, 0xFF, 0xFF, 0x00, 0xFF, 0xFF, 0xFF, 0x00,
        0xFF, 0xFF, 0xFF, 0x00, 0xFF, 0xFF, 0xFF, 0x00, 0xFF, 0xFF, 0xFF, 0x00,
        0xFF, 0xFF, 0xFF, 0x00, 0xFF, 0xFF, 0xFF, 0x00, 0xFF, 0xFF, 0xFF, 0x00,
        0xFF, 0xFF, 0xFF, 0x00, 0xFF, 0xFF, 0xFF, 0x00, 0xFF, 0xFF, 0xFF, 0x00,
        0xFF, 0xFF, 0xFF, 0x00, 0xFF, 0xFF, 0xFF, 0x00, 0xFF, 0xFF, 0xFF, 0x00,
        0xFF, 0xFF, 0xFF, 0x00, 0xFF, 0xFF, 0xFF, 0x00, 0xFF, 0xFF, 0xFF, 0x00,
        0xFF, 0xFF, 0xFF, 0x00, 0xFF, 0xFF, 0xFF, 0x00, 0xFF, 0xFF, 0xFF, 0x00,
        0xFF, 0xFF, 0xFF, 0x00, 0xFF, 0xFF, 0xFF, 0x00, 0xFF, 0xFF, 0xFF, 0x00,
        0xFF, 0xFF, 0xFF, 0x00, 0xFF, 0xFF, 0xFF, 0x00, 0xFF, 0xFF, 0xFF, 0x00,
        0xFF, 0xFF, 0xFF, 0x00, 0xFF, 0xFF, 0xFF, 0x00, 0xFF, 0xFF, 0xFF, 0x00,
        0xFF, 0xFF, 0xFF, 0x00, 0xFF, 0xFF, 0xFF, 0x00, 0xFF, 0xFF, 0xFF, 0x00,
        0xFF, 0xFF, 0xFF, 0x00, 0xFF, 0xFF, 0xFF, 0x00, 0xFF, 0xFF, 0xFF, 0x00,
        0xFF, 0xFF, 0xFF, 0x00, 0x68, 0x68, 0x68, 0xFF, 0x64, 0x64, 0x64, 0xFF,
        0x6B, 0x6B, 0x6B, 0xFF, 0x6C, 0x6C, 0x6C, 0xFF, 0x69, 0x69, 0x69, 0xFF,
        0x67, 0x67, 0x67, 0xFF, 0x67, 0x67, 0x67, 0xFF, 0x67, 0x67, 0x67, 0xFF,
        0x67, 0x67, 0x67, 0xFF, 0x69, 0x69, 0x69, 0xFF, 0x6C, 0x6C, 0x6C, 0xFF,
        0x6B, 0x6B, 0x6B, 0xFF, 0x64, 0x64, 0x64, 0xFF, 0x68, 0x68, 0x68, 0xFF,
        0xFF, 0xFF, 0xFF, 0x00, 0xFF, 0xFF, 0xFF, 0x00, 0xFF, 0xFF, 0xFF, 0x00,
        0xFF, 0xFF, 0xFF, 0x00, 0xFF, 0xFF, 0xFF, 0x00, 0xFF, 0xFF, 0xFF, 0x00,
        0xFF, 0xFF, 0xFF, 0x00, 0xFF, 0xFF, 0xFF, 0x00, 0xFF, 0xFF, 0xFF, 0x00,
        0xFF, 0xFF, 0xFF, 0x00, 0xFF, 0xFF, 0xFF, 0x00, 0xFF, 0xFF, 0xFF, 0x00,
        0xFF, 0xFF, 0xFF, 0x00, 0xFF, 0xFF, 0xFF, 0x00, 0xFF, 0xFF, 0xFF, 0x00,
        0xFF, 0xFF, 0xFF, 0x00, 0xFF, 0xFF, 0xFF, 0x00, 0xFF, 0xFF, 0xFF, 0x00,
        0xFF, 0xFF, 0xFF, 0x00, 0xFF, 0xFF, 0xFF, 0x00, 0xFF, 0xFF, 0xFF, 0x00,
        0xFF, 0xFF, 0xFF, 0x00, 0xFF, 0xFF, 0xFF, 0x00, 0xFF, 0xFF, 0xFF, 0x00,
        0xFF, 0xFF, 0xFF, 0x00, 0xFF, 0xFF, 0xFF, 0x00, 0xFF, 0xFF, 0xFF, 0x00,
        0xFF, 0xFF, 0xFF, 0x00, 0xFF, 0xFF, 0xFF, 0x00, 0xFF, 0xFF, 0xFF, 0x00,
        0xFF, 0xFF, 0xFF, 0x00, 0xFF, 0xFF, 0xFF, 0x00, 0xFF, 0xFF, 0xFF, 0x00,
        0xFF, 0xFF, 0xFF, 0x00, 0xFF, 0xFF, 0xFF, 0x00, 0xFF, 0xFF, 0xFF, 0x00,
        0xFF, 0xFF, 0xFF, 0x00, 0xFF, 0xFF, 0xFF, 0x00, 0xFF, 0xFF, 0xFF, 0x00,
        0xFF, 0xFF, 0xFF, 0x00, 0xFF, 0xFF, 0xFF, 0x00, 0xFF, 0xFF, 0xFF, 0x00,
        0xFF, 0xFF, 0xFF, 0x00, 0xFF, 0xFF, 0xFF, 0x00, 0xFF, 0xFF, 0xFF, 0x00,
        0xFF, 0xFF, 0xFF, 0x00, 0xFF, 0xFF, 0xFF, 0x00, 0xFF, 0xFF, 0xFF, 0x00,
        0xFF, 0xFF, 0xFF, 0x00, 0xFF, 0xFF, 0xFF, 0x00, 0x45, 0x45, 0x45, 0xFF,
        0x45, 0x45, 0x45, 0xFF, 0x4D, 0x4D, 0x4D, 0xFF, 0x51, 0x51, 0x51, 0xFF,
        0x51, 0x51, 0x51, 0xFF, 0x51, 0x51, 0x51, 0xFF, 0x51, 0x51, 0x51, 0xFF,
        0x51, 0x51, 0x51, 0xFF, 0x51, 0x51, 0x51, 0xFF, 0x51, 0x51, 0x51, 0xFF,
        0x51, 0x51, 0x51, 0xFF, 0x4D, 0x4D, 0x4D, 0xFF, 0x45, 0x45, 0x45, 0xFF,
        0x45, 0x45, 0x45, 0xFF, 0xFF, 0xFF, 0xFF, 0x00, 0xFF, 0xFF, 0xFF, 0x00,
        0xFF, 0xFF, 0xFF, 0x00, 0xFF, 0xFF, 0xFF, 0x00, 0xFF, 0xFF, 0xFF, 0x00,
        0xFF, 0xFF, 0xFF, 0x00, 0xFF, 0xFF, 0xFF, 0x00, 0xFF, 0xFF, 0xFF, 0x00,
        0xFF, 0xFF, 0xFF, 0x00, 0xFF, 0xFF, 0xFF, 0x00, 0xFF, 0xFF, 0xFF, 0x00,
        0xFF, 0xFF, 0xFF, 0x00, 0xFF, 0xFF, 0xFF, 0x00, 0xFF, 0xFF, 0xFF, 0x00,
        0xFF, 0xFF, 0xFF, 0x00, 0xFF, 0xFF, 0xFF, 0x00, 0xFF, 0xFF, 0xFF, 0x00,
        0xFF, 0xFF, 0xFF, 0x00, 0xFF, 0xFF, 0xFF, 0x00, 0xFF, 0xFF, 0xFF, 0x00,
        0xFF, 0xFF, 0xFF, 0x00, 0xFF, 0xFF, 0xFF, 0x00, 0xFF, 0xFF, 0xFF, 0x00,
        0xFF, 0xFF, 0xFF, 0x00, 0xFF, 0xFF, 0xFF, 0x00, 0xFF, 0xFF, 0xFF, 0x00,
        0xFF, 0xFF, 0xFF, 0x00, 0xFF, 0xFF, 0xFF, 0x00, 0xFF, 0xFF, 0xFF, 0x00,
        0xFF, 0xFF, 0xFF, 0x00, 0xFF, 0xFF, 0xFF, 0x00, 0xFF, 0xFF, 0xFF, 0x00,
        0xFF, 0xFF, 0xFF, 0x00, 0xFF, 0xFF, 0xFF, 0x00, 0xFF, 0xFF, 0xFF, 0x00,
        0xFF, 0xFF, 0xFF, 0x00, 0xFF, 0xFF, 0xFF, 0x00, 0xFF, 0xFF, 0xFF, 0x00,
        0xFF, 0xFF, 0xFF, 0x00, 0xFF, 0xFF, 0xFF, 0x00, 0xFF, 0xFF, 0xFF, 0x00,
        0xFF, 0xFF, 0xFF, 0x00, 0xFF, 0xFF, 0xFF, 0x00, 0xFF, 0xFF, 0xFF, 0x00,
        0xFF, 0xFF, 0xFF, 0x00, 0xFF, 0xFF, 0xFF, 0x00, 0xFF, 0xFF, 0xFF, 0x00,
        0xFF, 0xFF, 0xFF, 0x00, 0xFF, 0xFF, 0xFF, 0x00, 0xFF, 0xFF, 0xFF, 0x00,
        0x67, 0x67, 0x67, 0xFF, 0x63, 0x63, 0x63, 0xFF, 0x69, 0x69, 0x69, 0xFF,
        0x6C, 0x6C, 0x6C, 0xFF, 0x69, 0x69, 0x69, 0xFF, 0x67, 0x67, 0x67, 0xFF,
        0x65, 0x65, 0x65, 0xFF, 0x65, 0x65, 0x65, 0xFF, 0x67, 0x67, 0x67, 0xFF,
        0x69, 0x69, 0x69, 0xFF, 0x6C, 0x6C, 0x6C, 0xFF, 0x69, 0x69, 0x69, 0xFF,
        0x63, 0x63, 0x63, 0xFF, 0x67, 0x67, 0x67, 0xFF, 0xFF, 0xFF, 0xFF, 0x00,
        0xFF, 0xFF, 0xFF, 0x00, 0xFF, 0xFF, 0xFF, 0x00, 0xFF, 0xFF, 0xFF, 0x00,
        0xFF, 0xFF, 0xFF, 0x00, 0xFF, 0xFF, 0xFF, 0x00, 0xFF, 0xFF, 0xFF, 0x00,
        0xFF, 0xFF, 0xFF, 0x00, 0xFF, 0xFF, 0xFF, 0x00, 0xFF, 0xFF, 0xFF, 0x00,
        0xFF, 0xFF, 0xFF, 0x00, 0xFF, 0xFF, 0xFF, 0x00, 0xFF, 0xFF, 0xFF, 0x00,
        0xFF, 0xFF, 0xFF, 0x00, 0xFF, 0xFF, 0xFF, 0x00, 0xFF, 0xFF, 0xFF, 0x00,
        0xFF, 0xFF, 0xFF, 0x00, 0xFF, 0xFF, 0xFF, 0x00, 0xFF, 0xFF, 0xFF, 0x00,
        0xFF, 0xFF, 0xFF, 0x00, 0xFF, 0xFF, 0xFF, 0x00, 0xFF, 0xFF, 0xFF, 0x00,
        0xFF, 0xFF, 0xFF, 0x00, 0xFF, 0xFF, 0xFF, 0x00, 0xFF, 0xFF, 0xFF, 0x00,
        0xFF, 0xFF, 0xFF, 0x00, 0xFF, 0xFF, 0xFF, 0x00, 0xFF, 0xFF, 0xFF, 0x00,
        0xFF, 0xFF, 0xFF, 0x00, 0xFF, 0xFF, 0xFF, 0x00, 0xFF, 0xFF, 0xFF, 0x00,
        0xFF, 0xFF, 0xFF, 0x00, 0xFF, 0xFF, 0xFF, 0x00, 0xFF, 0xFF, 0xFF, 0x00,
        0xFF, 0xFF, 0xFF, 0x00, 0xFF, 0xFF, 0xFF, 0x00, 0xFF, 0xFF, 0xFF, 0x00,
        0xFF, 0xFF, 0xFF, 0x00, 0xFF, 0xFF, 0xFF, 0x00, 0xFF, 0xFF, 0xFF, 0x00,
        0xFF, 0xFF, 0xFF, 0x00, 0xFF, 0xFF, 0xFF, 0x00, 0xFF, 0xFF, 0xFF, 0x00,
        0xFF, 0xFF, 0xFF, 0x00, 0xFF, 0xFF, 0xFF, 0x00, 0xFF, 0xFF, 0xFF, 0x00,
        0xFF, 0xFF, 0xFF, 0x00, 0xFF, 0xFF, 0xFF, 0x00, 0xFF, 0xFF, 0xFF, 0x00,
        0xFF, 0xFF, 0xFF, 0x00, 0x45, 0x45, 0x45, 0xFF, 0x45, 0x45, 0x45, 0xFF,
        0x4D, 0x4D, 0x4D, 0xFF, 0x52, 0x52, 0x52, 0xFF, 0x52, 0x52, 0x52, 0xFF,
        0x52, 0x52, 0x52, 0xFF, 0x52, 0x52, 0x52, 0xFF, 0x52, 0x52, 0x52, 0xFF,
        0x52, 0x52, 0x52, 0xFF, 0x52, 0x52, 0x52, 0xFF, 0x52, 0x52, 0x52, 0xFF,
        0x4D, 0x4D, 0x4D, 0xFF, 0x45, 0x45, 0x45, 0xFF, 0x45, 0x45, 0x45, 0xFF,
        0xFF, 0xFF, 0xFF, 0x00, 0xFF, 0xFF, 0xFF, 0x00, 0xFF, 0xFF, 0xFF, 0x00,
        0xFF, 0xFF, 0xFF, 0x00, 0xFF, 0xFF, 0xFF, 0x00, 0xFF, 0xFF, 0xFF, 0x00,
        0xFF, 0xFF, 0xFF, 0x00, 0xFF, 0xFF, 0xFF, 0x00, 0xFF, 0xFF, 0xFF, 0x00,
        0xFF, 0xFF, 0xFF, 0x00, 0xFF, 0xFF, 0xFF, 0x00, 0xFF, 0xFF, 0xFF, 0x00,
        0xFF, 0xFF, 0xFF, 0x00, 0xFF, 0xFF, 0xFF, 0x00, 0xFF, 0xFF, 0xFF, 0x00,
        0xFF, 0xFF, 0xFF, 0x00, 0xFF, 0xFF, 0xFF, 0x00, 0xFF, 0xFF, 0xFF, 0x00,
        0xFF, 0xFF, 0xFF, 0x00, 0xFF, 0xFF, 0xFF, 0x00, 0xFF, 0xFF, 0xFF, 0x00,
        0xFF, 0xFF, 0xFF, 0x00, 0xFF, 0xFF, 0xFF, 0x00, 0xFF, 0xFF, 0xFF, 0x00,
        0xFF, 0xFF, 0xFF, 0x00, 0xFF, 0xFF, 0xFF, 0x00, 0xFF, 0xFF, 0xFF, 0x00,
        0xFF, 0xFF, 0xFF, 0x00, 0xFF, 0xFF, 0xFF, 0x00, 0xFF, 0xFF, 0xFF, 0x00,
        0xFF, 0xFF, 0xFF, 0x00, 0xFF, 0xFF, 0xFF, 0x00, 0xFF, 0xFF, 0xFF, 0x00,
        0xFF, 0xFF, 0xFF, 0x00, 0xFF, 0xFF, 0xFF, 0x00, 0xFF, 0xFF, 0xFF, 0x00,
        0xFF, 0xFF, 0xFF, 0x00, 0xFF, 0xFF, 0xFF, 0x00, 0xFF, 0xFF, 0xFF, 0x00,
        0xFF, 0xFF, 0xFF, 0x00, 0xFF, 0xFF, 0xFF, 0x00, 0xFF, 0xFF, 0xFF, 0x00,
        0xFF, 0xFF, 0xFF, 0x00, 0xFF, 0xFF, 0xFF, 0x00, 0xFF, 0xFF, 0xFF, 0x00,
        0xFF, 0xFF, 0xFF, 0x00, 0xFF, 0xFF, 0xFF, 0x00, 0xFF, 0xFF, 0xFF, 0x00,
        0xFF, 0xFF, 0xFF, 0x00, 0xFF, 0xFF, 0xFF, 0x00, 0x66, 0x66, 0x66, 0xFF,
        0x62, 0x62, 0x62, 0xFF, 0x69, 0x69, 0x69, 0xFF, 0x6B, 0x6B, 0x6B, 0xFF,
        0x68, 0x68, 0x68, 0xFF, 0x66, 0x66, 0x66, 0xFF, 0x65, 0x65, 0x65, 0xFF,
        0x65, 0x65, 0x65, 0xFF, 0x66, 0x66, 0x66, 0xFF, 0x68, 0x68, 0x68, 0xFF,
        0x6B, 0x6B, 0x6B, 0xFF, 0x69, 0x69, 0x69, 0xFF, 0x62, 0x62, 0x62, 0xFF,
        0x66, 0x66, 0x66, 0xFF, 0xFF, 0xFF, 0xFF, 0x00, 0xFF, 0xFF, 0xFF, 0x00,
        0xFF, 0xFF, 0xFF, 0x00, 0xFF, 0xFF, 0xFF, 0x00, 0xFF, 0xFF, 0xFF, 0x00,
        0xFF, 0xFF, 0xFF, 0x00, 0xFF, 0xFF, 0xFF, 0x00, 0xFF, 0xFF, 0xFF, 0x00,
        0xFF, 0xFF, 0xFF, 0x00, 0xFF, 0xFF, 0xFF, 0x00, 0xFF, 0xFF, 0xFF, 0x00,
        0xFF, 0xFF, 0xFF, 0x00, 0xFF, 0xFF, 0xFF, 0x00, 0xFF, 0xFF, 0xFF, 0x00,
        0xFF, 0xFF, 0xFF, 0x00, 0xFF, 0xFF, 0xFF, 0x00, 0xFF, 0xFF, 0xFF, 0x00,
        0xFF, 0xFF, 0xFF, 0x00, 0xFF, 0xFF, 0xFF, 0x00, 0xFF, 0xFF, 0xFF, 0x00,
        0xFF, 0xFF, 0xFF, 0x00, 0xFF, 0xFF, 0xFF, 0x00, 0xFF, 0xFF, 0xFF, 0x00,
        0xFF, 0xFF, 0xFF, 0x00, 0xFF, 0xFF, 0xFF, 0x00, 0xFF, 0xFF, 0xFF, 0x00,
        0xFF, 0xFF, 0xFF, 0x00, 0xFF, 0xFF, 0xFF, 0x00, 0xFF, 0xFF, 0xFF, 0x00,
        0xFF, 0xFF, 0xFF, 0x00, 0xFF, 0xFF, 0xFF, 0x00, 0xFF, 0xFF, 0xFF, 0x00,
        0xFF, 0xFF, 0xFF, 0x00, 0xFF, 0xFF, 0xFF, 0x00, 0xFF, 0xFF, 0xFF, 0x00,
        0xFF, 0xFF, 0xFF, 0x00, 0xFF, 0xFF, 0xFF, 0x00, 0xFF, 0xFF, 0xFF, 0x00,
        0xFF, 0xFF, 0xFF, 0x00, 0xFF, 0xFF, 0xFF, 0x00, 0xFF, 0xFF, 0xFF, 0x00,
        0xFF, 0xFF, 0xFF, 0x00, 0xFF, 0xFF, 0xFF, 0x00, 0xFF, 0xFF, 0xFF, 0x00,
        0xFF, 0xFF, 0xFF, 0x00, 0xFF, 0xFF, 0xFF, 0x00, 0xFF, 0xFF, 0xFF, 0x00,
        0xFF, 0xFF, 0xFF, 0x00, 0xFF, 0xFF, 0xFF, 0x00, 0xFF, 0xFF, 0xFF, 0x00,
        0x45, 0x45, 0x45, 0xFF, 0x45, 0x45, 0x45, 0xFF, 0x4D, 0x4D, 0x4D, 0xFF,
        0x52, 0x52, 0x52, 0xFF, 0x52, 0x52, 0x52, 0xFF, 0x52, 0x52, 0x52, 0xFF,
        0x52, 0x52, 0x52, 0xFF, 0x52, 0x52, 0x52, 0xFF, 0x52, 0x52, 0x52, 0xFF,
        0x52, 0x52, 0x52, 0xFF, 0x52, 0x52, 0x52, 0xFF, 0x4D, 0x4D, 0x4D, 0xFF,
        0x45, 0x45, 0x45, 0xFF, 0x45, 0x45, 0x45, 0xFF, 0xFF, 0xFF, 0xFF, 0x00,
        0xFF, 0xFF, 0xFF, 0x00, 0xFF, 0xFF, 0xFF, 0x00, 0xFF, 0xFF, 0xFF, 0x00,
        0xFF, 0xFF, 0xFF, 0x00, 0xFF, 0xFF, 0xFF, 0x00, 0xFF, 0xFF, 0xFF, 0x00,
        0xFF, 0xFF, 0xFF, 0x00, 0xFF, 0xFF, 0xFF, 0x00, 0xFF, 0xFF, 0xFF, 0x00,
        0xFF, 0xFF, 0xFF, 0x00, 0xFF, 0xFF, 0xFF, 0x00, 0xFF, 0xFF, 0xFF, 0x00,
        0xFF, 0xFF, 0xFF, 0x00, 0xFF, 0xFF, 0xFF, 0x00, 0xFF, 0xFF, 0xFF, 0x00,
        0xFF, 0xFF, 0xFF, 0x00, 0xFF, 0xFF, 0xFF, 0x00, 0xFF, 0xFF, 0xFF, 0x00,
        0xFF, 0xFF, 0xFF, 0x00, 0xFF, 0xFF, 0xFF, 0x00, 0xFF, 0xFF, 0xFF, 0x00,
        0xFF, 0xFF, 0xFF, 0x00, 0xFF, 0xFF, 0xFF, 0x00, 0xFF, 0xFF, 0xFF, 0x00,
        0xFF, 0xFF, 0xFF, 0x00, 0xFF, 0xFF, 0xFF, 0x00, 0xFF, 0xFF, 0xFF, 0x00,
        0xFF, 0xFF, 0xFF, 0x00, 0xFF, 0xFF, 0xFF, 0x00, 0xFF, 0xFF, 0xFF, 0x00,
        0xFF, 0xFF, 0xFF, 0x00, 0xFF, 0xFF, 0xFF, 0x00, 0xFF, 0xFF, 0xFF, 0x00,
        0xFF, 0xFF, 0xFF, 0x00, 0xFF, 0xFF, 0xFF, 0x00, 0xFF, 0xFF, 0xFF, 0x00,
        0xFF, 0xFF, 0xFF, 0x00, 0xFF, 0xFF, 0xFF, 0x00, 0xFF, 0xFF, 0xFF, 0x00,
        0xFF, 0xFF, 0xFF, 0x00, 0xFF, 0xFF, 0xFF, 0x00, 0xFF, 0xFF, 0xFF, 0x00,
        0xFF, 0xFF, 0xFF, 0x00, 0xFF, 0xFF, 0xFF, 0x00, 0xFF, 0xFF, 0xFF, 0x00,
        0xFF, 0xFF, 0xFF, 0x00, 0xFF, 0xFF, 0xFF, 0x00, 0xFF, 0xFF, 0xFF, 0x00,
        0xFF, 0xFF, 0xFF, 0x00, 0x66, 0x66, 0x66, 0xFF, 0x61, 0x61, 0x61, 0xFF,
        0x68, 0x68, 0x68, 0xFF, 0x6A, 0x6A, 0x6A, 0xFF, 0x68, 0x68, 0x68, 0xFF,
        0x66, 0x66, 0x66, 0xFF, 0x64, 0x64, 0x64, 0xFF, 0x64, 0x64, 0x64, 0xFF,
        0x66, 0x66, 0x66, 0xFF, 0x68, 0x68, 0x68, 0xFF, 0x6A, 0x6A, 0x6A, 0xFF,
        0x68, 0x68, 0x68, 0xFF, 0x61, 0x61, 0x61, 0xFF, 0x66, 0x66, 0x66, 0xFF,
        0xFF, 0xFF, 0xFF, 0x00, 0xFF, 0xFF, 0xFF, 0x00, 0xFF, 0xFF, 0xFF, 0x00,
        0xFF, 0xFF, 0xFF, 0x00, 0xFF, 0xFF, 0xFF, 0x00, 0xFF, 0xFF, 0xFF, 0x00,
        0xFF, 0xFF, 0xFF, 0x00, 0xFF, 0xFF, 0xFF, 0x00, 0xFF, 0xFF, 0xFF, 0x00,
        0xFF, 0xFF, 0xFF, 0x00, 0xFF, 0xFF, 0xFF, 0x00, 0xFF, 0xFF, 0xFF, 0x00,
        0xFF, 0xFF, 0xFF, 0x00, 0xFF, 0xFF, 0xFF, 0x00, 0xFF, 0xFF, 0xFF, 0x00,
        0xFF, 0xFF, 0xFF, 0x00, 0xFF, 0xFF, 0xFF, 0x00, 0xFF, 0xFF, 0xFF, 0x00,
        0xFF, 0xFF, 0xFF, 0x00, 0xFF, 0xFF, 0xFF, 0x00, 0xFF, 0xFF, 0xFF, 0x00,
        0xFF, 0xFF, 0xFF, 0x00, 0xFF, 0xFF, 0xFF, 0x00, 0xFF, 0xFF, 0xFF, 0x00,
        0xFF, 0xFF, 0xFF, 0x00, 0xFF, 0xFF, 0xFF, 0x00, 0xFF, 0xFF, 0xFF, 0x00,
        0xFF, 0xFF, 0xFF, 0x00, 0xFF, 0xFF, 0xFF, 0x00, 0xFF, 0xFF, 0xFF, 0x00,
        0xFF, 0xFF, 0xFF, 0x00, 0xFF, 0xFF, 0xFF, 0x00, 0xFF, 0xFF, 0xFF, 0x00,
        0xFF, 0xFF, 0xFF, 0x00, 0xFF, 0xFF, 0xFF, 0x00, 0xFF, 0xFF, 0xFF, 0x00,
        0xFF, 0xFF, 0xFF, 0x00, 0xFF, 0xFF, 0xFF, 0x00, 0xFF, 0xFF, 0xFF, 0x00,
        0xFF, 0xFF, 0xFF, 0x00, 0xFF, 0xFF, 0xFF, 0x00, 0xFF, 0xFF, 0xFF, 0x00,
        0xFF, 0xFF, 0xFF, 0x00, 0xFF, 0xFF, 0xFF, 0x00, 0xFF, 0xFF, 0xFF, 0x00,
        0xFF, 0xFF, 0xFF, 0x00, 0xFF, 0xFF, 0xFF, 0x00, 0xFF, 0xFF, 0xFF, 0x00,
        0xFF, 0xFF, 0xFF, 0x00, 0xFF, 0xFF, 0xFF, 0x00, 0x46, 0x46, 0x46, 0xFF,
        0x46, 0x46, 0x46, 0xFF, 0x4E, 0x4E, 0x4E, 0xFF, 0x53, 0x53, 0x53, 0xFF,
        0x53, 0x53, 0x53, 0xFF, 0x53, 0x53, 0x53, 0xFF, 0x53, 0x53, 0x53, 0xFF,
        0x53, 0x53, 0x53, 0xFF, 0x53, 0x53, 0x53, 0xFF, 0x53, 0x53, 0x53, 0xFF,
        0x53, 0x53, 0x53, 0xFF, 0x4E, 0x4E, 0x4E, 0xFF, 0x46, 0x46, 0x46, 0xFF,
        0x46, 0x46, 0x46, 0xFF, 0xFF, 0xFF, 0xFF, 0x00, 0xFF, 0xFF, 0xFF, 0x00,
        0xFF, 0xFF, 0xFF, 0x00, 0xFF, 0xFF, 0xFF, 0x00, 0xFF, 0xFF, 0xFF, 0x00,
        0xFF, 0xFF, 0xFF, 0x00, 0xFF, 0xFF, 0xFF, 0x00, 0xFF, 0xFF, 0xFF, 0x00,
        0xFF, 0xFF, 0xFF, 0x00, 0xFF, 0xFF, 0xFF, 0x00, 0xFF, 0xFF, 0xFF, 0x00,
        0xFF, 0xFF, 0xFF, 0x00, 0xFF, 0xFF, 0xFF, 0x00, 0xFF, 0xFF, 0xFF, 0x00,
        0xFF, 0xFF, 0xFF, 0x00, 0xFF, 0xFF, 0xFF, 0x00, 0xFF, 0xFF, 0xFF, 0x00,
        0xFF, 0xFF, 0xFF, 0x00, 0xFF, 0xFF, 0xFF, 0x00, 0xFF, 0xFF, 0xFF, 0x00,
        0xFF, 0xFF, 0xFF, 0x00, 0xFF, 0xFF, 0xFF, 0x00, 0xFF, 0xFF, 0xFF, 0x00,
        0xFF, 0xFF, 0xFF, 0x00, 0xFF, 0xFF, 0xFF, 0x00, 0xFF, 0xFF, 0xFF, 0x00,
        0xFF, 0xFF, 0xFF, 0x00, 0xFF, 0xFF, 0xFF, 0x00, 0xFF, 0xFF, 0xFF, 0x00,
        0xFF, 0xFF, 0xFF, 0x00, 0xFF, 0xFF, 0xFF, 0x00, 0xFF, 0xFF, 0xFF, 0x00,
        0xFF, 0xFF, 0xFF, 0x00, 0xFF, 0xFF, 0xFF, 0x00, 0xFF, 0xFF, 0xFF, 0x00,
        0xFF, 0xFF, 0xFF, 0x00, 0xFF, 0xFF, 0xFF, 0x00, 0xFF, 0xFF, 0xFF, 0x00,
        0xFF, 0xFF, 0xFF, 0x00, 0xFF, 0xFF, 0xFF, 0x00, 0xFF, 0xFF, 0xFF, 0x00,
        0xFF, 0xFF, 0xFF, 0x00, 0xFF, 0xFF, 0xFF, 0x00, 0xFF, 0xFF, 0xFF, 0x00,
        0xFF, 0xFF, 0xFF, 0x00, 0xFF, 0xFF, 0xFF, 0x00, 0xFF, 0xFF, 0xFF, 0x00,
        0xFF, 0xFF, 0xFF, 0x00, 0xFF, 0xFF, 0xFF, 0x00, 0xFF, 0xFF, 0xFF, 0x00,
        0x66, 0x66, 0x66, 0xFF, 0x61, 0x61, 0x61, 0xFF, 0x69, 0x69, 0x69, 0xFF,
        0x6B, 0x6B, 0x6B, 0xFF, 0x68, 0x68, 0x68, 0xFF, 0x66, 0x66, 0x66, 0xFF,
        0x65, 0x65, 0x65, 0xFF, 0x65, 0x65, 0x65, 0xFF, 0x66, 0x66, 0x66, 0xFF,
        0x68, 0x68, 0x68, 0xFF, 0x6B, 0x6B, 0x6B, 0xFF, 0x69, 0x69, 0x69, 0xFF,
        0x61, 0x61, 0x61, 0xFF, 0x66, 0x66, 0x66, 0xFF, 0xFF, 0xFF, 0xFF, 0x00,
        0xFF, 0xFF, 0xFF, 0x00, 0xFF, 0xFF, 0xFF, 0x00, 0xFF, 0xFF, 0xFF, 0x00,
        0xFF, 0xFF, 0xFF, 0x00, 0xFF, 0xFF, 0xFF, 0x00, 0xFF, 0xFF, 0xFF, 0x00,
        0xFF, 0xFF, 0xFF, 0x00, 0xFF, 0xFF, 0xFF, 0x00, 0xFF, 0xFF, 0xFF, 0x00,
        0xFF, 0xFF, 0xFF, 0x00, 0xFF, 0xFF, 0xFF, 0x00, 0xFF, 0xFF, 0xFF, 0x00,
        0xFF, 0xFF, 0xFF, 0x00, 0xFF, 0xFF, 0xFF, 0x00, 0xFF, 0xFF, 0xFF, 0x00,
        0xFF, 0xFF, 0xFF, 0x00, 0xFF, 0xFF, 0xFF, 0x00, 0xFF, 0xFF, 0xFF, 0x00,
        0xFF, 0xFF, 0xFF, 0x00, 0xFF, 0xFF, 0xFF, 0x00, 0xFF, 0xFF, 0xFF, 0x00,
        0xFF, 0xFF, 0xFF, 0x00, 0xFF, 0xFF, 0xFF, 0x00, 0xFF, 0xFF, 0xFF, 0x00,
        0xFF, 0xFF, 0xFF, 0x00, 0xFF, 0xFF, 0xFF, 0x00, 0xFF, 0xFF, 0xFF, 0x00,
        0xFF, 0xFF, 0xFF, 0x00, 0xFF, 0xFF, 0xFF, 0x00, 0xFF, 0xFF, 0xFF, 0x00,
        0xFF, 0xFF, 0xFF, 0x00, 0xFF, 0xFF, 0xFF, 0x00, 0xFF, 0xFF, 0xFF, 0x00,
        0xFF, 0xFF, 0xFF, 0x00, 0xFF, 0xFF, 0xFF, 0x00, 0xFF, 0xFF, 0xFF, 0x00,
        0xFF, 0xFF, 0xFF, 0x00, 0xFF, 0xFF, 0xFF, 0x00, 0xFF, 0xFF, 0xFF, 0x00,
        0xFF, 0xFF, 0xFF, 0x00, 0xFF, 0xFF, 0xFF, 0x00, 0xFF, 0xFF, 0xFF, 0x00,
        0xFF, 0xFF, 0xFF, 0x00, 0xFF, 0xFF, 0xFF, 0x00, 0xFF, 0xFF, 0xFF, 0x00,
        0xFF, 0xFF, 0xFF, 0x00, 0xFF, 0xFF, 0xFF, 0x00, 0xFF, 0xFF, 0xFF, 0x00,
        0xFF, 0xFF, 0xFF, 0x00, 0x47, 0x47, 0x47, 0xFF, 0x47, 0x47, 0x47, 0xFF,
        0x4F, 0x4F, 0x4F, 0xFF, 0x54, 0x54, 0x54, 0xFF, 0x54, 0x54, 0x54, 0xFF,
        0x54, 0x54, 0x54, 0xFF, 0x54, 0x54, 0x54, 0xFF, 0x54, 0x54, 0x54, 0xFF,
        0x54, 0x54, 0x54, 0xFF, 0x54, 0x54, 0x54, 0xFF, 0x54, 0x54, 0x54, 0xFF,
        0x4F, 0x4F, 0x4F, 0xFF, 0x47, 0x47, 0x47, 0xFF, 0x47, 0x47, 0x47, 0xFF,
        0xFF, 0xFF, 0xFF, 0x00, 0xFF, 0xFF, 0xFF, 0x00, 0xFF, 0xFF, 0xFF, 0x00,
        0xFF, 0xFF, 0xFF, 0x00, 0xFF, 0xFF, 0xFF, 0x00, 0xFF, 0xFF, 0xFF, 0x00,
        0xFF, 0xFF, 0xFF, 0x00, 0xFF, 0xFF, 0xFF, 0x00, 0xFF, 0xFF, 0xFF, 0x00,
        0xFF, 0xFF, 0xFF, 0x00, 0xFF, 0xFF, 0xFF, 0x00, 0xFF, 0xFF, 0xFF, 0x00,
        0xFF, 0xFF, 0xFF, 0x00, 0xFF, 0xFF, 0xFF, 0x00, 0xFF, 0xFF, 0xFF, 0x00,
        0xFF, 0xFF, 0xFF, 0x00, 0xFF, 0xFF, 0xFF, 0x00, 0xFF, 0xFF, 0xFF, 0x00,
        0xFF, 0xFF, 0xFF, 0x00, 0xFF, 0xFF, 0xFF, 0x00, 0xFF, 0xFF, 0xFF, 0x00,
        0xFF, 0xFF, 0xFF, 0x00, 0xFF, 0xFF, 0xFF, 0x00, 0xFF, 0xFF, 0xFF, 0x00,
        0xFF, 0xFF, 0xFF, 0x00, 0xFF, 0xFF, 0xFF, 0x00, 0xFF, 0xFF, 0xFF, 0x00,
        0xFF, 0xFF, 0xFF, 0x00, 0xFF, 0xFF, 0xFF, 0x00, 0xFF, 0xFF, 0xFF, 0x00,
        0xFF, 0xFF, 0xFF, 0x00, 0xFF, 0xFF, 0xFF, 0x00, 0xFF, 0xFF, 0xFF, 0x00,
        0xFF, 0xFF, 0xFF, 0x00, 0xFF, 0xFF, 0xFF, 0x00, 0xFF, 0xFF, 0xFF, 0x00,
        0xFF, 0xFF, 0xFF, 0x00, 0xFF, 0xFF, 0xFF, 0x00, 0xFF, 0xFF, 0xFF, 0x00,
        0xFF, 0xFF, 0xFF, 0x00, 0xFF, 0xFF, 0xFF, 0x00, 0xFF, 0xFF, 0xFF, 0x00,
        0xFF, 0xFF, 0xFF, 0x00, 0xFF, 0xFF, 0xFF, 0x00, 0xFF, 0xFF, 0xFF, 0x00,
        0xFF, 0xFF, 0xFF, 0x00, 0xFF, 0xFF, 0xFF, 0x00, 0xFF, 0xFF, 0xFF, 0x00,
        0xFF, 0xFF, 0xFF, 0x00, 0xFF, 0xFF, 0xFF, 0x00, 0x67, 0x67, 0x67, 0xFF,
        0x62, 0x62, 0x62, 0xFF, 0x69, 0x69, 0x69, 0xFF, 0x6B, 0x6B, 0x6B, 0xFF,
        0x69, 0x69, 0x69, 0xFF, 0x67, 0x67, 0x67, 0xFF, 0x65, 0x65, 0x65, 0xFF,
        0x65, 0x65, 0x65, 0xFF, 0x67, 0x67, 0x67, 0xFF, 0x69, 0x69, 0x69, 0xFF,
        0x6B, 0x6B, 0x6B, 0xFF, 0x69, 0x69, 0x69, 0xFF, 0x62, 0x62, 0x62, 0xFF,
        0x67, 0x67, 0x67, 0xFF, 0xFF, 0xFF, 0xFF, 0x00, 0xFF, 0xFF, 0xFF, 0x00,
        0xFF, 0xFF, 0xFF, 0x00, 0xFF, 0xFF, 0xFF, 0x00, 0xFF, 0xFF, 0xFF, 0x00,
        0xFF, 0xFF, 0xFF, 0x00, 0xFF, 0xFF, 0xFF, 0x00, 0xFF, 0xFF, 0xFF, 0x00,
        0xFF, 0xFF, 0xFF, 0x00, 0xFF, 0xFF, 0xFF, 0x00, 0xFF, 0xFF, 0xFF, 0x00,
        0xFF, 0xFF, 0xFF, 0x00, 0xFF, 0xFF, 0xFF, 0x00, 0xFF, 0xFF, 0xFF, 0x00,
        0xFF, 0xFF, 0xFF, 0x00, 0xFF, 0xFF, 0xFF, 0x00, 0xFF, 0xFF, 0xFF, 0x00,
        0xFF, 0xFF, 0xFF, 0x00, 0xFF, 0xFF, 0xFF, 0x00, 0xFF, 0xFF, 0xFF, 0x00,
        0xFF, 0xFF, 0xFF, 0x00, 0xFF, 0xFF, 0xFF, 0x00, 0xFF, 0xFF, 0xFF, 0x00,
        0xFF, 0xFF, 0xFF, 0x00, 0xFF, 0xFF, 0xFF, 0x00, 0xFF, 0xFF, 0xFF, 0x00,
        0xFF, 0xFF, 0xFF, 0x00, 0xFF, 0xFF, 0xFF, 0x00, 0xFF, 0xFF, 0xFF, 0x00,
        0xFF, 0xFF, 0xFF, 0x00, 0xFF, 0xFF, 0xFF, 0x00, 0xFF, 0xFF, 0xFF, 0x00,
        0xFF, 0xFF, 0xFF, 0x00, 0xFF, 0xFF, 0xFF, 0x00, 0xFF, 0xFF, 0xFF, 0x00,
        0xFF, 0xFF, 0xFF, 0x00, 0xFF, 0xFF, 0xFF, 0x00, 0xFF, 0xFF, 0xFF, 0x00,
        0xFF, 0xFF, 0xFF, 0x00, 0xFF, 0xFF, 0xFF, 0x00, 0xFF, 0xFF, 0xFF, 0x00,
        0xFF, 0xFF, 0xFF, 0x00, 0xFF, 0xFF, 0xFF, 0x00, 0xFF, 0xFF, 0xFF, 0x00,
        0xFF, 0xFF, 0xFF, 0x00, 0xFF, 0xFF, 0xFF, 0x00, 0xFF, 0xFF, 0xFF, 0x00,
        0xFF, 0xFF, 0xFF, 0x00, 0xFF, 0xFF, 0xFF, 0x00, 0xFF, 0xFF, 0xFF, 0x00,
        0x47, 0x47, 0x47, 0xFF, 0x47, 0x47, 0x47, 0xFF, 0x4F, 0x4F, 0x4F, 0xFF,
        0x54, 0x54, 0x54, 0xFF, 0x54, 0x54, 0x54, 0xFF, 0x54, 0x54, 0x54, 0xFF,
        0x54, 0x54, 0x54, 0xFF, 0x54, 0x54, 0x54, 0xFF, 0x54, 0x54, 0x54, 0xFF,
        0x54, 0x54, 0x54, 0xFF, 0x54, 0x54, 0x54, 0xFF, 0x4F, 0x4F, 0x4F, 0xFF,
        0x47, 0x47, 0x47, 0xFF, 0x47, 0x47, 0x47, 0xFF, 0xFF, 0xFF, 0xFF, 0x00,
        0xFF, 0xFF, 0xFF, 0x00, 0xFF, 0xFF, 0xFF, 0x00, 0xFF, 0xFF, 0xFF, 0x00,
        0xFF, 0xFF, 0xFF, 0x00, 0xFF, 0xFF, 0xFF, 0x00, 0xFF, 0xFF, 0xFF, 0x00,
        0xFF, 0xFF, 0xFF, 0x00, 0xFF, 0xFF, 0xFF, 0x00, 0xFF, 0xFF, 0xFF, 0x00,
        0xFF, 0xFF, 0xFF, 0x00, 0xFF, 0xFF, 0xFF, 0x00, 0xFF, 0xFF, 0xFF, 0x00,
        0xFF, 0xFF, 0xFF, 0x00, 0xFF, 0xFF, 0xFF, 0x00, 0xFF, 0xFF, 0xFF, 0x00,
        0xFF, 0xFF, 0xFF, 0x00, 0xFF, 0xFF, 0xFF, 0x00, 0xFF, 0xFF, 0xFF, 0x00,
        0xFF, 0xFF, 0xFF, 0x00, 0xFF, 0xFF, 0xFF, 0x00, 0xFF, 0xFF, 0xFF, 0x00,
        0xFF, 0xFF, 0xFF, 0x00, 0xFF, 0xFF, 0xFF, 0x00, 0xFF, 0xFF, 0xFF, 0x00,
        0xFF, 0xFF, 0xFF, 0x00, 0xFF, 0xFF, 0xFF, 0x00, 0xFF, 0xFF, 0xFF, 0x00,
        0xFF, 0xFF, 0xFF, 0x00, 0xFF, 0xFF, 0xFF, 0x00, 0xFF, 0xFF, 0xFF, 0x00,
        0xFF, 0xFF, 0xFF, 0x00, 0xFF, 0xFF, 0xFF, 0x00, 0xFF, 0xFF, 0xFF, 0x00,
        0xFF, 0xFF, 0xFF, 0x00, 0xFF, 0xFF, 0xFF, 0x00, 0xFF, 0xFF, 0xFF, 0x00,
        0xFF, 0xFF, 0xFF, 0x00, 0xFF, 0xFF, 0xFF, 0x00, 0xFF, 0xFF, 0xFF, 0x00,
        0xFF, 0xFF, 0xFF, 0x00, 0xFF, 0xFF, 0xFF, 0x00, 0xFF, 0xFF, 0xFF, 0x00,
        0xFF, 0xFF, 0xFF, 0x00, 0xFF, 0xFF, 0xFF, 0x00, 0xFF, 0xFF, 0xFF, 0x00,
        0xFF, 0xFF, 0xFF, 0x00, 0xFF, 0xFF, 0xFF, 0x00, 0xFF, 0xFF, 0xFF, 0x00,
        0xFF, 0xFF, 0xFF, 0x00, 0x67, 0x67, 0x67, 0xFF, 0x62, 0x62, 0x62, 0xFF,
        0x69, 0x69, 0x69, 0xFF, 0x6B, 0x6B, 0x6B, 0xFF, 0x68, 0x68, 0x68, 0xFF,
        0x67, 0x67, 0x67, 0xFF, 0x65, 0x65, 0x65, 0xFF, 0x65, 0x65, 0x65, 0xFF,
        0x67, 0x67, 0x67, 0xFF, 0x68, 0x68, 0x68, 0xFF, 0x6B, 0x6B, 0x6B, 0xFF,
        0x69, 0x69, 0x69, 0xFF, 0x62, 0x62, 0x62, 0xFF, 0x67, 0x67, 0x67, 0xFF,
        0xFF, 0xFF, 0xFF, 0x00, 0xFF, 0xFF, 0xFF, 0x00, 0xFF, 0xFF, 0xFF, 0x00,
        0xFF, 0xFF, 0xFF, 0x00, 0xFF, 0xFF, 0xFF, 0x00, 0xFF, 0xFF, 0xFF, 0x00,
        0xFF, 0xFF, 0xFF, 0x00, 0xFF, 0xFF, 0xFF, 0x00, 0xFF, 0xFF, 0xFF, 0x00,
        0xFF, 0xFF, 0xFF, 0x00, 0xFF, 0xFF, 0xFF, 0x00, 0xFF, 0xFF, 0xFF, 0x00,
        0xFF, 0xFF, 0xFF, 0x00, 0xFF, 0xFF, 0xFF, 0x00, 0xFF, 0xFF, 0xFF, 0x00,
        0xFF, 0xFF, 0xFF, 0x00, 0xFF, 0xFF, 0xFF, 0x00, 0xFF, 0xFF, 0xFF, 0x00,
        0xFF, 0xFF, 0xFF, 0x00, 0xFF, 0xFF, 0xFF, 0x00, 0xFF, 0xFF, 0xFF, 0x00,
        0xFF, 0xFF, 0xFF, 0x00, 0xFF, 0xFF, 0xFF, 0x00, 0xFF, 0xFF, 0xFF, 0x00,
        0xFF, 0xFF, 0xFF, 0x00, 0xFF, 0xFF, 0xFF, 0x00, 0xFF, 0xFF, 0xFF, 0x00,
        0xFF, 0xFF, 0xFF, 0x00, 0xFF, 0xFF, 0xFF, 0x00, 0xFF, 0xFF, 0xFF, 0x00,
        0xFF, 0xFF, 0xFF, 0x00, 0xFF, 0xFF, 0xFF, 0x00, 0xFF, 0xFF, 0xFF, 0x00,
        0xFF, 0xFF, 0xFF, 0x00, 0xFF, 0xFF, 0xFF, 0x00, 0xFF, 0xFF, 0xFF, 0x00,
        0xFF, 0xFF, 0xFF, 0x00, 0xFF, 0xFF, 0xFF, 0x00, 0xFF, 0xFF, 0xFF, 0x00,
        0xFF, 0xFF, 0xFF, 0x00, 0xFF, 0xFF, 0xFF, 0x00, 0xFF, 0xFF, 0xFF, 0x00,
        0xFF, 0xFF, 0xFF, 0x00, 0xFF, 0xFF, 0xFF, 0x00, 0xFF, 0xFF, 0xFF, 0x00,
        0xFF, 0xFF, 0xFF, 0x00, 0xFF, 0xFF, 0xFF, 0x00, 0xFF, 0xFF, 0xFF, 0x00,
        0xFF, 0xFF, 0xFF, 0x00, 0xFF, 0xFF, 0xFF, 0x00, 0x48, 0x48, 0x48, 0xFF,
        0x48, 0x48, 0x48, 0xFF, 0x50, 0x50, 0x50, 0xFF, 0x55, 0x55, 0x55, 0xFF,
        0x55, 0x55, 0x55, 0xFF, 0x55, 0x55, 0x55, 0xFF, 0x55, 0x55, 0x55, 0xFF,
        0x55, 0x55, 0x55, 0xFF, 0x55, 0x55, 0x55, 0xFF, 0x55, 0x55, 0x55, 0xFF,
        0x55, 0x55, 0x55, 0xFF, 0x50, 0x50, 0x50, 0xFF, 0x48, 0x48, 0x48, 0xFF,
        0x48, 0x48, 0x48, 0xFF, 0xFF, 0xFF, 0xFF, 0x00, 0xFF, 0xFF, 0xFF, 0x00,
        0xFF, 0xFF, 0xFF, 0x00, 0xFF, 0xFF, 0xFF, 0x00, 0xFF, 0xFF, 0xFF, 0x00,
        0xFF, 0xFF, 0xFF, 0x00, 0xFF, 0xFF, 0xFF, 0x00, 0xFF, 0xFF, 0xFF, 0x00,
        0xFF, 0xFF, 0xFF, 0x00, 0xFF, 0xFF, 0xFF, 0x00, 0xFF, 0xFF, 0xFF, 0x00,
        0xFF, 0xFF, 0xFF, 0x00, 0xFF, 0xFF, 0xFF, 0x00, 0xFF, 0xFF, 0xFF, 0x00,
        0xFF, 0xFF, 0xFF, 0x00, 0xFF, 0xFF, 0xFF, 0x00, 0xFF, 0xFF, 0xFF, 0x00,
        0xFF, 0xFF, 0xFF, 0x00, 0xFF, 0xFF, 0xFF, 0x00, 0xFF, 0xFF, 0xFF, 0x00,
        0xFF, 0xFF, 0xFF, 0x00, 0xFF, 0xFF, 0xFF, 0x00, 0xFF, 0xFF, 0xFF, 0x00,
        0xFF, 0xFF, 0xFF, 0x00, 0xFF, 0xFF, 0xFF, 0x00, 0xFF, 0xFF, 0xFF, 0x00,
        0xFF, 0xFF, 0xFF, 0x00, 0xFF, 0xFF, 0xFF, 0x00, 0xFF, 0xFF, 0xFF, 0x00,
        0xFF, 0xFF, 0xFF, 0x00, 0xFF, 0xFF, 0xFF, 0x00, 0xFF, 0xFF, 0xFF, 0x00,
        0xFF, 0xFF, 0xFF, 0x00, 0xFF, 0xFF, 0xFF, 0x00, 0xFF, 0xFF, 0xFF, 0x00,
        0xFF, 0xFF, 0xFF, 0x00, 0xFF, 0xFF, 0xFF, 0x00, 0xFF, 0xFF, 0xFF, 0x00,
        0xFF, 0xFF, 0xFF, 0x00, 0xFF, 0xFF, 0xFF, 0x00, 0xFF, 0xFF, 0xFF, 0x00,
        0xFF, 0xFF, 0xFF, 0x00, 0xFF, 0xFF, 0xFF, 0x00, 0xFF, 0xFF, 0xFF, 0x00,
        0xFF, 0xFF, 0xFF, 0x00, 0xFF, 0xFF, 0xFF, 0x00, 0xFF, 0xFF, 0xFF, 0x00,
        0xFF, 0xFF, 0xFF, 0x00, 0xFF, 0xFF, 0xFF, 0x00, 0xFF, 0xFF, 0xFF, 0x00,
        0x67, 0x67, 0x67, 0xFF, 0x63, 0x63, 0x63, 0xFF, 0x6A, 0x6A, 0x6A, 0xFF,
        0x6C, 0x6C, 0x6C, 0xFF, 0x69, 0x69, 0x69, 0xFF, 0x67, 0x67, 0x67, 0xFF,
        0x66, 0x66, 0x66, 0xFF, 0x66, 0x66, 0x66, 0xFF, 0x67, 0x67, 0x67, 0xFF,
        0x69, 0x69, 0x69, 0xFF, 0x6C, 0x6C, 0x6C, 0xFF, 0x6A, 0x6A, 0x6A, 0xFF,
        0x63, 0x63, 0x63, 0xFF, 0x67, 0x67, 0x67, 0xFF, 0xFF, 0xFF, 0xFF, 0x00,
        0xFF, 0xFF, 0xFF, 0x00, 0xFF, 0xFF, 0xFF, 0x00, 0xFF, 0xFF, 0xFF, 0x00,
        0xFF, 0xFF, 0xFF, 0x00, 0xFF, 0xFF, 0xFF, 0x00, 0xFF, 0xFF, 0xFF, 0x00,
        0xFF, 0xFF, 0xFF, 0x00, 0xFF, 0xFF, 0xFF, 0x00, 0xFF, 0xFF, 0xFF, 0x00,
        0xFF, 0xFF, 0xFF, 0x00, 0xFF, 0xFF, 0xFF, 0x00, 0xFF, 0xFF, 0xFF, 0x00,
        0xFF, 0xFF, 0xFF, 0x00, 0xFF, 0xFF, 0xFF, 0x00, 0xFF, 0xFF, 0xFF, 0x00,
        0xFF, 0xFF, 0xFF, 0x00, 0xFF, 0xFF, 0xFF, 0x00, 0xFF, 0xFF, 0xFF, 0x00,
        0xFF, 0xFF, 0xFF, 0x00, 0xFF, 0xFF, 0xFF, 0x00, 0xFF, 0xFF, 0xFF, 0x00,
        0xFF, 0xFF, 0xFF, 0x00, 0xFF, 0xFF, 0xFF, 0x00, 0xFF, 0xFF, 0xFF, 0x00,
        0xFF, 0xFF, 0xFF, 0x00, 0xFF, 0xFF, 0xFF, 0x00, 0xFF, 0xFF, 0xFF, 0x00,
        0xFF, 0xFF, 0xFF, 0x00, 0xFF, 0xFF, 0xFF, 0x00, 0xFF, 0xFF, 0xFF, 0x00,
        0xFF, 0xFF, 0xFF, 0x00, 0xFF, 0xFF, 0xFF, 0x00, 0xFF, 0xFF, 0xFF, 0x00,
        0xFF, 0xFF, 0xFF, 0x00, 0xFF, 0xFF, 0xFF, 0x00, 0xFF, 0xFF, 0xFF, 0x00,
        0xFF, 0xFF, 0xFF, 0x00, 0xFF, 0xFF, 0xFF, 0x00, 0xFF, 0xFF, 0xFF, 0x00,
        0xFF, 0xFF, 0xFF, 0x00, 0xFF, 0xFF, 0xFF, 0x00, 0xFF, 0xFF, 0xFF, 0x00,
        0xFF, 0xFF, 0xFF, 0x00, 0xFF, 0xFF, 0xFF, 0x00, 0xFF, 0xFF, 0xFF, 0x00,
        0xFF, 0xFF, 0xFF, 0x00, 0xFF, 0xFF, 0xFF, 0x00, 0xFF, 0xFF, 0xFF, 0x00,
        0xFF, 0xFF, 0xFF, 0x00, 0x49, 0x49, 0x49, 0xFF, 0x49, 0x49, 0x49, 0xFF,
        0x51, 0x51, 0x51, 0xFF, 0x56, 0x56, 0x56, 0xFF, 0x56, 0x56, 0x56, 0xFF,
        0x56, 0x56, 0x56, 0xFF, 0x56, 0x56, 0x56, 0xFF, 0x56, 0x56, 0x56, 0xFF,
        0x56, 0x56, 0x56, 0xFF, 0x56, 0x56, 0x56, 0xFF, 0x56, 0x56, 0x56, 0xFF,
        0x51, 0x51, 0x51, 0xFF, 0x49, 0x49, 0x49, 0xFF, 0x49, 0x49, 0x49, 0xFF,
        0xFF, 0xFF, 0xFF, 0x00, 0xFF, 0xFF, 0xFF, 0x00, 0xFF, 0xFF, 0xFF, 0x00,
        0xFF, 0xFF, 0xFF, 0x00, 0xFF, 0xFF, 0xFF, 0x00, 0xFF, 0xFF, 0xFF, 0x00,
        0xFF, 0xFF, 0xFF, 0x00, 0xFF, 0xFF, 0xFF, 0x00, 0xFF, 0xFF, 0xFF, 0x00,
        0xFF, 0xFF, 0xFF, 0x00, 0xFF, 0xFF, 0xFF, 0x00, 0xFF, 0xFF, 0xFF, 0x00,
        0xFF, 0xFF, 0xFF, 0x00, 0xFF, 0xFF, 0xFF, 0x00, 0xFF, 0xFF, 0xFF, 0x00,
        0xFF, 0xFF, 0xFF, 0x00, 0xFF, 0xFF, 0xFF, 0x00, 0xFF, 0xFF, 0xFF, 0x00,
        0xFF, 0xFF, 0xFF, 0x00, 0xFF, 0xFF, 0xFF, 0x00, 0xFF, 0xFF, 0xFF, 0x00,
        0xFF, 0xFF, 0xFF, 0x00, 0xFF, 0xFF, 0xFF, 0x00, 0xFF, 0xFF, 0xFF, 0x00,
        0xFF, 0xFF, 0xFF, 0x00, 0xFF, 0xFF, 0xFF, 0x00, 0xFF, 0xFF, 0xFF, 0x00,
        0xFF, 0xFF, 0xFF, 0x00, 0xFF, 0xFF, 0xFF, 0x00, 0xFF, 0xFF, 0xFF, 0x00,
        0xFF, 0xFF, 0xFF, 0x00, 0xFF, 0xFF, 0xFF, 0x00, 0xFF, 0xFF, 0xFF, 0x00,
        0xFF, 0xFF, 0xFF, 0x00, 0xFF, 0xFF, 0xFF, 0x00, 0xFF, 0xFF, 0xFF, 0x00,
        0xFF, 0xFF, 0xFF, 0x00, 0xFF, 0xFF, 0xFF, 0x00, 0xFF, 0xFF, 0xFF, 0x00,
        0xFF, 0xFF, 0xFF, 0x00, 0xFF, 0xFF, 0xFF, 0x00, 0xFF, 0xFF, 0xFF, 0x00,
        0xFF, 0xFF, 0xFF, 0x00, 0xFF, 0xFF, 0xFF, 0x00, 0xFF, 0xFF, 0xFF, 0x00,
        0xFF, 0xFF, 0xFF, 0x00, 0xFF, 0xFF, 0xFF, 0x00, 0xFF, 0xFF, 0xFF, 0x00,
        0xFF, 0xFF, 0xFF, 0x00, 0xFF, 0xFF, 0xFF, 0x00, 0x68, 0x68, 0x68, 0xFF,
        0x63, 0x63, 0x63, 0xFF, 0x6B, 0x6B, 0x6B, 0xFF, 0x6D, 0x6D, 0x6D, 0xFF,
        0x6A, 0x6A, 0x6A, 0xFF, 0x68, 0x68, 0x68, 0xFF, 0x67, 0x67, 0x67, 0xFF,
        0x67, 0x67, 0x67, 0xFF, 0x68, 0x68, 0x68, 0xFF, 0x6A, 0x6A, 0x6A, 0xFF,
        0x6D, 0x6D, 0x6D, 0xFF, 0x6B, 0x6B, 0x6B, 0xFF, 0x63, 0x63, 0x63, 0xFF,
        0x68, 0x68, 0x68, 0xFF, 0xFF, 0xFF, 0xFF, 0x00, 0xFF, 0xFF, 0xFF, 0x00,
        0xFF, 0xFF, 0xFF, 0x00, 0xFF, 0xFF, 0xFF, 0x00, 0xFF, 0xFF, 0xFF, 0x00,
        0xFF, 0xFF, 0xFF, 0x00, 0xFF, 0xFF, 0xFF, 0x00, 0xFF, 0xFF, 0xFF, 0x00,
        0xFF, 0xFF, 0xFF, 0x00, 0xFF, 0xFF, 0xFF, 0x00, 0xFF, 0xFF, 0xFF, 0x00,
        0xFF, 0xFF, 0xFF, 0x00, 0xFF, 0xFF, 0xFF, 0x00, 0xFF, 0xFF, 0xFF, 0x00,
        0xFF, 0xFF, 0xFF, 0x00, 0xFF, 0xFF, 0xFF, 0x00, 0xFF, 0xFF, 0xFF, 0x00,
        0xFF, 0xFF, 0xFF, 0x00, 0xFF, 0xFF, 0xFF, 0x00, 0xFF, 0xFF, 0xFF, 0x00,
        0xFF, 0xFF, 0xFF, 0x00, 0xFF, 0xFF, 0xFF, 0x00, 0xFF, 0xFF, 0xFF, 0x00,
        0xFF, 0xFF, 0xFF, 0x00, 0xFF, 0xFF, 0xFF, 0x00, 0xFF, 0xFF, 0xFF, 0x00,
        0xFF, 0xFF, 0xFF, 0x00, 0xFF, 0xFF, 0xFF, 0x00, 0xFF, 0xFF, 0xFF, 0x00,
        0xFF, 0xFF, 0xFF, 0x00, 0xFF, 0xFF, 0xFF, 0x00, 0xFF, 0xFF, 0xFF, 0x00,
        0xFF, 0xFF, 0xFF, 0x00, 0xFF, 0xFF, 0xFF, 0x00, 0xFF, 0xFF, 0xFF, 0x00,
        0xFF, 0xFF, 0xFF, 0x00, 0xFF, 0xFF, 0xFF, 0x00, 0xFF, 0xFF, 0xFF, 0x00,
        0xFF, 0xFF, 0xFF, 0x00, 0xFF, 0xFF, 0xFF, 0x00, 0xFF, 0xFF, 0xFF, 0x00,
        0xFF, 0xFF, 0xFF, 0x00, 0xFF, 0xFF, 0xFF, 0x00, 0xFF, 0xFF, 0xFF, 0x00,
        0xFF, 0xFF, 0xFF, 0x00, 0xFF, 0xFF, 0xFF, 0x00, 0xFF, 0xFF, 0xFF, 0x00,
        0xFF, 0xFF, 0xFF, 0x00, 0xFF, 0xFF, 0xFF, 0x00, 0xFF, 0xFF, 0xFF, 0x00,
        0x49, 0x49, 0x49, 0xFF, 0x49, 0x49, 0x49, 0xFF, 0x51, 0x51, 0x51, 0xFF,
        0x56, 0x56, 0x56, 0xFF, 0x56, 0x56, 0x56, 0xFF, 0x56, 0x56, 0x56, 0xFF,
        0x56, 0x56, 0x56, 0xFF, 0x56, 0x56, 0x56, 0xFF, 0x56, 0x56, 0x56, 0xFF,
        0x56, 0x56, 0x56, 0xFF, 0x56, 0x56, 0x56, 0xFF, 0x51, 0x51, 0x51, 0xFF,
        0x49, 0x49, 0x49, 0xFF, 0x49, 0x49, 0x49, 0xFF, 0xFF, 0xFF, 0xFF, 0x00,
        0xFF, 0xFF, 0xFF, 0x00, 0xFF, 0xFF, 0xFF, 0x00, 0xFF, 0xFF, 0xFF, 0x00,
        0xFF, 0xFF, 0xFF, 0x00, 0xFF, 0xFF, 0xFF, 0x00, 0xFF, 0xFF, 0xFF, 0x00,
        0xFF, 0xFF, 0xFF, 0x00, 0xFF, 0xFF, 0xFF, 0x00, 0xFF, 0xFF, 0xFF, 0x00,
        0xFF, 0xFF, 0xFF, 0x00, 0xFF, 0xFF, 0xFF, 0x00, 0xFF, 0xFF, 0xFF, 0x00,
        0xFF, 0xFF, 0xFF, 0x00, 0xFF, 0xFF, 0xFF, 0x00, 0xFF, 0xFF, 0xFF, 0x00,
        0xFF, 0xFF, 0xFF, 0x00, 0xFF, 0xFF, 0xFF, 0x00, 0xFF, 0xFF, 0xFF, 0x00,
        0xFF, 0xFF, 0xFF, 0x00, 0xFF, 0xFF, 0xFF, 0x00, 0xFF, 0xFF, 0xFF, 0x00,
        0xFF, 0xFF, 0xFF, 0x00, 0xFF, 0xFF, 0xFF, 0x00, 0xFF, 0xFF, 0xFF, 0x00,
        0xFF, 0xFF, 0xFF, 0x00, 0xFF, 0xFF, 0xFF, 0x00, 0xFF, 0xFF, 0xFF, 0x00,
        0xFF, 0xFF, 0xFF, 0x00, 0xFF, 0xFF, 0xFF, 0x00, 0xFF, 0xFF, 0xFF, 0x00,
        0xFF, 0xFF, 0xFF, 0x00, 0xFF, 0xFF, 0xFF, 0x00, 0xFF, 0xFF, 0xFF, 0x00,
        0xFF, 0xFF, 0xFF, 0x00, 0xFF, 0xFF, 0xFF, 0x00, 0xFF, 0xFF, 0xFF, 0x00,
        0xFF, 0xFF, 0xFF, 0x00, 0xFF, 0xFF, 0xFF, 0x00, 0xFF, 0xFF, 0xFF, 0x00,
        0xFF, 0xFF, 0xFF, 0x00, 0xFF, 0xFF, 0xFF, 0x00, 0xFF, 0xFF, 0xFF, 0x00,
        0xFF, 0xFF, 0xFF, 0x00, 0xFF, 0xFF, 0xFF, 0x00, 0xFF, 0xFF, 0xFF, 0x00,
        0xFF, 0xFF, 0xFF, 0x00, 0xFF, 0xFF, 0xFF, 0x00, 0xFF, 0xFF, 0xFF, 0x00,
        0xFF, 0xFF, 0xFF, 0x00, 0x68, 0x68, 0x68, 0xFF, 0x63, 0x63, 0x63, 0xFF,
        0x6B, 0x6B, 0x6B, 0xFF, 0x6D, 0x6D, 0x6D, 0xFF, 0x6A, 0x6A, 0x6A, 0xFF,
        0x68, 0x68, 0x68, 0xFF, 0x67, 0x67, 0x67, 0xFF, 0x67, 0x67, 0x67, 0xFF,
        0x68, 0x68, 0x68, 0xFF, 0x6A, 0x6A, 0x6A, 0xFF, 0x6D, 0x6D, 0x6D, 0xFF,
        0x6B, 0x6B, 0x6B, 0xFF, 0x63, 0x63, 0x63, 0xFF, 0x68, 0x68, 0x68, 0xFF,
        0xFF, 0xFF, 0xFF, 0x00, 0xFF, 0xFF, 0xFF, 0x00, 0xFF, 0xFF, 0xFF, 0x00,
        0xFF, 0xFF, 0xFF, 0x00, 0xFF, 0xFF, 0xFF, 0x00, 0xFF, 0xFF, 0xFF, 0x00,
        0xFF, 0xFF, 0xFF, 0x00, 0xFF, 0xFF, 0xFF, 0x00, 0xFF, 0xFF, 0xFF, 0x00,
        0xFF, 0xFF, 0xFF, 0x00, 0xFF, 0xFF, 0xFF, 0x00, 0xFF, 0xFF, 0xFF, 0x00,
        0xFF, 0xFF, 0xFF, 0x00, 0xFF, 0xFF, 0xFF, 0x00, 0xFF, 0xFF, 0xFF, 0x00,
        0xFF, 0xFF, 0xFF, 0x00, 0xFF, 0xFF, 0xFF, 0x00, 0xFF, 0xFF, 0xFF, 0x00,
        0xFF, 0xFF, 0xFF, 0x00, 0xFF, 0xFF, 0xFF, 0x00, 0xFF, 0xFF, 0xFF, 0x00,
        0xFF, 0xFF, 0xFF, 0x00, 0xFF, 0xFF, 0xFF, 0x00, 0xFF, 0xFF, 0xFF, 0x00,
        0xFF, 0xFF, 0xFF, 0x00, 0xFF, 0xFF, 0xFF, 0x00, 0xFF, 0xFF, 0xFF, 0x00,
        0xFF, 0xFF, 0xFF, 0x00, 0xFF, 0xFF, 0xFF, 0x00, 0xFF, 0xFF, 0xFF, 0x00,
        0xFF, 0xFF, 0xFF, 0x00, 0xFF, 0xFF, 0xFF, 0x00, 0xFF, 0xFF, 0xFF, 0x00,
        0xFF, 0xFF, 0xFF, 0x00, 0xFF, 0xFF, 0xFF, 0x00, 0xFF, 0xFF, 0xFF, 0x00,
        0xFF, 0xFF, 0xFF, 0x00, 0xFF, 0xFF, 0xFF, 0x00, 0xFF, 0xFF, 0xFF, 0x00,
        0xFF, 0xFF, 0xFF, 0x00, 0xFF, 0xFF, 0xFF, 0x00, 0xFF, 0xFF, 0xFF, 0x00,
        0xFF, 0xFF, 0xFF, 0x00, 0xFF, 0xFF, 0xFF, 0x00, 0xFF, 0xFF, 0xFF, 0x00,
        0xFF, 0xFF, 0xFF, 0x00, 0xFF, 0xFF, 0xFF, 0x00, 0xFF, 0xFF, 0xFF, 0x00,
        0xFF, 0xFF, 0xFF, 0x00, 0xFF, 0xFF, 0xFF, 0x00, 0x49, 0x49, 0x49, 0xFF,
        0x4A, 0x4A, 0x4A, 0xFF, 0x52, 0x52, 0x52, 0xFF, 0x57, 0x57, 0x57, 0xFF,
        0x57, 0x57, 0x57, 0xFF, 0x57, 0x57, 0x57, 0xFF, 0x57, 0x57, 0x57, 0xFF,
        0x57, 0x57, 0x57, 0xFF, 0x57, 0x57, 0x57, 0xFF, 0x57, 0x57, 0x57, 0xFF,
        0x57, 0x57, 0x57, 0xFF, 0x52, 0x52, 0x52, 0xFF, 0x4A, 0x4A, 0x4A, 0xFF,
        0x49, 0x49, 0x49, 0xFF, 0xFF, 0xFF, 0xFF, 0x00, 0xFF, 0xFF, 0xFF, 0x00,
        0xFF, 0xFF, 0xFF, 0x00, 0xFF, 0xFF, 0xFF, 0x00, 0xFF, 0xFF, 0xFF, 0x00,
        0xFF, 0xFF, 0xFF, 0x00, 0xFF, 0xFF, 0xFF, 0x00, 0xFF, 0xFF, 0xFF, 0x00,
        0xFF, 0xFF, 0xFF, 0x00, 0xFF, 0xFF, 0xFF, 0x00, 0xFF, 0xFF, 0xFF, 0x00,
        0xFF, 0xFF, 0xFF, 0x00, 0xFF, 0xFF, 0xFF, 0x00, 0xFF, 0xFF, 0xFF, 0x00,
        0xFF, 0xFF, 0xFF, 0x00, 0xFF, 0xFF, 0xFF, 0x00, 0xFF, 0xFF, 0xFF, 0x00,
        0xFF, 0xFF, 0xFF, 0x00, 0xFF, 0xFF, 0xFF, 0x00, 0xFF, 0xFF, 0xFF, 0x00,
        0xFF, 0xFF, 0xFF, 0x00, 0xFF, 0xFF, 0xFF, 0x00, 0xFF, 0xFF, 0xFF, 0x00,
        0xFF, 0xFF, 0xFF, 0x00, 0xFF, 0xFF, 0xFF, 0x00, 0xFF, 0xFF, 0xFF, 0x00,
        0xFF, 0xFF, 0xFF, 0x00, 0xFF, 0xFF, 0xFF, 0x00, 0xFF, 0xFF, 0xFF, 0x00,
        0xFF, 0xFF, 0xFF, 0x00, 0xFF, 0xFF, 0xFF, 0x00, 0xFF, 0xFF, 0xFF, 0x00,
        0xFF, 0xFF, 0xFF, 0x00, 0xFF, 0xFF, 0xFF, 0x00, 0xFF, 0xFF, 0xFF, 0x00,
        0xFF, 0xFF, 0xFF, 0x00, 0xFF, 0xFF, 0xFF, 0x00, 0xFF, 0xFF, 0xFF, 0x00,
        0xFF, 0xFF, 0xFF, 0x00, 0xFF, 0xFF, 0xFF, 0x00, 0xFF, 0xFF, 0xFF, 0x00,
        0xFF, 0xFF, 0xFF, 0x00, 0xFF, 0xFF, 0xFF, 0x00, 0xFF, 0xFF, 0xFF, 0x00,
        0xFF, 0xFF, 0xFF, 0x00, 0xFF, 0xFF, 0xFF, 0x00, 0xFF, 0xFF, 0xFF, 0x00,
        0xFF, 0xFF, 0xFF, 0x00, 0xFF, 0xFF, 0xFF, 0x00, 0xFF, 0xFF, 0xFF, 0x00,
        0x69, 0x69, 0x69, 0xFF, 0x64, 0x64, 0x64, 0xFF, 0x6B, 0x6B, 0x6B, 0xFF,
        0x6D, 0x6D, 0x6D, 0xFF, 0x6B, 0x6B, 0x6B, 0xFF, 0x69, 0x69, 0x69, 0xFF,
        0x68, 0x68, 0x68, 0xFF, 0x68, 0x68, 0x68, 0xFF, 0x69, 0x69, 0x69, 0xFF,
        0x6B, 0x6B, 0x6B, 0xFF, 0x6D, 0x6D, 0x6D, 0xFF, 0x6B, 0x6B, 0x6B, 0xFF,
        0x64, 0x64, 0x64, 0xFF, 0x69, 0x69, 0x69, 0xFF, 0xFF, 0xFF, 0xFF, 0x00,
        0xFF, 0xFF, 0xFF, 0x00, 0xFF, 0xFF, 0xFF, 0x00, 0xFF, 0xFF, 0xFF, 0x00,
        0xFF, 0xFF, 0xFF, 0x00, 0xFF, 0xFF, 0xFF, 0x00, 0xFF, 0xFF, 0xFF, 0x00,
        0xFF, 0xFF, 0xFF, 0x00, 0xFF, 0xFF, 0xFF, 0x00, 0xFF, 0xFF, 0xFF, 0x00,
        0xFF, 0xFF, 0xFF, 0x00, 0xFF, 0xFF, 0xFF, 0x00, 0xFF, 0xFF, 0xFF, 0x00,
        0xFF, 0xFF, 0xFF, 0x00, 0xFF, 0xFF, 0xFF, 0x00, 0xFF, 0xFF, 0xFF, 0x00,
        0xFF, 0xFF, 0xFF, 0x00, 0xFF, 0xFF, 0xFF, 0x00, 0xFF, 0xFF, 0xFF, 0x00,
        0xFF, 0xFF, 0xFF, 0x00, 0xFF, 0xFF, 0xFF, 0x00, 0xFF, 0xFF, 0xFF, 0x00,
        0xFF, 0xFF, 0xFF, 0x00, 0xFF, 0xFF, 0xFF, 0x00, 0xFF, 0xFF, 0xFF, 0x00,
        0xFF, 0xFF, 0xFF, 0x00, 0xFF, 0xFF, 0xFF, 0x00, 0xFF, 0xFF, 0xFF, 0x00,
        0xFF, 0xFF, 0xFF, 0x00, 0xFF, 0xFF, 0xFF, 0x00, 0xFF, 0xFF, 0xFF, 0x00,
        0xFF, 0xFF, 0xFF, 0x00, 0xFF, 0xFF, 0xFF, 0x00, 0xFF, 0xFF, 0xFF, 0x00,
        0xFF, 0xFF, 0xFF, 0x00, 0xFF, 0xFF, 0xFF, 0x00, 0xFF, 0xFF, 0xFF, 0x00,
        0xFF, 0xFF, 0xFF, 0x00, 0xFF, 0xFF, 0xFF, 0x00, 0xFF, 0xFF, 0xFF, 0x00,
        0xFF, 0xFF, 0xFF, 0x00, 0xFF, 0xFF, 0xFF, 0x00, 0xFF, 0xFF, 0xFF, 0x00,
        0xFF, 0xFF, 0xFF, 0x00, 0xFF, 0xFF, 0xFF, 0x00, 0xFF, 0xFF, 0xFF, 0x00,
        0xFF, 0xFF, 0xFF, 0x00, 0xFF, 0xFF, 0xFF, 0x00, 0xFF, 0xFF, 0xFF, 0x00,
        0xFF, 0xFF, 0xFF, 0x00, 0x49, 0x49, 0x49, 0xFF, 0x4A, 0x4A, 0x4A, 0xFF,
        0x52, 0x52, 0x52, 0xFF, 0x57, 0x57, 0x57, 0xFF, 0x57, 0x57, 0x57, 0xFF,
        0x57, 0x57, 0x57, 0xFF, 0x57, 0x57, 0x57, 0xFF, 0x57, 0x57, 0x57, 0xFF,
        0x57, 0x57, 0x57, 0xFF, 0x57, 0x57, 0x57, 0xFF, 0x57, 0x57, 0x57, 0xFF,
        0x52, 0x52, 0x52, 0xFF, 0x4A, 0x4A, 0x4A, 0xFF, 0x49, 0x49, 0x49, 0xFF,
        0xFF, 0xFF, 0xFF, 0x00, 0xFF, 0xFF, 0xFF, 0x00, 0xFF, 0xFF, 0xFF, 0x00,
        0xFF, 0xFF, 0xFF, 0x00, 0xFF, 0xFF, 0xFF, 0x00, 0xFF, 0xFF, 0xFF, 0x00,
        0xFF, 0xFF, 0xFF, 0x00, 0xFF, 0xFF, 0xFF, 0x00, 0xFF, 0xFF, 0xFF, 0x00,
        0xFF, 0xFF, 0xFF, 0x00, 0xFF, 0xFF, 0xFF, 0x00, 0xFF, 0xFF, 0xFF, 0x00,
        0xFF, 0xFF, 0xFF, 0x00, 0xFF, 0xFF, 0xFF, 0x00, 0xFF, 0xFF, 0xFF, 0x00,
        0xFF, 0xFF, 0xFF, 0x00, 0xFF, 0xFF, 0xFF, 0x00, 0xFF, 0xFF, 0xFF, 0x00,
        0xFF, 0xFF, 0xFF, 0x00, 0xFF, 0xFF, 0xFF, 0x00, 0xFF, 0xFF, 0xFF, 0x00,
        0xFF, 0xFF, 0xFF, 0x00, 0xFF, 0xFF, 0xFF, 0x00, 0xFF, 0xFF, 0xFF, 0x00,
        0xFF, 0xFF, 0xFF, 0x00, 0xFF, 0xFF, 0xFF, 0x00, 0xFF, 0xFF, 0xFF, 0x00,
        0xFF, 0xFF, 0xFF, 0x00, 0xFF, 0xFF, 0xFF, 0x00, 0xFF, 0xFF, 0xFF, 0x00,
        0xFF, 0xFF, 0xFF, 0x00, 0xFF, 0xFF, 0xFF, 0x00, 0xFF, 0xFF, 0xFF, 0x00,
        0xFF, 0xFF, 0xFF, 0x00, 0xFF, 0xFF, 0xFF, 0x00, 0xFF, 0xFF, 0xFF, 0x00,
        0xFF, 0xFF, 0xFF, 0x00, 0xFF, 0xFF, 0xFF, 0x00, 0xFF, 0xFF, 0xFF, 0x00,
        0xFF, 0xFF, 0xFF, 0x00, 0xFF, 0xFF, 0xFF, 0x00, 0xFF, 0xFF, 0xFF, 0x00,
        0xFF, 0xFF, 0xFF, 0x00, 0xFF, 0xFF, 0xFF, 0x00, 0xFF, 0xFF, 0xFF, 0x00,
        0xFF, 0xFF, 0xFF, 0x00, 0xFF, 0xFF, 0xFF, 0x00, 0xFF, 0xFF, 0xFF, 0x00,
        0xFF, 0xFF, 0xFF, 0x00, 0xFF, 0xFF, 0xFF, 0x00, 0x69, 0x69, 0x69, 0xFF,
        0x64, 0x64, 0x64, 0xFF, 0x6B, 0x6B, 0x6B, 0xFF, 0x6D, 0x6D, 0x6D, 0xFF,
        0x6B, 0x6B, 0x6B, 0xFF, 0x69, 0x69, 0x69, 0xFF, 0x68, 0x68, 0x68, 0xFF,
        0x68, 0x68, 0x68, 0xFF, 0x69, 0x69, 0x69, 0xFF, 0x6B, 0x6B, 0x6B, 0xFF,
        0x6D, 0x6D, 0x6D, 0xFF, 0x6B, 0x6B, 0x6B, 0xFF, 0x64, 0x64, 0x64, 0xFF,
        0x69, 0x69, 0x69, 0xFF, 0xFF, 0xFF, 0xFF, 0x00, 0xFF, 0xFF, 0xFF, 0x00,
        0xFF, 0xFF, 0xFF, 0x00, 0xFF, 0xFF, 0xFF, 0x00, 0xFF, 0xFF, 0xFF, 0x00,
        0xFF, 0xFF, 0xFF, 0x00, 0xFF, 0xFF, 0xFF, 0x00, 0xFF, 0xFF, 0xFF, 0x00,
        0xFF, 0xFF, 0xFF, 0x00, 0xFF, 0xFF, 0xFF, 0x00, 0xFF, 0xFF, 0xFF, 0x00,
        0xFF, 0xFF, 0xFF, 0x00, 0xFF, 0xFF, 0xFF, 0x00, 0xFF, 0xFF, 0xFF, 0x00,
        0xFF, 0xFF, 0xFF, 0x00, 0xFF, 0xFF, 0xFF, 0x00, 0xFF, 0xFF, 0xFF, 0x00,
        0xFF, 0xFF, 0xFF, 0x00, 0xFF, 0xFF, 0xFF, 0x00, 0xFF, 0xFF, 0xFF, 0x00,
        0xFF, 0xFF, 0xFF, 0x00, 0xFF, 0xFF, 0xFF, 0x00, 0xFF, 0xFF, 0xFF, 0x00,
        0xFF, 0xFF, 0xFF, 0x00, 0xFF, 0xFF, 0xFF, 0x00, 0xFF, 0xFF, 0xFF, 0x00,
        0xFF, 0xFF, 0xFF, 0x00, 0xFF, 0xFF, 0xFF, 0x00, 0xFF, 0xFF, 0xFF, 0x00,
        0xFF, 0xFF, 0xFF, 0x00, 0xFF, 0xFF, 0xFF, 0x00, 0xFF, 0xFF, 0xFF, 0x00,
        0xFF, 0xFF, 0xFF, 0x00, 0xFF, 0xFF, 0xFF, 0x00, 0xFF, 0xFF, 0xFF, 0x00,
        0xFF, 0xFF, 0xFF, 0x00, 0xFF, 0xFF, 0xFF, 0x00, 0xFF, 0xFF, 0xFF, 0x00,
        0xFF, 0xFF, 0xFF, 0x00, 0xFF, 0xFF, 0xFF, 0x00, 0xFF, 0xFF, 0xFF, 0x00,
        0xFF, 0xFF, 0xFF, 0x00, 0xFF, 0xFF, 0xFF, 0x00, 0xFF, 0xFF, 0xFF, 0x00,
        0xFF, 0xFF, 0xFF, 0x00, 0xFF, 0xFF, 0xFF, 0x00, 0xFF, 0xFF, 0xFF, 0x00,
        0xFF, 0xFF, 0xFF, 0x00, 0xFF, 0xFF, 0xFF, 0x00, 0xFF, 0xFF, 0xFF, 0x00,
        0x4A, 0x4A, 0x4A, 0xFF, 0x4B, 0x4B, 0x4B, 0xFF, 0x53, 0x53, 0x53, 0xFF,
        0x58, 0x58, 0x58, 0xFF, 0x58, 0x58, 0x58, 0xFF, 0x58, 0x58, 0x58, 0xFF,
        0x58, 0x58, 0x58, 0xFF, 0x58, 0x58, 0x58, 0xFF, 0x58, 0x58, 0x58, 0xFF,
        0x58, 0x58, 0x58, 0xFF, 0x58, 0x58, 0x58, 0xFF, 0x53, 0x53, 0x53, 0xFF,
        0x4B, 0x4B, 0x4B, 0xFF, 0x4A, 0x4A, 0x4A, 0xFF, 0xFF, 0xFF, 0xFF, 0x00,
        0xFF, 0xFF, 0xFF, 0x00, 0xFF, 0xFF, 0xFF, 0x00, 0xFF, 0xFF, 0xFF, 0x00,
        0xFF, 0xFF, 0xFF, 0x00, 0xFF, 0xFF, 0xFF, 0x00, 0xFF, 0xFF, 0xFF, 0x00,
        0xFF, 0xFF, 0xFF, 0x00, 0xFF, 0xFF, 0xFF, 0x00, 0xFF, 0xFF, 0xFF, 0x00,
        0xFF, 0xFF, 0xFF, 0x00, 0xFF, 0xFF, 0xFF, 0x00, 0xFF, 0xFF, 0xFF, 0x00,
        0xFF, 0xFF, 0xFF, 0x00, 0xFF, 0xFF, 0xFF, 0x00, 0xFF, 0xFF, 0xFF, 0x00,
        0xFF, 0xFF, 0xFF, 0x00, 0xFF, 0xFF, 0xFF, 0x00, 0xFF, 0xFF, 0xFF, 0x00,
        0xFF, 0xFF, 0xFF, 0x00, 0xFF, 0xFF, 0xFF, 0x00, 0xFF, 0xFF, 0xFF, 0x00,
        0xFF, 0xFF, 0xFF, 0x00, 0xFF, 0xFF, 0xFF, 0x00, 0xFF, 0xFF, 0xFF, 0x00,
        0xFF, 0xFF, 0xFF, 0x00, 0xFF, 0xFF, 0xFF, 0x00, 0xFF, 0xFF, 0xFF, 0x00,
        0xFF, 0xFF, 0xFF, 0x00, 0xFF, 0xFF, 0xFF, 0x00, 0xFF, 0xFF, 0xFF, 0x00,
        0xFF, 0xFF, 0xFF, 0x00, 0xFF, 0xFF, 0xFF, 0x00, 0xFF, 0xFF, 0xFF, 0x00,
        0xFF, 0xFF, 0xFF, 0x00, 0xFF, 0xFF, 0xFF, 0x00, 0xFF, 0xFF, 0xFF, 0x00,
        0xFF, 0xFF, 0xFF, 0x00, 0xFF, 0xFF, 0xFF, 0x00, 0xFF, 0xFF, 0xFF, 0x00,
        0xFF, 0xFF, 0xFF, 0x00, 0xFF, 0xFF, 0xFF, 0x00, 0xFF, 0xFF, 0xFF, 0x00,
        0xFF, 0xFF, 0xFF, 0x00, 0xFF, 0xFF, 0xFF, 0x00, 0xFF, 0xFF, 0xFF, 0x00,
        0xFF, 0xFF, 0xFF, 0x00, 0xFF, 0xFF, 0xFF, 0x00, 0xFF, 0xFF, 0xFF, 0x00,
        0xFF, 0xFF, 0xFF, 0x00, 0x69, 0x69, 0x69, 0xFF, 0x65, 0x65, 0x65, 0xFF,
        0x6C, 0x6C, 0x6C, 0xFF, 0x6E, 0x6E, 0x6E, 0xFF, 0x6C, 0x6C, 0x6C, 0xFF,
        0x6A, 0x6A, 0x6A, 0xFF, 0x69, 0x69, 0x69, 0xFF, 0x69, 0x69, 0x69, 0xFF,
        0x6A, 0x6A, 0x6A, 0xFF, 0x6C, 0x6C, 0x6C, 0xFF, 0x6E, 0x6E, 0x6E, 0xFF,
        0x6C, 0x6C, 0x6C, 0xFF, 0x65, 0x65, 0x65, 0xFF, 0x69, 0x69, 0x69, 0xFF,
        0xFF, 0xFF, 0xFF, 0x00, 0xFF, 0xFF, 0xFF, 0x00, 0xFF, 0xFF, 0xFF, 0x00,
        0xFF, 0xFF, 0xFF, 0x00, 0xFF, 0xFF, 0xFF, 0x00, 0xFF, 0xFF, 0xFF, 0x00,
        0xFF, 0xFF, 0xFF, 0x00, 0xFF, 0xFF, 0xFF, 0x00, 0xFF, 0xFF, 0xFF, 0x00,
        0xFF, 0xFF, 0xFF, 0x00, 0xFF, 0xFF, 0xFF, 0x00, 0xFF, 0xFF, 0xFF, 0x00,
        0xFF, 0xFF, 0xFF, 0x00, 0xFF, 0xFF, 0xFF, 0x00, 0xFF, 0xFF, 0xFF, 0x00,
        0xFF, 0xFF, 0xFF, 0x00, 0xFF, 0xFF, 0xFF, 0x00, 0xFF, 0xFF, 0xFF, 0x00,
        0xFF, 0xFF, 0xFF, 0x00, 0xFF, 0xFF, 0xFF, 0x00, 0xFF, 0xFF, 0xFF, 0x00,
        0xFF, 0xFF, 0xFF, 0x00, 0xFF, 0xFF, 0xFF, 0x00, 0xFF, 0xFF, 0xFF, 0x00,
        0xFF, 0xFF, 0xFF, 0x00, 0xFF, 0xFF, 0xFF, 0x00, 0xFF, 0xFF, 0xFF, 0x00,
        0xFF, 0xFF, 0xFF, 0x00, 0xFF, 0xFF, 0xFF, 0x00, 0xFF, 0xFF, 0xFF, 0x00,
        0xFF, 0xFF, 0xFF, 0x00, 0xFF, 0xFF, 0xFF, 0x00, 0xFF, 0xFF, 0xFF, 0x00,
        0xFF, 0xFF, 0xFF, 0x00, 0xFF, 0xFF, 0xFF, 0x00, 0xFF, 0xFF, 0xFF, 0x00,
        0xFF, 0xFF, 0xFF, 0x00, 0xFF, 0xFF, 0xFF, 0x00, 0xFF, 0xFF, 0xFF, 0x00,
        0xFF, 0xFF, 0xFF, 0x00, 0xFF, 0xFF, 0xFF, 0x00, 0xFF, 0xFF, 0xFF, 0x00,
        0xFF, 0xFF, 0xFF, 0x00, 0xFF, 0xFF, 0xFF, 0x00, 0xFF, 0xFF, 0xFF, 0x00,
        0xFF, 0xFF, 0xFF, 0x00, 0xFF, 0xFF, 0xFF, 0x00, 0xFF, 0xFF, 0xFF, 0x00,
        0xFF, 0xFF, 0xFF, 0x00, 0xFF, 0xFF, 0xFF, 0x00, 0x4B, 0x4B, 0x4B, 0xFF,
        0x4B, 0x4B, 0x4B, 0xFF, 0x54, 0x54, 0x54, 0xFF, 0x59, 0x59, 0x59, 0xFF,
        0x59, 0x59, 0x59, 0xFF, 0x59, 0x59, 0x59, 0xFF, 0x59, 0x59, 0x59, 0xFF,
        0x59, 0x59, 0x59, 0xFF, 0x59, 0x59, 0x59, 0xFF, 0x59, 0x59, 0x59, 0xFF,
        0x59, 0x59, 0x59, 0xFF, 0x54, 0x54, 0x54, 0xFF, 0x4B, 0x4B, 0x4B, 0xFF,
        0x4B, 0x4B, 0x4B, 0xFF, 0xFF, 0xFF, 0xFF, 0x00, 0xFF, 0xFF, 0xFF, 0x00,
        0xFF, 0xFF, 0xFF, 0x00, 0xFF, 0xFF, 0xFF, 0x00, 0xFF, 0xFF, 0xFF, 0x00,
        0xFF, 0xFF, 0xFF, 0x00, 0xFF, 0xFF, 0xFF, 0x00, 0xFF, 0xFF, 0xFF, 0x00,
        0xFF, 0xFF, 0xFF, 0x00, 0xFF, 0xFF, 0xFF, 0x00, 0xFF, 0xFF, 0xFF, 0x00,
        0xFF, 0xFF, 0xFF, 0x00, 0xFF, 0xFF, 0xFF, 0x00, 0xFF, 0xFF, 0xFF, 0x00,
        0xFF, 0xFF, 0xFF, 0x00, 0xFF, 0xFF, 0xFF, 0x00, 0xFF, 0xFF, 0xFF, 0x00,
        0xFF, 0xFF, 0xFF, 0x00, 0xFF, 0xFF, 0xFF, 0x00, 0xFF, 0xFF, 0xFF, 0x00,
        0xFF, 0xFF, 0xFF, 0x00, 0xFF, 0xFF, 0xFF, 0x00, 0xFF, 0xFF, 0xFF, 0x00,
        0xFF, 0xFF, 0xFF, 0x00, 0xFF, 0xFF, 0xFF, 0x00, 0xFF, 0xFF, 0xFF, 0x00,
        0xFF, 0xFF, 0xFF, 0x00, 0xFF, 0xFF, 0xFF, 0x00, 0xFF, 0xFF, 0xFF, 0x00,
        0xFF, 0xFF, 0xFF, 0x00, 0xFF, 0xFF, 0xFF, 0x00, 0xFF, 0xFF, 0xFF, 0x00,
        0xFF, 0xFF, 0xFF, 0x00, 0xFF, 0xFF, 0xFF, 0x00, 0xFF, 0xFF, 0xFF, 0x00,
        0xFF, 0xFF, 0xFF, 0x00, 0xFF, 0xFF, 0xFF, 0x00, 0xFF, 0xFF, 0xFF, 0x00,
        0xFF, 0xFF, 0xFF, 0x00, 0xFF, 0xFF, 0xFF, 0x00, 0xFF, 0xFF, 0xFF, 0x00,
        0xFF, 0xFF, 0xFF, 0x00, 0xFF, 0xFF, 0xFF, 0x00, 0xFF, 0xFF, 0xFF, 0x00,
        0xFF, 0xFF, 0xFF, 0x00, 0xFF, 0xFF, 0xFF, 0x00, 0xFF, 0xFF, 0xFF, 0x00,
        0xFF, 0xFF, 0xFF, 0x00, 0xFF, 0xFF, 0xFF, 0x00, 0xFF, 0xFF, 0xFF, 0x00,
        0x69, 0x69, 0x69, 0xFF, 0x66, 0x66, 0x66, 0xFF, 0x6D, 0x6D, 0x6D, 0xFF,
        0x6F, 0x6F, 0x6F, 0xFF, 0x6D, 0x6D, 0x6D, 0xFF, 0x6B, 0x6B, 0x6B, 0xFF,
        0x6A, 0x6A, 0x6A, 0xFF, 0x6A, 0x6A, 0x6A, 0xFF, 0x6B, 0x6B, 0x6B, 0xFF,
        0x6D, 0x6D, 0x6D, 0xFF, 0x6F, 0x6F, 0x6F, 0xFF, 0x6D, 0x6D, 0x6D, 0xFF,
        0x66, 0x66, 0x66, 0xFF, 0x69, 0x69, 0x69, 0xFF, 0xFF, 0xFF, 0xFF, 0x00,
        0xFF, 0xFF, 0xFF, 0x00, 0xFF, 0xFF, 0xFF, 0x00, 0xFF, 0xFF, 0xFF, 0x00,
        0xFF, 0xFF, 0xFF, 0x00, 0xFF, 0xFF, 0xFF, 0x00, 0xFF, 0xFF, 0xFF, 0x00,
        0xFF, 0xFF, 0xFF, 0x00, 0xFF, 0xFF, 0xFF, 0x00, 0xFF, 0xFF, 0xFF, 0x00,
        0xFF, 0xFF, 0xFF, 0x00, 0xFF, 0xFF, 0xFF, 0x00, 0xFF, 0xFF, 0xFF, 0x00,
        0xFF, 0xFF, 0xFF, 0x00, 0xFF, 0xFF, 0xFF, 0x00, 0xFF, 0xFF, 0xFF, 0x00,
        0xFF, 0xFF, 0xFF, 0x00, 0xFF, 0xFF, 0xFF, 0x00, 0xFF, 0xFF, 0xFF, 0x00,
        0xFF, 0xFF, 0xFF, 0x00, 0xFF, 0xFF, 0xFF, 0x00, 0xFF, 0xFF, 0xFF, 0x00,
        0xFF, 0xFF, 0xFF, 0x00, 0xFF, 0xFF, 0xFF, 0x00, 0xFF, 0xFF, 0xFF, 0x00,
        0xFF, 0xFF, 0xFF, 0x00, 0xFF, 0xFF, 0xFF, 0x00, 0xFF, 0xFF, 0xFF, 0x00,
        0xFF, 0xFF, 0xFF, 0x00, 0xFF, 0xFF, 0xFF, 0x00, 0xFF, 0xFF, 0xFF, 0x00,
        0xFF, 0xFF, 0xFF, 0x00, 0xFF, 0xFF, 0xFF, 0x00, 0xFF, 0xFF, 0xFF, 0x00,
        0xFF, 0xFF, 0xFF, 0x00, 0xFF, 0xFF, 0xFF, 0x00, 0xFF, 0xFF, 0xFF, 0x00,
        0xFF, 0xFF, 0xFF, 0x00, 0xFF, 0xFF, 0xFF, 0x00, 0xFF, 0xFF, 0xFF, 0x00,
        0xFF, 0xFF, 0xFF, 0x00, 0xFF, 0xFF, 0xFF, 0x00, 0xFF, 0xFF, 0xFF, 0x00,
        0xFF, 0xFF, 0xFF, 0x00, 0xFF, 0xFF, 0xFF, 0x00, 0xFF, 0xFF, 0xFF, 0x00,
        0xFF, 0xFF, 0xFF, 0x00, 0xFF, 0xFF, 0xFF, 0x00, 0xFF, 0xFF, 0xFF, 0x00,
        0xFF, 0xFF, 0xFF, 0x00, 0x4B, 0x4B, 0x4B, 0xFF, 0x4B, 0x4B, 0x4B, 0xFF,
        0x54, 0x54, 0x54, 0xFF, 0x59, 0x59, 0x59, 0xFF, 0x59, 0x59, 0x59, 0xFF,
        0x59, 0x59, 0x59, 0xFF, 0x59, 0x59, 0x59, 0xFF, 0x59, 0x59, 0x59, 0xFF,
        0x59, 0x59, 0x59, 0xFF, 0x59, 0x59, 0x59, 0xFF, 0x59, 0x59, 0x59, 0xFF,
        0x54, 0x54, 0x54, 0xFF, 0x4B, 0x4B, 0x4B, 0xFF, 0x4B, 0x4B, 0x4B, 0xFF,
        0xFF, 0xFF, 0xFF, 0x00, 0xFF, 0xFF, 0xFF, 0x00, 0xFF, 0xFF, 0xFF, 0x00,
        0xFF, 0xFF, 0xFF, 0x00, 0xFF, 0xFF, 0xFF, 0x00, 0xFF, 0xFF, 0xFF, 0x00,
        0xFF, 0xFF, 0xFF, 0x00, 0xFF, 0xFF, 0xFF, 0x00, 0xFF, 0xFF, 0xFF, 0x00,
        0xFF, 0xFF, 0xFF, 0x00, 0xFF, 0xFF, 0xFF, 0x00, 0xFF, 0xFF, 0xFF, 0x00,
        0xFF, 0xFF, 0xFF, 0x00, 0xFF, 0xFF, 0xFF, 0x00, 0xFF, 0xFF, 0xFF, 0x00,
        0xFF, 0xFF, 0xFF, 0x00, 0xFF, 0xFF, 0xFF, 0x00, 0xFF, 0xFF, 0xFF, 0x00,
        0xFF, 0xFF, 0xFF, 0x00, 0xFF, 0xFF, 0xFF, 0x00, 0xFF, 0xFF, 0xFF, 0x00,
        0xFF, 0xFF, 0xFF, 0x00, 0xFF, 0xFF, 0xFF, 0x00, 0xFF, 0xFF, 0xFF, 0x00,
        0xFF, 0xFF, 0xFF, 0x00, 0xFF, 0xFF, 0xFF, 0x00, 0xFF, 0xFF, 0xFF, 0x00,
        0xFF, 0xFF, 0xFF, 0x00, 0xFF, 0xFF, 0xFF, 0x00, 0xFF, 0xFF, 0xFF, 0x00,
        0xFF, 0xFF, 0xFF, 0x00, 0xFF, 0xFF, 0xFF, 0x00, 0xFF, 0xFF, 0xFF, 0x00,
        0xFF, 0xFF, 0xFF, 0x00, 0xFF, 0xFF, 0xFF, 0x00, 0xFF, 0xFF, 0xFF, 0x00,
        0xFF, 0xFF, 0xFF, 0x00, 0xFF, 0xFF, 0xFF, 0x00, 0xFF, 0xFF, 0xFF, 0x00,
        0xFF, 0xFF, 0xFF, 0x00, 0xFF, 0xFF, 0xFF, 0x00, 0xFF, 0xFF, 0xFF, 0x00,
        0xFF, 0xFF, 0xFF, 0x00, 0xFF, 0xFF, 0xFF, 0x00, 0xFF, 0xFF, 0xFF, 0x00,
        0xFF, 0xFF, 0xFF, 0x00, 0xFF, 0xFF, 0xFF, 0x00, 0xFF, 0xFF, 0xFF, 0x00,
        0xFF, 0xFF, 0xFF, 0x00, 0xFF, 0xFF, 0xFF, 0x00, 0x69, 0x69, 0x69, 0xFF,
        0x66, 0x66, 0x66, 0xFF, 0x6D, 0x6D, 0x6D, 0xFF, 0x6F, 0x6F, 0x6F, 0xFF,
        0x6D, 0x6D, 0x6D, 0xFF, 0x6B, 0x6B, 0x6B, 0xFF, 0x6A, 0x6A, 0x6A, 0xFF,
        0x6A, 0x6A, 0x6A, 0xFF, 0x6B, 0x6B, 0x6B, 0xFF, 0x6D, 0x6D, 0x6D, 0xFF,
        0x6F, 0x6F, 0x6F, 0xFF, 0x6D, 0x6D, 0x6D, 0xFF, 0x66, 0x66, 0x66, 0xFF,
        0x69, 0x69, 0x69, 0xFF, 0xFF, 0xFF, 0xFF, 0x00, 0xFF, 0xFF, 0xFF, 0x00,
        0xFF, 0xFF, 0xFF, 0x00, 0xFF, 0xFF, 0xFF, 0x00, 0xFF, 0xFF, 0xFF, 0x00,
        0xFF, 0xFF, 0xFF, 0x00, 0xFF, 0xFF, 0xFF, 0x00, 0xFF, 0xFF, 0xFF, 0x00,
        0xFF, 0xFF, 0xFF, 0x00, 0xFF, 0xFF, 0xFF, 0x00, 0xFF, 0xFF, 0xFF, 0x00,
        0xFF, 0xFF, 0xFF, 0x00, 0xFF, 0xFF, 0xFF, 0x00, 0xFF, 0xFF, 0xFF, 0x00,
        0xFF, 0xFF, 0xFF, 0x00, 0xFF, 0xFF, 0xFF, 0x00, 0xFF, 0xFF, 0xFF, 0x00,
        0xFF, 0xFF, 0xFF, 0x00, 0xFF, 0xFF, 0xFF, 0x00, 0xFF, 0xFF, 0xFF, 0x00,
        0xFF, 0xFF, 0xFF, 0x00, 0xFF, 0xFF, 0xFF, 0x00, 0xFF, 0xFF, 0xFF, 0x00,
        0xFF, 0xFF, 0xFF, 0x00, 0xFF, 0xFF, 0xFF, 0x00, 0xFF, 0xFF, 0xFF, 0x00,
        0xFF, 0xFF, 0xFF, 0x00, 0xFF, 0xFF, 0xFF, 0x00, 0xFF, 0xFF, 0xFF, 0x00,
        0xFF, 0xFF, 0xFF, 0x00, 0xFF, 0xFF, 0xFF, 0x00, 0xFF, 0xFF, 0xFF, 0x00,
        0xFF, 0xFF, 0xFF, 0x00, 0xFF, 0xFF, 0xFF, 0x00, 0xFF, 0xFF, 0xFF, 0x00,
        0xFF, 0xFF, 0xFF, 0x00, 0xFF, 0xFF, 0xFF, 0x00, 0xFF, 0xFF, 0xFF, 0x00,
        0xFF, 0xFF, 0xFF, 0x00, 0xFF, 0xFF, 0xFF, 0x00, 0xFF, 0xFF, 0xFF, 0x00,
        0xFF, 0xFF, 0xFF, 0x00, 0xFF, 0xFF, 0xFF, 0x00, 0xFF, 0xFF, 0xFF, 0x00,
        0xFF, 0xFF, 0xFF, 0x00, 0xFF, 0xFF, 0xFF, 0x00, 0xFF, 0xFF, 0xFF, 0x00,
        0xFF, 0xFF, 0xFF, 0x00, 0xFF, 0xFF, 0xFF, 0x00, 0xFF, 0xFF, 0xFF, 0x00,
        0x4C, 0x4C, 0x4C, 0xFF, 0x4C, 0x4C, 0x4C, 0xFF, 0x55, 0x55, 0x55, 0xFF,
        0x5A, 0x5A, 0x5A, 0xFF, 0x5A, 0x5A, 0x5A, 0xFF, 0x5A, 0x5A, 0x5A, 0xFF,
        0x5A, 0x5A, 0x5A, 0xFF, 0x5A, 0x5A, 0x5A, 0xFF, 0x5A, 0x5A, 0x5A, 0xFF,
        0x5A, 0x5A, 0x5A, 0xFF, 0x5A, 0x5A, 0x5A, 0xFF, 0x55, 0x55, 0x55, 0xFF,
        0x4C, 0x4C, 0x4C, 0xFF, 0x4C, 0x4C, 0x4C, 0xFF, 0xFF, 0xFF, 0xFF, 0x00,
        0xFF, 0xFF, 0xFF, 0x00, 0xFF, 0xFF, 0xFF, 0x00, 0xFF, 0xFF, 0xFF, 0x00,
        0xFF, 0xFF, 0xFF, 0x00, 0xFF, 0xFF, 0xFF, 0x00, 0xFF, 0xFF, 0xFF, 0x00,
        0xFF, 0xFF, 0xFF, 0x00, 0xFF, 0xFF, 0xFF, 0x00, 0xFF, 0xFF, 0xFF, 0x00,
        0xFF, 0xFF, 0xFF, 0x00, 0xFF, 0xFF, 0xFF, 0x00, 0xFF, 0xFF, 0xFF, 0x00,
        0xFF, 0xFF, 0xFF, 0x00, 0xFF, 0xFF, 0xFF, 0x00, 0xFF, 0xFF, 0xFF, 0x00,
        0xFF, 0xFF, 0xFF, 0x00, 0xFF, 0xFF, 0xFF, 0x00, 0xFF, 0xFF, 0xFF, 0x00,
        0xFF, 0xFF, 0xFF, 0x00, 0xFF, 0xFF, 0xFF, 0x00, 0xFF, 0xFF, 0xFF, 0x00,
        0xFF, 0xFF, 0xFF, 0x00, 0xFF, 0xFF, 0xFF, 0x00, 0xFF, 0xFF, 0xFF, 0x00,
        0xFF, 0xFF, 0xFF, 0x00, 0xFF, 0xFF, 0xFF, 0x00, 0xFF, 0xFF, 0xFF, 0x00,
        0xFF, 0xFF, 0xFF, 0x00, 0xFF, 0xFF, 0xFF, 0x00, 0xFF, 0xFF, 0xFF, 0x00,
        0xFF, 0xFF, 0xFF, 0x00, 0xFF, 0xFF, 0xFF, 0x00, 0xFF, 0xFF, 0xFF, 0x00,
        0xFF, 0xFF, 0xFF, 0x00, 0xFF, 0xFF, 0xFF, 0x00, 0xFF, 0xFF, 0xFF, 0x00,
        0xFF, 0xFF, 0xFF, 0x00, 0xFF, 0xFF, 0xFF, 0x00, 0xFF, 0xFF, 0xFF, 0x00,
        0xFF, 0xFF, 0xFF, 0x00, 0xFF, 0xFF, 0xFF, 0x00, 0xFF, 0xFF, 0xFF, 0x00,
        0xFF, 0xFF, 0xFF, 0x00, 0xFF, 0xFF, 0xFF, 0x00, 0xFF, 0xFF, 0xFF, 0x00,
        0xFF, 0xFF, 0xFF, 0x00, 0xFF, 0xFF, 0xFF, 0x00, 0xFF, 0xFF, 0xFF, 0x00,
        0xFF, 0xFF, 0xFF, 0x00, 0x6A, 0x6A, 0x6A, 0xFF, 0x66, 0x66, 0x66, 0xFF,
        0x6E, 0x6E, 0x6E, 0xFF, 0x70, 0x70, 0x70, 0xFF, 0x6D, 0x6D, 0x6D, 0xFF,
        0x6B, 0x6B, 0x6B, 0xFF, 0x6B, 0x6B, 0x6B, 0xFF, 0x6B, 0x6B, 0x6B, 0xFF,
        0x6B, 0x6B, 0x6B, 0xFF, 0x6D, 0x6D, 0x6D, 0xFF, 0x70, 0x70, 0x70, 0xFF,
        0x6E, 0x6E, 0x6E, 0xFF, 0x66, 0x66, 0x66, 0xFF, 0x6A, 0x6A, 0x6A, 0xFF,
        0xFF, 0xFF, 0xFF, 0x00, 0xFF, 0xFF, 0xFF, 0x00, 0xFF, 0xFF, 0xFF, 0x00,
        0xFF, 0xFF, 0xFF, 0x00, 0xFF, 0xFF, 0xFF, 0x00, 0xFF, 0xFF, 0xFF, 0x00,
        0xFF, 0xFF, 0xFF, 0x00, 0xFF, 0xFF, 0xFF, 0x00, 0xFF, 0xFF, 0xFF, 0x00,
        0xFF, 0xFF, 0xFF, 0x00, 0xFF, 0xFF, 0xFF, 0x00, 0xFF, 0xFF, 0xFF, 0x00,
        0xFF, 0xFF, 0xFF, 0x00, 0xFF, 0xFF, 0xFF, 0x00, 0xFF, 0xFF, 0xFF, 0x00,
        0xFF, 0xFF, 0xFF, 0x00, 0xFF, 0xFF, 0xFF, 0x00, 0xFF, 0xFF, 0xFF, 0x00,
        0xFF, 0xFF, 0xFF, 0x00, 0xFF, 0xFF, 0xFF, 0x00, 0xFF, 0xFF, 0xFF, 0x00,
        0xFF, 0xFF, 0xFF, 0x00, 0xFF, 0xFF, 0xFF, 0x00, 0xFF, 0xFF, 0xFF, 0x00,
        0xFF, 0xFF, 0xFF, 0x00, 0xFF, 0xFF, 0xFF, 0x00, 0xFF, 0xFF, 0xFF, 0x00,
        0xFF, 0xFF, 0xFF, 0x00, 0xFF, 0xFF, 0xFF, 0x00, 0xFF, 0xFF, 0xFF, 0x00,
        0xFF, 0xFF, 0xFF, 0x00, 0xFF, 0xFF, 0xFF, 0x00, 0xFF, 0xFF, 0xFF, 0x00,
        0xFF, 0xFF, 0xFF, 0x00, 0xFF, 0xFF, 0xFF, 0x00, 0xFF, 0xFF, 0xFF, 0x00,
        0xFF, 0xFF, 0xFF, 0x00, 0xFF, 0xFF, 0xFF, 0x00, 0xFF, 0xFF, 0xFF, 0x00,
        0xFF, 0xFF, 0xFF, 0x00, 0xFF, 0xFF, 0xFF, 0x00, 0xFF, 0xFF, 0xFF, 0x00,
        0xFF, 0xFF, 0xFF, 0x00, 0xFF, 0xFF, 0xFF, 0x00, 0xFF, 0xFF, 0xFF, 0x00,
        0xFF, 0xFF, 0xFF, 0x00, 0xFF, 0xFF, 0xFF, 0x00, 0xFF, 0xFF, 0xFF, 0x00,
        0xFF, 0xFF, 0xFF, 0x00, 0xFF, 0xFF, 0xFF, 0x00, 0x4C, 0x4C, 0x4C, 0xFF,
        0x4C, 0x4C, 0x4C, 0xFF, 0x55, 0x55, 0x55, 0xFF, 0x5A, 0x5A, 0x5A, 0xFF,
        0x5A, 0x5A, 0x5A, 0xFF, 0x5A, 0x5A, 0x5A, 0xFF, 0x5A, 0x5A, 0x5A, 0xFF,
        0x5A, 0x5A, 0x5A, 0xFF, 0x5A, 0x5A, 0x5A, 0xFF, 0x5A, 0x5A, 0x5A, 0xFF,
        0x5A, 0x5A, 0x5A, 0xFF, 0x55, 0x55, 0x55, 0xFF, 0x4C, 0x4C, 0x4C, 0xFF,
        0x4C, 0x4C, 0x4C, 0xFF, 0xFF, 0xFF, 0xFF, 0x00, 0xFF, 0xFF, 0xFF, 0x00,
        0xFF, 0xFF, 0xFF, 0x00, 0xFF, 0xFF, 0xFF, 0x00, 0xFF, 0xFF, 0xFF, 0x00,
        0xFF, 0xFF, 0xFF, 0x00, 0xFF, 0xFF, 0xFF, 0x00, 0xFF, 0xFF, 0xFF, 0x00,
        0xFF, 0xFF, 0xFF, 0x00, 0xFF, 0xFF, 0xFF, 0x00, 0xFF, 0xFF, 0xFF, 0x00,
        0xFF, 0xFF, 0xFF, 0x00, 0xFF, 0xFF, 0xFF, 0x00, 0xFF, 0xFF, 0xFF, 0x00,
        0xFF, 0xFF, 0xFF, 0x00, 0xFF, 0xFF, 0xFF, 0x00, 0xFF, 0xFF, 0xFF, 0x00,
        0xFF, 0xFF, 0xFF, 0x00, 0xFF, 0xFF, 0xFF, 0x00, 0xFF, 0xFF, 0xFF, 0x00,
        0xFF, 0xFF, 0xFF, 0x00, 0xFF, 0xFF, 0xFF, 0x00, 0xFF, 0xFF, 0xFF, 0x00,
        0xFF, 0xFF, 0xFF, 0x00, 0xFF, 0xFF, 0xFF, 0x00, 0xFF, 0xFF, 0xFF, 0x00,
        0xFF, 0xFF, 0xFF, 0x00, 0xFF, 0xFF, 0xFF, 0x00, 0xFF, 0xFF, 0xFF, 0x00,
        0xFF, 0xFF, 0xFF, 0x00, 0xFF, 0xFF, 0xFF, 0x00, 0xFF, 0xFF, 0xFF, 0x00,
        0xFF, 0xFF, 0xFF, 0x00, 0xFF, 0xFF, 0xFF, 0x00, 0xFF, 0xFF, 0xFF, 0x00,
        0xFF, 0xFF, 0xFF, 0x00, 0xFF, 0xFF, 0xFF, 0x00, 0xFF, 0xFF, 0xFF, 0x00,
        0xFF, 0xFF, 0xFF, 0x00, 0xFF, 0xFF, 0xFF, 0x00, 0xFF, 0xFF, 0xFF, 0x00,
        0xFF, 0xFF, 0xFF, 0x00, 0xFF, 0xFF, 0xFF, 0x00, 0xFF, 0xFF, 0xFF, 0x00,
        0xFF, 0xFF, 0xFF, 0x00, 0xFF, 0xFF, 0xFF, 0x00, 0xFF, 0xFF, 0xFF, 0x00,
        0xFF, 0xFF, 0xFF, 0x00, 0xFF, 0xFF, 0xFF, 0x00, 0xFF, 0xFF, 0xFF, 0x00,
        0x6A, 0x6A, 0x6A, 0xFF, 0x66, 0x66, 0x66, 0xFF, 0x6E, 0x6E, 0x6E, 0xFF,
        0x70, 0x70, 0x70, 0xFF, 0x6D, 0x6D, 0x6D, 0xFF, 0x6B, 0x6B, 0x6B, 0xFF,
        0x6B, 0x6B, 0x6B, 0xFF, 0x6B, 0x6B, 0x6B, 0xFF, 0x6B, 0x6B, 0x6B, 0xFF,
        0x6D, 0x6D, 0x6D, 0xFF, 0x70, 0x70, 0x70, 0xFF, 0x6E, 0x6E, 0x6E, 0xFF,
        0x66, 0x66, 0x66, 0xFF, 0x6A, 0x6A, 0x6A, 0xFF, 0xFF, 0xFF, 0xFF, 0x00,
        0xFF, 0xFF, 0xFF, 0x00, 0xFF, 0xFF, 0xFF, 0x00, 0xFF, 0xFF, 0xFF, 0x00,
        0xFF, 0xFF, 0xFF, 0x00, 0xFF, 0xFF, 0xFF, 0x00, 0xFF, 0xFF, 0xFF, 0x00,
        0xFF, 0xFF, 0xFF, 0x00, 0xFF, 0xFF, 0xFF, 0x00, 0xFF, 0xFF, 0xFF, 0x00,
        0xFF, 0xFF, 0xFF, 0x00, 0xFF, 0xFF, 0xFF, 0x00, 0xFF, 0xFF, 0xFF, 0x00,
        0xFF, 0xFF, 0xFF, 0x00, 0xFF, 0xFF, 0xFF, 0x00, 0xFF, 0xFF, 0xFF, 0x00,
        0xFF, 0xFF, 0xFF, 0x00, 0xFF, 0xFF, 0xFF, 0x00, 0xFF, 0xFF, 0xFF, 0x00,
        0xFF, 0xFF, 0xFF, 0x00, 0xFF, 0xFF, 0xFF, 0x00, 0xFF, 0xFF, 0xFF, 0x00,
        0xFF, 0xFF, 0xFF, 0x00, 0xFF, 0xFF, 0xFF, 0x00, 0xFF, 0xFF, 0xFF, 0x00,
        0xFF, 0xFF, 0xFF, 0x00, 0xFF, 0xFF, 0xFF, 0x00, 0xFF, 0xFF, 0xFF, 0x00,
        0xFF, 0xFF, 0xFF, 0x00, 0xFF, 0xFF, 0xFF, 0x00, 0xFF, 0xFF, 0xFF, 0x00,
        0xFF, 0xFF, 0xFF, 0x00, 0xFF, 0xFF, 0xFF, 0x00, 0xFF, 0xFF, 0xFF, 0x00,
        0xFF, 0xFF, 0xFF, 0x00, 0xFF, 0xFF, 0xFF, 0x00, 0xFF, 0xFF, 0xFF, 0x00,
        0xFF, 0xFF, 0xFF, 0x00, 0xFF, 0xFF, 0xFF, 0x00, 0xFF, 0xFF, 0xFF, 0x00,
        0xFF, 0xFF, 0xFF, 0x00, 0xFF, 0xFF, 0xFF, 0x00, 0xFF, 0xFF, 0xFF, 0x00,
        0xFF, 0xFF, 0xFF, 0x00, 0xFF, 0xFF, 0xFF, 0x00, 0xFF, 0xFF, 0xFF, 0x00,
        0xFF, 0xFF, 0xFF, 0x00, 0xFF, 0xFF, 0xFF, 0x00, 0xFF, 0xFF, 0xFF, 0x00,
        0xFF, 0xFF, 0xFF, 0x00, 0x4D, 0x4D, 0x4D, 0xFF, 0x4D, 0x4D, 0x4D, 0xFF,
        0x56, 0x56, 0x56, 0xFF, 0x5B, 0x5B, 0x5B, 0xFF, 0x5B, 0x5B, 0x5B, 0xFF,
        0x5B, 0x5B, 0x5B, 0xFF, 0x5B, 0x5B, 0x5B, 0xFF, 0x5B, 0x5B, 0x5B, 0xFF,
        0x5B, 0x5B, 0x5B, 0xFF, 0x5B, 0x5B, 0x5B, 0xFF, 0x5B, 0x5B, 0x5B, 0xFF,
        0x56, 0x56, 0x56, 0xFF, 0x4D, 0x4D, 0x4D, 0xFF, 0x4D, 0x4D, 0x4D, 0xFF,
        0xFF, 0xFF, 0xFF, 0x00, 0xFF, 0xFF, 0xFF, 0x00, 0xFF, 0xFF, 0xFF, 0x00,
        0xFF, 0xFF, 0xFF, 0x00, 0xFF, 0xFF, 0xFF, 0x00, 0xFF, 0xFF, 0xFF, 0x00,
        0xFF, 0xFF, 0xFF, 0x00, 0xFF, 0xFF, 0xFF, 0x00, 0xFF, 0xFF, 0xFF, 0x00,
        0xFF, 0xFF, 0xFF, 0x00, 0xFF, 0xFF, 0xFF, 0x00, 0xFF, 0xFF, 0xFF, 0x00,
        0xFF, 0xFF, 0xFF, 0x00, 0xFF, 0xFF, 0xFF, 0x00, 0xFF, 0xFF, 0xFF, 0x00,
        0xFF, 0xFF, 0xFF, 0x00, 0xFF, 0xFF, 0xFF, 0x00, 0xFF, 0xFF, 0xFF, 0x00,
        0xFF, 0xFF, 0xFF, 0x00, 0xFF, 0xFF, 0xFF, 0x00, 0xFF, 0xFF, 0xFF, 0x00,
        0xFF, 0xFF, 0xFF, 0x00, 0xFF, 0xFF, 0xFF, 0x00, 0xFF, 0xFF, 0xFF, 0x00,
        0xFF, 0xFF, 0xFF, 0x00, 0xFF, 0xFF, 0xFF, 0x00, 0xFF, 0xFF, 0xFF, 0x00,
        0xFF, 0xFF, 0xFF, 0x00, 0xFF, 0xFF, 0xFF, 0x00, 0xFF, 0xFF, 0xFF, 0x00,
        0xFF, 0xFF, 0xFF, 0x00, 0xFF, 0xFF, 0xFF, 0x00, 0xFF, 0xFF, 0xFF, 0x00,
        0xFF, 0xFF, 0xFF, 0x00, 0xFF, 0xFF, 0xFF, 0x00, 0xFF, 0xFF, 0xFF, 0x00,
        0xFF, 0xFF, 0xFF, 0x00, 0xFF, 0xFF, 0xFF, 0x00, 0xFF, 0xFF, 0xFF, 0x00,
        0xFF, 0xFF, 0xFF, 0x00, 0xFF, 0xFF, 0xFF, 0x00, 0xFF, 0xFF, 0xFF, 0x00,
        0xFF, 0xFF, 0xFF, 0x00, 0xFF, 0xFF, 0xFF, 0x00, 0xFF, 0xFF, 0xFF, 0x00,
        0xFF, 0xFF, 0xFF, 0x00, 0xFF, 0xFF, 0xFF, 0x00, 0xFF, 0xFF, 0xFF, 0x00,
        0xFF, 0xFF, 0xFF, 0x00, 0xFF, 0xFF, 0xFF, 0x00, 0x6B, 0x6B, 0x6B, 0xFF,
        0x66, 0x66, 0x66, 0xFF, 0x6F, 0x6F, 0x6F, 0xFF, 0x71, 0x71, 0x71, 0xFF,
        0x6E, 0x6E, 0x6E, 0xFF, 0x6C, 0x6C, 0x6C, 0xFF, 0x6C, 0x6C, 0x6C, 0xFF,
        0x6C, 0x6C, 0x6C, 0xFF, 0x6C, 0x6C, 0x6C, 0xFF, 0x6E, 0x6E, 0x6E, 0xFF,
        0x71, 0x71, 0x71, 0xFF, 0x6F, 0x6F, 0x6F, 0xFF, 0x66, 0x66, 0x66, 0xFF,
        0x6B, 0x6B, 0x6B, 0xFF, 0xFF, 0xFF, 0xFF, 0x00, 0xFF, 0xFF, 0xFF, 0x00,
        0xFF, 0xFF, 0xFF, 0x00, 0xFF, 0xFF, 0xFF, 0x00, 0xFF, 0xFF, 0xFF, 0x00,
        0xFF, 0xFF, 0xFF, 0x00, 0xFF, 0xFF, 0xFF, 0x00, 0xFF, 0xFF, 0xFF, 0x00,
        0xFF, 0xFF, 0xFF, 0x00, 0xFF, 0xFF, 0xFF, 0x00, 0xFF, 0xFF, 0xFF, 0x00,
        0xFF, 0xFF, 0xFF, 0x00, 0xFF, 0xFF, 0xFF, 0x00, 0xFF, 0xFF, 0xFF, 0x00,
        0xFF, 0xFF, 0xFF, 0x00, 0xFF, 0xFF, 0xFF, 0x00, 0xFF, 0xFF, 0xFF, 0x00,
        0xFF, 0xFF, 0xFF, 0x00, 0xFF, 0xFF, 0xFF, 0x00, 0xFF, 0xFF, 0xFF, 0x00,
        0xFF, 0xFF, 0xFF, 0x00, 0xFF, 0xFF, 0xFF, 0x00, 0xFF, 0xFF, 0xFF, 0x00,
        0xFF, 0xFF, 0xFF, 0x00, 0xFF, 0xFF, 0xFF, 0x00, 0xFF, 0xFF, 0xFF, 0x00,
        0xFF, 0xFF, 0xFF, 0x00, 0xFF, 0xFF, 0xFF, 0x00, 0xFF, 0xFF, 0xFF, 0x00,
        0xFF, 0xFF, 0xFF, 0x00, 0xFF, 0xFF, 0xFF, 0x00, 0xFF, 0xFF, 0xFF, 0x00,
        0xFF, 0xFF, 0xFF, 0x00, 0xFF, 0xFF, 0xFF, 0x00, 0xFF, 0xFF, 0xFF, 0x00,
        0xFF, 0xFF, 0xFF, 0x00, 0xFF, 0xFF, 0xFF, 0x00, 0xFF, 0xFF, 0xFF, 0x00,
        0xFF, 0xFF, 0xFF, 0x00, 0xFF, 0xFF, 0xFF, 0x00, 0xFF, 0xFF, 0xFF, 0x00,
        0xFF, 0xFF, 0xFF, 0x00, 0xFF, 0xFF, 0xFF, 0x00, 0xFF, 0xFF, 0xFF, 0x00,
        0xFF, 0xFF, 0xFF, 0x00, 0xFF, 0xFF, 0xFF, 0x00, 0xFF, 0xFF, 0xFF, 0x00,
        0xFF, 0xFF, 0xFF, 0x00, 0xFF, 0xFF, 0xFF, 0x00, 0xFF, 0xFF, 0xFF, 0x00,
        0x4D, 0x4D, 0x4D, 0xFF, 0x4D, 0x4D, 0x4D, 0xFF, 0x56, 0x56, 0x56, 0xFF,
        0x5B, 0x5B, 0x5B, 0xFF, 0x5B, 0x5B, 0x5B, 0xFF, 0x5B, 0x5B, 0x5B, 0xFF,
        0x5B, 0x5B, 0x5B, 0xFF, 0x5B, 0x5B, 0x5B, 0xFF, 0x5B, 0x5B, 0x5B, 0xFF,
        0x5B, 0x5B, 0x5B, 0xFF, 0x5B, 0x5B, 0x5B, 0xFF, 0x56, 0x56, 0x56, 0xFF,
        0x4D, 0x4D, 0x4D, 0xFF, 0x4D, 0x4D, 0x4D, 0xFF, 0xFF, 0xFF, 0xFF, 0x00,
        0xFF, 0xFF, 0xFF, 0x00, 0xFF, 0xFF, 0xFF, 0x00, 0xFF, 0xFF, 0xFF, 0x00,
        0xFF, 0xFF, 0xFF, 0x00, 0xFF, 0xFF, 0xFF, 0x00, 0xFF, 0xFF, 0xFF, 0x00,
        0xFF, 0xFF, 0xFF, 0x00, 0xFF, 0xFF, 0xFF, 0x00, 0xFF, 0xFF, 0xFF, 0x00,
        0xFF, 0xFF, 0xFF, 0x00, 0xFF, 0xFF, 0xFF, 0x00, 0xFF, 0xFF, 0xFF, 0x00,
        0xFF, 0xFF, 0xFF, 0x00, 0xFF, 0xFF, 0xFF, 0x00, 0xFF, 0xFF, 0xFF, 0x00,
        0xFF, 0xFF, 0xFF, 0x00, 0xFF, 0xFF, 0xFF, 0x00, 0xFF, 0xFF, 0xFF, 0x00,
        0xFF, 0xFF, 0xFF, 0x00, 0xFF, 0xFF, 0xFF, 0x00, 0xFF, 0xFF, 0xFF, 0x00,
        0xFF, 0xFF, 0xFF, 0x00, 0xFF, 0xFF, 0xFF, 0x00, 0xFF, 0xFF, 0xFF, 0x00,
        0xFF, 0xFF, 0xFF, 0x00, 0xFF, 0xFF, 0xFF, 0x00, 0xFF, 0xFF, 0xFF, 0x00,
        0xFF, 0xFF, 0xFF, 0x00, 0xFF, 0xFF, 0xFF, 0x00, 0xFF, 0xFF, 0xFF, 0x00,
        0xFF, 0xFF, 0xFF, 0x00, 0xFF, 0xFF, 0xFF, 0x00, 0xFF, 0xFF, 0xFF, 0x00,
        0xFF, 0xFF, 0xFF, 0x00, 0xFF, 0xFF, 0xFF, 0x00, 0xFF, 0xFF, 0xFF, 0x00,
        0xFF, 0xFF, 0xFF, 0x00, 0xFF, 0xFF, 0xFF, 0x00, 0xFF, 0xFF, 0xFF, 0x00,
        0xFF, 0xFF, 0xFF, 0x00, 0xFF, 0xFF, 0xFF, 0x00, 0xFF, 0xFF, 0xFF, 0x00,
        0xFF, 0xFF, 0xFF, 0x00, 0xFF, 0xFF, 0xFF, 0x00, 0xFF, 0xFF, 0xFF, 0x00,
        0xFF, 0xFF, 0xFF, 0x00, 0xFF, 0xFF, 0xFF, 0x00, 0xFF, 0xFF, 0xFF, 0x00,
        0xFF, 0xFF, 0xFF, 0x00, 0x6B, 0x6B, 0x6B, 0xFF, 0x66, 0x66, 0x66, 0xFF,
        0x6F, 0x6F, 0x6F, 0xFF, 0x71, 0x71, 0x71, 0xFF, 0x6E, 0x6E, 0x6E, 0xFF,
        0x6C, 0x6C, 0x6C, 0xFF, 0x6C, 0x6C, 0x6C, 0xFF, 0x6C, 0x6C, 0x6C, 0xFF,
        0x6C, 0x6C, 0x6C, 0xFF, 0x6E, 0x6E, 0x6E, 0xFF, 0x71, 0x71, 0x71, 0xFF,
        0x6F, 0x6F, 0x6F, 0xFF, 0x66, 0x66, 0x66, 0xFF, 0x6B, 0x6B, 0x6B, 0xFF,
        0xFF, 0xFF, 0xFF, 0x00, 0xFF, 0xFF, 0xFF, 0x00, 0xFF, 0xFF, 0xFF, 0x00,
        0xFF, 0xFF, 0xFF, 0x00, 0xFF, 0xFF, 0xFF, 0x00, 0xFF, 0xFF, 0xFF, 0x00,
        0xFF, 0xFF, 0xFF, 0x00, 0xFF, 0xFF, 0xFF, 0x00, 0xFF, 0xFF, 0xFF, 0x00,
        0xFF, 0xFF, 0xFF, 0x00, 0xFF, 0xFF, 0xFF, 0x00, 0xFF, 0xFF, 0xFF, 0x00,
        0xFF, 0xFF, 0xFF, 0x00, 0xFF, 0xFF, 0xFF, 0x00, 0xFF, 0xFF, 0xFF, 0x00,
        0xFF, 0xFF, 0xFF, 0x00, 0xFF, 0xFF, 0xFF, 0x00, 0xFF, 0xFF, 0xFF, 0x00,
        0xFF, 0xFF, 0xFF, 0x00, 0xFF, 0xFF, 0xFF, 0x00, 0xFF, 0xFF, 0xFF, 0x00,
        0xFF, 0xFF, 0xFF, 0x00, 0xFF, 0xFF, 0xFF, 0x00, 0xFF, 0xFF, 0xFF, 0x00,
        0xFF, 0xFF, 0xFF, 0x00, 0xFF, 0xFF, 0xFF, 0x00, 0xFF, 0xFF, 0xFF, 0x00,
        0xFF, 0xFF, 0xFF, 0x00, 0xFF, 0xFF, 0xFF, 0x00, 0xFF, 0xFF, 0xFF, 0x00,
        0xFF, 0xFF, 0xFF, 0x00, 0xFF, 0xFF, 0xFF, 0x00, 0xFF, 0xFF, 0xFF, 0x00,
        0xFF, 0xFF, 0xFF, 0x00, 0xFF, 0xFF, 0xFF, 0x00, 0xFF, 0xFF, 0xFF, 0x00,
        0xFF, 0xFF, 0xFF, 0x00, 0xFF, 0xFF, 0xFF, 0x00, 0xFF, 0xFF, 0xFF, 0x00,
        0xFF, 0xFF, 0xFF, 0x00, 0xFF, 0xFF, 0xFF, 0x00, 0xFF, 0xFF, 0xFF, 0x00,
        0xFF, 0xFF, 0xFF, 0x00, 0xFF, 0xFF, 0xFF, 0x00, 0xFF, 0xFF, 0xFF, 0x00,
        0xFF, 0xFF, 0xFF, 0x00, 0xFF, 0xFF, 0xFF, 0x00, 0xFF, 0xFF, 0xFF, 0x00,
        0xFF, 0xFF, 0xFF, 0x00, 0xFF, 0xFF, 0xFF, 0x00, 0x4D, 0x4D, 0x4D, 0xFF,
        0x4D, 0x4D, 0x4D, 0xFF, 0x56, 0x56, 0x56, 0xFF, 0x5B, 0x5B, 0x5B, 0xFF,
        0x5B, 0x5B, 0x5B, 0xFF, 0x5B, 0x5B, 0x5B, 0xFF, 0x5B, 0x5B, 0x5B, 0xFF,
        0x5B, 0x5B, 0x5B, 0xFF, 0x5B, 0x5B, 0x5B, 0xFF, 0x5B, 0x5B, 0x5B, 0xFF,
        0x5B, 0x5B, 0x5B, 0xFF, 0x56, 0x56, 0x56, 0xFF, 0x4D, 0x4D, 0x4D, 0xFF,
        0x4D, 0x4D, 0x4D, 0xFF, 0xFF, 0xFF, 0xFF, 0x00, 0xFF, 0xFF, 0xFF, 0x00,
        0xFF, 0xFF, 0xFF, 0x00, 0xFF, 0xFF, 0xFF, 0x00, 0xFF, 0xFF, 0xFF, 0x00,
        0xFF, 0xFF, 0xFF, 0x00, 0xFF, 0xFF, 0xFF, 0x00, 0xFF, 0xFF, 0xFF, 0x00,
        0xFF, 0xFF, 0xFF, 0x00, 0xFF, 0xFF, 0xFF, 0x00, 0xFF, 0xFF, 0xFF, 0x00,
        0xFF, 0xFF, 0xFF, 0x00, 0xFF, 0xFF, 0xFF, 0x00, 0xFF, 0xFF, 0xFF, 0x00,
        0xFF, 0xFF, 0xFF, 0x00, 0xFF, 0xFF, 0xFF, 0x00, 0xFF, 0xFF, 0xFF, 0x00,
        0xFF, 0xFF, 0xFF, 0x00, 0xFF, 0xFF, 0xFF, 0x00, 0xFF, 0xFF, 0xFF, 0x00,
        0xFF, 0xFF, 0xFF, 0x00, 0xFF, 0xFF, 0xFF, 0x00, 0xFF, 0xFF, 0xFF, 0x00,
        0xFF, 0xFF, 0xFF, 0x00, 0xFF, 0xFF, 0xFF, 0x00, 0xFF, 0xFF, 0xFF, 0x00,
        0xFF, 0xFF, 0xFF, 0x00, 0xFF, 0xFF, 0xFF, 0x00, 0xFF, 0xFF, 0xFF, 0x00,
        0xFF, 0xFF, 0xFF, 0x00, 0xFF, 0xFF, 0xFF, 0x00, 0xFF, 0xFF, 0xFF, 0x00,
        0xFF, 0xFF, 0xFF, 0x00, 0xFF, 0xFF, 0xFF, 0x00, 0xFF, 0xFF, 0xFF, 0x00,
        0xFF, 0xFF, 0xFF, 0x00, 0xFF, 0xFF, 0xFF, 0x00, 0xFF, 0xFF, 0xFF, 0x00,
        0xFF, 0xFF, 0xFF, 0x00, 0xFF, 0xFF, 0xFF, 0x00, 0xFF, 0xFF, 0xFF, 0x00,
        0xFF, 0xFF, 0xFF, 0x00, 0xFF, 0xFF, 0xFF, 0x00, 0xFF, 0xFF, 0xFF, 0x00,
        0xFF, 0xFF, 0xFF, 0x00, 0xFF, 0xFF, 0xFF, 0x00, 0xFF, 0xFF, 0xFF, 0x00,
        0xFF, 0xFF, 0xFF, 0x00, 0xFF, 0xFF, 0xFF, 0x00, 0xFF, 0xFF, 0xFF, 0x00,
        0x6B, 0x6B, 0x6B, 0xFF, 0x66, 0x66, 0x66, 0xFF, 0x6F, 0x6F, 0x6F, 0xFF,
        0x71, 0x71, 0x71, 0xFF, 0x6E, 0x6E, 0x6E, 0xFF, 0x6C, 0x6C, 0x6C, 0xFF,
        0x6C, 0x6C, 0x6C, 0xFF, 0x6C, 0x6C, 0x6C, 0xFF, 0x6C, 0x6C, 0x6C, 0xFF,
        0x6E, 0x6E, 0x6E, 0xFF, 0x71, 0x71, 0x71, 0xFF, 0x6F, 0x6F, 0x6F, 0xFF,
        0x66, 0x66, 0x66, 0xFF, 0x6B, 0x6B, 0x6B, 0xFF, 0xFF, 0xFF, 0xFF, 0x00,
        0xFF, 0xFF, 0xFF, 0x00, 0xFF, 0xFF, 0xFF, 0x00, 0xFF, 0xFF, 0xFF, 0x00,
        0xFF, 0xFF, 0xFF, 0x00, 0xFF, 0xFF, 0xFF, 0x00, 0xFF, 0xFF, 0xFF, 0x00,
        0xFF, 0xFF, 0xFF, 0x00, 0xFF, 0xFF, 0xFF, 0x00, 0xFF, 0xFF, 0xFF, 0x00,
        0xFF, 0xFF, 0xFF, 0x00, 0xFF, 0xFF, 0xFF, 0x00, 0xFF, 0xFF, 0xFF, 0x00,
        0xFF, 0xFF, 0xFF, 0x00, 0xFF, 0xFF, 0xFF, 0x00, 0xFF, 0xFF, 0xFF, 0x00,
        0xFF, 0xFF, 0xFF, 0x00, 0xFF, 0xFF, 0xFF, 0x00, 0xFF, 0xFF, 0xFF, 0x00,
        0xFF, 0xFF, 0xFF, 0x00, 0xFF, 0xFF, 0xFF, 0x00, 0xFF, 0xFF, 0xFF, 0x00,
        0xFF, 0xFF, 0xFF, 0x00, 0xFF, 0xFF, 0xFF, 0x00, 0xFF, 0xFF, 0xFF, 0x00,
        0xFF, 0xFF, 0xFF, 0x00, 0xFF, 0xFF, 0xFF, 0x00, 0xFF, 0xFF, 0xFF, 0x00,
        0xFF, 0xFF, 0xFF, 0x00, 0xFF, 0xFF, 0xFF, 0x00, 0xFF, 0xFF, 0xFF, 0x00,
        0xFF, 0xFF, 0xFF, 0x00, 0xFF, 0xFF, 0xFF, 0x00, 0xFF, 0xFF, 0xFF, 0x00,
        0xFF, 0xFF, 0xFF, 0x00, 0xFF, 0xFF, 0xFF, 0x00, 0xFF, 0xFF, 0xFF, 0x00,
        0xFF, 0xFF, 0xFF, 0x00, 0xFF, 0xFF, 0xFF, 0x00, 0xFF, 0xFF, 0xFF, 0x00,
        0xFF, 0xFF, 0xFF, 0x00, 0xFF, 0xFF, 0xFF, 0x00, 0xFF, 0xFF, 0xFF, 0x00,
        0xFF, 0xFF, 0xFF, 0x00, 0xFF, 0xFF, 0xFF, 0x00, 0xFF, 0xFF, 0xFF, 0x00,
        0xFF, 0xFF, 0xFF, 0x00, 0xFF, 0xFF, 0xFF, 0x00, 0xFF, 0xFF, 0xFF, 0x00,
        0xFF, 0xFF, 0xFF, 0x00, 0x4E, 0x4E, 0x4E, 0xFF, 0x4E, 0x4E, 0x4E, 0xFF,
        0x57, 0x57, 0x57, 0xFF, 0x5C, 0x5C, 0x5C, 0xFF, 0x5C, 0x5C, 0x5C, 0xFF,
        0x5C, 0x5C, 0x5C, 0xFF, 0x5C, 0x5C, 0x5C, 0xFF, 0x5C, 0x5C, 0x5C, 0xFF,
        0x5C, 0x5C, 0x5C, 0xFF, 0x5C, 0x5C, 0x5C, 0xFF, 0x5C, 0x5C, 0x5C, 0xFF,
        0x57, 0x57, 0x57, 0xFF, 0x4E, 0x4E, 0x4E, 0xFF, 0x4E, 0x4E, 0x4E, 0xFF,
        0xFF, 0xFF, 0xFF, 0x00, 0xFF, 0xFF, 0xFF, 0x00, 0xFF, 0xFF, 0xFF, 0x00,
        0xFF, 0xFF, 0xFF, 0x00, 0xFF, 0xFF, 0xFF, 0x00, 0xFF, 0xFF, 0xFF, 0x00,
        0xFF, 0xFF, 0xFF, 0x00, 0xFF, 0xFF, 0xFF, 0x00, 0xFF, 0xFF, 0xFF, 0x00,
        0xFF, 0xFF, 0xFF, 0x00, 0xFF, 0xFF, 0xFF, 0x00, 0xFF, 0xFF, 0xFF, 0x00,
        0xFF, 0xFF, 0xFF, 0x00, 0xFF, 0xFF, 0xFF, 0x00, 0xFF, 0xFF, 0xFF, 0x00,
        0xFF, 0xFF, 0xFF, 0x00, 0xFF, 0xFF, 0xFF, 0x00, 0xFF, 0xFF, 0xFF, 0x00,
        0xFF, 0xFF, 0xFF, 0x00, 0xFF, 0xFF, 0xFF, 0x00, 0xFF, 0xFF, 0xFF, 0x00,
        0xFF, 0xFF, 0xFF, 0x00, 0xFF, 0xFF, 0xFF, 0x00, 0xFF, 0xFF, 0xFF, 0x00,
        0xFF, 0xFF, 0xFF, 0x00, 0xFF, 0xFF, 0xFF, 0x00, 0xFF, 0xFF, 0xFF, 0x00,
        0xFF, 0xFF, 0xFF, 0x00, 0xFF, 0xFF, 0xFF, 0x00, 0xFF, 0xFF, 0xFF, 0x00,
        0xFF, 0xFF, 0xFF, 0x00, 0xFF, 0xFF, 0xFF, 0x00, 0xFF, 0xFF, 0xFF, 0x00,
        0xFF, 0xFF, 0xFF, 0x00, 0xFF, 0xFF, 0xFF, 0x00, 0xFF, 0xFF, 0xFF, 0x00,
        0xFF, 0xFF, 0xFF, 0x00, 0xFF, 0xFF, 0xFF, 0x00, 0xFF, 0xFF, 0xFF, 0x00,
        0xFF, 0xFF, 0xFF, 0x00, 0xFF, 0xFF, 0xFF, 0x00, 0xFF, 0xFF, 0xFF, 0x00,
        0xFF, 0xFF, 0xFF, 0x00, 0xFF, 0xFF, 0xFF, 0x00, 0xFF, 0xFF, 0xFF, 0x00,
        0xFF, 0xFF, 0xFF, 0x00, 0xFF, 0xFF, 0xFF, 0x00, 0xFF, 0xFF, 0xFF, 0x00,
        0xFF, 0xFF, 0xFF, 0x00, 0xFF, 0xFF, 0xFF, 0x00, 0x6C, 0x6C, 0x6C, 0xFF,
        0x67, 0x67, 0x67, 0xFF, 0x70, 0x70, 0x70, 0xFF, 0x72, 0x72, 0x72, 0xFF,
        0x6F, 0x6F, 0x6F, 0xFF, 0x6D, 0x6D, 0x6D, 0xFF, 0x6D, 0x6D, 0x6D, 0xFF,
        0x6D, 0x6D, 0x6D, 0xFF, 0x6D, 0x6D, 0x6D, 0xFF, 0x6F, 0x6F, 0x6F, 0xFF,
        0x72, 0x72, 0x72, 0xFF, 0x70, 0x70, 0x70, 0xFF, 0x67, 0x67, 0x67, 0xFF,
        0x6C, 0x6C, 0x6C, 0xFF, 0xFF, 0xFF, 0xFF, 0x00, 0xFF, 0xFF, 0xFF, 0x00,
        0xFF, 0xFF, 0xFF, 0x00, 0xFF, 0xFF, 0xFF, 0x00, 0xFF, 0xFF, 0xFF, 0x00,
        0xFF, 0xFF, 0xFF, 0x00, 0xFF, 0xFF, 0xFF, 0x00, 0xFF, 0xFF, 0xFF, 0x00,
        0xFF, 0xFF, 0xFF, 0x00, 0xFF, 0xFF, 0xFF, 0x00, 0xFF, 0xFF, 0xFF, 0x00,
        0xFF, 0xFF, 0xFF, 0x00, 0xFF, 0xFF, 0xFF, 0x00, 0xFF, 0xFF, 0xFF, 0x00,
        0xFF, 0xFF, 0xFF, 0x00, 0xFF, 0xFF, 0xFF, 0x00, 0xFF, 0xFF, 0xFF, 0x00,
        0xFF, 0xFF, 0xFF, 0x00, 0xFF, 0xFF, 0xFF, 0x00, 0xFF, 0xFF, 0xFF, 0x00,
        0xFF, 0xFF, 0xFF, 0x00, 0xFF, 0xFF, 0xFF, 0x00, 0xFF, 0xFF, 0xFF, 0x00,
        0xFF, 0xFF, 0xFF, 0x00, 0xFF, 0xFF, 0xFF, 0x00, 0xFF, 0xFF, 0xFF, 0x00,
        0xFF, 0xFF, 0xFF, 0x00, 0xFF, 0xFF, 0xFF, 0x00, 0xFF, 0xFF, 0xFF, 0x00,
        0xFF, 0xFF, 0xFF, 0x00, 0xFF, 0xFF, 0xFF, 0x00, 0xFF, 0xFF, 0xFF, 0x00,
        0xFF, 0xFF, 0xFF, 0x00, 0xFF, 0xFF, 0xFF, 0x00, 0xFF, 0xFF, 0xFF, 0x00,
        0xFF, 0xFF, 0xFF, 0x00, 0xFF, 0xFF, 0xFF, 0x00, 0xFF, 0xFF, 0xFF, 0x00,
        0xFF, 0xFF, 0xFF, 0x00, 0xFF, 0xFF, 0xFF, 0x00, 0xFF, 0xFF, 0xFF, 0x00,
        0xFF, 0xFF, 0xFF, 0x00, 0xFF, 0xFF, 0xFF, 0x00, 0xFF, 0xFF, 0xFF, 0x00,
        0xFF, 0xFF, 0xFF, 0x00, 0xFF, 0xFF, 0xFF, 0x00, 0xFF, 0xFF, 0xFF, 0x00,
        0xFF, 0xFF, 0xFF, 0x00, 0xFF, 0xFF, 0xFF, 0x00, 0xFF, 0xFF, 0xFF, 0x00,
        0x4E, 0x4E, 0x4E, 0xFF, 0x4E, 0x4E, 0x4E, 0xFF, 0x57, 0x57, 0x57, 0xFF,
        0x5C, 0x5C, 0x5C, 0xFF, 0x5C, 0x5C, 0x5C, 0xFF, 0x5C, 0x5C, 0x5C, 0xFF,
        0x5C, 0x5C, 0x5C, 0xFF, 0x5C, 0x5C, 0x5C, 0xFF, 0x5C, 0x5C, 0x5C, 0xFF,
        0x5C, 0x5C, 0x5C, 0xFF, 0x5C, 0x5C, 0x5C, 0xFF, 0x57, 0x57, 0x57, 0xFF,
        0x4E, 0x4E, 0x4E, 0xFF, 0x4E, 0x4E, 0x4E, 0xFF, 0xFF, 0xFF, 0xFF, 0x00,
        0xFF, 0xFF, 0xFF, 0x00, 0xFF, 0xFF, 0xFF, 0x00, 0xFF, 0xFF, 0xFF, 0x00,
        0xFF, 0xFF, 0xFF, 0x00, 0xFF, 0xFF, 0xFF, 0x00, 0xFF, 0xFF, 0xFF, 0x00,
        0xFF, 0xFF, 0xFF, 0x00, 0xFF, 0xFF, 0xFF, 0x00, 0xFF, 0xFF, 0xFF, 0x00,
        0xFF, 0xFF, 0xFF, 0x00, 0xFF, 0xFF, 0xFF, 0x00, 0xFF, 0xFF, 0xFF, 0x00,
        0xFF, 0xFF, 0xFF, 0x00, 0xFF, 0xFF, 0xFF, 0x00, 0xFF, 0xFF, 0xFF, 0x00,
        0xFF, 0xFF, 0xFF, 0x00, 0xFF, 0xFF, 0xFF, 0x00, 0xFF, 0xFF, 0xFF, 0x00,
        0xFF, 0xFF, 0xFF, 0x00, 0xFF, 0xFF, 0xFF, 0x00, 0xFF, 0xFF, 0xFF, 0x00,
        0xFF, 0xFF, 0xFF, 0x00, 0xFF, 0xFF, 0xFF, 0x00, 0xFF, 0xFF, 0xFF, 0x00,
        0xFF, 0xFF, 0xFF, 0x00, 0xFF, 0xFF, 0xFF, 0x00, 0xFF, 0xFF, 0xFF, 0x00,
        0xFF, 0xFF, 0xFF, 0x00, 0xFF, 0xFF, 0xFF, 0x00, 0xFF, 0xFF, 0xFF, 0x00,
        0xFF, 0xFF, 0xFF, 0x00, 0xFF, 0xFF, 0xFF, 0x00, 0xFF, 0xFF, 0xFF, 0x00,
        0xFF, 0xFF, 0xFF, 0x00, 0xFF, 0xFF, 0xFF, 0x00, 0xFF, 0xFF, 0xFF, 0x00,
        0xFF, 0xFF, 0xFF, 0x00, 0xFF, 0xFF, 0xFF, 0x00, 0xFF, 0xFF, 0xFF, 0x00,
        0xFF, 0xFF, 0xFF, 0x00, 0xFF, 0xFF, 0xFF, 0x00, 0xFF, 0xFF, 0xFF, 0x00,
        0xFF, 0xFF, 0xFF, 0x00, 0xFF, 0xFF, 0xFF, 0x00, 0xFF, 0xFF, 0xFF, 0x00,
        0xFF, 0xFF, 0xFF, 0x00, 0xFF, 0xFF, 0xFF, 0x00, 0xFF, 0xFF, 0xFF, 0x00,
        0xFF, 0xFF, 0xFF, 0x00, 0x6C, 0x6C, 0x6C, 0xFF, 0x67, 0x67, 0x67, 0xFF,
        0x70, 0x70, 0x70, 0xFF, 0x72, 0x72, 0x72, 0xFF, 0x6F, 0x6F, 0x6F, 0xFF,
        0x6D, 0x6D, 0x6D, 0xFF, 0x6D, 0x6D, 0x6D, 0xFF, 0x6D, 0x6D, 0x6D, 0xFF,
        0x6D, 0x6D, 0x6D, 0xFF, 0x6F, 0x6F, 0x6F, 0xFF, 0x72, 0x72, 0x72, 0xFF,
        0x70, 0x70, 0x70, 0xFF, 0x67, 0x67, 0x67, 0xFF, 0x6C, 0x6C, 0x6C, 0xFF,
        0xFF, 0xFF, 0xFF, 0x00, 0xFF, 0xFF, 0xFF, 0x00, 0xFF, 0xFF, 0xFF, 0x00,
        0xFF, 0xFF, 0xFF, 0x00, 0xFF, 0xFF, 0xFF, 0x00, 0xFF, 0xFF, 0xFF, 0x00,
        0xFF, 0xFF, 0xFF, 0x00, 0xFF, 0xFF, 0xFF, 0x00, 0xFF, 0xFF, 0xFF, 0x00,
        0xFF, 0xFF, 0xFF, 0x00, 0xFF, 0xFF, 0xFF, 0x00, 0xFF, 0xFF, 0xFF, 0x00,
        0xFF, 0xFF, 0xFF, 0x00, 0xFF, 0xFF, 0xFF, 0x00, 0xFF, 0xFF, 0xFF, 0x00,
        0xFF, 0xFF, 0xFF, 0x00, 0xFF, 0xFF, 0xFF, 0x00, 0xFF, 0xFF, 0xFF, 0x00,
        0xFF, 0xFF, 0xFF, 0x00, 0xFF, 0xFF, 0xFF, 0x00, 0xFF, 0xFF, 0xFF, 0x00,
        0xFF, 0xFF, 0xFF, 0x00, 0xFF, 0xFF, 0xFF, 0x00, 0xFF, 0xFF, 0xFF, 0x00,
        0xFF, 0xFF, 0xFF, 0x00, 0xFF, 0xFF, 0xFF, 0x00, 0xFF, 0xFF, 0xFF, 0x00,
        0xFF, 0xFF, 0xFF, 0x00, 0xFF, 0xFF, 0xFF, 0x00, 0xFF, 0xFF, 0xFF, 0x00,
        0xFF, 0xFF, 0xFF, 0x00, 0xFF, 0xFF, 0xFF, 0x00, 0xFF, 0xFF, 0xFF, 0x00,
        0xFF, 0xFF, 0xFF, 0x00, 0xFF, 0xFF, 0xFF, 0x00, 0xFF, 0xFF, 0xFF, 0x00,
        0xFF, 0xFF, 0xFF, 0x00, 0xFF, 0xFF, 0xFF, 0x00, 0xFF, 0xFF, 0xFF, 0x00,
        0xFF, 0xFF, 0xFF, 0x00, 0xFF, 0xFF, 0xFF, 0x00, 0xFF, 0xFF, 0xFF, 0x00,
        0xFF, 0xFF, 0xFF, 0x00, 0xFF, 0xFF, 0xFF, 0x00, 0xFF, 0xFF, 0xFF, 0x00,
        0xFF, 0xFF, 0xFF, 0x00, 0xFF, 0xFF, 0xFF, 0x00, 0xFF, 0xFF, 0xFF, 0x00,
        0xFF, 0xFF, 0xFF, 0x00, 0xFF, 0xFF, 0xFF, 0x00, 0x4E, 0x4E, 0x4E, 0xFF,
        0x4E, 0x4E, 0x4E, 0xFF, 0x57, 0x57, 0x57, 0xFF, 0x5C, 0x5C, 0x5C, 0xFF,
        0x5C, 0x5C, 0x5C, 0xFF, 0x5C, 0x5C, 0x5C, 0xFF, 0x5C, 0x5C, 0x5C, 0xFF,
        0x5C, 0x5C, 0x5C, 0xFF, 0x5C, 0x5C, 0x5C, 0xFF, 0x5C, 0x5C, 0x5C, 0xFF,
        0x5C, 0x5C, 0x5C, 0xFF, 0x57, 0x57, 0x57, 0xFF, 0x4E, 0x4E, 0x4E, 0xFF,
        0x4E, 0x4E, 0x4E, 0xFF, 0xFF, 0xFF, 0xFF, 0x00, 0xFF, 0xFF, 0xFF, 0x00,
        0xFF, 0xFF, 0xFF, 0x00, 0xFF, 0xFF, 0xFF, 0x00, 0xFF, 0xFF, 0xFF, 0x00,
        0xFF, 0xFF, 0xFF, 0x00, 0xFF, 0xFF, 0xFF, 0x00, 0xFF, 0xFF, 0xFF, 0x00,
        0xFF, 0xFF, 0xFF, 0x00, 0xFF, 0xFF, 0xFF, 0x00, 0xFF, 0xFF, 0xFF, 0x00,
        0xFF, 0xFF, 0xFF, 0x00, 0xFF, 0xFF, 0xFF, 0x00, 0xFF, 0xFF, 0xFF, 0x00,
        0xFF, 0xFF, 0xFF, 0x00, 0xFF, 0xFF, 0xFF, 0x00, 0xFF, 0xFF, 0xFF, 0x00,
        0xFF, 0xFF, 0xFF, 0x00, 0xFF, 0xFF, 0xFF, 0x00, 0xFF, 0xFF, 0xFF, 0x00,
        0xFF, 0xFF, 0xFF, 0x00, 0xFF, 0xFF, 0xFF, 0x00, 0xFF, 0xFF, 0xFF, 0x00,
        0xFF, 0xFF, 0xFF, 0x00, 0xFF, 0xFF, 0xFF, 0x00, 0xFF, 0xFF, 0xFF, 0x00,
        0xFF, 0xFF, 0xFF, 0x00, 0xFF, 0xFF, 0xFF, 0x00, 0xFF, 0xFF, 0xFF, 0x00,
        0xFF, 0xFF, 0xFF, 0x00, 0xFF, 0xFF, 0xFF, 0x00, 0xFF, 0xFF, 0xFF, 0x00,
        0xFF, 0xFF, 0xFF, 0x00, 0xFF, 0xFF, 0xFF, 0x00, 0xFF, 0xFF, 0xFF, 0x00,
        0xFF, 0xFF, 0xFF, 0x00, 0xFF, 0xFF, 0xFF, 0x00, 0xFF, 0xFF, 0xFF, 0x00,
        0xFF, 0xFF, 0xFF, 0x00, 0xFF, 0xFF, 0xFF, 0x00, 0xFF, 0xFF, 0xFF, 0x00,
        0xFF, 0xFF, 0xFF, 0x00, 0xFF, 0xFF, 0xFF, 0x00, 0xFF, 0xFF, 0xFF, 0x00,
        0xFF, 0xFF, 0xFF, 0x00, 0xFF, 0xFF, 0xFF, 0x00, 0xFF, 0xFF, 0xFF, 0x00,
        0xFF, 0xFF, 0xFF, 0x00, 0xFF, 0xFF, 0xFF, 0x00, 0xFF, 0xFF, 0xFF, 0x00,
        0x6C, 0x6C, 0x6C, 0xFF, 0x67, 0x67, 0x67, 0xFF, 0x70, 0x70, 0x70, 0xFF,
        0x72, 0x72, 0x72, 0xFF, 0x6F, 0x6F, 0x6F, 0xFF, 0x6D, 0x6D, 0x6D, 0xFF,
        0x6D, 0x6D, 0x6D, 0xFF, 0x6D, 0x6D, 0x6D, 0xFF, 0x6D, 0x6D, 0x6D, 0xFF,
        0x6F, 0x6F, 0x6F, 0xFF, 0x72, 0x72, 0x72, 0xFF, 0x70, 0x70, 0x70, 0xFF,
        0x67, 0x67, 0x67, 0xFF, 0x6C, 0x6C, 0x6C, 0xFF, 0xFF, 0xFF, 0xFF, 0x00,
        0xFF, 0xFF, 0xFF, 0x00, 0xFF, 0xFF, 0xFF, 0x00, 0xFF, 0xFF, 0xFF, 0x00,
        0xFF, 0xFF, 0xFF, 0x00, 0xFF, 0xFF, 0xFF, 0x00, 0xFF, 0xFF, 0xFF, 0x00,
        0xFF, 0xFF, 0xFF, 0x00, 0xFF, 0xFF, 0xFF, 0x00, 0xFF, 0xFF, 0xFF, 0x00,
        0xFF, 0xFF, 0xFF, 0x00, 0xFF, 0xFF, 0xFF, 0x00, 0xFF, 0xFF, 0xFF, 0x00,
        0xFF, 0xFF, 0xFF, 0x00, 0xFF, 0xFF, 0xFF, 0x00, 0xFF, 0xFF, 0xFF, 0x00,
        0xFF, 0xFF, 0xFF, 0x00, 0xFF, 0xFF, 0xFF, 0x00, 0xFF, 0xFF, 0xFF, 0x00,
        0xFF, 0xFF, 0xFF, 0x00, 0xFF, 0xFF, 0xFF, 0x00, 0xFF, 0xFF, 0xFF, 0x00,
        0xFF, 0xFF, 0xFF, 0x00, 0xFF, 0xFF, 0xFF, 0x00, 0xFF, 0xFF, 0xFF, 0x00,
        0xFF, 0xFF, 0xFF, 0x00, 0xFF, 0xFF, 0xFF, 0x00, 0xFF, 0xFF, 0xFF, 0x00,
        0xFF, 0xFF, 0xFF, 0x00, 0xFF, 0xFF, 0xFF, 0x00, 0xFF, 0xFF, 0xFF, 0x00,
        0xFF, 0xFF, 0xFF, 0x00, 0xFF, 0xFF, 0xFF, 0x00, 0xFF, 0xFF, 0xFF, 0x00,
        0xFF, 0xFF, 0xFF, 0x00, 0xFF, 0xFF, 0xFF, 0x00, 0xFF, 0xFF, 0xFF, 0x00,
        0xFF, 0xFF, 0xFF, 0x00, 0xFF, 0xFF, 0xFF, 0x00, 0xFF, 0xFF, 0xFF, 0x00,
        0xFF, 0xFF, 0xFF, 0x00, 0xFF, 0xFF, 0xFF, 0x00, 0xFF, 0xFF, 0xFF, 0x00,
        0xFF, 0xFF, 0xFF, 0x00, 0xFF, 0xFF, 0xFF, 0x00, 0xFF, 0xFF, 0xFF, 0x00,
        0xFF, 0xFF, 0xFF, 0x00, 0xFF, 0xFF, 0xFF, 0x00, 0xFF, 0xFF, 0xFF, 0x00,
        0xFF, 0xFF, 0xFF, 0x00, 0x4E, 0x4E, 0x4E, 0xFF, 0x4E, 0x4E, 0x4E, 0xFF,
        0x57, 0x57, 0x57, 0xFF, 0x5C, 0x5C, 0x5C, 0xFF, 0x5C, 0x5C, 0x5C, 0xFF,
        0x5C, 0x5C, 0x5C, 0xFF, 0x5C, 0x5C, 0x5C, 0xFF, 0x5C, 0x5C, 0x5C, 0xFF,
        0x5C, 0x5C, 0x5C, 0xFF, 0x5C, 0x5C, 0x5C, 0xFF, 0x5C, 0x5C, 0x5C, 0xFF,
        0x57, 0x57, 0x57, 0xFF, 0x4E, 0x4E, 0x4E, 0xFF, 0x4E, 0x4E, 0x4E, 0xFF,
        0xFF, 0xFF, 0xFF, 0x00, 0xFF, 0xFF, 0xFF, 0x00, 0xFF, 0xFF, 0xFF, 0x00,
        0xFF, 0xFF, 0xFF, 0x00, 0xFF, 0xFF, 0xFF, 0x00, 0xFF, 0xFF, 0xFF, 0x00,
        0xFF, 0xFF, 0xFF, 0x00, 0xFF, 0xFF, 0xFF, 0x00, 0xFF, 0xFF, 0xFF, 0x00,
        0xFF, 0xFF, 0xFF, 0x00, 0xFF, 0xFF, 0xFF, 0x00, 0xFF, 0xFF, 0xFF, 0x00,
        0xFF, 0xFF, 0xFF, 0x00, 0xFF, 0xFF, 0xFF, 0x00, 0xFF, 0xFF, 0xFF, 0x00,
        0xFF, 0xFF, 0xFF, 0x00, 0xFF, 0xFF, 0xFF, 0x00, 0xFF, 0xFF, 0xFF, 0x00,
        0xFF, 0xFF, 0xFF, 0x00, 0xFF, 0xFF, 0xFF, 0x00, 0xFF, 0xFF, 0xFF, 0x00,
        0xFF, 0xFF, 0xFF, 0x00, 0xFF, 0xFF, 0xFF, 0x00, 0xFF, 0xFF, 0xFF, 0x00,
        0xFF, 0xFF, 0xFF, 0x00, 0xFF, 0xFF, 0xFF, 0x00, 0xFF, 0xFF, 0xFF, 0x00,
        0xFF, 0xFF, 0xFF, 0x00, 0xFF, 0xFF, 0xFF, 0x00, 0xFF, 0xFF, 0xFF, 0x00,
        0xFF, 0xFF, 0xFF, 0x00, 0xFF, 0xFF, 0xFF, 0x00, 0xFF, 0xFF, 0xFF, 0x00,
        0xFF, 0xFF, 0xFF, 0x00, 0xFF, 0xFF, 0xFF, 0x00, 0xFF, 0xFF, 0xFF, 0x00,
        0xFF, 0xFF, 0xFF, 0x00, 0xFF, 0xFF, 0xFF, 0x00, 0xFF, 0xFF, 0xFF, 0x00,
        0xFF, 0xFF, 0xFF, 0x00, 0xFF, 0xFF, 0xFF, 0x00, 0xFF, 0xFF, 0xFF, 0x00,
        0xFF, 0xFF, 0xFF, 0x00, 0xFF, 0xFF, 0xFF, 0x00, 0xFF, 0xFF, 0xFF, 0x00,
        0xFF, 0xFF, 0xFF, 0x00, 0xFF, 0xFF, 0xFF, 0x00, 0xFF, 0xFF, 0xFF, 0x00,
        0xFF, 0xFF, 0xFF, 0x00, 0xFF, 0xFF, 0xFF, 0x00, 0x6C, 0x6C, 0x6C, 0xFF,
        0x67, 0x67, 0x67, 0xFF, 0x70, 0x70, 0x70, 0xFF, 0x72, 0x72, 0x72, 0xFF,
        0x6F, 0x6F, 0x6F, 0xFF, 0x6D, 0x6D, 0x6D, 0xFF, 0x6D, 0x6D, 0x6D, 0xFF,
        0x6D, 0x6D, 0x6D, 0xFF, 0x6D, 0x6D, 0x6D, 0xFF, 0x6F, 0x6F, 0x6F, 0xFF,
        0x72, 0x72, 0x72, 0xFF, 0x70, 0x70, 0x70, 0xFF, 0x67, 0x67, 0x67, 0xFF,
        0x6C, 0x6C, 0x6C, 0xFF, 0xFF, 0xFF, 0xFF, 0x00, 0xFF, 0xFF, 0xFF, 0x00,
        0xFF, 0xFF, 0xFF, 0x00, 0xFF, 0xFF, 0xFF, 0x00, 0xFF, 0xFF, 0xFF, 0x00,
        0xFF, 0xFF, 0xFF, 0x00, 0xFF, 0xFF, 0xFF, 0x00, 0xFF, 0xFF, 0xFF, 0x00,
        0xFF, 0xFF, 0xFF, 0x00, 0xFF, 0xFF, 0xFF, 0x00, 0xFF, 0xFF, 0xFF, 0x00,
        0xFF, 0xFF, 0xFF, 0x00, 0xFF, 0xFF, 0xFF, 0x00, 0xFF, 0xFF, 0xFF, 0x00,
        0xFF, 0xFF, 0xFF, 0x00, 0xFF, 0xFF, 0xFF, 0x00, 0xFF, 0xFF, 0xFF, 0x00,
        0xFF, 0xFF, 0xFF, 0x00, 0xFF, 0xFF, 0xFF, 0x00, 0xFF, 0xFF, 0xFF, 0x00,
        0xFF, 0xFF, 0xFF, 0x00, 0xFF, 0xFF, 0xFF, 0x00, 0xFF, 0xFF, 0xFF, 0x00,
        0xFF, 0xFF, 0xFF, 0x00, 0xFF, 0xFF, 0xFF, 0x00, 0xFF, 0xFF, 0xFF, 0x00,
        0xFF, 0xFF, 0xFF, 0x00, 0xFF, 0xFF, 0xFF, 0x00, 0xFF, 0xFF, 0xFF, 0x00,
        0xFF, 0xFF, 0xFF, 0x00, 0xFF, 0xFF, 0xFF, 0x00, 0xFF, 0xFF, 0xFF, 0x00,
        0xFF, 0xFF, 0xFF, 0x00, 0xFF, 0xFF, 0xFF, 0x00, 0xFF, 0xFF, 0xFF, 0x00,
        0xFF, 0xFF, 0xFF, 0x00, 0xFF, 0xFF, 0xFF, 0x00, 0xFF, 0xFF, 0xFF, 0x00,
        0xFF, 0xFF, 0xFF, 0x00, 0xFF, 0xFF, 0xFF, 0x00, 0xFF, 0xFF, 0xFF, 0x00,
        0xFF, 0xFF, 0xFF, 0x00, 0xFF, 0xFF, 0xFF, 0x00, 0xFF, 0xFF, 0xFF, 0x00,
        0xFF, 0xFF, 0xFF, 0x00, 0xFF, 0xFF, 0xFF, 0x00, 0xFF, 0xFF, 0xFF, 0x00,
        0xFF, 0xFF, 0xFF, 0x00, 0xFF, 0xFF, 0xFF, 0x00, 0xFF, 0xFF, 0xFF, 0x00,
        0x4E, 0x4E, 0x4E, 0xFF, 0x4F, 0x4F, 0x4F, 0xFF, 0x58, 0x58, 0x58, 0xFF,
        0x5D, 0x5D, 0x5D, 0xFF, 0x5D, 0x5D, 0x5D, 0xFF, 0x5D, 0x5D, 0x5D, 0xFF,
        0x5D, 0x5D, 0x5D, 0xFF, 0x5D, 0x5D, 0x5D, 0xFF, 0x5D, 0x5D, 0x5D, 0xFF,
        0x5D, 0x5D, 0x5D, 0xFF, 0x5D, 0x5D, 0x5D, 0xFF, 0x58, 0x58, 0x58, 0xFF,
        0x4F, 0x4F, 0x4F, 0xFF, 0x4E, 0x4E, 0x4E, 0xFF, 0xFF, 0xFF, 0xFF, 0x00,
        0xFF, 0xFF, 0xFF, 0x00, 0xFF, 0xFF, 0xFF, 0x00, 0xFF, 0xFF, 0xFF, 0x00,
        0xFF, 0xFF, 0xFF, 0x00, 0xFF, 0xFF, 0xFF, 0x00, 0xFF, 0xFF, 0xFF, 0x00,
        0xFF, 0xFF, 0xFF, 0x00, 0xFF, 0xFF, 0xFF, 0x00, 0xFF, 0xFF, 0xFF, 0x00,
        0xFF, 0xFF, 0xFF, 0x00, 0xFF, 0xFF, 0xFF, 0x00, 0xFF, 0xFF, 0xFF, 0x00,
        0xFF, 0xFF, 0xFF, 0x00, 0xFF, 0xFF, 0xFF, 0x00, 0xFF, 0xFF, 0xFF, 0x00,
        0xFF, 0xFF, 0xFF, 0x00, 0xFF, 0xFF, 0xFF, 0x00, 0xFF, 0xFF, 0xFF, 0x00,
        0xFF, 0xFF, 0xFF, 0x00, 0xFF, 0xFF, 0xFF, 0x00, 0xFF, 0xFF, 0xFF, 0x00,
        0xFF, 0xFF, 0xFF, 0x00, 0xFF, 0xFF, 0xFF, 0x00, 0xFF, 0xFF, 0xFF, 0x00,
        0xFF, 0xFF, 0xFF, 0x00, 0xFF, 0xFF, 0xFF, 0x00, 0xFF, 0xFF, 0xFF, 0x00,
        0xFF, 0xFF, 0xFF, 0x00, 0xFF, 0xFF, 0xFF, 0x00, 0xFF, 0xFF, 0xFF, 0x00,
        0xFF, 0xFF, 0xFF, 0x00, 0xFF, 0xFF, 0xFF, 0x00, 0xFF, 0xFF, 0xFF, 0x00,
        0xFF, 0xFF, 0xFF, 0x00, 0xFF, 0xFF, 0xFF, 0x00, 0xFF, 0xFF, 0xFF, 0x00,
        0xFF, 0xFF, 0xFF, 0x00, 0xFF, 0xFF, 0xFF, 0x00, 0xFF, 0xFF, 0xFF, 0x00,
        0xFF, 0xFF, 0xFF, 0x00, 0xFF, 0xFF, 0xFF, 0x00, 0xFF, 0xFF, 0xFF, 0x00,
        0xFF, 0xFF, 0xFF, 0x00, 0xFF, 0xFF, 0xFF, 0x00, 0xFF, 0xFF, 0xFF, 0x00,
        0xFF, 0xFF, 0xFF, 0x00, 0xFF, 0xFF, 0xFF, 0x00, 0xFF, 0xFF, 0xFF, 0x00,
        0xFF, 0xFF, 0xFF, 0x00, 0x6D, 0x6D, 0x6D, 0xFF, 0x68, 0x68, 0x68, 0xFF,
        0x70, 0x70, 0x70, 0xFF, 0x73, 0x73, 0x73, 0xFF, 0x70, 0x70, 0x70, 0xFF,
        0x6E, 0x6E, 0x6E, 0xFF, 0x6E, 0x6E, 0x6E, 0xFF, 0x6E, 0x6E, 0x6E, 0xFF,
        0x6E, 0x6E, 0x6E, 0xFF, 0x70, 0x70, 0x70, 0xFF, 0x73, 0x73, 0x73, 0xFF,
        0x70, 0x70, 0x70, 0xFF, 0x68, 0x68, 0x68, 0xFF, 0x6D, 0x6D, 0x6D, 0xFF,
        0xFF, 0xFF, 0xFF, 0x00, 0xFF, 0xFF, 0xFF, 0x00, 0xFF, 0xFF, 0xFF, 0x00,
        0xFF, 0xFF, 0xFF, 0x00, 0xFF, 0xFF, 0xFF, 0x00, 0xFF, 0xFF, 0xFF, 0x00,
        0xFF, 0xFF, 0xFF, 0x00, 0xFF, 0xFF, 0xFF, 0x00, 0xFF, 0xFF, 0xFF, 0x00,
        0xFF, 0xFF, 0xFF, 0x00, 0xFF, 0xFF, 0xFF, 0x00, 0xFF, 0xFF, 0xFF, 0x00,
        0xFF, 0xFF, 0xFF, 0x00, 0xFF, 0xFF, 0xFF, 0x00, 0xFF, 0xFF, 0xFF, 0x00,
        0xFF, 0xFF, 0xFF, 0x00, 0xFF, 0xFF, 0xFF, 0x00, 0xFF, 0xFF, 0xFF, 0x00,
        0xFF, 0xFF, 0xFF, 0x00, 0xFF, 0xFF, 0xFF, 0x00, 0xFF, 0xFF, 0xFF, 0x00,
        0xFF, 0xFF, 0xFF, 0x00, 0xFF, 0xFF, 0xFF, 0x00, 0xFF, 0xFF, 0xFF, 0x00,
        0xFF, 0xFF, 0xFF, 0x00, 0xFF, 0xFF, 0xFF, 0x00, 0xFF, 0xFF, 0xFF, 0x00,
        0xFF, 0xFF, 0xFF, 0x00, 0xFF, 0xFF, 0xFF, 0x00, 0xFF, 0xFF, 0xFF, 0x00,
        0xFF, 0xFF, 0xFF, 0x00, 0xFF, 0xFF, 0xFF, 0x00, 0xFF, 0xFF, 0xFF, 0x00,
        0xFF, 0xFF, 0xFF, 0x00, 0xFF, 0xFF, 0xFF, 0x00, 0xFF, 0xFF, 0xFF, 0x00,
        0xFF, 0xFF, 0xFF, 0x00, 0xFF, 0xFF, 0xFF, 0x00, 0xFF, 0xFF, 0xFF, 0x00,
        0xFF, 0xFF, 0xFF, 0x00, 0xFF, 0xFF, 0xFF, 0x00, 0xFF, 0xFF, 0xFF, 0x00,
        0xFF, 0xFF, 0xFF, 0x00, 0xFF, 0xFF, 0xFF, 0x00, 0xFF, 0xFF, 0xFF, 0x00,
        0xFF, 0xFF, 0xFF, 0x00, 0xFF, 0xFF, 0xFF, 0x00, 0xFF, 0xFF, 0xFF, 0x00,
        0xFF, 0xFF, 0xFF, 0x00, 0xFF, 0xFF, 0xFF, 0x00, 0x4E, 0x4E, 0x4E, 0xFF,
        0x4F, 0x4F, 0x4F, 0xFF, 0x58, 0x58, 0x58, 0xFF, 0x5D, 0x5D, 0x5D, 0xFF,
        0x5D, 0x5D, 0x5D, 0xFF, 0x5D, 0x5D, 0x5D, 0xFF, 0x5D, 0x5D, 0x5D, 0xFF,
        0x5D, 0x5D, 0x5D, 0xFF, 0x5D, 0x5D, 0x5D, 0xFF, 0x5D, 0x5D, 0x5D, 0xFF,
        0x5D, 0x5D, 0x5D, 0xFF, 0x58, 0x58, 0x58, 0xFF, 0x4F, 0x4F, 0x4F, 0xFF,
        0x4E, 0x4E, 0x4E, 0xFF, 0xFF, 0xFF, 0xFF, 0x00, 0xFF, 0xFF, 0xFF, 0x00,
        0xFF, 0xFF, 0xFF, 0x00, 0xFF, 0xFF, 0xFF, 0x00, 0xFF, 0xFF, 0xFF, 0x00,
        0xFF, 0xFF, 0xFF, 0x00, 0xFF, 0xFF, 0xFF, 0x00, 0xFF, 0xFF, 0xFF, 0x00,
        0xFF, 0xFF, 0xFF, 0x00, 0xFF, 0xFF, 0xFF, 0x00, 0xFF, 0xFF, 0xFF, 0x00,
        0xFF, 0xFF, 0xFF, 0x00, 0xFF, 0xFF, 0xFF, 0x00, 0xFF, 0xFF, 0xFF, 0x00,
        0xFF, 0xFF, 0xFF, 0x00, 0xFF, 0xFF, 0xFF, 0x00, 0xFF, 0xFF, 0xFF, 0x00,
        0xFF, 0xFF, 0xFF, 0x00, 0xFF, 0xFF, 0xFF, 0x00, 0xFF, 0xFF, 0xFF, 0x00,
        0xFF, 0xFF, 0xFF, 0x00, 0xFF, 0xFF, 0xFF, 0x00, 0xFF, 0xFF, 0xFF, 0x00,
        0xFF, 0xFF, 0xFF, 0x00, 0xFF, 0xFF, 0xFF, 0x00, 0xFF, 0xFF, 0xFF, 0x00,
        0xFF, 0xFF, 0xFF, 0x00, 0xFF, 0xFF, 0xFF, 0x00, 0xFF, 0xFF, 0xFF, 0x00,
        0xFF, 0xFF, 0xFF, 0x00, 0xFF, 0xFF, 0xFF, 0x00, 0xFF, 0xFF, 0xFF, 0x00,
        0xFF, 0xFF, 0xFF, 0x00, 0xFF, 0xFF, 0xFF, 0x00, 0xFF, 0xFF, 0xFF, 0x00,
        0xFF, 0xFF, 0xFF, 0x00, 0xFF, 0xFF, 0xFF, 0x00, 0xFF, 0xFF, 0xFF, 0x00,
        0xFF, 0xFF, 0xFF, 0x00, 0xFF, 0xFF, 0xFF, 0x00, 0xFF, 0xFF, 0xFF, 0x00,
        0xFF, 0xFF, 0xFF, 0x00, 0xFF, 0xFF, 0xFF, 0x00, 0xFF, 0xFF, 0xFF, 0x00,
        0xFF, 0xFF, 0xFF, 0x00, 0xFF, 0xFF, 0xFF, 0x00, 0xFF, 0xFF, 0xFF, 0x00,
        0xFF, 0xFF, 0xFF, 0x00, 0xFF, 0xFF, 0xFF, 0x00, 0xFF, 0xFF, 0xFF, 0x00,
        0x6D, 0x6D, 0x6D, 0xFF, 0x68, 0x68, 0x68, 0xFF, 0x70, 0x70, 0x70, 0xFF,
        0x73, 0x73, 0x73, 0xFF, 0x70, 0x70, 0x70, 0xFF, 0x6E, 0x6E, 0x6E, 0xFF,
        0x6E, 0x6E, 0x6E, 0xFF, 0x6E, 0x6E, 0x6E, 0xFF, 0x6E, 0x6E, 0x6E, 0xFF,
        0x70, 0x70, 0x70, 0xFF, 0x73, 0x73, 0x73, 0xFF, 0x70, 0x70, 0x70, 0xFF,
        0x68, 0x68, 0x68, 0xFF, 0x6D, 0x6D, 0x6D, 0xFF, 0xFF, 0xFF, 0xFF, 0x00,
        0xFF, 0xFF, 0xFF, 0x00, 0xFF, 0xFF, 0xFF, 0x00, 0xFF, 0xFF, 0xFF, 0x00,
        0xFF, 0xFF, 0xFF, 0x00, 0xFF, 0xFF, 0xFF, 0x00, 0xFF, 0xFF, 0xFF, 0x00,
        0xFF, 0xFF, 0xFF, 0x00, 0xFF, 0xFF, 0xFF, 0x00, 0xFF, 0xFF, 0xFF, 0x00,
        0xFF, 0xFF, 0xFF, 0x00, 0xFF, 0xFF, 0xFF, 0x00, 0xFF, 0xFF, 0xFF, 0x00,
        0xFF, 0xFF, 0xFF, 0x00, 0xFF, 0xFF, 0xFF, 0x00, 0xFF, 0xFF, 0xFF, 0x00,
        0xFF, 0xFF, 0xFF, 0x00, 0xFF, 0xFF, 0xFF, 0x00, 0xFF, 0xFF, 0xFF, 0x00,
        0xFF, 0xFF, 0xFF, 0x00, 0xFF, 0xFF, 0xFF, 0x00, 0xFF, 0xFF, 0xFF, 0x00,
        0xFF, 0xFF, 0xFF, 0x00, 0xFF, 0xFF, 0xFF, 0x00, 0xFF, 0xFF, 0xFF, 0x00,
        0xFF, 0xFF, 0xFF, 0x00, 0xFF, 0xFF, 0xFF, 0x00, 0xFF, 0xFF, 0xFF, 0x00,
        0xFF, 0xFF, 0xFF, 0x00, 0xFF, 0xFF, 0xFF, 0x00, 0xFF, 0xFF, 0xFF, 0x00,
        0xFF, 0xFF, 0xFF, 0x00, 0xFF, 0xFF, 0xFF, 0x00, 0xFF, 0xFF, 0xFF, 0x00,
        0xFF, 0xFF, 0xFF, 0x00, 0xFF, 0xFF, 0xFF, 0x00, 0xFF, 0xFF, 0xFF, 0x00,
        0xFF, 0xFF, 0xFF, 0x00, 0xFF, 0xFF, 0xFF, 0x00, 0xFF, 0xFF, 0xFF, 0x00,
        0xFF, 0xFF, 0xFF, 0x00, 0xFF, 0xFF, 0xFF, 0x00, 0xFF, 0xFF, 0xFF, 0x00,
        0xFF, 0xFF, 0xFF, 0x00, 0xFF, 0xFF, 0xFF, 0x00, 0xFF, 0xFF, 0xFF, 0x00,
        0xFF, 0xFF, 0xFF, 0x00, 0xFF, 0xFF, 0xFF, 0x00, 0xFF, 0xFF, 0xFF, 0x00,
        0xFF, 0xFF, 0xFF, 0x00, 0x4E, 0x4E, 0x4E, 0xFF, 0x4F, 0x4F, 0x4F, 0xFF,
        0x58, 0x58, 0x58, 0xFF, 0x5D, 0x5D, 0x5D, 0xFF, 0x5D, 0x5D, 0x5D, 0xFF,
        0x5D, 0x5D, 0x5D, 0xFF, 0x5D, 0x5D, 0x5D, 0xFF, 0x5D, 0x5D, 0x5D, 0xFF,
        0x5D, 0x5D, 0x5D, 0xFF, 0x5D, 0x5D, 0x5D, 0xFF, 0x5D, 0x5D, 0x5D, 0xFF,
        0x58, 0x58, 0x58, 0xFF, 0x4F, 0x4F, 0x4F, 0xFF, 0x4E, 0x4E, 0x4E, 0xFF,
        0xFF, 0xFF, 0xFF, 0x00, 0xFF, 0xFF, 0xFF, 0x00, 0xFF, 0xFF, 0xFF, 0x00,
        0xFF, 0xFF, 0xFF, 0x00, 0xFF, 0xFF, 0xFF, 0x00, 0xFF, 0xFF, 0xFF, 0x00,
        0xFF, 0xFF, 0xFF, 0x00, 0xFF, 0xFF, 0xFF, 0x00, 0xFF, 0xFF, 0xFF, 0x00,
        0xFF, 0xFF, 0xFF, 0x00, 0xFF, 0xFF, 0xFF, 0x00, 0xFF, 0xFF, 0xFF, 0x00,
        0xFF, 0xFF, 0xFF, 0x00, 0xFF, 0xFF, 0xFF, 0x00, 0xFF, 0xFF, 0xFF, 0x00,
        0xFF, 0xFF, 0xFF, 0x00, 0xFF, 0xFF, 0xFF, 0x00, 0xFF, 0xFF, 0xFF, 0x00,
        0xFF, 0xFF, 0xFF, 0x00, 0xFF, 0xFF, 0xFF, 0x00, 0xFF, 0xFF, 0xFF, 0x00,
        0xFF, 0xFF, 0xFF, 0x00, 0xFF, 0xFF, 0xFF, 0x00, 0xFF, 0xFF, 0xFF, 0x00,
        0xFF, 0xFF, 0xFF, 0x00, 0xFF, 0xFF, 0xFF, 0x00, 0xFF, 0xFF, 0xFF, 0x00,
        0xFF, 0xFF, 0xFF, 0x00, 0xFF, 0xFF, 0xFF, 0x00, 0xFF, 0xFF, 0xFF, 0x00,
        0xFF, 0xFF, 0xFF, 0x00, 0xFF, 0xFF, 0xFF, 0x00, 0xFF, 0xFF, 0xFF, 0x00,
        0xFF, 0xFF, 0xFF, 0x00, 0xFF, 0xFF, 0xFF, 0x00, 0xFF, 0xFF, 0xFF, 0x00,
        0xFF, 0xFF, 0xFF, 0x00, 0xFF, 0xFF, 0xFF, 0x00, 0xFF, 0xFF, 0xFF, 0x00,
        0xFF, 0xFF, 0xFF, 0x00, 0xFF, 0xFF, 0xFF, 0x00, 0xFF, 0xFF, 0xFF, 0x00,
        0xFF, 0xFF, 0xFF, 0x00, 0xFF, 0xFF, 0xFF, 0x00, 0xFF, 0xFF, 0xFF, 0x00,
        0xFF, 0xFF, 0xFF, 0x00, 0xFF, 0xFF, 0xFF, 0x00, 0xFF, 0xFF, 0xFF, 0x00,
        0xFF, 0xFF, 0xFF, 0x00, 0xFF, 0xFF, 0xFF, 0x00, 0x6D, 0x6D, 0x6D, 0xFF,
        0x68, 0x68, 0x68, 0xFF, 0x70, 0x70, 0x70, 0xFF, 0x73, 0x73, 0x73, 0xFF,
        0x70, 0x70, 0x70, 0xFF, 0x6E, 0x6E, 0x6E, 0xFF, 0x6E, 0x6E, 0x6E, 0xFF,
        0x6E, 0x6E, 0x6E, 0xFF, 0x6E, 0x6E, 0x6E, 0xFF, 0x70, 0x70, 0x70, 0xFF,
        0x73, 0x73, 0x73, 0xFF, 0x70, 0x70, 0x70, 0xFF, 0x68, 0x68, 0x68, 0xFF,
        0x6D, 0x6D, 0x6D, 0xFF, 0xFF, 0xFF, 0xFF, 0x00, 0xFF, 0xFF, 0xFF, 0x00,
        0xFF, 0xFF, 0xFF, 0x00, 0xFF, 0xFF, 0xFF, 0x00, 0xFF, 0xFF, 0xFF, 0x00,
        0xFF, 0xFF, 0xFF, 0x00, 0xFF, 0xFF, 0xFF, 0x00, 0xFF, 0xFF, 0xFF, 0x00,
        0xFF, 0xFF, 0xFF, 0x00, 0xFF, 0xFF, 0xFF, 0x00, 0xFF, 0xFF, 0xFF, 0x00,
        0xFF, 0xFF, 0xFF, 0x00, 0xFF, 0xFF, 0xFF, 0x00, 0xFF, 0xFF, 0xFF, 0x00,
        0xFF, 0xFF, 0xFF, 0x00, 0xFF, 0xFF, 0xFF, 0x00, 0xFF, 0xFF, 0xFF, 0x00,
        0xFF, 0xFF, 0xFF, 0x00, 0xFF, 0xFF, 0xFF, 0x00, 0xFF, 0xFF, 0xFF, 0x00,
        0xFF, 0xFF, 0xFF, 0x00, 0xFF, 0xFF, 0xFF, 0x00, 0xFF, 0xFF, 0xFF, 0x00,
        0xFF, 0xFF, 0xFF, 0x00, 0xFF, 0xFF, 0xFF, 0x00, 0xFF, 0xFF, 0xFF, 0x00,
        0xFF, 0xFF, 0xFF, 0x00, 0xFF, 0xFF, 0xFF, 0x00, 0xFF, 0xFF, 0xFF, 0x00,
        0xFF, 0xFF, 0xFF, 0x00, 0xFF, 0xFF, 0xFF, 0x00, 0xFF, 0xFF, 0xFF, 0x00,
        0xFF, 0xFF, 0xFF, 0x00, 0xFF, 0xFF, 0xFF, 0x00, 0xFF, 0xFF, 0xFF, 0x00,
        0xFF, 0xFF, 0xFF, 0x00, 0xFF, 0xFF, 0xFF, 0x00, 0xFF, 0xFF, 0xFF, 0x00,
        0xFF, 0xFF, 0xFF, 0x00, 0xFF, 0xFF, 0xFF, 0x00, 0xFF, 0xFF, 0xFF, 0x00,
        0xFF, 0xFF, 0xFF, 0x00, 0xFF, 0xFF, 0xFF, 0x00, 0xFF, 0xFF, 0xFF, 0x00,
        0xFF, 0xFF, 0xFF, 0x00, 0xFF, 0xFF, 0xFF, 0x00, 0xFF, 0xFF, 0xFF, 0x00,
        0xFF, 0xFF, 0xFF, 0x00, 0xFF, 0xFF, 0xFF, 0x00, 0xFF, 0xFF, 0xFF, 0x00,
        0x4E, 0x4E, 0x4E, 0xFF, 0x4F, 0x4F, 0x4F, 0xFF, 0x58, 0x58, 0x58, 0xFF,
        0x5D, 0x5D, 0x5D, 0xFF, 0x5D, 0x5D, 0x5D, 0xFF, 0x5D, 0x5D, 0x5D, 0xFF,
        0x5D, 0x5D, 0x5D, 0xFF, 0x5D, 0x5D, 0x5D, 0xFF, 0x5D, 0x5D, 0x5D, 0xFF,
        0x5D, 0x5D, 0x5D, 0xFF, 0x5D, 0x5D, 0x5D, 0xFF, 0x58, 0x58, 0x58, 0xFF,
        0x4F, 0x4F, 0x4F, 0xFF, 0x4E, 0x4E, 0x4E, 0xFF, 0xFF, 0xFF, 0xFF, 0x00,
        0xFF, 0xFF, 0xFF, 0x00, 0xFF, 0xFF, 0xFF, 0x00, 0xFF, 0xFF, 0xFF, 0x00,
        0xFF, 0xFF, 0xFF, 0x00, 0xFF, 0xFF, 0xFF, 0x00, 0xFF, 0xFF, 0xFF, 0x00,
        0xFF, 0xFF, 0xFF, 0x00, 0xFF, 0xFF, 0xFF, 0x00, 0xFF, 0xFF, 0xFF, 0x00,
        0xFF, 0xFF, 0xFF, 0x00, 0xFF, 0xFF, 0xFF, 0x00, 0xFF, 0xFF, 0xFF, 0x00,
        0xFF, 0xFF, 0xFF, 0x00, 0xFF, 0xFF, 0xFF, 0x00, 0xFF, 0xFF, 0xFF, 0x00,
        0xFF, 0xFF, 0xFF, 0x00, 0xFF, 0xFF, 0xFF, 0x00, 0xFF, 0xFF, 0xFF, 0x00,
        0xFF, 0xFF, 0xFF, 0x00, 0xFF, 0xFF, 0xFF, 0x00, 0xFF, 0xFF, 0xFF, 0x00,
        0xFF, 0xFF, 0xFF, 0x00, 0xFF, 0xFF, 0xFF, 0x00, 0xFF, 0xFF, 0xFF, 0x00,
        0xFF, 0xFF, 0xFF, 0x00, 0xFF, 0xFF, 0xFF, 0x00, 0xFF, 0xFF, 0xFF, 0x00,
        0xFF, 0xFF, 0xFF, 0x00, 0xFF, 0xFF, 0xFF, 0x00, 0xFF, 0xFF, 0xFF, 0x00,
        0xFF, 0xFF, 0xFF, 0x00, 0xFF, 0xFF, 0xFF, 0x00, 0xFF, 0xFF, 0xFF, 0x00,
        0xFF, 0xFF, 0xFF, 0x00, 0xFF, 0xFF, 0xFF, 0x00, 0xFF, 0xFF, 0xFF, 0x00,
        0xFF, 0xFF, 0xFF, 0x00, 0xFF, 0xFF, 0xFF, 0x00, 0xFF, 0xFF, 0xFF, 0x00,
        0xFF, 0xFF, 0xFF, 0x00, 0xFF, 0xFF, 0xFF, 0x00, 0xFF, 0xFF, 0xFF, 0x00,
        0xFF, 0xFF, 0xFF, 0x00, 0xFF, 0xFF, 0xFF, 0x00, 0xFF, 0xFF, 0xFF, 0x00,
        0xFF, 0xFF, 0xFF, 0x00, 0xFF, 0xFF, 0xFF, 0x00, 0xFF, 0xFF, 0xFF, 0x00,
        0xFF, 0xFF, 0xFF, 0x00, 0x6D, 0x6D, 0x6D, 0xFF, 0x68, 0x68, 0x68, 0xFF,
        0x70, 0x70, 0x70, 0xFF, 0x73, 0x73, 0x73, 0xFF, 0x70, 0x70, 0x70, 0xFF,
        0x6E, 0x6E, 0x6E, 0xFF, 0x6E, 0x6E, 0x6E, 0xFF, 0x6E, 0x6E, 0x6E, 0xFF,
        0x6E, 0x6E, 0x6E, 0xFF, 0x70, 0x70, 0x70, 0xFF, 0x73, 0x73, 0x73, 0xFF,
        0x70, 0x70, 0x70, 0xFF, 0x68, 0x68, 0x68, 0xFF, 0x6D, 0x6D, 0x6D, 0xFF,
        0xFF, 0xFF, 0xFF, 0x00, 0xFF, 0xFF, 0xFF, 0x00, 0xFF, 0xFF, 0xFF, 0x00,
        0xFF, 0xFF, 0xFF, 0x00, 0xFF, 0xFF, 0xFF, 0x00, 0xFF, 0xFF, 0xFF, 0x00,
        0xFF, 0xFF, 0xFF, 0x00, 0xFF, 0xFF, 0xFF, 0x00, 0xFF, 0xFF, 0xFF, 0x00,
        0xFF, 0xFF, 0xFF, 0x00, 0xFF, 0xFF, 0xFF, 0x00, 0xFF, 0xFF, 0xFF, 0x00,
        0xFF, 0xFF, 0xFF, 0x00, 0xFF, 0xFF, 0xFF, 0x00, 0xFF, 0xFF, 0xFF, 0x00,
        0xFF, 0xFF, 0xFF, 0x00, 0xFF, 0xFF, 0xFF, 0x00, 0xFF, 0xFF, 0xFF, 0x00,
        0xFF, 0xFF, 0xFF, 0x00, 0xFF, 0xFF, 0xFF, 0x00, 0xFF, 0xFF, 0xFF, 0x00,
        0xFF, 0xFF, 0xFF, 0x00, 0xFF, 0xFF, 0xFF, 0x00, 0xFF, 0xFF, 0xFF, 0x00,
        0xFF, 0xFF, 0xFF, 0x00, 0xFF, 0xFF, 0xFF, 0x00, 0xFF, 0xFF, 0xFF, 0x00,
        0xFF, 0xFF, 0xFF, 0x00, 0xFF, 0xFF, 0xFF, 0x00, 0xFF, 0xFF, 0xFF, 0x00,
        0xFF, 0xFF, 0xFF, 0x00, 0xFF, 0xFF, 0xFF, 0x00, 0xFF, 0xFF, 0xFF, 0x00,
        0xFF, 0xFF, 0xFF, 0x00, 0xFF, 0xFF, 0xFF, 0x00, 0xFF, 0xFF, 0xFF, 0x00,
        0xFF, 0xFF, 0xFF, 0x00, 0xFF, 0xFF, 0xFF, 0x00, 0xFF, 0xFF, 0xFF, 0x00,
        0xFF, 0xFF, 0xFF, 0x00, 0xFF, 0xFF, 0xFF, 0x00, 0xFF, 0xFF, 0xFF, 0x00,
        0xFF, 0xFF, 0xFF, 0x00, 0xFF, 0xFF, 0xFF, 0x00, 0xFF, 0xFF, 0xFF, 0x00,
        0xFF, 0xFF, 0xFF, 0x00, 0xFF, 0xFF, 0xFF, 0x00, 0xFF, 0xFF, 0xFF, 0x00,
        0xFF, 0xFF, 0xFF, 0x00, 0xFF, 0xFF, 0xFF, 0x00, 0x4E, 0x4E, 0x4E, 0xFF,
        0x4F, 0x4F, 0x4F, 0xFF, 0x58, 0x58, 0x58, 0xFF, 0x5D, 0x5D, 0x5D, 0xFF,
        0x5D, 0x5D, 0x5D, 0xFF, 0x5D, 0x5D, 0x5D, 0xFF, 0x5D, 0x5D, 0x5D, 0xFF,
        0x5D, 0x5D, 0x5D, 0xFF, 0x5D, 0x5D, 0x5D, 0xFF, 0x5D, 0x5D, 0x5D, 0xFF,
        0x5D, 0x5D, 0x5D, 0xFF, 0x58, 0x58, 0x58, 0xFF, 0x4F, 0x4F, 0x4F, 0xFF,
        0x4E, 0x4E, 0x4E, 0xFF, 0xFF, 0xFF, 0xFF, 0x00, 0xFF, 0xFF, 0xFF, 0x00,
        0xFF, 0xFF, 0xFF, 0x00, 0xFF, 0xFF, 0xFF, 0x00, 0xFF, 0xFF, 0xFF, 0x00,
        0xFF, 0xFF, 0xFF, 0x00, 0xFF, 0xFF, 0xFF, 0x00, 0xFF, 0xFF, 0xFF, 0x00,
        0xFF, 0xFF, 0xFF, 0x00, 0xFF, 0xFF, 0xFF, 0x00, 0xFF, 0xFF, 0xFF, 0x00,
        0xFF, 0xFF, 0xFF, 0x00, 0xFF, 0xFF, 0xFF, 0x00, 0xFF, 0xFF, 0xFF, 0x00,
        0xFF, 0xFF, 0xFF, 0x00, 0xFF, 0xFF, 0xFF, 0x00, 0xFF, 0xFF, 0xFF, 0x00,
        0xFF, 0xFF, 0xFF, 0x00, 0xFF, 0xFF, 0xFF, 0x00, 0xFF, 0xFF, 0xFF, 0x00,
        0xFF, 0xFF, 0xFF, 0x00, 0xFF, 0xFF, 0xFF, 0x00, 0xFF, 0xFF, 0xFF, 0x00,
        0xFF, 0xFF, 0xFF, 0x00, 0xFF, 0xFF, 0xFF, 0x00, 0xFF, 0xFF, 0xFF, 0x00,
        0xFF, 0xFF, 0xFF, 0x00, 0xFF, 0xFF, 0xFF, 0x00, 0xFF, 0xFF, 0xFF, 0x00,
        0xFF, 0xFF, 0xFF, 0x00, 0xFF, 0xFF, 0xFF, 0x00, 0xFF, 0xFF, 0xFF, 0x00,
        0xFF, 0xFF, 0xFF, 0x00, 0xFF, 0xFF, 0xFF, 0x00, 0xFF, 0xFF, 0xFF, 0x00,
        0xFF, 0xFF, 0xFF, 0x00, 0xFF, 0xFF, 0xFF, 0x00, 0xFF, 0xFF, 0xFF, 0x00,
        0xFF, 0xFF, 0xFF, 0x00, 0xFF, 0xFF, 0xFF, 0x00, 0xFF, 0xFF, 0xFF, 0x00,
        0xFF, 0xFF, 0xFF, 0x00, 0xFF, 0xFF, 0xFF, 0x00, 0xFF, 0xFF, 0xFF, 0x00,
        0xFF, 0xFF, 0xFF, 0x00, 0xFF, 0xFF, 0xFF, 0x00, 0xFF, 0xFF, 0xFF, 0x00,
        0xFF, 0xFF, 0xFF, 0x00, 0xFF, 0xFF, 0xFF, 0x00, 0xFF, 0xFF, 0xFF, 0x00,
        0x6D, 0x6D, 0x6D, 0xFF, 0x68, 0x68, 0x68, 0xFF, 0x70, 0x70, 0x70, 0xFF,
        0x73, 0x73, 0x73, 0xFF, 0x70, 0x70, 0x70, 0xFF, 0x6E, 0x6E, 0x6E, 0xFF,
        0x6E, 0x6E, 0x6E, 0xFF, 0x6E, 0x6E, 0x6E, 0xFF, 0x6E, 0x6E, 0x6E, 0xFF,
        0x70, 0x70, 0x70, 0xFF, 0x73, 0x73, 0x73, 0xFF, 0x70, 0x70, 0x70, 0xFF,
        0x68, 0x68, 0x68, 0xFF, 0x6D, 0x6D, 0x6D, 0xFF, 0xFF, 0xFF, 0xFF, 0x00,
        0xFF, 0xFF, 0xFF, 0x00, 0xFF, 0xFF, 0xFF, 0x00, 0xFF, 0xFF, 0xFF, 0x00,
        0xFF, 0xFF, 0xFF, 0x00, 0xFF, 0xFF, 0xFF, 0x00, 0xFF, 0xFF, 0xFF, 0x00,
        0xFF, 0xFF, 0xFF, 0x00, 0xFF, 0xFF, 0xFF, 0x00, 0xFF, 0xFF, 0xFF, 0x00,
        0xFF, 0xFF, 0xFF, 0x00, 0xFF, 0xFF, 0xFF, 0x00, 0xFF, 0xFF, 0xFF, 0x00,
        0xFF, 0xFF, 0xFF, 0x00, 0xFF, 0xFF, 0xFF, 0x00, 0xFF, 0xFF, 0xFF, 0x00,
        0xFF, 0xFF, 0xFF, 0x00, 0xFF, 0xFF, 0xFF, 0x00, 0xFF, 0xFF, 0xFF, 0x00,
        0xFF, 0xFF, 0xFF, 0x00, 0xFF, 0xFF, 0xFF, 0x00, 0xFF, 0xFF, 0xFF, 0x00,
        0xFF, 0xFF, 0xFF, 0x00, 0xFF, 0xFF, 0xFF, 0x00, 0xFF, 0xFF, 0xFF, 0x00,
        0xFF, 0xFF, 0xFF, 0x00, 0xFF, 0xFF, 0xFF, 0x00, 0xFF, 0xFF, 0xFF, 0x00,
        0xFF, 0xFF, 0xFF, 0x00, 0xFF, 0xFF, 0xFF, 0x00, 0xFF, 0xFF, 0xFF, 0x00,
        0xFF, 0xFF, 0xFF, 0x00, 0xFF, 0xFF, 0xFF, 0x00, 0xFF, 0xFF, 0xFF, 0x00,
        0xFF, 0xFF, 0xFF, 0x00, 0xFF, 0xFF, 0xFF, 0x00, 0xFF, 0xFF, 0xFF, 0x00,
        0xFF, 0xFF, 0xFF, 0x00, 0xFF, 0xFF, 0xFF, 0x00, 0xFF, 0xFF, 0xFF, 0x00,
        0xFF, 0xFF, 0xFF, 0x00, 0xFF, 0xFF, 0xFF, 0x00, 0xFF, 0xFF, 0xFF, 0x00,
        0xFF, 0xFF, 0xFF, 0x00, 0xFF, 0xFF, 0xFF, 0x00, 0xFF, 0xFF, 0xFF, 0x00,
        0xFF, 0xFF, 0xFF, 0x00, 0xFF, 0xFF, 0xFF, 0x00, 0xFF, 0xFF, 0xFF, 0x00,
        0xFF, 0xFF, 0xFF, 0x00, 0x4F, 0x4F, 0x4F, 0xFF, 0x50, 0x50, 0x50, 0xFF,
        0x59, 0x59, 0x59, 0xFF, 0x5E, 0x5E, 0x5E, 0xFF, 0x5E, 0x5E, 0x5E, 0xFF,
        0x5E, 0x5E, 0x5E, 0xFF, 0x5E, 0x5E, 0x5E, 0xFF, 0x5E, 0x5E, 0x5E, 0xFF,
        0x5E, 0x5E, 0x5E, 0xFF, 0x5E, 0x5E, 0x5E, 0xFF, 0x5E, 0x5E, 0x5E, 0xFF,
        0x59, 0x59, 0x59, 0xFF, 0x50, 0x50, 0x50, 0xFF, 0x4F, 0x4F, 0x4F, 0xFF,
        0xFF, 0xFF, 0xFF, 0x00, 0xFF, 0xFF, 0xFF, 0x00, 0xFF, 0xFF, 0xFF, 0x00,
        0xFF, 0xFF, 0xFF, 0x00, 0xFF, 0xFF, 0xFF, 0x00, 0xFF, 0xFF, 0xFF, 0x00,
        0xFF, 0xFF, 0xFF, 0x00, 0xFF, 0xFF, 0xFF, 0x00, 0xFF, 0xFF, 0xFF, 0x00,
        0xFF, 0xFF, 0xFF, 0x00, 0xFF, 0xFF, 0xFF, 0x00, 0xFF, 0xFF, 0xFF, 0x00,
        0xFF, 0xFF, 0xFF, 0x00, 0xFF, 0xFF, 0xFF, 0x00, 0xFF, 0xFF, 0xFF, 0x00,
        0xFF, 0xFF, 0xFF, 0x00, 0xFF, 0xFF, 0xFF, 0x00, 0xFF, 0xFF, 0xFF, 0x00,
        0xFF, 0xFF, 0xFF, 0x00, 0xFF, 0xFF, 0xFF, 0x00, 0xFF, 0xFF, 0xFF, 0x00,
        0xFF, 0xFF, 0xFF, 0x00, 0xFF, 0xFF, 0xFF, 0x00, 0xFF, 0xFF, 0xFF, 0x00,
        0xFF, 0xFF, 0xFF, 0x00, 0xFF, 0xFF, 0xFF, 0x00, 0xFF, 0xFF, 0xFF, 0x00,
        0xFF, 0xFF, 0xFF, 0x00, 0xFF, 0xFF, 0xFF, 0x00, 0xFF, 0xFF, 0xFF, 0x00,
        0xFF, 0xFF, 0xFF, 0x00, 0xFF, 0xFF, 0xFF, 0x00, 0xFF, 0xFF, 0xFF, 0x00,
        0xFF, 0xFF, 0xFF, 0x00, 0xFF, 0xFF, 0xFF, 0x00, 0xFF, 0xFF, 0xFF, 0x00,
        0xFF, 0xFF, 0xFF, 0x00, 0xFF, 0xFF, 0xFF, 0x00, 0xFF, 0xFF, 0xFF, 0x00,
        0xFF, 0xFF, 0xFF, 0x00, 0xFF, 0xFF, 0xFF, 0x00, 0xFF, 0xFF, 0xFF, 0x00,
        0xFF, 0xFF, 0xFF, 0x00, 0xFF, 0xFF, 0xFF, 0x00, 0xFF, 0xFF, 0xFF, 0x00,
        0xFF, 0xFF, 0xFF, 0x00, 0xFF, 0xFF, 0xFF, 0x00, 0xFF, 0xFF, 0xFF, 0x00,
        0xFF, 0xFF, 0xFF, 0x00, 0xFF, 0xFF, 0xFF, 0x00, 0x6D, 0x6D, 0x6D, 0xFF,
        0x69, 0x69, 0x69, 0xFF, 0x70, 0x70, 0x70, 0xFF, 0x74, 0x74, 0x74, 0xFF,
        0x71, 0x71, 0x71, 0xFF, 0x70, 0x70, 0x70, 0xFF, 0x6E, 0x6E, 0x6E, 0xFF,
        0x6E, 0x6E, 0x6E, 0xFF, 0x70, 0x70, 0x70, 0xFF, 0x71, 0x71, 0x71, 0xFF,
        0x74, 0x74, 0x74, 0xFF, 0x70, 0x70, 0x70, 0xFF, 0x69, 0x69, 0x69, 0xFF,
        0x6D, 0x6D, 0x6D, 0xFF, 0xFF, 0xFF, 0xFF, 0x00, 0xFF, 0xFF, 0xFF, 0x00,
        0xFF, 0xFF, 0xFF, 0x00, 0xFF, 0xFF, 0xFF, 0x00, 0xFF, 0xFF, 0xFF, 0x00,
        0xFF, 0xFF, 0xFF, 0x00, 0xFF, 0xFF, 0xFF, 0x00, 0xFF, 0xFF, 0xFF, 0x00,
        0xFF, 0xFF, 0xFF, 0x00, 0xFF, 0xFF, 0xFF, 0x00, 0xFF, 0xFF, 0xFF, 0x00,
        0xFF, 0xFF, 0xFF, 0x00, 0xFF, 0xFF, 0xFF, 0x00, 0xFF, 0xFF, 0xFF, 0x00,
        0xFF, 0xFF, 0xFF, 0x00, 0xFF, 0xFF, 0xFF, 0x00, 0xFF, 0xFF, 0xFF, 0x00,
        0xFF, 0xFF, 0xFF, 0x00, 0xFF, 0xFF, 0xFF, 0x00, 0xFF, 0xFF, 0xFF, 0x00,
        0xFF, 0xFF, 0xFF, 0x00, 0xFF, 0xFF, 0xFF, 0x00, 0xFF, 0xFF, 0xFF, 0x00,
        0xFF, 0xFF, 0xFF, 0x00, 0xFF, 0xFF, 0xFF, 0x00, 0xFF, 0xFF, 0xFF, 0x00,
        0xFF, 0xFF, 0xFF, 0x00, 0xFF, 0xFF, 0xFF, 0x00, 0xFF, 0xFF, 0xFF, 0x00,
        0xFF, 0xFF, 0xFF, 0x00, 0xFF, 0xFF, 0xFF, 0x00, 0xFF, 0xFF, 0xFF, 0x00,
        0xFF, 0xFF, 0xFF, 0x00, 0xFF, 0xFF, 0xFF, 0x00, 0xFF, 0xFF, 0xFF, 0x00,
        0xFF, 0xFF, 0xFF, 0x00, 0xFF, 0xFF, 0xFF, 0x00, 0xFF, 0xFF, 0xFF, 0x00,
        0xFF, 0xFF, 0xFF, 0x00, 0xFF, 0xFF, 0xFF, 0x00, 0xFF, 0xFF, 0xFF, 0x00,
        0xFF, 0xFF, 0xFF, 0x00, 0xFF, 0xFF, 0xFF, 0x00, 0xFF, 0xFF, 0xFF, 0x00,
        0xFF, 0xFF, 0xFF, 0x00, 0xFF, 0xFF, 0xFF, 0x00, 0xFF, 0xFF, 0xFF, 0x00,
        0xFF, 0xFF, 0xFF, 0x00, 0xFF, 0xFF, 0xFF, 0x00, 0xFF, 0xFF, 0xFF, 0x00,
        0x4F, 0x4F, 0x4F, 0xFF, 0x50, 0x50, 0x50, 0xFF, 0x59, 0x59, 0x59, 0xFF,
        0x5E, 0x5E, 0x5E, 0xFF, 0x5E, 0x5E, 0x5E, 0xFF, 0x5E, 0x5E, 0x5E, 0xFF,
        0x5E, 0x5E, 0x5E, 0xFF, 0x5E, 0x5E, 0x5E, 0xFF, 0x5E, 0x5E, 0x5E, 0xFF,
        0x5E, 0x5E, 0x5E, 0xFF, 0x5E, 0x5E, 0x5E, 0xFF, 0x59, 0x59, 0x59, 0xFF,
        0x50, 0x50, 0x50, 0xFF, 0x4F, 0x4F, 0x4F, 0xFF, 0xFF, 0xFF, 0xFF, 0x00,
        0xFF, 0xFF, 0xFF, 0x00, 0xFF, 0xFF, 0xFF, 0x00, 0xFF, 0xFF, 0xFF, 0x00,
        0xFF, 0xFF, 0xFF, 0x00, 0xFF, 0xFF, 0xFF, 0x00, 0xFF, 0xFF, 0xFF, 0x00,
        0xFF, 0xFF, 0xFF, 0x00, 0xFF, 0xFF, 0xFF, 0x00, 0xFF, 0xFF, 0xFF, 0x00,
        0xFF, 0xFF, 0xFF, 0x00, 0xFF, 0xFF, 0xFF, 0x00, 0xFF, 0xFF, 0xFF, 0x00,
        0xFF, 0xFF, 0xFF, 0x00, 0xFF, 0xFF, 0xFF, 0x00, 0xFF, 0xFF, 0xFF, 0x00,
        0xFF, 0xFF, 0xFF, 0x00, 0xFF, 0xFF, 0xFF, 0x00, 0xFF, 0xFF, 0xFF, 0x00,
        0xFF, 0xFF, 0xFF, 0x00, 0xFF, 0xFF, 0xFF, 0x00, 0xFF, 0xFF, 0xFF, 0x00,
        0xFF, 0xFF, 0xFF, 0x00, 0xFF, 0xFF, 0xFF, 0x00, 0xFF, 0xFF, 0xFF, 0x00,
        0xFF, 0xFF, 0xFF, 0x00, 0xFF, 0xFF, 0xFF, 0x00, 0xFF, 0xFF, 0xFF, 0x00,
        0xFF, 0xFF, 0xFF, 0x00, 0xFF, 0xFF, 0xFF, 0x00, 0xFF, 0xFF, 0xFF, 0x00,
        0xFF, 0xFF, 0xFF, 0x00, 0xFF, 0xFF, 0xFF, 0x00, 0xFF, 0xFF, 0xFF, 0x00,
        0xFF, 0xFF, 0xFF, 0x00, 0xFF, 0xFF, 0xFF, 0x00, 0xFF, 0xFF, 0xFF, 0x00,
        0xFF, 0xFF, 0xFF, 0x00, 0xFF, 0xFF, 0xFF, 0x00, 0xFF, 0xFF, 0xFF, 0x00,
        0xFF, 0xFF, 0xFF, 0x00, 0xFF, 0xFF, 0xFF, 0x00, 0xFF, 0xFF, 0xFF, 0x00,
        0xFF, 0xFF, 0xFF, 0x00, 0xFF, 0xFF, 0xFF, 0x00, 0xFF, 0xFF, 0xFF, 0x00,
        0xFF, 0xFF, 0xFF, 0x00, 0xFF, 0xFF, 0xFF, 0x00, 0xFF, 0xFF, 0xFF, 0x00,
        0xFF, 0xFF, 0xFF, 0x00, 0x6D, 0x6D, 0x6D, 0xFF, 0x69, 0x69, 0x69, 0xFF,
        0x71, 0x71, 0x71, 0xFF, 0x74, 0x74, 0x74, 0xFF, 0x72, 0x72, 0x72, 0xFF,
        0x70, 0x70, 0x70, 0xFF, 0x6E, 0x6E, 0x6E, 0xFF, 0x6E, 0x6E, 0x6E, 0xFF,
        0x70, 0x70, 0x70, 0xFF, 0x72, 0x72, 0x72, 0xFF, 0x74, 0x74, 0x74, 0xFF,
        0x71, 0x71, 0x71, 0xFF, 0x69, 0x69, 0x69, 0xFF, 0x6D, 0x6D, 0x6D, 0xFF,
        0xFF, 0xFF, 0xFF, 0x00, 0xFF, 0xFF, 0xFF, 0x00, 0xFF, 0xFF, 0xFF, 0x00,
        0xFF, 0xFF, 0xFF, 0x00, 0xFF, 0xFF, 0xFF, 0x00, 0xFF, 0xFF, 0xFF, 0x00,
        0xFF, 0xFF, 0xFF, 0x00, 0xFF, 0xFF, 0xFF, 0x00, 0xFF, 0xFF, 0xFF, 0x00,
        0xFF, 0xFF, 0xFF, 0x00, 0xFF, 0xFF, 0xFF, 0x00, 0xFF, 0xFF, 0xFF, 0x00,
        0xFF, 0xFF, 0xFF, 0x00, 0xFF, 0xFF, 0xFF, 0x00, 0xFF, 0xFF, 0xFF, 0x00,
        0xFF, 0xFF, 0xFF, 0x00, 0xFF, 0xFF, 0xFF, 0x00, 0xFF, 0xFF, 0xFF, 0x00,
        0xFF, 0xFF, 0xFF, 0x00, 0xFF, 0xFF, 0xFF, 0x00, 0xFF, 0xFF, 0xFF, 0x00,
        0xFF, 0xFF, 0xFF, 0x00, 0xFF, 0xFF, 0xFF, 0x00, 0xFF, 0xFF, 0xFF, 0x00,
        0xFF, 0xFF, 0xFF, 0x00, 0xFF, 0xFF, 0xFF, 0x00, 0xFF, 0xFF, 0xFF, 0x00,
        0xFF, 0xFF, 0xFF, 0x00, 0xFF, 0xFF, 0xFF, 0x00, 0xFF, 0xFF, 0xFF, 0x00,
        0xFF, 0xFF, 0xFF, 0x00, 0xFF, 0xFF, 0xFF, 0x00, 0xFF, 0xFF, 0xFF, 0x00,
        0xFF, 0xFF, 0xFF, 0x00, 0xFF, 0xFF, 0xFF, 0x00, 0xFF, 0xFF, 0xFF, 0x00,
        0xFF, 0xFF, 0xFF, 0x00, 0xFF, 0xFF, 0xFF, 0x00, 0xFF, 0xFF, 0xFF, 0x00,
        0xFF, 0xFF, 0xFF, 0x00, 0xFF, 0xFF, 0xFF, 0x00, 0xFF, 0xFF, 0xFF, 0x00,
        0xFF, 0xFF, 0xFF, 0x00, 0xFF, 0xFF, 0xFF, 0x00, 0xFF, 0xFF, 0xFF, 0x00,
        0xFF, 0xFF, 0xFF, 0x00, 0xFF, 0xFF, 0xFF, 0x00, 0xFF, 0xFF, 0xFF, 0x00,
        0xFF, 0xFF, 0xFF, 0x00, 0xFF, 0xFF, 0xFF, 0x00, 0x4F, 0x4F, 0x4F, 0xFF,
        0x50, 0x50, 0x50, 0xFF, 0x59, 0x59, 0x59, 0xFF, 0x5E, 0x5E, 0x5E, 0xFF,
        0x5E, 0x5E, 0x5E, 0xFF, 0x5E, 0x5E, 0x5E, 0xFF, 0x5E, 0x5E, 0x5E, 0xFF,
        0x5E, 0x5E, 0x5E, 0xFF, 0x5E, 0x5E, 0x5E, 0xFF, 0x5E, 0x5E, 0x5E, 0xFF,
        0x5E, 0x5E, 0x5E, 0xFF, 0x59, 0x59, 0x59, 0xFF, 0x50, 0x50, 0x50, 0xFF,
        0x4F, 0x4F, 0x4F, 0xFF, 0xFF, 0xFF, 0xFF, 0x00, 0xFF, 0xFF, 0xFF, 0x00,
        0xFF, 0xFF, 0xFF, 0x00, 0xFF, 0xFF, 0xFF, 0x00, 0xFF, 0xFF, 0xFF, 0x00,
        0xFF, 0xFF, 0xFF, 0x00, 0xFF, 0xFF, 0xFF, 0x00, 0xFF, 0xFF, 0xFF, 0x00,
        0xFF, 0xFF, 0xFF, 0x00, 0xFF, 0xFF, 0xFF, 0x00, 0xFF, 0xFF, 0xFF, 0x00,
        0xFF, 0xFF, 0xFF, 0x00, 0xFF, 0xFF, 0xFF, 0x00, 0xFF, 0xFF, 0xFF, 0x00,
        0xFF, 0xFF, 0xFF, 0x00, 0xFF, 0xFF, 0xFF, 0x00, 0xFF, 0xFF, 0xFF, 0x00,
        0xFF, 0xFF, 0xFF, 0x00, 0xFF, 0xFF, 0xFF, 0x00, 0xFF, 0xFF, 0xFF, 0x00,
        0xFF, 0xFF, 0xFF, 0x00, 0xFF, 0xFF, 0xFF, 0x00, 0xFF, 0xFF, 0xFF, 0x00,
        0xFF, 0xFF, 0xFF, 0x00, 0xFF, 0xFF, 0xFF, 0x00, 0xFF, 0xFF, 0xFF, 0x00,
        0xFF, 0xFF, 0xFF, 0x00, 0xFF, 0xFF, 0xFF, 0x00, 0xFF, 0xFF, 0xFF, 0x00,
        0xFF, 0xFF, 0xFF, 0x00, 0xFF, 0xFF, 0xFF, 0x00, 0xFF, 0xFF, 0xFF, 0x00,
        0xFF, 0xFF, 0xFF, 0x00, 0xFF, 0xFF, 0xFF, 0x00, 0xFF, 0xFF, 0xFF, 0x00,
        0xFF, 0xFF, 0xFF, 0x00, 0xFF, 0xFF, 0xFF, 0x00, 0xFF, 0xFF, 0xFF, 0x00,
        0xFF, 0xFF, 0xFF, 0x00, 0xFF, 0xFF, 0xFF, 0x00, 0xFF, 0xFF, 0xFF, 0x00,
        0xFF, 0xFF, 0xFF, 0x00, 0xFF, 0xFF, 0xFF, 0x00, 0xFF, 0xFF, 0xFF, 0x00,
        0xFF, 0xFF, 0xFF, 0x00, 0xFF, 0xFF, 0xFF, 0x00, 0xFF, 0xFF, 0xFF, 0x00,
        0xFF, 0xFF, 0xFF, 0x00, 0xFF, 0xFF, 0xFF, 0x00, 0xFF, 0xFF, 0xFF, 0x00,
        0x6E, 0x6E, 0x6E, 0xFF, 0x69, 0x69, 0x69, 0xFF, 0x71, 0x71, 0x71, 0xFF,
        0x74, 0x74, 0x74, 0xFF, 0x72, 0x72, 0x72, 0xFF, 0x70, 0x70, 0x70, 0xFF,
        0x6F, 0x6F, 0x6F, 0xFF, 0x6F, 0x6F, 0x6F, 0xFF, 0x70, 0x70, 0x70, 0xFF,
        0x72, 0x72, 0x72, 0xFF, 0x74, 0x74, 0x74, 0xFF, 0x71, 0x71, 0x71, 0xFF,
        0x69, 0x69, 0x69, 0xFF, 0x6E, 0x6E, 0x6E, 0xFF, 0xFF, 0xFF, 0xFF, 0x00,
        0xFF, 0xFF, 0xFF, 0x00, 0xFF, 0xFF, 0xFF, 0x00, 0xFF, 0xFF, 0xFF, 0x00,
        0xFF, 0xFF, 0xFF, 0x00, 0xFF, 0xFF, 0xFF, 0x00, 0xFF, 0xFF, 0xFF, 0x00,
        0xFF, 0xFF, 0xFF, 0x00, 0xFF, 0xFF, 0xFF, 0x00, 0xFF, 0xFF, 0xFF, 0x00,
        0xFF, 0xFF, 0xFF, 0x00, 0xFF, 0xFF, 0xFF, 0x00, 0xFF, 0xFF, 0xFF, 0x00,
        0xFF, 0xFF, 0xFF, 0x00, 0xFF, 0xFF, 0xFF, 0x00, 0xFF, 0xFF, 0xFF, 0x00,
        0xFF, 0xFF, 0xFF, 0x00, 0xFF, 0xFF, 0xFF, 0x00, 0xFF, 0xFF, 0xFF, 0x00,
        0xFF, 0xFF, 0xFF, 0x00, 0xFF, 0xFF, 0xFF, 0x00, 0xFF, 0xFF, 0xFF, 0x00,
        0xFF, 0xFF, 0xFF, 0x00, 0xFF, 0xFF, 0xFF, 0x00, 0xFF, 0xFF, 0xFF, 0x00,
        0xFF, 0xFF, 0xFF, 0x00, 0xFF, 0xFF, 0xFF, 0x00, 0xFF, 0xFF, 0xFF, 0x00,
        0xFF, 0xFF, 0xFF, 0x00, 0xFF, 0xFF, 0xFF, 0x00, 0xFF, 0xFF, 0xFF, 0x00,
        0xFF, 0xFF, 0xFF, 0x00, 0xFF, 0xFF, 0xFF, 0x00, 0xFF, 0xFF, 0xFF, 0x00,
        0xFF, 0xFF, 0xFF, 0x00, 0xFF, 0xFF, 0xFF, 0x00, 0xFF, 0xFF, 0xFF, 0x00,
        0xFF, 0xFF, 0xFF, 0x00, 0xFF, 0xFF, 0xFF, 0x00, 0xFF, 0xFF, 0xFF, 0x00,
        0xFF, 0xFF, 0xFF, 0x00, 0xFF, 0xFF, 0xFF, 0x00, 0xFF, 0xFF, 0xFF, 0x00,
        0xFF, 0xFF, 0xFF, 0x00, 0xFF, 0xFF, 0xFF, 0x00, 0xFF, 0xFF, 0xFF, 0x00,
        0xFF, 0xFF, 0xFF, 0x00, 0xFF, 0xFF, 0xFF, 0x00, 0xFF, 0xFF, 0xFF, 0x00,
        0xFF, 0xFF, 0xFF, 0x00, 0x4F, 0x4F, 0x4F, 0xFF, 0x50, 0x50, 0x50, 0xFF,
        0x59, 0x59, 0x59, 0xFF, 0x5E, 0x5E, 0x5E, 0xFF, 0x5E, 0x5E, 0x5E, 0xFF,
        0x5E, 0x5E, 0x5E, 0xFF, 0x5E, 0x5E, 0x5E, 0xFF, 0x5E, 0x5E, 0x5E, 0xFF,
        0x5E, 0x5E, 0x5E, 0xFF, 0x5E, 0x5E, 0x5E, 0xFF, 0x5E, 0x5E, 0x5E, 0xFF,
        0x59, 0x59, 0x59, 0xFF, 0x50, 0x50, 0x50, 0xFF, 0x4F, 0x4F, 0x4F, 0xFF,
        0xFF, 0xFF, 0xFF, 0x00, 0xFF, 0xFF, 0xFF, 0x00, 0xFF, 0xFF, 0xFF, 0x00,
        0xFF, 0xFF, 0xFF, 0x00, 0xFF, 0xFF, 0xFF, 0x00, 0xFF, 0xFF, 0xFF, 0x00,
        0xFF, 0xFF, 0xFF, 0x00, 0xFF, 0xFF, 0xFF, 0x00, 0xFF, 0xFF, 0xFF, 0x00,
        0xFF, 0xFF, 0xFF, 0x00, 0xFF, 0xFF, 0xFF, 0x00, 0xFF, 0xFF, 0xFF, 0x00,
        0xFF, 0xFF, 0xFF, 0x00, 0xFF, 0xFF, 0xFF, 0x00, 0xFF, 0xFF, 0xFF, 0x00,
        0xFF, 0xFF, 0xFF, 0x00, 0xFF, 0xFF, 0xFF, 0x00, 0xFF, 0xFF, 0xFF, 0x00,
        0xFF, 0xFF, 0xFF, 0x00, 0xFF, 0xFF, 0xFF, 0x00, 0xFF, 0xFF, 0xFF, 0x00,
        0xFF, 0xFF, 0xFF, 0x00, 0xFF, 0xFF, 0xFF, 0x00, 0xFF, 0xFF, 0xFF, 0x00,
        0xFF, 0xFF, 0xFF, 0x00, 0xFF, 0xFF, 0xFF, 0x00, 0xFF, 0xFF, 0xFF, 0x00,
        0xFF, 0xFF, 0xFF, 0x00, 0xFF, 0xFF, 0xFF, 0x00, 0xFF, 0xFF, 0xFF, 0x00,
        0xFF, 0xFF, 0xFF, 0x00, 0xFF, 0xFF, 0xFF, 0x00, 0xFF, 0xFF, 0xFF, 0x00,
        0xFF, 0xFF, 0xFF, 0x00, 0xFF, 0xFF, 0xFF, 0x00, 0xFF, 0xFF, 0xFF, 0x00,
        0xFF, 0xFF, 0xFF, 0x00, 0xFF, 0xFF, 0xFF, 0x00, 0xFF, 0xFF, 0xFF, 0x00,
        0xFF, 0xFF, 0xFF, 0x00, 0xFF, 0xFF, 0xFF, 0x00, 0xFF, 0xFF, 0xFF, 0x00,
        0xFF, 0xFF, 0xFF, 0x00, 0xFF, 0xFF, 0xFF, 0x00, 0xFF, 0xFF, 0xFF, 0x00,
        0xFF, 0xFF, 0xFF, 0x00, 0xFF, 0xFF, 0xFF, 0x00, 0xFF, 0xFF, 0xFF, 0x00,
        0xFF, 0xFF, 0xFF, 0x00, 0xFF, 0xFF, 0xFF, 0x00, 0x6E, 0x6E, 0x6E, 0xFF,
        0x6A, 0x6A, 0x6A, 0xFF, 0x72, 0x72, 0x72, 0xFF, 0x75, 0x75, 0x75, 0xFF,
        0x72, 0x72, 0x72, 0xFF, 0x70, 0x70, 0x70, 0xFF, 0x6F, 0x6F, 0x6F, 0xFF,
        0x6F, 0x6F, 0x6F, 0xFF, 0x70, 0x70, 0x70, 0xFF, 0x72, 0x72, 0x72, 0xFF,
        0x75, 0x75, 0x75, 0xFF, 0x72, 0x72, 0x72, 0xFF, 0x6A, 0x6A, 0x6A, 0xFF,
        0x6E, 0x6E, 0x6E, 0xFF, 0xFF, 0xFF, 0xFF, 0x00, 0xFF, 0xFF, 0xFF, 0x00,
        0xFF, 0xFF, 0xFF, 0x00, 0xFF, 0xFF, 0xFF, 0x00, 0xFF, 0xFF, 0xFF, 0x00,
        0xFF, 0xFF, 0xFF, 0x00, 0xFF, 0xFF, 0xFF, 0x00, 0xFF, 0xFF, 0xFF, 0x00,
        0xFF, 0xFF, 0xFF, 0x00, 0xFF, 0xFF, 0xFF, 0x00, 0xFF, 0xFF, 0xFF, 0x00,
        0xFF, 0xFF, 0xFF, 0x00, 0xFF, 0xFF, 0xFF, 0x00, 0xFF, 0xFF, 0xFF, 0x00,
        0xFF, 0xFF, 0xFF, 0x00, 0xFF, 0xFF, 0xFF, 0x00, 0xFF, 0xFF, 0xFF, 0x00,
        0xFF, 0xFF, 0xFF, 0x00, 0xFF, 0xFF, 0xFF, 0x00, 0xFF, 0xFF, 0xFF, 0x00,
        0xFF, 0xFF, 0xFF, 0x00, 0xFF, 0xFF, 0xFF, 0x00, 0xFF, 0xFF, 0xFF, 0x00,
        0xFF, 0xFF, 0xFF, 0x00, 0xFF, 0xFF, 0xFF, 0x00, 0xFF, 0xFF, 0xFF, 0x00,
        0xFF, 0xFF, 0xFF, 0x00, 0xFF, 0xFF, 0xFF, 0x00, 0xFF, 0xFF, 0xFF, 0x00,
        0xFF, 0xFF, 0xFF, 0x00, 0xFF, 0xFF, 0xFF, 0x00, 0xFF, 0xFF, 0xFF, 0x00,
        0xFF, 0xFF, 0xFF, 0x00, 0xFF, 0xFF, 0xFF, 0x00, 0xFF, 0xFF, 0xFF, 0x00,
        0xFF, 0xFF, 0xFF, 0x00, 0xFF, 0xFF, 0xFF, 0x00, 0xFF, 0xFF, 0xFF, 0x00,
        0xFF, 0xFF, 0xFF, 0x00, 0xFF, 0xFF, 0xFF, 0x00, 0xFF, 0xFF, 0xFF, 0x00,
        0xFF, 0xFF, 0xFF, 0x00, 0xFF, 0xFF, 0xFF, 0x00, 0xFF, 0xFF, 0xFF, 0x00,
        0xFF, 0xFF, 0xFF, 0x00, 0xFF, 0xFF, 0xFF, 0x00, 0xFF, 0xFF, 0xFF, 0x00,
        0xFF, 0xFF, 0xFF, 0x00, 0xFF, 0xFF, 0xFF, 0x00, 0xFF, 0xFF, 0xFF, 0x00,
        0x4F, 0x4F, 0x4F, 0xFF, 0x50, 0x50, 0x50, 0xFF, 0x59, 0x59, 0x59, 0xFF,
        0x5E, 0x5E, 0x5E, 0xFF, 0x5E, 0x5E, 0x5E, 0xFF, 0x5E, 0x5E, 0x5E, 0xFF,
        0x5E, 0x5E, 0x5E, 0xFF, 0x5E, 0x5E, 0x5E, 0xFF, 0x5E, 0x5E, 0x5E, 0xFF,
        0x5E, 0x5E, 0x5E, 0xFF, 0x5E, 0x5E, 0x5E, 0xFF, 0x59, 0x59, 0x59, 0xFF,
        0x50, 0x50, 0x50, 0xFF, 0x4F, 0x4F, 0x4F, 0xFF, 0xFF, 0xFF, 0xFF, 0x00,
        0xFF, 0xFF, 0xFF, 0x00, 0xFF, 0xFF, 0xFF, 0x00, 0xFF, 0xFF, 0xFF, 0x00,
        0xFF, 0xFF, 0xFF, 0x00, 0xFF, 0xFF, 0xFF, 0x00, 0xFF, 0xFF, 0xFF, 0x00,
        0xFF, 0xFF, 0xFF, 0x00, 0xFF, 0xFF, 0xFF, 0x00, 0xFF, 0xFF, 0xFF, 0x00,
        0xFF, 0xFF, 0xFF, 0x00, 0xFF, 0xFF, 0xFF, 0x00, 0xFF, 0xFF, 0xFF, 0x00,
        0xFF, 0xFF, 0xFF, 0x00, 0xFF, 0xFF, 0xFF, 0x00, 0xFF, 0xFF, 0xFF, 0x00,
        0xFF, 0xFF, 0xFF, 0x00, 0xFF, 0xFF, 0xFF, 0x00, 0xFF, 0xFF, 0xFF, 0x00,
        0xFF, 0xFF, 0xFF, 0x00, 0xFF, 0xFF, 0xFF, 0x00, 0xFF, 0xFF, 0xFF, 0x00,
        0xFF, 0xFF, 0xFF, 0x00, 0xFF, 0xFF, 0xFF, 0x00, 0xFF, 0xFF, 0xFF, 0x00,
        0xFF, 0xFF, 0xFF, 0x00, 0xFF, 0xFF, 0xFF, 0x00, 0xFF, 0xFF, 0xFF, 0x00,
        0xFF, 0xFF, 0xFF, 0x00, 0xFF, 0xFF, 0xFF, 0x00, 0xFF, 0xFF, 0xFF, 0x00,
        0xFF, 0xFF, 0xFF, 0x00, 0xFF, 0xFF, 0xFF, 0x00, 0xFF, 0xFF, 0xFF, 0x00,
        0xFF, 0xFF, 0xFF, 0x00, 0xFF, 0xFF, 0xFF, 0x00, 0xFF, 0xFF, 0xFF, 0x00,
        0xFF, 0xFF, 0xFF, 0x00, 0xFF, 0xFF, 0xFF, 0x00, 0xFF, 0xFF, 0xFF, 0x00,
        0xFF, 0xFF, 0xFF, 0x00, 0xFF, 0xFF, 0xFF, 0x00, 0xFF, 0xFF, 0xFF, 0x00,
        0xFF, 0xFF, 0xFF, 0x00, 0xFF, 0xFF, 0xFF, 0x00, 0xFF, 0xFF, 0xFF, 0x00,
        0xFF, 0xFF, 0xFF, 0x00, 0xFF, 0xFF, 0xFF, 0x00, 0xFF, 0xFF, 0xFF, 0x00,
        0xFF, 0xFF, 0xFF, 0x00, 0x6E, 0x6E, 0x6E, 0xFF, 0x6B, 0x6B, 0x6B, 0xFF,
        0x72, 0x72, 0x72, 0xFF, 0x75, 0x75, 0x75, 0xFF, 0x73, 0x73, 0x73, 0xFF,
        0x71, 0x71, 0x71, 0xFF, 0x70, 0x70, 0x70, 0xFF, 0x70, 0x70, 0x70, 0xFF,
        0x71, 0x71, 0x71, 0xFF, 0x73, 0x73, 0x73, 0xFF, 0x75, 0x75, 0x75, 0xFF,
        0x72, 0x72, 0x72, 0xFF, 0x6B, 0x6B, 0x6B, 0xFF, 0x6E, 0x6E, 0x6E, 0xFF,
        0xFF, 0xFF, 0xFF, 0x00, 0xFF, 0xFF, 0xFF, 0x00, 0xFF, 0xFF, 0xFF, 0x00,
        0xFF, 0xFF, 0xFF, 0x00, 0xFF, 0xFF, 0xFF, 0x00, 0xFF, 0xFF, 0xFF, 0x00,
        0xFF, 0xFF, 0xFF, 0x00, 0xFF, 0xFF, 0xFF, 0x00, 0xFF, 0xFF, 0xFF, 0x00,
        0xFF, 0xFF, 0xFF, 0x00, 0xFF, 0xFF, 0xFF, 0x00, 0xFF, 0xFF, 0xFF, 0x00,
        0xFF, 0xFF, 0xFF, 0x00, 0xFF, 0xFF, 0xFF, 0x00, 0xFF, 0xFF, 0xFF, 0x00,
        0xFF, 0xFF, 0xFF, 0x00, 0xFF, 0xFF, 0xFF, 0x00, 0xFF, 0xFF, 0xFF, 0x00,
        0xFF, 0xFF, 0xFF, 0x00, 0xFF, 0xFF, 0xFF, 0x00, 0xFF, 0xFF, 0xFF, 0x00,
        0xFF, 0xFF, 0xFF, 0x00, 0xFF, 0xFF, 0xFF, 0x00, 0xFF, 0xFF, 0xFF, 0x00,
        0xFF, 0xFF, 0xFF, 0x00, 0xFF, 0xFF, 0xFF, 0x00, 0xFF, 0xFF, 0xFF, 0x00,
        0xFF, 0xFF, 0xFF, 0x00, 0xFF, 0xFF, 0xFF, 0x00, 0xFF, 0xFF, 0xFF, 0x00,
        0xFF, 0xFF, 0xFF, 0x00, 0xFF, 0xFF, 0xFF, 0x00, 0xFF, 0xFF, 0xFF, 0x00,
        0xFF, 0xFF, 0xFF, 0x00, 0xFF, 0xFF, 0xFF, 0x00, 0xFF, 0xFF, 0xFF, 0x00,
        0xFF, 0xFF, 0xFF, 0x00, 0xFF, 0xFF, 0xFF, 0x00, 0xFF, 0xFF, 0xFF, 0x00,
        0xFF, 0xFF, 0xFF, 0x00, 0xFF, 0xFF, 0xFF, 0x00, 0xFF, 0xFF, 0xFF, 0x00,
        0xFF, 0xFF, 0xFF, 0x00, 0xFF, 0xFF, 0xFF, 0x00, 0xFF, 0xFF, 0xFF, 0x00,
        0xFF, 0xFF, 0xFF, 0x00, 0xFF, 0xFF, 0xFF, 0x00, 0xFF, 0xFF, 0xFF, 0x00,
        0xFF, 0xFF, 0xFF, 0x00, 0xFF, 0xFF, 0xFF, 0x00, 0x4F, 0x4F, 0x4F, 0xFF,
        0x4F, 0x4F, 0x4F, 0xFF, 0x58, 0x58, 0x58, 0xFF, 0x5E, 0x5E, 0x5E, 0xFF,
        0x5E, 0x5E, 0x5E, 0xFF, 0x5E, 0x5E, 0x5E, 0xFF, 0x5E, 0x5E, 0x5E, 0xFF,
        0x5E, 0x5E, 0x5E, 0xFF, 0x5E, 0x5E, 0x5E, 0xFF, 0x5E, 0x5E, 0x5E, 0xFF,
        0x5E, 0x5E, 0x5E, 0xFF, 0x58, 0x58, 0x58, 0xFF, 0x4F, 0x4F, 0x4F, 0xFF,
        0x4F, 0x4F, 0x4F, 0xFF, 0xFF, 0xFF, 0xFF, 0x00, 0xFF, 0xFF, 0xFF, 0x00,
        0xFF, 0xFF, 0xFF, 0x00, 0xFF, 0xFF, 0xFF, 0x00, 0xFF, 0xFF, 0xFF, 0x00,
        0xFF, 0xFF, 0xFF, 0x00, 0xFF, 0xFF, 0xFF, 0x00, 0xFF, 0xFF, 0xFF, 0x00,
        0xFF, 0xFF, 0xFF, 0x00, 0xFF, 0xFF, 0xFF, 0x00, 0xFF, 0xFF, 0xFF, 0x00,
        0xFF, 0xFF, 0xFF, 0x00, 0xFF, 0xFF, 0xFF, 0x00, 0xFF, 0xFF, 0xFF, 0x00,
        0xFF, 0xFF, 0xFF, 0x00, 0xFF, 0xFF, 0xFF, 0x00, 0xFF, 0xFF, 0xFF, 0x00,
        0xFF, 0xFF, 0xFF, 0x00, 0xFF, 0xFF, 0xFF, 0x00, 0xFF, 0xFF, 0xFF, 0x00,
        0xFF, 0xFF, 0xFF, 0x00, 0xFF, 0xFF, 0xFF, 0x00, 0xFF, 0xFF, 0xFF, 0x00,
        0xFF, 0xFF, 0xFF, 0x00, 0xFF, 0xFF, 0xFF, 0x00, 0xFF, 0xFF, 0xFF, 0x00,
        0xFF, 0xFF, 0xFF, 0x00, 0xFF, 0xFF, 0xFF, 0x00, 0xFF, 0xFF, 0xFF, 0x00,
        0xFF, 0xFF, 0xFF, 0x00, 0xFF, 0xFF, 0xFF, 0x00, 0xFF, 0xFF, 0xFF, 0x00,
        0xFF, 0xFF, 0xFF, 0x00, 0xFF, 0xFF, 0xFF, 0x00, 0xFF, 0xFF, 0xFF, 0x00,
        0xFF, 0xFF, 0xFF, 0x00, 0xFF, 0xFF, 0xFF, 0x00, 0xFF, 0xFF, 0xFF, 0x00,
        0xFF, 0xFF, 0xFF, 0x00, 0xFF, 0xFF, 0xFF, 0x00, 0xFF, 0xFF, 0xFF, 0x00,
        0xFF, 0xFF, 0xFF, 0x00, 0xFF, 0xFF, 0xFF, 0x00, 0xFF, 0xFF, 0xFF, 0x00,
        0xFF, 0xFF, 0xFF, 0x00, 0xFF, 0xFF, 0xFF, 0x00, 0xFF, 0xFF, 0xFF, 0x00,
        0xFF, 0xFF, 0xFF, 0x00, 0xFF, 0xFF, 0xFF, 0x00, 0xFF, 0xFF, 0xFF, 0x00,
        0x6F, 0x6F, 0x6F, 0xFF, 0x6A, 0x6A, 0x6A, 0xFF, 0x73, 0x73, 0x73, 0xFF,
        0x77, 0x77, 0x77, 0xFF, 0x74, 0x74, 0x74, 0xFF, 0x72, 0x72, 0x72, 0xFF,
        0x71, 0x71, 0x71, 0xFF, 0x71, 0x71, 0x71, 0xFF, 0x72, 0x72, 0x72, 0xFF,
        0x74, 0x74, 0x74, 0xFF, 0x77, 0x77, 0x77, 0xFF, 0x73, 0x73, 0x73, 0xFF,
        0x6A, 0x6A, 0x6A, 0xFF, 0x6F, 0x6F, 0x6F, 0xFF, 0xFF, 0xFF, 0xFF, 0x00,
        0xFF, 0xFF, 0xFF, 0x00, 0xFF, 0xFF, 0xFF, 0x00, 0xFF, 0xFF, 0xFF, 0x00,
        0xFF, 0xFF, 0xFF, 0x00, 0xFF, 0xFF, 0xFF, 0x00, 0xFF, 0xFF, 0xFF, 0x00,
        0xFF, 0xFF, 0xFF, 0x00, 0xFF, 0xFF, 0xFF, 0x00, 0xFF, 0xFF, 0xFF, 0x00,
        0xFF, 0xFF, 0xFF, 0x00, 0xFF, 0xFF, 0xFF, 0x00, 0xFF, 0xFF, 0xFF, 0x00,
        0xFF, 0xFF, 0xFF, 0x00, 0xFF, 0xFF, 0xFF, 0x00, 0xFF, 0xFF, 0xFF, 0x00,
        0xFF, 0xFF, 0xFF, 0x00, 0xFF, 0xFF, 0xFF, 0x00, 0xFF, 0xFF, 0xFF, 0x00,
        0xFF, 0xFF, 0xFF, 0x00, 0xFF, 0xFF, 0xFF, 0x00, 0xFF, 0xFF, 0xFF, 0x00,
        0xFF, 0xFF, 0xFF, 0x00, 0xFF, 0xFF, 0xFF, 0x00, 0xFF, 0xFF, 0xFF, 0x00,
        0xFF, 0xFF, 0xFF, 0x00, 0xFF, 0xFF, 0xFF, 0x00, 0xFF, 0xFF, 0xFF, 0x00,
        0xFF, 0xFF, 0xFF, 0x00, 0xFF, 0xFF, 0xFF, 0x00, 0xFF, 0xFF, 0xFF, 0x00,
        0xFF, 0xFF, 0xFF, 0x00, 0xFF, 0xFF, 0xFF, 0x00, 0xFF, 0xFF, 0xFF, 0x00,
        0xFF, 0xFF, 0xFF, 0x00, 0xFF, 0xFF, 0xFF, 0x00, 0xFF, 0xFF, 0xFF, 0x00,
        0xFF, 0xFF, 0xFF, 0x00, 0xFF, 0xFF, 0xFF, 0x00, 0xFF, 0xFF, 0xFF, 0x00,
        0xFF, 0xFF, 0xFF, 0x00, 0xFF, 0xFF, 0xFF, 0x00, 0xFF, 0xFF, 0xFF, 0x00,
        0xFF, 0xFF, 0xFF, 0x00, 0xFF, 0xFF, 0xFF, 0x00, 0xFF, 0xFF, 0xFF, 0x00,
        0xFF, 0xFF, 0xFF, 0x00, 0xFF, 0xFF, 0xFF, 0x00, 0xFF, 0xFF, 0xFF, 0x00,
        0xFF, 0xFF, 0xFF, 0x00, 0x4F, 0x4F, 0x4F, 0xFF, 0x4F, 0x4F, 0x4F, 0xFF,
        0x57, 0x57, 0x57, 0xFF, 0x5D, 0x5D, 0x5D, 0xFF, 0x5E, 0x5E, 0x5E, 0xFF,
        0x5E, 0x5E, 0x5E, 0xFF, 0x5E, 0x5E, 0x5E, 0xFF, 0x5E, 0x5E, 0x5E, 0xFF,
        0x5E, 0x5E, 0x5E, 0xFF, 0x5E, 0x5E, 0x5E, 0xFF, 0x5D, 0x5D, 0x5D, 0xFF,
        0x57, 0x57, 0x57, 0xFF, 0x4F, 0x4F, 0x4F, 0xFF, 0x4F, 0x4F, 0x4F, 0xFF,
        0xFF, 0xFF, 0xFF, 0x00, 0xFF, 0xFF, 0xFF, 0x00, 0xFF, 0xFF, 0xFF, 0x00,
        0xFF, 0xFF, 0xFF, 0x00, 0xFF, 0xFF, 0xFF, 0x00, 0xFF, 0xFF, 0xFF, 0x00,
        0xFF, 0xFF, 0xFF, 0x00, 0xFF, 0xFF, 0xFF, 0x00, 0xFF, 0xFF, 0xFF, 0x00,
        0xFF, 0xFF, 0xFF, 0x00, 0xFF, 0xFF, 0xFF, 0x00, 0xFF, 0xFF, 0xFF, 0x00,
        0xFF, 0xFF, 0xFF, 0x00, 0xFF, 0xFF, 0xFF, 0x00, 0xFF, 0xFF, 0xFF, 0x00,
        0xFF, 0xFF, 0xFF, 0x00, 0xFF, 0xFF, 0xFF, 0x00, 0xFF, 0xFF, 0xFF, 0x00,
        0xFF, 0xFF, 0xFF, 0x00, 0xFF, 0xFF, 0xFF, 0x00, 0xFF, 0xFF, 0xFF, 0x00,
        0xFF, 0xFF, 0xFF, 0x00, 0xFF, 0xFF, 0xFF, 0x00, 0xFF, 0xFF, 0xFF, 0x00,
        0xFF, 0xFF, 0xFF, 0x00, 0xFF, 0xFF, 0xFF, 0x00, 0xFF, 0xFF, 0xFF, 0x00,
        0xFF, 0xFF, 0xFF, 0x00, 0xFF, 0xFF, 0xFF, 0x00, 0xFF, 0xFF, 0xFF, 0x00,
        0xFF, 0xFF, 0xFF, 0x00, 0xFF, 0xFF, 0xFF, 0x00, 0xFF, 0xFF, 0xFF, 0x00,
        0xFF, 0xFF, 0xFF, 0x00, 0xFF, 0xFF, 0xFF, 0x00, 0xFF, 0xFF, 0xFF, 0x00,
        0xFF, 0xFF, 0xFF, 0x00, 0xFF, 0xFF, 0xFF, 0x00, 0xFF, 0xFF, 0xFF, 0x00,
        0xFF, 0xFF, 0xFF, 0x00, 0xFF, 0xFF, 0xFF, 0x00, 0xFF, 0xFF, 0xFF, 0x00,
        0xFF, 0xFF, 0xFF, 0x00, 0xFF, 0xFF, 0xFF, 0x00, 0xFF, 0xFF, 0xFF, 0x00,
        0xFF, 0xFF, 0xFF, 0x00, 0xFF, 0xFF, 0xFF, 0x00, 0xFF, 0xFF, 0xFF, 0x00,
        0xFF, 0xFF, 0xFF, 0x00, 0xFF, 0xFF, 0xFF, 0x00, 0x6F, 0x6F, 0x6F, 0xFF,
        0x6A, 0x6A, 0x6A, 0xFF, 0x73, 0x73, 0x73, 0xFF, 0x77, 0x77, 0x77, 0xFF,
        0x75, 0x75, 0x75, 0xFF, 0x73, 0x73, 0x73, 0xFF, 0x73, 0x73, 0x73, 0xFF,
        0x73, 0x73, 0x73, 0xFF, 0x73, 0x73, 0x73, 0xFF, 0x75, 0x75, 0x75, 0xFF,
        0x77, 0x77, 0x77, 0xFF, 0x73, 0x73, 0x73, 0xFF, 0x6A, 0x6A, 0x6A, 0xFF,
        0x6F, 0x6F, 0x6F, 0xFF, 0xFF, 0xFF, 0xFF, 0x00, 0xFF, 0xFF, 0xFF, 0x00,
        0xFF, 0xFF, 0xFF, 0x00, 0xFF, 0xFF, 0xFF, 0x00, 0xFF, 0xFF, 0xFF, 0x00,
        0xFF, 0xFF, 0xFF, 0x00, 0xFF, 0xFF, 0xFF, 0x00, 0xFF, 0xFF, 0xFF, 0x00,
        0xFF, 0xFF, 0xFF, 0x00, 0xFF, 0xFF, 0xFF, 0x00, 0xFF, 0xFF, 0xFF, 0x00,
        0xFF, 0xFF, 0xFF, 0x00, 0xFF, 0xFF, 0xFF, 0x00, 0xFF, 0xFF, 0xFF, 0x00,
        0xFF, 0xFF, 0xFF, 0x00, 0xFF, 0xFF, 0xFF, 0x00, 0xFF, 0xFF, 0xFF, 0x00,
        0xFF, 0xFF, 0xFF, 0x00, 0xFF, 0xFF, 0xFF, 0x00, 0xFF, 0xFF, 0xFF, 0x00,
        0xFF, 0xFF, 0xFF, 0x00, 0xFF, 0xFF, 0xFF, 0x00, 0xFF, 0xFF, 0xFF, 0x00,
        0xFF, 0xFF, 0xFF, 0x00, 0xFF, 0xFF, 0xFF, 0x00, 0xFF, 0xFF, 0xFF, 0x00,
        0xFF, 0xFF, 0xFF, 0x00, 0xFF, 0xFF, 0xFF, 0x00, 0xFF, 0xFF, 0xFF, 0x00,
        0xFF, 0xFF, 0xFF, 0x00, 0xFF, 0xFF, 0xFF, 0x00, 0xFF, 0xFF, 0xFF, 0x00,
        0xFF, 0xFF, 0xFF, 0x00, 0xFF, 0xFF, 0xFF, 0x00, 0xFF, 0xFF, 0xFF, 0x00,
        0xFF, 0xFF, 0xFF, 0x00, 0xFF, 0xFF, 0xFF, 0x00, 0xFF, 0xFF, 0xFF, 0x00,
        0xFF, 0xFF, 0xFF, 0x00, 0xFF, 0xFF, 0xFF, 0x00, 0xFF, 0xFF, 0xFF, 0x00,
        0xFF, 0xFF, 0xFF, 0x00, 0xFF, 0xFF, 0xFF, 0x00, 0xFF, 0xFF, 0xFF, 0x00,
        0xFF, 0xFF, 0xFF, 0x00, 0xFF, 0xFF, 0xFF, 0x00, 0xFF, 0xFF, 0xFF, 0x00,
        0xFF, 0xFF, 0xFF, 0x00, 0xFF, 0xFF, 0xFF, 0x00, 0xFF, 0xFF, 0xFF, 0x00,
        0x4D, 0x4D, 0x4D, 0xFF, 0x4C, 0x4C, 0x4C, 0xFF, 0x54, 0x54, 0x54, 0xFF,
        0x5C, 0x5C, 0x5C, 0xFF, 0x5E, 0x5E, 0x5E, 0xFF, 0x5E, 0x5E, 0x5E, 0xFF,
        0x5E, 0x5E, 0x5E, 0xFF, 0x5E, 0x5E, 0x5E, 0xFF, 0x5E, 0x5E, 0x5E, 0xFF,
        0x5E, 0x5E, 0x5E, 0xFF, 0x5C, 0x5C, 0x5C, 0xFF, 0x54, 0x54, 0x54, 0xFF,
        0x4C, 0x4C, 0x4C, 0xFF, 0x4D, 0x4D, 0x4D, 0xFF, 0xFF, 0xFF, 0xFF, 0x00,
        0xFF, 0xFF, 0xFF, 0x00, 0xFF, 0xFF, 0xFF, 0x00, 0xFF, 0xFF, 0xFF, 0x00,
        0xFF, 0xFF, 0xFF, 0x00, 0xFF, 0xFF, 0xFF, 0x00, 0xFF, 0xFF, 0xFF, 0x00,
        0xFF, 0xFF, 0xFF, 0x00, 0xFF, 0xFF, 0xFF, 0x00, 0xFF, 0xFF, 0xFF, 0x00,
        0xFF, 0xFF, 0xFF, 0x00, 0xFF, 0xFF, 0xFF, 0x00, 0xFF, 0xFF, 0xFF, 0x00,
        0xFF, 0xFF, 0xFF, 0x00, 0xFF, 0xFF, 0xFF, 0x00, 0xFF, 0xFF, 0xFF, 0x00,
        0xFF, 0xFF, 0xFF, 0x00, 0xFF, 0xFF, 0xFF, 0x00, 0xFF, 0xFF, 0xFF, 0x00,
        0xFF, 0xFF, 0xFF, 0x00, 0xFF, 0xFF, 0xFF, 0x00, 0xFF, 0xFF, 0xFF, 0x00,
        0xFF, 0xFF, 0xFF, 0x00, 0xFF, 0xFF, 0xFF, 0x00, 0xFF, 0xFF, 0xFF, 0x00,
        0xFF, 0xFF, 0xFF, 0x00, 0xFF, 0xFF, 0xFF, 0x00, 0xFF, 0xFF, 0xFF, 0x00,
        0xFF, 0xFF, 0xFF, 0x00, 0xFF, 0xFF, 0xFF, 0x00, 0xFF, 0xFF, 0xFF, 0x00,
        0xFF, 0xFF, 0xFF, 0x00, 0xFF, 0xFF, 0xFF, 0x00, 0xFF, 0xFF, 0xFF, 0x00,
        0xFF, 0xFF, 0xFF, 0x00, 0xFF, 0xFF, 0xFF, 0x00, 0xFF, 0xFF, 0xFF, 0x00,
        0xFF, 0xFF, 0xFF, 0x00, 0xFF, 0xFF, 0xFF, 0x00, 0xFF, 0xFF, 0xFF, 0x00,
        0xFF, 0xFF, 0xFF, 0x00, 0xFF, 0xFF, 0xFF, 0x00, 0xFF, 0xFF, 0xFF, 0x00,
        0xFF, 0xFF, 0xFF, 0x00, 0xFF, 0xFF, 0xFF, 0x00, 0xFF, 0xFF, 0xFF, 0x00,
        0xFF, 0xFF, 0xFF, 0x00, 0xFF, 0xFF, 0xFF, 0x00, 0xFF, 0xFF, 0xFF, 0x00,
        0xFF, 0xFF, 0xFF, 0x00, 0x6E, 0x6E, 0x6E, 0xFF, 0x68, 0x68, 0x68, 0xFF,
        0x70, 0x70, 0x70, 0xFF, 0x77, 0x77, 0x77, 0xFF, 0x77, 0x77, 0x77, 0xFF,
        0x75, 0x75, 0x75, 0xFF, 0x75, 0x75, 0x75, 0xFF, 0x75, 0x75, 0x75, 0xFF,
        0x75, 0x75, 0x75, 0xFF, 0x77, 0x77, 0x77, 0xFF, 0x77, 0x77, 0x77, 0xFF,
        0x70, 0x70, 0x70, 0xFF, 0x68, 0x68, 0x68, 0xFF, 0x6E, 0x6E, 0x6E, 0xFF,
        0xFF, 0xFF, 0xFF, 0x00, 0xFF, 0xFF, 0xFF, 0x00, 0xFF, 0xFF, 0xFF, 0x00,
        0xFF, 0xFF, 0xFF, 0x00, 0xFF, 0xFF, 0xFF, 0x00, 0xFF, 0xFF, 0xFF, 0x00,
        0xFF, 0xFF, 0xFF, 0x00, 0xFF, 0xFF, 0xFF, 0x00, 0xFF, 0xFF, 0xFF, 0x00,
        0xFF, 0xFF, 0xFF, 0x00, 0xFF, 0xFF, 0xFF, 0x00, 0xFF, 0xFF, 0xFF, 0x00,
        0xFF, 0xFF, 0xFF, 0x00, 0xFF, 0xFF, 0xFF, 0x00, 0xFF, 0xFF, 0xFF, 0x00,
        0xFF, 0xFF, 0xFF, 0x00, 0xFF, 0xFF, 0xFF, 0x00, 0xFF, 0xFF, 0xFF, 0x00,
        0xFF, 0xFF, 0xFF, 0x00, 0xFF, 0xFF, 0xFF, 0x00, 0xFF, 0xFF, 0xFF, 0x00,
        0xFF, 0xFF, 0xFF, 0x00, 0xFF, 0xFF, 0xFF, 0x00, 0xFF, 0xFF, 0xFF, 0x00,
        0xFF, 0xFF, 0xFF, 0x00, 0xFF, 0xFF, 0xFF, 0x00, 0xFF, 0xFF, 0xFF, 0x00,
        0xFF, 0xFF, 0xFF, 0x00, 0xFF, 0xFF, 0xFF, 0x00, 0xFF, 0xFF, 0xFF, 0x00,
        0xFF, 0xFF, 0xFF, 0x00, 0xFF, 0xFF, 0xFF, 0x00, 0xFF, 0xFF, 0xFF, 0x00,
        0xFF, 0xFF, 0xFF, 0x00, 0xFF, 0xFF, 0xFF, 0x00, 0xFF, 0xFF, 0xFF, 0x00,
        0xFF, 0xFF, 0xFF, 0x00, 0xFF, 0xFF, 0xFF, 0x00, 0xFF, 0xFF, 0xFF, 0x00,
        0xFF, 0xFF, 0xFF, 0x00, 0xFF, 0xFF, 0xFF, 0x00, 0xFF, 0xFF, 0xFF, 0x00,
        0xFF, 0xFF, 0xFF, 0x00, 0xFF, 0xFF, 0xFF, 0x00, 0xFF, 0xFF, 0xFF, 0x00,
        0xFF, 0xFF, 0xFF, 0x00, 0xFF, 0xFF, 0xFF, 0x00, 0xFF, 0xFF, 0xFF, 0x00,
        0xFF, 0xFF, 0xFF, 0x00, 0xFF, 0xFF, 0xFF, 0x00, 0x4B, 0x4B, 0x4B, 0xFF,
        0x48, 0x48, 0x48, 0xFF, 0x50, 0x50, 0x50, 0xFF, 0x5A, 0x5A, 0x5A, 0xFF,
        0x5E, 0x5E, 0x5E, 0xFF, 0x5E, 0x5E, 0x5E, 0xFF, 0x5E, 0x5E, 0x5E, 0xFF,
        0x5E, 0x5E, 0x5E, 0xFF, 0x5E, 0x5E, 0x5E, 0xFF, 0x5E, 0x5E, 0x5E, 0xFF,
        0x5A, 0x5A, 0x5A, 0xFF, 0x50, 0x50, 0x50, 0xFF, 0x48, 0x48, 0x48, 0xFF,
        0x4B, 0x4B, 0x4B, 0xFF, 0xFF, 0xFF, 0xFF, 0x00, 0xFF, 0xFF, 0xFF, 0x00,
        0xFF, 0xFF, 0xFF, 0x00, 0xFF, 0xFF, 0xFF, 0x00, 0xFF, 0xFF, 0xFF, 0x00,
        0xFF, 0xFF, 0xFF, 0x00, 0xFF, 0xFF, 0xFF, 0x00, 0xFF, 0xFF, 0xFF, 0x00,
        0xFF, 0xFF, 0xFF, 0x00, 0xFF, 0xFF, 0xFF, 0x00, 0xFF, 0xFF, 0xFF, 0x00,
        0xFF, 0xFF, 0xFF, 0x00, 0xFF, 0xFF, 0xFF, 0x00, 0xFF, 0xFF, 0xFF, 0x00,
        0xFF, 0xFF, 0xFF, 0x00, 0xFF, 0xFF, 0xFF, 0x00, 0xFF, 0xFF, 0xFF, 0x00,
        0xFF, 0xFF, 0xFF, 0x00, 0xFF, 0xFF, 0xFF, 0x00, 0xFF, 0xFF, 0xFF, 0x00,
        0xFF, 0xFF, 0xFF, 0x00, 0xFF, 0xFF, 0xFF, 0x00, 0xFF, 0xFF, 0xFF, 0x00,
        0xFF, 0xFF, 0xFF, 0x00, 0xFF, 0xFF, 0xFF, 0x00, 0xFF, 0xFF, 0xFF, 0x00,
        0xFF, 0xFF, 0xFF, 0x00, 0xFF, 0xFF, 0xFF, 0x00, 0xFF, 0xFF, 0xFF, 0x00,
        0xFF, 0xFF, 0xFF, 0x00, 0xFF, 0xFF, 0xFF, 0x00, 0xFF, 0xFF, 0xFF, 0x00,
        0xFF, 0xFF, 0xFF, 0x00, 0xFF, 0xFF, 0xFF, 0x00, 0xFF, 0xFF, 0xFF, 0x00,
        0xFF, 0xFF, 0xFF, 0x00, 0xFF, 0xFF, 0xFF, 0x00, 0xFF, 0xFF, 0xFF, 0x00,
        0xFF, 0xFF, 0xFF, 0x00, 0xFF, 0xFF, 0xFF, 0x00, 0xFF, 0xFF, 0xFF, 0x00,
        0xFF, 0xFF, 0xFF, 0x00, 0xFF, 0xFF, 0xFF, 0x00, 0xFF, 0xFF, 0xFF, 0x00,
        0xFF, 0xFF, 0xFF, 0x00, 0xFF, 0xFF, 0xFF, 0x00, 0xFF, 0xFF, 0xFF, 0x00,
        0xFF, 0xFF, 0xFF, 0x00, 0xFF, 0xFF, 0xFF, 0x00, 0xFF, 0xFF, 0xFF, 0x00,
        0x6A, 0x6A, 0x6A, 0xFF, 0x64, 0x64, 0x64, 0xFF, 0x6C, 0x6C, 0x6C, 0xFF,
        0x77, 0x77, 0x77, 0xFF, 0x79, 0x79, 0x79, 0xFF, 0x77, 0x77, 0x77, 0xFF,
        0x77, 0x77, 0x77, 0xFF, 0x77, 0x77, 0x77, 0xFF, 0x78, 0x78, 0x78, 0xFF,
        0x79, 0x79, 0x79, 0xFF, 0x77, 0x77, 0x77, 0xFF, 0x6C, 0x6C, 0x6C, 0xFF,
        0x64, 0x64, 0x64, 0xFF, 0x6A, 0x6A, 0x6A, 0xFF, 0xFF, 0xFF, 0xFF, 0x00,
        0xFF, 0xFF, 0xFF, 0x00, 0xFF, 0xFF, 0xFF, 0x00, 0xFF, 0xFF, 0xFF, 0x00,
        0xFF, 0xFF, 0xFF, 0x00, 0xFF, 0xFF, 0xFF, 0x00, 0xFF, 0xFF, 0xFF, 0x00,
        0xFF, 0xFF, 0xFF, 0x00, 0xFF, 0xFF, 0xFF, 0x00, 0xFF, 0xFF, 0xFF, 0x00,
        0xFF, 0xFF, 0xFF, 0x00, 0xFF, 0xFF, 0xFF, 0x00, 0xFF, 0xFF, 0xFF, 0x00,
        0xFF, 0xFF, 0xFF, 0x00, 0xFF, 0xFF, 0xFF, 0x00, 0xFF, 0xFF, 0xFF, 0x00,
        0xFF, 0xFF, 0xFF, 0x00, 0xFF, 0xFF, 0xFF, 0x00, 0xFF, 0xFF, 0xFF, 0x00,
        0xFF, 0xFF, 0xFF, 0x00, 0xFF, 0xFF, 0xFF, 0x00, 0xFF, 0xFF, 0xFF, 0x00,
        0xFF, 0xFF, 0xFF, 0x00, 0xFF, 0xFF, 0xFF, 0x00, 0xFF, 0xFF, 0xFF, 0x00,
        0xFF, 0xFF, 0xFF, 0x00, 0xFF, 0xFF, 0xFF, 0x00, 0xFF, 0xFF, 0xFF, 0x00,
        0xFF, 0xFF, 0xFF, 0x00, 0xFF, 0xFF, 0xFF, 0x00, 0xFF, 0xFF, 0xFF, 0x00,
        0xFF, 0xFF, 0xFF, 0x00, 0xFF, 0xFF, 0xFF, 0x00, 0xFF, 0xFF, 0xFF, 0x00,
        0xFF, 0xFF, 0xFF, 0x00, 0xFF, 0xFF, 0xFF, 0x00, 0xFF, 0xFF, 0xFF, 0x00,
        0xFF, 0xFF, 0xFF, 0x00, 0xFF, 0xFF, 0xFF, 0x00, 0xFF, 0xFF, 0xFF, 0x00,
        0xFF, 0xFF, 0xFF, 0x00, 0xFF, 0xFF, 0xFF, 0x00, 0xFF, 0xFF, 0xFF, 0x00,
        0xFF, 0xFF, 0xFF, 0x00, 0xFF, 0xFF, 0xFF, 0x00, 0xFF, 0xFF, 0xFF, 0x00,
        0xFF, 0xFF, 0xFF, 0x00, 0xFF, 0xFF, 0xFF, 0x00, 0xFF, 0xFF, 0xFF, 0x00,
        0xFF, 0xFF, 0xFF, 0x00, 0x4A, 0x4A, 0x4A, 0xF8, 0x45, 0x45, 0x45, 0xFF,
        0x4D, 0x4D, 0x4D, 0xFF, 0x59, 0x59, 0x59, 0xFF, 0x5F, 0x5F, 0x5F, 0xFF,
        0x5F, 0x5F, 0x5F, 0xFF, 0x5F, 0x5F, 0x5F, 0xFF, 0x5F, 0x5F, 0x5F, 0xFF,
        0x5F, 0x5F, 0x5F, 0xFF, 0x5F, 0x5F, 0x5F, 0xFF, 0x59, 0x59, 0x59, 0xFF,
        0x4D, 0x4D, 0x4D, 0xFF, 0x45, 0x45, 0x45, 0xFF, 0x4A, 0x4A, 0x4A, 0xF3,
        0xFF, 0xFF, 0xFF, 0x00, 0xFF, 0xFF, 0xFF, 0x00, 0xFF, 0xFF, 0xFF, 0x00,
        0xFF, 0xFF, 0xFF, 0x00, 0xFF, 0xFF, 0xFF, 0x00, 0xFF, 0xFF, 0xFF, 0x00,
        0xFF, 0xFF, 0xFF, 0x00, 0xFF, 0xFF, 0xFF, 0x00, 0xFF, 0xFF, 0xFF, 0x00,
        0xFF, 0xFF, 0xFF, 0x00, 0xFF, 0xFF, 0xFF, 0x00, 0xFF, 0xFF, 0xFF, 0x00,
        0xFF, 0xFF, 0xFF, 0x00, 0xFF, 0xFF, 0xFF, 0x00, 0xFF, 0xFF, 0xFF, 0x00,
        0xFF, 0xFF, 0xFF, 0x00, 0xFF, 0xFF, 0xFF, 0x00, 0xFF, 0xFF, 0xFF, 0x00,
        0xFF, 0xFF, 0xFF, 0x00, 0xFF, 0xFF, 0xFF, 0x00, 0xFF, 0xFF, 0xFF, 0x00,
        0xFF, 0xFF, 0xFF, 0x00, 0xFF, 0xFF, 0xFF, 0x00, 0xFF, 0xFF, 0xFF, 0x00,
        0xFF, 0xFF, 0xFF, 0x00, 0xFF, 0xFF, 0xFF, 0x00, 0xFF, 0xFF, 0xFF, 0x00,
        0xFF, 0xFF, 0xFF, 0x00, 0xFF, 0xFF, 0xFF, 0x00, 0xFF, 0xFF, 0xFF, 0x00,
        0xFF, 0xFF, 0xFF, 0x00, 0xFF, 0xFF, 0xFF, 0x00, 0xFF, 0xFF, 0xFF, 0x00,
        0xFF, 0xFF, 0xFF, 0x00, 0xFF, 0xFF, 0xFF, 0x00, 0xFF, 0xFF, 0xFF, 0x00,
        0xFF, 0xFF, 0xFF, 0x00, 0xFF, 0xFF, 0xFF, 0x00, 0xFF, 0xFF, 0xFF, 0x00,
        0xFF, 0xFF, 0xFF, 0x00, 0xFF, 0xFF, 0xFF, 0x00, 0xFF, 0xFF, 0xFF, 0x00,
        0xFF, 0xFF, 0xFF, 0x00, 0xFF, 0xFF, 0xFF, 0x00, 0xFF, 0xFF, 0xFF, 0x00,
        0xFF, 0xFF, 0xFF, 0x00, 0xFF, 0xFF, 0xFF, 0x00, 0xFF, 0xFF, 0xFF, 0x00,
        0xFF, 0xFF, 0xFF, 0x00, 0xFF, 0xFF, 0xFF, 0x00, 0x68, 0x68, 0x68, 0xF8,
        0x61, 0x61, 0x61, 0xFF, 0x6A, 0x6A, 0x6A, 0xFF, 0x78, 0x78, 0x78, 0xFF,
        0x7C, 0x7C, 0x7C, 0xFF, 0x7B, 0x7B, 0x7B, 0xFF, 0x7A, 0x7A, 0x7A, 0xFF,
        0x7A, 0x7A, 0x7A, 0xFF, 0x7B, 0x7B, 0x7B, 0xFF, 0x7C, 0x7C, 0x7C, 0xFF,
        0x78, 0x78, 0x78, 0xFF, 0x6A, 0x6A, 0x6A, 0xFF, 0x61, 0x61, 0x61, 0xFF,
        0x68, 0x68, 0x68, 0xF3, 0xFF, 0xFF, 0xFF, 0x00, 0xFF, 0xFF, 0xFF, 0x00,
        0xFF, 0xFF, 0xFF, 0x00, 0xFF, 0xFF, 0xFF, 0x00, 0xFF, 0xFF, 0xFF, 0x00,
        0xFF, 0xFF, 0xFF, 0x00, 0xFF, 0xFF, 0xFF, 0x00, 0xFF, 0xFF, 0xFF, 0x00,
        0xFF, 0xFF, 0xFF, 0x00, 0xFF, 0xFF, 0xFF, 0x00, 0xFF, 0xFF, 0xFF, 0x00,
        0xFF, 0xFF, 0xFF, 0x00, 0xFF, 0xFF, 0xFF, 0x00, 0xFF, 0xFF, 0xFF, 0x00,
        0xFF, 0xFF, 0xFF, 0x00, 0xFF, 0xFF, 0xFF, 0x00, 0xFF, 0xFF, 0xFF, 0x00,
        0xFF, 0xFF, 0xFF, 0x00, 0xFF, 0xFF, 0xFF, 0x00, 0xFF, 0xFF, 0xFF, 0x00,
        0xFF, 0xFF, 0xFF, 0x00, 0xFF, 0xFF, 0xFF, 0x00, 0xFF, 0xFF, 0xFF, 0x00,
        0xFF, 0xFF, 0xFF, 0x00, 0xFF, 0xFF, 0xFF, 0x00, 0xFF, 0xFF, 0xFF, 0x00,
        0xFF, 0xFF, 0xFF, 0x00, 0xFF, 0xFF, 0xFF, 0x00, 0xFF, 0xFF, 0xFF, 0x00,
        0xFF, 0xFF, 0xFF, 0x00, 0xFF, 0xFF, 0xFF, 0x00, 0xFF, 0xFF, 0xFF, 0x00,
        0xFF, 0xFF, 0xFF, 0x00, 0xFF, 0xFF, 0xFF, 0x00, 0xFF, 0xFF, 0xFF, 0x00,
        0xFF, 0xFF, 0xFF, 0x00, 0xFF, 0xFF, 0xFF, 0x00, 0xFF, 0xFF, 0xFF, 0x00,
        0xFF, 0xFF, 0xFF, 0x00, 0xFF, 0xFF, 0xFF, 0x00, 0xFF, 0xFF, 0xFF, 0x00,
        0xFF, 0xFF, 0xFF, 0x00, 0xFF, 0xFF, 0xFF, 0x00, 0xFF, 0xFF, 0xFF, 0x00,
        0xFF, 0xFF, 0xFF, 0x00, 0xFF, 0xFF, 0xFF, 0x00, 0xFF, 0xFF, 0xFF, 0x00,
        0xFF, 0xFF, 0xFF, 0x00, 0xFF, 0xFF, 0xFF, 0x00, 0xFF, 0xFF, 0xFF, 0x00,
        0x4B, 0x4B, 0x4B, 0xD0, 0x44, 0x44, 0x44, 0xFF, 0x49, 0x49, 0x49, 0xFF,
        0x55, 0x55, 0x55, 0xFF, 0x5D, 0x5D, 0x5D, 0xFF, 0x5F, 0x5F, 0x5F, 0xFF,
        0x5F, 0x5F, 0x5F, 0xFF, 0x5F, 0x5F, 0x5F, 0xFF, 0x5F, 0x5F, 0x5F, 0xFF,
        0x5D, 0x5D, 0x5D, 0xFF, 0x55, 0x55, 0x55, 0xFF, 0x49, 0x49, 0x49, 0xFF,
        0x44, 0x44, 0x44, 0xFF, 0x4B, 0x4B, 0x4B, 0xD1, 0xFF, 0xFF, 0xFF, 0x00,
        0xFF, 0xFF, 0xFF, 0x00, 0xFF, 0xFF, 0xFF, 0x00, 0xFF, 0xFF, 0xFF, 0x00,
        0xFF, 0xFF, 0xFF, 0x00, 0xFF, 0xFF, 0xFF, 0x00, 0xFF, 0xFF, 0xFF, 0x00,
        0xFF, 0xFF, 0xFF, 0x00, 0xFF, 0xFF, 0xFF, 0x00, 0xFF, 0xFF, 0xFF, 0x00,
        0xFF, 0xFF, 0xFF, 0x00, 0xFF, 0xFF, 0xFF, 0x00, 0xFF, 0xFF, 0xFF, 0x00,
        0xFF, 0xFF, 0xFF, 0x00, 0xFF, 0xFF, 0xFF, 0x00, 0xFF, 0xFF, 0xFF, 0x00,
        0xFF, 0xFF, 0xFF, 0x00, 0xFF, 0xFF, 0xFF, 0x00, 0xFF, 0xFF, 0xFF, 0x00,
        0xFF, 0xFF, 0xFF, 0x00, 0xFF, 0xFF, 0xFF, 0x00, 0xFF, 0xFF, 0xFF, 0x00,
        0xFF, 0xFF, 0xFF, 0x00, 0xFF, 0xFF, 0xFF, 0x00, 0xFF, 0xFF, 0xFF, 0x00,
        0xFF, 0xFF, 0xFF, 0x00, 0xFF, 0xFF, 0xFF, 0x00, 0xFF, 0xFF, 0xFF, 0x00,
        0xFF, 0xFF, 0xFF, 0x00, 0xFF, 0xFF, 0xFF, 0x00, 0xFF, 0xFF, 0xFF, 0x00,
        0xFF, 0xFF, 0xFF, 0x00, 0xFF, 0xFF, 0xFF, 0x00, 0xFF, 0xFF, 0xFF, 0x00,
        0xFF, 0xFF, 0xFF, 0x00, 0xFF, 0xFF, 0xFF, 0x00, 0xFF, 0xFF, 0xFF, 0x00,
        0xFF, 0xFF, 0xFF, 0x00, 0xFF, 0xFF, 0xFF, 0x00, 0xFF, 0xFF, 0xFF, 0x00,
        0xFF, 0xFF, 0xFF, 0x00, 0xFF, 0xFF, 0xFF, 0x00, 0xFF, 0xFF, 0xFF, 0x00,
        0xFF, 0xFF, 0xFF, 0x00, 0xFF, 0xFF, 0xFF, 0x00, 0xFF, 0xFF, 0xFF, 0x00,
        0xFF, 0xFF, 0xFF, 0x00, 0xFF, 0xFF, 0xFF, 0x00, 0xFF, 0xFF, 0xFF, 0x00,
        0xFF, 0xFF, 0xFF, 0x00, 0x68, 0x68, 0x68, 0xD0, 0x5F, 0x5F, 0x5F, 0xFF,
        0x66, 0x66, 0x66, 0xFF, 0x74, 0x74, 0x74, 0xFF, 0x7D, 0x7D, 0x7D, 0xFF,
        0x7E, 0x7E, 0x7E, 0xFF, 0x7D, 0x7D, 0x7D, 0xFF, 0x7D, 0x7D, 0x7D, 0xFF,
        0x7E, 0x7E, 0x7E, 0xFF, 0x7D, 0x7D, 0x7D, 0xFF, 0x74, 0x74, 0x74, 0xFF,
        0x66, 0x66, 0x66, 0xFF, 0x5F, 0x5F, 0x5F, 0xFF, 0x69, 0x69, 0x69, 0xD1,
        0xFF, 0xFF, 0xFF, 0x00, 0xFF, 0xFF, 0xFF, 0x00, 0xFF, 0xFF, 0xFF, 0x00,
        0xFF, 0xFF, 0xFF, 0x00, 0xFF, 0xFF, 0xFF, 0x00, 0xFF, 0xFF, 0xFF, 0x00,
        0xFF, 0xFF, 0xFF, 0x00, 0xFF, 0xFF, 0xFF, 0x00, 0xFF, 0xFF, 0xFF, 0x00,
        0xFF, 0xFF, 0xFF, 0x00, 0xFF, 0xFF, 0xFF, 0x00, 0xFF, 0xFF, 0xFF, 0x00,
        0xFF, 0xFF, 0xFF, 0x00, 0xFF, 0xFF, 0xFF, 0x00, 0xFF, 0xFF, 0xFF, 0x00,
        0xFF, 0xFF, 0xFF, 0x00, 0xFF, 0xFF, 0xFF, 0x00, 0xFF, 0xFF, 0xFF, 0x00,
        0xFF, 0xFF, 0xFF, 0x00, 0xFF, 0xFF, 0xFF, 0x00, 0xFF, 0xFF, 0xFF, 0x00,
        0xFF, 0xFF, 0xFF, 0x00, 0xFF, 0xFF, 0xFF, 0x00, 0xFF, 0xFF, 0xFF, 0x00,
        0xFF, 0xFF, 0xFF, 0x00, 0xFF, 0xFF, 0xFF, 0x00, 0xFF, 0xFF, 0xFF, 0x00,
        0xFF, 0xFF, 0xFF, 0x00, 0xFF, 0xFF, 0xFF, 0x00, 0xFF, 0xFF, 0xFF, 0x00,
        0xFF, 0xFF, 0xFF, 0x00, 0xFF, 0xFF, 0xFF, 0x00, 0xFF, 0xFF, 0xFF, 0x00,
        0xFF, 0xFF, 0xFF, 0x00, 0xFF, 0xFF, 0xFF, 0x00, 0xFF, 0xFF, 0xFF, 0x00,
        0xFF, 0xFF, 0xFF, 0x00, 0xFF, 0xFF, 0xFF, 0x00, 0xFF, 0xFF, 0xFF, 0x00,
        0xFF, 0xFF, 0xFF, 0x00, 0xFF, 0xFF, 0xFF, 0x00, 0xFF, 0xFF, 0xFF, 0x00,
        0xFF, 0xFF, 0xFF, 0x00, 0xFF, 0xFF, 0xFF, 0x00, 0xFF, 0xFF, 0xFF, 0x00,
        0xFF, 0xFF, 0xFF, 0x00, 0xFF, 0xFF, 0xFF, 0x00, 0xFF, 0xFF, 0xFF, 0x00,
        0xFF, 0xFF, 0xFF, 0x00, 0xFF, 0xFF, 0xFF, 0x00, 0x4D, 0x4D, 0x4D, 0x82,
        0x44, 0x44, 0x44, 0xFF, 0x43, 0x43, 0x43, 0xFF, 0x4A, 0x4A, 0x4A, 0xFF,
        0x55, 0x55, 0x55, 0xFF, 0x5D, 0x5D, 0x5D, 0xFF, 0x5F, 0x5F, 0x5F, 0xFF,
        0x5F, 0x5F, 0x5F, 0xFF, 0x5D, 0x5D, 0x5D, 0xFF, 0x55, 0x55, 0x55, 0xFF,
        0x4A, 0x4A, 0x4A, 0xFF, 0x43, 0x43, 0x43, 0xFF, 0x44, 0x44, 0x44, 0xFF,
        0x4D, 0x4D, 0x4D, 0x86, 0xFF, 0xFF, 0xFF, 0x00, 0xFF, 0xFF, 0xFF, 0x00,
        0xFF, 0xFF, 0xFF, 0x00, 0xFF, 0xFF, 0xFF, 0x00, 0xFF, 0xFF, 0xFF, 0x00,
        0xFF, 0xFF, 0xFF, 0x00, 0xFF, 0xFF, 0xFF, 0x00, 0xFF, 0xFF, 0xFF, 0x00,
        0xFF, 0xFF, 0xFF, 0x00, 0xFF, 0xFF, 0xFF, 0x00, 0xFF, 0xFF, 0xFF, 0x00,
        0xFF, 0xFF, 0xFF, 0x00, 0xFF, 0xFF, 0xFF, 0x00, 0xFF, 0xFF, 0xFF, 0x00,
        0xFF, 0xFF, 0xFF, 0x00, 0xFF, 0xFF, 0xFF, 0x00, 0xFF, 0xFF, 0xFF, 0x00,
        0xFF, 0xFF, 0xFF, 0x00, 0xFF, 0xFF, 0xFF, 0x00, 0xFF, 0xFF, 0xFF, 0x00,
        0xFF, 0xFF, 0xFF, 0x00, 0xFF, 0xFF, 0xFF, 0x00, 0xFF, 0xFF, 0xFF, 0x00,
        0xFF, 0xFF, 0xFF, 0x00, 0xFF, 0xFF, 0xFF, 0x00, 0xFF, 0xFF, 0xFF, 0x00,
        0xFF, 0xFF, 0xFF, 0x00, 0xFF, 0xFF, 0xFF, 0x00, 0xFF, 0xFF, 0xFF, 0x00,
        0xFF, 0xFF, 0xFF, 0x00, 0xFF, 0xFF, 0xFF, 0x00, 0xFF, 0xFF, 0xFF, 0x00,
        0xFF, 0xFF, 0xFF, 0x00, 0xFF, 0xFF, 0xFF, 0x00, 0xFF, 0xFF, 0xFF, 0x00,
        0xFF, 0xFF, 0xFF, 0x00, 0xFF, 0xFF, 0xFF, 0x00, 0xFF, 0xFF, 0xFF, 0x00,
        0xFF, 0xFF, 0xFF, 0x00, 0xFF, 0xFF, 0xFF, 0x00, 0xFF, 0xFF, 0xFF, 0x00,
        0xFF, 0xFF, 0xFF, 0x00, 0xFF, 0xFF, 0xFF, 0x00, 0xFF, 0xFF, 0xFF, 0x00,
        0xFF, 0xFF, 0xFF, 0x00, 0xFF, 0xFF, 0xFF, 0x00, 0xFF, 0xFF, 0xFF, 0x00,
        0xFF, 0xFF, 0xFF, 0x00, 0xFF, 0xFF, 0xFF, 0x00, 0xFF, 0xFF, 0xFF, 0x00,
        0x6C, 0x6C, 0x6C, 0x82, 0x5F, 0x5F, 0x5F, 0xFF, 0x5D, 0x5D, 0x5D, 0xFF,
        0x67, 0x67, 0x67, 0xFF, 0x75, 0x75, 0x75, 0xFF, 0x7E, 0x7E, 0x7E, 0xFF,
        0x80, 0x80, 0x80, 0xFF, 0x80, 0x80, 0x80, 0xFF, 0x7E, 0x7E, 0x7E, 0xFF,
        0x75, 0x75, 0x75, 0xFF, 0x67, 0x67, 0x67, 0xFF, 0x5D, 0x5D, 0x5D, 0xFF,
        0x5F, 0x5F, 0x5F, 0xFF, 0x6C, 0x6C, 0x6C, 0x86, 0xFF, 0xFF, 0xFF, 0x00,
        0xFF, 0xFF, 0xFF, 0x00, 0xFF, 0xFF, 0xFF, 0x00, 0xFF, 0xFF, 0xFF, 0x00,
        0xFF, 0xFF, 0xFF, 0x00, 0xFF, 0xFF, 0xFF, 0x00, 0xFF, 0xFF, 0xFF, 0x00,
        0xFF, 0xFF, 0xFF, 0x00, 0xFF, 0xFF, 0xFF, 0x00, 0xFF, 0xFF, 0xFF, 0x00,
        0xFF, 0xFF, 0xFF, 0x00, 0xFF, 0xFF, 0xFF, 0x00, 0xFF, 0xFF, 0xFF, 0x00,
        0xFF, 0xFF, 0xFF, 0x00, 0xFF, 0xFF, 0xFF, 0x00, 0xFF, 0xFF, 0xFF, 0x00,
        0xFF, 0xFF, 0xFF, 0x00, 0xFF, 0xFF, 0xFF, 0x00, 0xFF, 0xFF, 0xFF, 0x00,
        0xFF, 0xFF, 0xFF, 0x00, 0xFF, 0xFF, 0xFF, 0x00, 0xFF, 0xFF, 0xFF, 0x00,
        0xFF, 0xFF, 0xFF, 0x00, 0xFF, 0xFF, 0xFF, 0x00, 0xFF, 0xFF, 0xFF, 0x00,
        0xFF, 0xFF, 0xFF, 0x00, 0xFF, 0xFF, 0xFF, 0x00, 0xFF, 0xFF, 0xFF, 0x00,
        0xFF, 0xFF, 0xFF, 0x00, 0xFF, 0xFF, 0xFF, 0x00, 0xFF, 0xFF, 0xFF, 0x00,
        0xFF, 0xFF, 0xFF, 0x00, 0xFF, 0xFF, 0xFF, 0x00, 0xFF, 0xFF, 0xFF, 0x00,
        0xFF, 0xFF, 0xFF, 0x00, 0xFF, 0xFF, 0xFF, 0x00, 0xFF, 0xFF, 0xFF, 0x00,
        0xFF, 0xFF, 0xFF, 0x00, 0xFF, 0xFF, 0xFF, 0x00, 0xFF, 0xFF, 0xFF, 0x00,
        0xFF, 0xFF, 0xFF, 0x00, 0xFF, 0xFF, 0xFF, 0x00, 0xFF, 0xFF, 0xFF, 0x00,
        0xFF, 0xFF, 0xFF, 0x00, 0xFF, 0xFF, 0xFF, 0x00, 0xFF, 0xFF, 0xFF, 0x00,
        0xFF, 0xFF, 0xFF, 0x00, 0xFF, 0xFF, 0xFF, 0x00, 0xFF, 0xFF, 0xFF, 0x00,
        0xFF, 0xFF, 0xFF, 0x00, 0x51, 0x51, 0x51, 0x16, 0x46, 0x46, 0x46, 0xF1,
        0x40, 0x40, 0x40, 0xFF, 0x42, 0x42, 0x42, 0xFF, 0x49, 0x49, 0x49, 0xFF,
        0x53, 0x53, 0x53, 0xFF, 0x57, 0x57, 0x57, 0xFF, 0x57, 0x57, 0x57, 0xFF,
        0x53, 0x53, 0x53, 0xFF, 0x49, 0x49, 0x49, 0xFF, 0x42, 0x42, 0x42, 0xFF,
        0x40, 0x40, 0x40, 0xFF, 0x46, 0x46, 0x46, 0xF1, 0x51, 0x51, 0x51, 0x16,
        0xFF, 0xFF, 0xFF, 0x00, 0xFF, 0xFF, 0xFF, 0x00, 0xFF, 0xFF, 0xFF, 0x00,
        0xFF, 0xFF, 0xFF, 0x00, 0xFF, 0xFF, 0xFF, 0x00, 0xFF, 0xFF, 0xFF, 0x00,
        0xFF, 0xFF, 0xFF, 0x00, 0xFF, 0xFF, 0xFF, 0x00, 0xFF, 0xFF, 0xFF, 0x00,
        0xFF, 0xFF, 0xFF, 0x00, 0xFF, 0xFF, 0xFF, 0x00, 0xFF, 0xFF, 0xFF, 0x00,
        0xFF, 0xFF, 0xFF, 0x00, 0xFF, 0xFF, 0xFF, 0x00, 0xFF, 0xFF, 0xFF, 0x00,
        0xFF, 0xFF, 0xFF, 0x00, 0xFF, 0xFF, 0xFF, 0x00, 0xFF, 0xFF, 0xFF, 0x00,
        0xFF, 0xFF, 0xFF, 0x00, 0xFF, 0xFF, 0xFF, 0x00, 0xFF, 0xFF, 0xFF, 0x00,
        0xFF, 0xFF, 0xFF, 0x00, 0xFF, 0xFF, 0xFF, 0x00, 0xFF, 0xFF, 0xFF, 0x00,
        0xFF, 0xFF, 0xFF, 0x00, 0xFF, 0xFF, 0xFF, 0x00, 0xFF, 0xFF, 0xFF, 0x00,
        0xFF, 0xFF, 0xFF, 0x00, 0xFF, 0xFF, 0xFF, 0x00, 0xFF, 0xFF, 0xFF, 0x00,
        0xFF, 0xFF, 0xFF, 0x00, 0xFF, 0xFF, 0xFF, 0x00, 0xFF, 0xFF, 0xFF, 0x00,
        0xFF, 0xFF, 0xFF, 0x00, 0xFF, 0xFF, 0xFF, 0x00, 0xFF, 0xFF, 0xFF, 0x00,
        0xFF, 0xFF, 0xFF, 0x00, 0xFF, 0xFF, 0xFF, 0x00, 0xFF, 0xFF, 0xFF, 0x00,
        0xFF, 0xFF, 0xFF, 0x00, 0xFF, 0xFF, 0xFF, 0x00, 0xFF, 0xFF, 0xFF, 0x00,
        0xFF, 0xFF, 0xFF, 0x00, 0xFF, 0xFF, 0xFF, 0x00, 0xFF, 0xFF, 0xFF, 0x00,
        0xFF, 0xFF, 0xFF, 0x00, 0xFF, 0xFF, 0xFF, 0x00, 0xFF, 0xFF, 0xFF, 0x00,
        0xFF, 0xFF, 0xFF, 0x00, 0xFF, 0xFF, 0xFF, 0x00, 0x71, 0x71, 0x71, 0x16,
        0x62, 0x62, 0x62, 0xF1, 0x5A, 0x5A, 0x5A, 0xFF, 0x5C, 0x5C, 0x5C, 0xFF,
        0x67, 0x67, 0x67, 0xFF, 0x74, 0x74, 0x74, 0xFF, 0x79, 0x79, 0x79, 0xFF,
        0x79, 0x79, 0x79, 0xFF, 0x74, 0x74, 0x74, 0xFF, 0x67, 0x67, 0x67, 0xFF,
        0x5C, 0x5C, 0x5C, 0xFF, 0x5A, 0x5A, 0x5A, 0xFF, 0x62, 0x62, 0x62, 0xF1,
        0x71, 0x71, 0x71, 0x16, 0xFF, 0xFF, 0xFF, 0x00, 0xFF, 0xFF, 0xFF, 0x00,
        0xFF, 0xFF, 0xFF, 0x00, 0xFF, 0xFF, 0xFF, 0x00, 0xFF, 0xFF, 0xFF, 0x00,
        0xFF, 0xFF, 0xFF, 0x00, 0xFF, 0xFF, 0xFF, 0x00, 0xFF, 0xFF, 0xFF, 0x00,
        0xFF, 0xFF, 0xFF, 0x00, 0xFF, 0xFF, 0xFF, 0x00, 0xFF, 0xFF, 0xFF, 0x00,
        0xFF, 0xFF, 0xFF, 0x00, 0xFF, 0xFF, 0xFF, 0x00, 0xFF, 0xFF, 0xFF, 0x00,
        0xFF, 0xFF, 0xFF, 0x00, 0xFF, 0xFF, 0xFF, 0x00, 0xFF, 0xFF, 0xFF, 0x00,
        0xFF, 0xFF, 0xFF, 0x00, 0xFF, 0xFF, 0xFF, 0x00, 0xFF, 0xFF, 0xFF, 0x00,
        0xFF, 0xFF, 0xFF, 0x00, 0xFF, 0xFF, 0xFF, 0x00, 0xFF, 0xFF, 0xFF, 0x00,
        0xFF, 0xFF, 0xFF, 0x00, 0xFF, 0xFF, 0xFF, 0x00, 0xFF, 0xFF, 0xFF, 0x00,
        0xFF, 0xFF, 0xFF, 0x00, 0xFF, 0xFF, 0xFF, 0x00, 0xFF, 0xFF, 0xFF, 0x00,
        0xFF, 0xFF, 0xFF, 0x00, 0xFF, 0xFF, 0xFF, 0x00, 0xFF, 0xFF, 0xFF, 0x00,
        0xFF, 0xFF, 0xFF, 0x00, 0xFF, 0xFF, 0xFF, 0x00, 0xFF, 0xFF, 0xFF, 0x00,
        0xFF, 0xFF, 0xFF, 0x00, 0xFF, 0xFF, 0xFF, 0x00, 0xFF, 0xFF, 0xFF, 0x00,
        0xFF, 0xFF, 0xFF, 0x00, 0xFF, 0xFF, 0xFF, 0x00, 0xFF, 0xFF, 0xFF, 0x00,
        0xFF, 0xFF, 0xFF, 0x00, 0xFF, 0xFF, 0xFF, 0x00, 0xFF, 0xFF, 0xFF, 0x00,
        0xFF, 0xFF, 0xFF, 0x00, 0xFF, 0xFF, 0xFF, 0x00, 0xFF, 0xFF, 0xFF, 0x00,
        0xFF, 0xFF, 0xFF, 0x00, 0xFF, 0xFF, 0xFF, 0x00, 0xFF, 0xFF, 0xFF, 0x00,
        0xFF, 0xFF, 0xFF, 0x00, 0x4C, 0x4C, 0x4C, 0x53, 0x43, 0x43, 0x43, 0xFE,
        0x40, 0x40, 0x40, 0xFF, 0x42, 0x42, 0x42, 0xFF, 0x46, 0x46, 0x46, 0xFF,
        0x48, 0x48, 0x48, 0xFF, 0x48, 0x48, 0x48, 0xFF, 0x46, 0x46, 0x46, 0xFF,
        0x42, 0x42, 0x42, 0xFF, 0x40, 0x40, 0x40, 0xFF, 0x43, 0x43, 0x43, 0xFE,
        0x4C, 0x4C, 0x4C, 0x53, 0xFF, 0xFF, 0xFF, 0x00, 0xFF, 0xFF, 0xFF, 0x00,
        0xFF, 0xFF, 0xFF, 0x00, 0xFF, 0xFF, 0xFF, 0x00, 0xFF, 0xFF, 0xFF, 0x00,
        0xFF, 0xFF, 0xFF, 0x00, 0xFF, 0xFF, 0xFF, 0x00, 0xFF, 0xFF, 0xFF, 0x00,
        0xFF, 0xFF, 0xFF, 0x00, 0xFF, 0xFF, 0xFF, 0x00, 0xFF, 0xFF, 0xFF, 0x00,
        0xFF, 0xFF, 0xFF, 0x00, 0xFF, 0xFF, 0xFF, 0x00, 0xFF, 0xFF, 0xFF, 0x00,
        0xFF, 0xFF, 0xFF, 0x00, 0xFF, 0xFF, 0xFF, 0x00, 0xFF, 0xFF, 0xFF, 0x00,
        0xFF, 0xFF, 0xFF, 0x00, 0xFF, 0xFF, 0xFF, 0x00, 0xFF, 0xFF, 0xFF, 0x00,
        0xFF, 0xFF, 0xFF, 0x00, 0xFF, 0xFF, 0xFF, 0x00, 0xFF, 0xFF, 0xFF, 0x00,
        0xFF, 0xFF, 0xFF, 0x00, 0xFF, 0xFF, 0xFF, 0x00, 0xFF, 0xFF, 0xFF, 0x00,
        0xFF, 0xFF, 0xFF, 0x00, 0xFF, 0xFF, 0xFF, 0x00, 0xFF, 0xFF, 0xFF, 0x00,
        0xFF, 0xFF, 0xFF, 0x00, 0xFF, 0xFF, 0xFF, 0x00, 0xFF, 0xFF, 0xFF, 0x00,
        0xFF, 0xFF, 0xFF, 0x00, 0xFF, 0xFF, 0xFF, 0x00, 0xFF, 0xFF, 0xFF, 0x00,
        0xFF, 0xFF, 0xFF, 0x00, 0xFF, 0xFF, 0xFF, 0x00, 0xFF, 0xFF, 0xFF, 0x00,
        0xFF, 0xFF, 0xFF, 0x00, 0xFF, 0xFF, 0xFF, 0x00, 0xFF, 0xFF, 0xFF, 0x00,
        0xFF, 0xFF, 0xFF, 0x00, 0xFF, 0xFF, 0xFF, 0x00, 0xFF, 0xFF, 0xFF, 0x00,
        0xFF, 0xFF, 0xFF, 0x00, 0xFF, 0xFF, 0xFF, 0x00, 0xFF, 0xFF, 0xFF, 0x00,
        0xFF, 0xFF, 0xFF, 0x00, 0xFF, 0xFF, 0xFF, 0x00, 0xFF, 0xFF, 0xFF, 0x00,
        0xFF, 0xFF, 0xFF, 0x00, 0xFF, 0xFF, 0xFF, 0x00, 0x6A, 0x6A, 0x6A, 0x53,
        0x5E, 0x5E, 0x5E, 0xFE, 0x5A, 0x5A, 0x5A, 0xFF, 0x5C, 0x5C, 0x5C, 0xFF,
        0x62, 0x62, 0x62, 0xFF, 0x64, 0x64, 0x64, 0xFF, 0x64, 0x64, 0x64, 0xFF,
        0x62, 0x62, 0x62, 0xFF, 0x5C, 0x5C, 0x5C, 0xFF, 0x5A, 0x5A, 0x5A, 0xFF,
        0x5E, 0x5E, 0x5E, 0xFE, 0x6A, 0x6A, 0x6A, 0x53, 0xFF, 0xFF, 0xFF, 0x00,
        0xFF, 0xFF, 0xFF, 0x00, 0xFF, 0xFF, 0xFF, 0x00, 0xFF, 0xFF, 0xFF, 0x00,
        0xFF, 0xFF, 0xFF, 0x00, 0xFF, 0xFF, 0xFF, 0x00, 0xFF, 0xFF, 0xFF, 0x00,
        0xFF, 0xFF, 0xFF, 0x00, 0xFF, 0xFF, 0xFF, 0x00, 0xFF, 0xFF, 0xFF, 0x00,
        0xFF, 0xFF, 0xFF, 0x00, 0xFF, 0xFF, 0xFF, 0x00, 0xFF, 0xFF, 0xFF, 0x00,
        0xFF, 0xFF, 0xFF, 0x00, 0xFF, 0xFF, 0xFF, 0x00, 0xFF, 0xFF, 0xFF, 0x00,
        0xFF, 0xFF, 0xFF, 0x00, 0xFF, 0xFF, 0xFF, 0x00, 0xFF, 0xFF, 0xFF, 0x00,
        0xFF, 0xFF, 0xFF, 0x00, 0xFF, 0xFF, 0xFF, 0x00, 0xFF, 0xFF, 0xFF, 0x00,
        0xFF, 0xFF, 0xFF, 0x00, 0xFF, 0xFF, 0xFF, 0x00, 0xFF, 0xFF, 0xFF, 0x00,
        0xFF, 0xFF, 0xFF, 0x00, 0xFF, 0xFF, 0xFF, 0x00, 0xFF, 0xFF, 0xFF, 0x00,
        0xFF, 0xFF, 0xFF, 0x00, 0xFF, 0xFF, 0xFF, 0x00, 0xFF, 0xFF, 0xFF, 0x00,
        0xFF, 0xFF, 0xFF, 0x00, 0xFF, 0xFF, 0xFF, 0x00, 0xFF, 0xFF, 0xFF, 0x00,
        0xFF, 0xFF, 0xFF, 0x00, 0xFF, 0xFF, 0xFF, 0x00, 0xFF, 0xFF, 0xFF, 0x00,
        0xFF, 0xFF, 0xFF, 0x00, 0xFF, 0xFF, 0xFF, 0x00, 0xFF, 0xFF, 0xFF, 0x00,
        0xFF, 0xFF, 0xFF, 0x00, 0xFF, 0xFF, 0xFF, 0x00, 0xFF, 0xFF, 0xFF, 0x00,
        0xFF, 0xFF, 0xFF, 0x00, 0xFF, 0xFF, 0xFF, 0x00, 0xFF, 0xFF, 0xFF, 0x00,
        0xFF, 0xFF, 0xFF, 0x00, 0xFF, 0xFF, 0xFF, 0x00, 0xFF, 0xFF, 0xFF, 0x00,
        0xFF, 0xFF, 0xFF, 0x00, 0xFF, 0xFF, 0xFF, 0x00, 0xFF, 0xFF, 0xFF, 0x00,
        0xFF, 0xFF, 0xFF, 0x00, 0x4B, 0x4B, 0x4B, 0x54, 0x44, 0x44, 0x44, 0xF2,
        0x41, 0x41, 0x41, 0xFF, 0x40, 0x40, 0x40, 0xFF, 0x40, 0x40, 0x40, 0xFF,
        0x40, 0x40, 0x40, 0xFF, 0x40, 0x40, 0x40, 0xFF, 0x41, 0x41, 0x41, 0xFF,
        0x44, 0x44, 0x44, 0xF2, 0x4B, 0x4B, 0x4B, 0x53, 0xFF, 0xFF, 0xFF, 0x00,
        0xFF, 0xFF, 0xFF, 0x00, 0xFF, 0xFF, 0xFF, 0x00, 0xFF, 0xFF, 0xFF, 0x00,
        0xFF, 0xFF, 0xFF, 0x00, 0xFF, 0xFF, 0xFF, 0x00, 0xFF, 0xFF, 0xFF, 0x00,
        0xFF, 0xFF, 0xFF, 0x00, 0xFF, 0xFF, 0xFF, 0x00, 0xFF, 0xFF, 0xFF, 0x00,
        0xFF, 0xFF, 0xFF, 0x00, 0xFF, 0xFF, 0xFF, 0x00, 0xFF, 0xFF, 0xFF, 0x00,
        0xFF, 0xFF, 0xFF, 0x00, 0xFF, 0xFF, 0xFF, 0x00, 0xFF, 0xFF, 0xFF, 0x00,
        0xFF, 0xFF, 0xFF, 0x00, 0xFF, 0xFF, 0xFF, 0x00, 0xFF, 0xFF, 0xFF, 0x00,
        0xFF, 0xFF, 0xFF, 0x00, 0xFF, 0xFF, 0xFF, 0x00, 0xFF, 0xFF, 0xFF, 0x00,
        0xFF, 0xFF, 0xFF, 0x00, 0xFF, 0xFF, 0xFF, 0x00, 0xFF, 0xFF, 0xFF, 0x00,
        0xFF, 0xFF, 0xFF, 0x00, 0xFF, 0xFF, 0xFF, 0x00, 0xFF, 0xFF, 0xFF, 0x00,
        0xFF, 0xFF, 0xFF, 0x00, 0xFF, 0xFF, 0xFF, 0x00, 0xFF, 0xFF, 0xFF, 0x00,
        0xFF, 0xFF, 0xFF, 0x00, 0xFF, 0xFF, 0xFF, 0x00, 0xFF, 0xFF, 0xFF, 0x00,
        0xFF, 0xFF, 0xFF, 0x00, 0xFF, 0xFF, 0xFF, 0x00, 0xFF, 0xFF, 0xFF, 0x00,
        0xFF, 0xFF, 0xFF, 0x00, 0xFF, 0xFF, 0xFF, 0x00, 0xFF, 0xFF, 0xFF, 0x00,
        0xFF, 0xFF, 0xFF, 0x00, 0xFF, 0xFF, 0xFF, 0x00, 0xFF, 0xFF, 0xFF, 0x00,
        0xFF, 0xFF, 0xFF, 0x00, 0xFF, 0xFF, 0xFF, 0x00, 0xFF, 0xFF, 0xFF, 0x00,
        0xFF, 0xFF, 0xFF, 0x00, 0xFF, 0xFF, 0xFF, 0x00, 0xFF, 0xFF, 0xFF, 0x00,
        0xFF, 0xFF, 0xFF, 0x00, 0xFF, 0xFF, 0xFF, 0x00, 0xFF, 0xFF, 0xFF, 0x00,
        0xFF, 0xFF, 0xFF, 0x00, 0xFF, 0xFF, 0xFF, 0x00, 0x68, 0x68, 0x68, 0x54,
        0x5F, 0x5F, 0x5F, 0xF2, 0x5B, 0x5B, 0x5B, 0xFF, 0x59, 0x59, 0x59, 0xFF,
        0x59, 0x59, 0x59, 0xFF, 0x59, 0x59, 0x59, 0xFF, 0x59, 0x59, 0x59, 0xFF,
        0x5B, 0x5B, 0x5B, 0xFF, 0x5F, 0x5F, 0x5F, 0xF2, 0x68, 0x68, 0x68, 0x53,
        0xFF, 0xFF, 0xFF, 0x00, 0xFF, 0xFF, 0xFF, 0x00, 0xFF, 0xFF, 0xFF, 0x00,
        0xFF, 0xFF, 0xFF, 0x00, 0xFF, 0xFF, 0xFF, 0x00, 0xFF, 0xFF, 0xFF, 0x00,
        0xFF, 0xFF, 0xFF, 0x00, 0xFF, 0xFF, 0xFF, 0x00, 0xFF, 0xFF, 0xFF, 0x00,
        0xFF, 0xFF, 0xFF, 0x00, 0xFF, 0xFF, 0xFF, 0x00, 0xFF, 0xFF, 0xFF, 0x00,
        0xFF, 0xFF, 0xFF, 0x00, 0xFF, 0xFF, 0xFF, 0x00, 0xFF, 0xFF, 0xFF, 0x00,
        0xFF, 0xFF, 0xFF, 0x00, 0xFF, 0xFF, 0xFF, 0x00, 0xFF, 0xFF, 0xFF, 0x00,
        0xFF, 0xFF, 0xFF, 0x00, 0xFF, 0xFF, 0xFF, 0x00, 0xFF, 0xFF, 0xFF, 0x00,
        0xFF, 0xFF, 0xFF, 0x00, 0xFF, 0xFF, 0xFF, 0x00, 0xFF, 0xFF, 0xFF, 0x00,
        0xFF, 0xFF, 0xFF, 0x00, 0xFF, 0xFF, 0xFF, 0x00, 0xFF, 0xFF, 0xFF, 0x00,
        0xFF, 0xFF, 0xFF, 0x00, 0xFF, 0xFF, 0xFF, 0x00, 0xFF, 0xFF, 0xFF, 0x00,
        0xFF, 0xFF, 0xFF, 0x00, 0xFF, 0xFF, 0xFF, 0x00, 0xFF, 0xFF, 0xFF, 0x00,
        0xFF, 0xFF, 0xFF, 0x00, 0xFF, 0xFF, 0xFF, 0x00, 0xFF, 0xFF, 0xFF, 0x00,
        0xFF, 0xFF, 0xFF, 0x00, 0xFF, 0xFF, 0xFF, 0x00, 0xFF, 0xFF, 0xFF, 0x00,
        0xFF, 0xFF, 0xFF, 0x00, 0xFF, 0xFF, 0xFF, 0x00, 0xFF, 0xFF, 0xFF, 0x00,
        0xFF, 0xFF, 0xFF, 0x00, 0xFF, 0xFF, 0xFF, 0x00, 0xFF, 0xFF, 0xFF, 0x00,
        0xFF, 0xFF, 0xFF, 0x00, 0xFF, 0xFF, 0xFF, 0x00, 0xFF, 0xFF, 0xFF, 0x00,
        0xFF, 0xFF, 0xFF, 0x00, 0xFF, 0xFF, 0xFF, 0x00, 0xFF, 0xFF, 0xFF, 0x00,
        0xFF, 0xFF, 0xFF, 0x00, 0xFF, 0xFF, 0xFF, 0x00, 0xFF, 0xFF, 0xFF, 0x00,
        0xFF, 0xFF, 0xFF, 0x00, 0x4D, 0x4D, 0x4D, 0x14, 0x48, 0x48, 0x48, 0x86,
        0x45, 0x45, 0x45, 0xD3, 0x45, 0x45, 0x45, 0xFA, 0x45, 0x45, 0x45, 0xF4,
        0x45, 0x45, 0x45, 0xCE, 0x48, 0x48, 0x48, 0x83, 0x4D, 0x4D, 0x4D, 0x14,
        0xFF, 0xFF, 0xFF, 0x00, 0xFF, 0xFF, 0xFF, 0x00, 0xFF, 0xFF, 0xFF, 0x00,
        0xFF, 0xFF, 0xFF, 0x00, 0xFF, 0xFF, 0xFF, 0x00, 0xFF, 0xFF, 0xFF, 0x00,
        0xFF, 0xFF, 0xFF, 0x00, 0xFF, 0xFF, 0xFF, 0x00, 0xFF, 0xFF, 0xFF, 0x00,
        0xFF, 0xFF, 0xFF, 0x00, 0xFF, 0xFF, 0xFF, 0x00, 0xFF, 0xFF, 0xFF, 0x00,
        0xFF, 0xFF, 0xFF, 0x00, 0xFF, 0xFF, 0xFF, 0x00, 0xFF, 0xFF, 0xFF, 0x00,
        0xFF, 0xFF, 0xFF, 0x00, 0xFF, 0xFF, 0xFF, 0x00, 0xFF, 0xFF, 0xFF, 0x00,
        0xFF, 0xFF, 0xFF, 0x00, 0xFF, 0xFF, 0xFF, 0x00, 0xFF, 0xFF, 0xFF, 0x00,
        0xFF, 0xFF, 0xFF, 0x00, 0xFF, 0xFF, 0xFF, 0x00, 0xFF, 0xFF, 0xFF, 0x00,
        0xFF, 0xFF, 0xFF, 0x00, 0xFF, 0xFF, 0xFF, 0x00, 0xFF, 0xFF, 0xFF, 0x00,
        0xFF, 0xFF, 0xFF, 0x00, 0xFF, 0xFF, 0xFF, 0x00, 0xFF, 0xFF, 0xFF, 0x00,
        0xFF, 0xFF, 0xFF, 0x00, 0xFF, 0xFF, 0xFF, 0x00, 0xFF, 0xFF, 0xFF, 0x00,
        0xFF, 0xFF, 0xFF, 0x00, 0xFF, 0xFF, 0xFF, 0x00, 0xFF, 0xFF, 0xFF, 0x00,
        0xFF, 0xFF, 0xFF, 0x00, 0xFF, 0xFF, 0xFF, 0x00, 0xFF, 0xFF, 0xFF, 0x00,
        0xFF, 0xFF, 0xFF, 0x00, 0xFF, 0xFF, 0xFF, 0x00, 0xFF, 0xFF, 0xFF, 0x00,
        0xFF, 0xFF, 0xFF, 0x00, 0xFF, 0xFF, 0xFF, 0x00, 0xFF, 0xFF, 0xFF, 0x00,
        0xFF, 0xFF, 0xFF, 0x00, 0xFF, 0xFF, 0xFF, 0x00, 0xFF, 0xFF, 0xFF, 0x00,
        0xFF, 0xFF, 0xFF, 0x00, 0xFF, 0xFF, 0xFF, 0x00, 0xFF, 0xFF, 0xFF, 0x00,
        0xFF, 0xFF, 0xFF, 0x00, 0xFF, 0xFF, 0xFF, 0x00, 0xFF, 0xFF, 0xFF, 0x00,
        0xFF, 0xFF, 0xFF, 0x00, 0xFF, 0xFF, 0xFF, 0x00, 0x6C, 0x6C, 0x6C, 0x14,
        0x64, 0x64, 0x64, 0x86, 0x60, 0x60, 0x60, 0xD3, 0x60, 0x60, 0x60, 0xFA,
        0x60, 0x60, 0x60, 0xF4, 0x60, 0x60, 0x60, 0xCE, 0x64, 0x64, 0x64, 0x83,
        0x6C, 0x6C, 0x6C, 0x14, 0xFF, 0xFF, 0xFF, 0x00, 0xFF, 0xFF, 0xFF, 0x00,
        0xFF, 0xFF, 0xFF, 0x00, 0xFF, 0xFF, 0xFF, 0x00, 0xFF, 0xFF, 0xFF, 0x00,
        0xFF, 0xFF, 0xFF, 0x00, 0xFF, 0xFF, 0xFF, 0x00, 0xFF, 0xFF, 0xFF, 0x00,
        0xFF, 0xFF, 0xFF, 0x00, 0xFF, 0xFF, 0xFF, 0x00, 0xFF, 0xFF, 0xFF, 0x00,
        0xFF, 0xFF, 0xFF, 0x00, 0xFF, 0xFF, 0xFF, 0x00, 0xFF, 0xFF, 0xFF, 0x00,
        0xFF, 0xFF, 0xFF, 0x00, 0xFF, 0xFF, 0xFF, 0x00, 0xFF, 0xFF, 0xFF, 0x00,
        0xFF, 0xFF, 0xFF, 0x00, 0xFF, 0xFF, 0xFF, 0x00, 0xFF, 0xFF, 0xFF, 0x00,
        0xFF, 0xFF, 0xFF, 0x00, 0xFF, 0xFF, 0xFF, 0x00, 0xFF, 0xFF, 0xFF, 0x00,
        0xFF, 0xFF, 0xFF, 0x00, 0xFF, 0xFF, 0xFF, 0x00, 0xFF, 0xFF, 0xFF, 0x00,
        0xFF, 0xFF, 0xFF, 0x00, 0xFF, 0xFF, 0xFF, 0x00, 0xFF, 0xFF, 0xFF, 0x00,
        0xFF, 0xFF, 0xFF, 0x00, 0xFF, 0xFF, 0xFF, 0x00, 0xFF, 0xFF, 0xFF, 0x00,
        0xFF, 0xFF, 0xFF, 0x00, 0xFF, 0xFF, 0xFF, 0x00, 0xFF, 0xFF, 0xFF, 0x00,
        0xFF, 0xFF, 0xFF, 0x00, 0xFF, 0xFF, 0xFF, 0x00, 0xFF, 0xFF, 0xFF, 0x00,
        0xFF, 0xFF, 0xFF, 0x00, 0xFF, 0xFF, 0xFF, 0x00, 0xFF, 0xFF, 0xFF, 0x00,
        0xFF, 0xFF, 0xFF, 0x00, 0xFF, 0xFF, 0xFF, 0x00, 0xFF, 0xFF, 0xFF, 0x00,
        0xFF, 0xFF, 0xFF, 0x00, 0xFF, 0xFF, 0xFF, 0x00, 0xFF, 0xFF, 0xFF, 0x00,
        0xFF, 0xFF, 0xFF, 0x00, 0xFF, 0xFF, 0xFF, 0x00, 0xFF, 0xFF, 0xFF, 0x00,
        0xFF, 0xFF, 0xFF, 0x00, 0xFF, 0xFF, 0xFF, 0x00, 0xFF, 0xFF, 0xFF, 0x00,
        0xFF, 0xFF, 0xFF, 0x00, 0xFF, 0xFF, 0xFF, 0x00, 0xFF, 0xFF, 0xFF, 0x00,
        0xFF, 0xFF, 0xFF, 0x00, 0xFF, 0xFF, 0xFF, 0x00, 0xFF, 0xFF, 0xFF, 0x00,
        0xFF, 0xFF, 0xFF, 0x00, 0xFF, 0xFF, 0xFF, 0x00, 0xFF, 0xFF, 0xFF, 0x00,
        0xFF, 0xFF, 0xFF, 0x00, 0xFF, 0xFF, 0xFF, 0x00, 0xFF, 0xFF, 0xFF, 0x00,
        0xFF, 0xFF, 0xFF, 0x00, 0xFF, 0xFF, 0xFF, 0x00, 0xFF, 0xFF, 0xFF, 0x00,
        0xFF, 0xFF, 0xFF, 0x00, 0xFF, 0xFF, 0xFF, 0x00, 0xFF, 0xFF, 0xFF, 0x00,
        0xFF, 0xFF, 0xFF, 0x00, 0xFF, 0xFF, 0xFF, 0x00, 0xFF, 0xFF, 0xFF, 0x00,
        0xFF, 0xFF, 0xFF, 0x00, 0xFF, 0xFF, 0xFF, 0x00, 0xFF, 0xFF, 0xFF, 0x00,
        0xFF, 0xFF, 0xFF, 0x00, 0xFF, 0xFF, 0xFF, 0x00, 0xFF, 0xFF, 0xFF, 0x00,
        0xFF, 0xFF, 0xFF, 0x00, 0xFF, 0xFF, 0xFF, 0x00, 0xFF, 0xFF, 0xFF, 0x00,
        0xFF, 0xFF, 0xFF, 0x00, 0xFF, 0xFF, 0xFF, 0x00, 0xFF, 0xFF, 0xFF, 0x00,
        0xFF, 0xFF, 0xFF, 0x00, 0xFF, 0xFF, 0xFF, 0x00, 0xFF, 0xFF, 0xFF, 0x00,
        0xFF, 0xFF, 0xFF, 0x00, 0xFF, 0xFF, 0xFF, 0x00, 0xFF, 0xFF, 0xFF, 0x00,
        0xFF, 0xFF, 0xFF, 0x00, 0xFF, 0xFF, 0xFF, 0x00, 0xFF, 0xFF, 0xFF, 0x00,
        0xFF, 0xFF, 0xFF, 0x00, 0xFF, 0xFF, 0xFF, 0x00, 0xFF, 0xFF, 0xFF, 0x00,
        0xFF, 0xFF, 0xFF, 0x00, 0xFF, 0xFF, 0xFF, 0x00, 0xFF, 0xFF, 0xFF, 0x00,
        0xFF, 0xFF, 0xFF, 0x00, 0xFF, 0xFF, 0xFF, 0x00, 0xFF, 0xFF, 0xFF, 0x00,
        0xFF, 0xFF, 0xFF, 0x00, 0xFF, 0xFF, 0xFF, 0x00, 0xFF, 0xFF, 0xFF, 0x00,
        0xFF, 0xFF, 0xFF, 0x00, 0xFF, 0xFF, 0xFF, 0x00, 0xFF, 0xFF, 0xFF, 0x00,
        0xFF, 0xFF, 0xFF, 0x00, 0xFF, 0xFF, 0xFF, 0x00, 0xFF, 0xFF, 0xFF, 0x00,
        0xFF, 0xFF, 0xFF, 0x00, 0xFF, 0xFF, 0xFF, 0x00, 0xFF, 0xFF, 0xFF, 0x00,
        0xFF, 0xFF, 0xFF, 0x00, 0xFF, 0xFF, 0xFF, 0x00, 0xFF, 0xFF, 0xFF, 0x00,
        0xFF, 0xFF, 0xFF, 0x00, 0xFF, 0xFF, 0xFF, 0x00, 0xFF, 0xFF, 0xFF, 0x00,
        0xFF, 0xFF, 0xFF, 0x00, 0xFF, 0xFF, 0xFF, 0x00, 0xFF, 0xFF, 0xFF, 0x00,
        0xFF, 0xFF, 0xFF, 0x00, 0xFF, 0xFF, 0xFF, 0x00, 0xFF, 0xFF, 0xFF, 0x00,
        0xFF, 0xFF, 0xFF, 0x00, 0xFF, 0xFF, 0xFF, 0x00, 0xFF, 0xFF, 0xFF, 0x00,
        0xFF, 0xFF, 0xFF, 0x00, 0xFF, 0xFF, 0xFF, 0x00, 0xFF, 0xFF, 0xFF, 0x00,
        0xFF, 0xFF, 0xFF, 0x00, 0xFF, 0xFF, 0xFF, 0x00, 0xFF, 0xFF, 0xFF, 0x00,
        0xFF, 0xFF, 0xFF, 0x00, 0xFF, 0xFF, 0xFF, 0x00, 0xFF, 0xFF, 0xFF, 0x00,
        0xFF, 0xFF, 0xFF, 0x00, 0xFF, 0xFF, 0xFF, 0x00, 0xFF, 0xFF, 0xFF, 0x00,
        0xFF, 0xFF, 0xFF, 0x00, 0xFF, 0xFF, 0xFF, 0x00, 0xFF, 0xFF, 0xFF, 0x00,
        0xFF, 0xFF, 0xFF, 0x00, 0xFF, 0xFF, 0xFF, 0x00, 0xFF, 0xFF, 0xFF, 0x00,
        0xFF, 0xFF, 0xFF, 0x00, 0xFF, 0xFF, 0xFF, 0x00, 0xFF, 0xFF, 0xFF, 0x00,
        0xFF, 0xFF, 0xFF, 0x00, 0xFF, 0xFF, 0xFF, 0x00, 0xFF, 0xFF, 0xFF, 0x00,
        0xFF, 0xFF, 0xFF, 0x00, 0xFF, 0xFF, 0xFF, 0x00, 0xFF, 0xFF, 0xFF, 0x00,
        0xFF, 0xFF, 0xFF, 0x00, 0xFF, 0xFF, 0xFF, 0x00, 0xFF, 0xFF, 0xFF, 0x00,
        0xFF, 0xFF, 0xFF, 0x00, 0xFF, 0xFF, 0xFF, 0x00, 0xFF, 0xFF, 0xFF, 0x00,
        0xFF, 0xFF, 0xFF, 0x00, 0xFF, 0xFF, 0xFF, 0x00, 0xFF, 0xFF, 0xFF, 0x00,
        0xFF, 0xFF, 0xFF, 0x00, 0xFF, 0xFF, 0xFF, 0x00, 0xFF, 0xFF, 0xFF, 0x00,
        0xFF, 0xFF, 0xFF, 0x00, 0xFF, 0xFF, 0xFF, 0x00, 0xFF, 0xFF, 0xFF, 0x00,
        0xFF, 0xFF, 0xFF, 0x00, 0xFF, 0xFF, 0xFF, 0x00, 0xFF, 0xFF, 0xFF, 0x00,
        0xFF, 0xFF, 0xFF, 0x00, 0xFF, 0xFF, 0xFF, 0x00, 0xFF, 0xFF, 0xFF, 0x00,
        0xFF, 0xFF, 0xFF, 0x00, 0xFF, 0xFF, 0xFF, 0x00, 0xFF, 0xFF, 0xFF, 0x00,
        0xFF, 0xFF, 0xFF, 0x00, 0xFF, 0xFF, 0xFF, 0x00, 0xFF, 0xFF, 0xFF, 0x00,
        0xFF, 0xFF, 0xFF, 0x00, 0xFF, 0xFF, 0xFF, 0x00, 0xFF, 0xFF, 0xFF, 0x00,
        0xFF, 0xFF, 0xFF, 0x00, 0xFF, 0xFF, 0xFF, 0x00, 0xFF, 0xFF, 0xFF, 0x00,
        0xFF, 0xFF, 0xFF, 0x00, 0xFF, 0xFF, 0xFF, 0x00, 0xFF, 0xFF, 0xFF, 0x00,
        0xFF, 0xFF, 0xFF, 0x00, 0xFF, 0xFF, 0xFF, 0x00, 0xFF, 0xFF, 0xFF, 0x00,
        0xFF, 0xFF, 0xFF, 0x00, 0xFF, 0xFF, 0xFF, 0x00, 0xFF, 0xFF, 0xFF, 0x00,
        0xFF, 0xFF, 0xFF, 0x00, 0xFF, 0xFF, 0xFF, 0x00, 0xFF, 0xFF, 0xFF, 0x00,
        0xFF, 0xFF, 0xFF, 0x00, 0xFF, 0xFF, 0xFF, 0x00, 0xFF, 0xFF, 0xFF, 0x00,
        0xFF, 0xFF, 0xFF, 0x00, 0xFF, 0xFF, 0xFF, 0x00, 0xFF, 0xFF, 0xFF, 0x00,
        0xFF, 0xFF, 0xFF, 0x00, 0xFF, 0xFF, 0xFF, 0x00, 0xFF, 0xFF, 0xFF, 0x00,
        0xFF, 0xFF, 0xFF, 0x00, 0xFF, 0xFF, 0xFF, 0x00, 0xFF, 0xFF, 0xFF, 0x00,
        0xFF, 0xFF, 0xFF, 0x00, 0xFF, 0xFF, 0xFF, 0x00, 0xFF, 0xFF, 0xFF, 0x00,
        0xFF, 0xFF, 0xFF, 0x00, 0xFF, 0xFF, 0xFF, 0x00, 0xFF, 0xFF, 0xFF, 0x00,
        0xFF, 0xFF, 0xFF, 0x00, 0xFF, 0xFF, 0xFF, 0x00, 0xFF, 0xFF, 0xFF, 0x00,
        0xFF, 0xFF, 0xFF, 0x00, 0xFF, 0xFF, 0xFF, 0x00, 0xFF, 0xFF, 0xFF, 0x00,
        0xFF, 0xFF, 0xFF, 0x00, 0xFF, 0xFF, 0xFF, 0x00, 0xFF, 0xFF, 0xFF, 0x00,
        0xFF, 0xFF, 0xFF, 0x00, 0xFF, 0xFF, 0xFF, 0x00, 0xFF, 0xFF, 0xFF, 0x00,
        0xFF, 0xFF, 0xFF, 0x00, 0xFF, 0xFF, 0xFF, 0x00, 0xFF, 0xFF, 0xFF, 0x00,
        0xFF, 0xFF, 0xFF, 0x00, 0xFF, 0xFF, 0xFF, 0x00, 0xFF, 0xFF, 0xFF, 0x00,
        0xFF, 0xFF, 0xFF, 0x00, 0xFF, 0xFF, 0xFF, 0x00, 0xFF, 0xFF, 0xFF, 0x00,
        0xFF, 0xFF, 0xFF, 0x00, 0xFF, 0xFF, 0xFF, 0x00, 0xFF, 0xFF, 0xFF, 0x00,
        0xFF, 0xFF, 0xFF, 0x00, 0xFF, 0xFF, 0xFF, 0x00, 0xFF, 0xFF, 0xFF, 0x00,
        0xFF, 0xFF, 0xFF, 0x00, 0xFF, 0xFF, 0xFF, 0x00, 0xFF, 0xFF, 0xFF, 0x00,
        0xFF, 0xFF, 0xFF, 0x00, 0xFF, 0xFF, 0xFF, 0x00, 0xFF, 0xFF, 0xFF, 0x00,
        0xFF, 0xFF, 0xFF, 0x00, 0xFF, 0xFF, 0xFF, 0x00, 0xFF, 0xFF, 0xFF, 0x00,
        0xFF, 0xFF, 0xFF, 0x00, 0xFF, 0xFF, 0xFF, 0x00, 0xFF, 0xFF, 0xFF, 0x00,
        0xFF, 0xFF, 0xFF, 0x00, 0xFF, 0xFF, 0xFF, 0x00, 0xFF, 0xFF, 0xFF, 0x00,
        0xFF, 0xFF, 0xFF, 0x00, 0xFF, 0xFF, 0xFF, 0x00, 0xFF, 0xFF, 0xFF, 0x00,
        0xFF, 0xFF, 0xFF, 0x00, 0xFF, 0xFF, 0xFF, 0x00, 0xFF, 0xFF, 0xFF, 0x00,
        0xFF, 0xFF, 0xFF, 0x00, 0xFF, 0xFF, 0xFF, 0x00, 0xFF, 0xFF, 0xFF, 0x00,
        0xFF, 0xFF, 0xFF, 0x00, 0xFF, 0xFF, 0xFF, 0x00, 0xFF, 0xFF, 0xFF, 0x00,
        0xFF, 0xFF, 0xFF, 0x00, 0xFF, 0xFF, 0xFF, 0x00, 0xFF, 0xFF, 0xFF, 0x00,
        0xFF, 0xFF, 0xFF, 0x00, 0xFF, 0xFF, 0xFF, 0x00, 0xFF, 0xFF, 0xFF, 0x00,
        0xFF, 0xFF, 0xFF, 0x00, 0xFF, 0xFF, 0xFF, 0x00, 0xFF, 0xFF, 0xFF, 0x00,
        0xFF, 0xFF, 0xFF, 0x00, 0xFF, 0xFF, 0xFF, 0x00, 0xFF, 0xFF, 0xFF, 0x00,
        0xFF, 0xFF, 0xFF, 0x00, 0xFF, 0xFF, 0xFF, 0x00, 0xFF, 0xFF, 0xFF, 0x00,
        0xFF, 0xFF, 0xFF, 0x00, 0xFF, 0xFF, 0xFF, 0x00, 0xFF, 0xFF, 0xFF, 0x00,
        0xFF, 0xFF, 0xFF, 0x00, 0xFF, 0xFF, 0xFF, 0x00, 0xFF, 0xFF, 0xFF, 0x00,
        0xFF, 0xFF, 0xFF, 0x00, 0xFF, 0xFF, 0xFF, 0x00, 0xFF, 0xFF, 0xFF, 0x00,
        0xFF, 0xFF, 0xFF, 0x00, 0xFF, 0xFF, 0xFF, 0x00, 0xFF, 0xFF, 0xFF, 0x00,
        0xFF, 0xFF, 0xFF, 0x00, 0xFF, 0xFF, 0xFF, 0x00, 0xFF, 0xFF, 0xFF, 0x00,
        0xFF, 0xFF, 0xFF, 0x00, 0xFF, 0xFF, 0xFF, 0x00, 0xFF, 0xFF, 0xFF, 0x00,
        0xFF, 0xFF, 0xFF, 0x00, 0xFF, 0xFF, 0xFF, 0x00, 0xFF, 0xFF, 0xFF, 0x00,
        0xFF, 0xFF, 0xFF, 0x00, 0xFF, 0xFF, 0xFF, 0x00, 0xFF, 0xFF, 0xFF, 0x00,
        0xFF, 0xFF, 0xFF, 0x00, 0xFF, 0xFF, 0xFF, 0x00, 0xFF, 0xFF, 0xFF, 0x00,
        0xFF, 0xFF, 0xFF, 0x00, 0xFF, 0xFF, 0xFF, 0x00, 0xFF, 0xFF, 0xFF, 0x00,
        0xFF, 0xFF, 0xFF, 0x00, 0xFF, 0xFF, 0xFF, 0x00, 0xFF, 0xFF, 0xFF, 0x00,
        0xFF, 0xFF, 0xFF, 0x00, 0xFF, 0xFF, 0xFF, 0x00, 0xFF, 0xFF, 0xFF, 0x00,
        0xFF, 0xFF, 0xFF, 0x00, 0xFF, 0xFF, 0xFF, 0x00, 0xFF, 0xFF, 0xFF, 0x00,
        0xFF, 0xFF, 0xFF, 0x00, 0xFF, 0xFF, 0xFF, 0x00, 0xFF, 0xFF, 0xFF, 0x00,
        0xFF, 0xFF, 0xFF, 0x00, 0xFF, 0xFF, 0xFF, 0x00, 0xFF, 0xFF, 0xFF, 0x00,
        0xFF, 0xFF, 0xFF, 0x00, 0xFF, 0xFF, 0xFF, 0x00, 0xFF, 0xFF, 0xFF, 0x00,
        0xFF, 0xFF, 0xFF, 0x00, 0xFF, 0xFF, 0xFF, 0x00, 0xFF, 0xFF, 0xFF, 0x00,
        0xFF, 0xFF, 0xFF, 0x00, 0xFF, 0xFF, 0xFF, 0x00, 0xFF, 0xFF, 0xFF, 0x00,
        0xFF, 0xFF, 0xFF, 0x00, 0xFF, 0xFF, 0xFF, 0x00, 0xFF, 0xFF, 0xFF, 0x00,
        0xFF, 0xFF, 0xFF, 0x00, 0xFF, 0xFF, 0xFF, 0x00, 0xFF, 0xFF, 0xFF, 0x00,
        0xFF, 0xFF, 0xFF, 0x00, 0xFF, 0xFF, 0xFF, 0x00, 0xFF, 0xFF, 0xFF, 0x00,
        0xFF, 0xFF, 0xFF, 0x00, 0xFF, 0xFF, 0xFF, 0x00, 0xFF, 0xFF, 0xFF, 0x00,
        0xFF, 0xFF, 0xFF, 0x00, 0xFF, 0xFF, 0xFF, 0x00, 0xFF, 0xFF, 0xFF, 0x00,
        0xFF, 0xFF, 0xFF, 0x00, 0xFF, 0xFF, 0xFF, 0x00, 0xFF, 0xFF, 0xFF, 0x00,
        0xFF, 0xFF, 0xFF, 0x00, 0xFF, 0xFF, 0xFF, 0x00, 0xFF, 0xFF, 0xFF, 0x00,
        0xFF, 0xFF, 0xFF, 0x00, 0xFF, 0xFF, 0xFF, 0x00, 0xFF, 0xFF, 0xFF, 0x00,
        0xFF, 0xFF, 0xFF, 0x00, 0xFF, 0xFF, 0xFF, 0x00, 0xFF, 0xFF, 0xFF, 0x00,
        0xFF, 0xFF, 0xFF, 0x00, 0xFF, 0xFF, 0xFF, 0x00, 0xFF, 0xFF, 0xFF, 0x00,
        0xFF, 0xFF, 0xFF, 0x00, 0xFF, 0xFF, 0xFF, 0x00, 0xFF, 0xFF, 0xFF, 0x00,
        0xFF, 0xFF, 0xFF, 0x00, 0xFF, 0xFF, 0xFF, 0x00, 0xFF, 0xFF, 0xFF, 0x00,
        0xFF, 0xFF, 0xFF, 0x00, 0xFF, 0xFF, 0xFF, 0x00, 0xFF, 0xFF, 0xFF, 0x00,
        0xFF, 0xFF, 0xFF, 0x00, 0xFF, 0xFF, 0xFF, 0x00, 0xFF, 0xFF, 0xFF, 0x00,
        0xFF, 0xFF, 0xFF, 0x00, 0xFF, 0xFF, 0xFF, 0x00, 0xFF, 0xFF, 0xFF, 0x00,
        0xFF, 0xFF, 0xFF, 0x00, 0xFF, 0xFF, 0xFF, 0x00, 0xFF, 0xFF, 0xFF, 0x00,
        0xFF, 0xFF, 0xFF, 0x00, 0xFF, 0xFF, 0xFF, 0x00, 0xFF, 0xFF, 0xFF, 0x00,
        0xFF, 0xFF, 0xFF, 0x00, 0xFF, 0xFF, 0xFF, 0x00, 0xFF, 0xFF, 0xFF, 0x00,
        0xFF, 0xFF, 0xFF, 0x00, 0xFF, 0xFF, 0xFF, 0x00, 0xFF, 0xFF, 0xFF, 0x00,
        0xFF, 0xFF, 0xFF, 0x00, 0xFF, 0xFF, 0xFF, 0x00, 0xFF, 0xFF, 0xFF, 0x00,
        0xFF, 0xFF, 0xFF, 0x00, 0xFF, 0xFF, 0xFF, 0x00, 0xFF, 0xFF, 0xFF, 0x00,
        0xFF, 0xFF, 0xFF, 0x00, 0xFF, 0xFF, 0xFF, 0x00, 0xFF, 0xFF, 0xFF, 0x00,
        0xFF, 0xFF, 0xFF, 0x00, 0xFF, 0xFF, 0xFF, 0x00, 0xFF, 0xFF, 0xFF, 0x00,
        0xFF, 0xFF, 0xFF, 0x00, 0xFF, 0xFF, 0xFF, 0x00, 0xFF, 0xFF, 0xFF, 0x00,
        0xFF, 0xFF, 0xFF, 0x00, 0xFF, 0xFF, 0xFF, 0x00, 0xFF, 0xFF, 0xFF, 0x00,
        0xFF, 0xFF, 0xFF, 0x00, 0xFF, 0xFF, 0xFF, 0x00, 0xFF, 0xFF, 0xFF, 0x00,
        0xFF, 0xFF, 0xFF, 0x00, 0xFF, 0xFF, 0xFF, 0x00, 0xFF, 0xFF, 0xFF, 0x00,
        0xFF, 0xFF, 0xFF, 0x00, 0xFF, 0xFF, 0xFF, 0x00, 0xFF, 0xFF, 0xFF, 0x00,
        0xFF, 0xFF, 0xFF, 0x00, 0xFF, 0xFF, 0xFF, 0x00, 0xFF, 0xFF, 0xFF, 0x00,
        0xFF, 0xFF, 0xFF, 0x00, 0xFF, 0xFF, 0xFF, 0x00, 0xFF, 0xFF, 0xFF, 0x00,
        0xFF, 0xFF, 0xFF, 0x00, 0xFF, 0xFF, 0xFF, 0x00, 0xFF, 0xFF, 0xFF, 0x00,
        0xFF, 0xFF, 0xFF, 0x00, 0xFF, 0xFF, 0xFF, 0x00, 0xFF, 0xFF, 0xFF, 0x00,
        0xFF, 0xFF, 0xFF, 0x00, 0xFF, 0xFF, 0xFF, 0x00, 0xFF, 0xFF, 0xFF, 0x00,
        0xFF, 0xFF, 0xFF, 0x00, 0xFF, 0xFF, 0xFF, 0x00, 0xFF, 0xFF, 0xFF, 0x00,
        0xFF, 0xFF, 0xFF, 0x00, 0xFF, 0xFF, 0xFF, 0x00, 0xFF, 0xFF, 0xFF, 0x00,
        0xFF, 0xFF, 0xFF, 0x00, 0xFF, 0xFF, 0xFF, 0x00, 0xFF, 0xFF, 0xFF, 0x00,
        0xFF, 0xFF, 0xFF, 0x00, 0xFF, 0xFF, 0xFF, 0x00, 0xFF, 0xFF, 0xFF, 0x00,
        0xFF, 0xFF, 0xFF, 0x00, 0xFF, 0xFF, 0xFF, 0x00, 0xFF, 0xFF, 0xFF, 0x00,
        0xFF, 0xFF, 0xFF, 0x00, 0xFF, 0xFF, 0xFF, 0x00, 0xFF, 0xFF, 0xFF, 0x00,
        0xFF, 0xFF, 0xFF, 0x00, 0xFF, 0xFF, 0xFF, 0x00, 0xFF, 0xFF, 0xFF, 0x00,
        0xFF, 0xFF, 0xFF, 0x00, 0xFF, 0xFF, 0xFF, 0x00, 0xFF, 0xFF, 0xFF, 0x00,
        0xFF, 0xFF, 0xFF, 0x00, 0xFF, 0xFF, 0xFF, 0x00, 0xFF, 0xFF, 0xFF, 0x00,
        0xFF, 0xFF, 0xFF, 0x00, 0xFF, 0xFF, 0xFF, 0x00, 0xFF, 0xFF, 0xFF, 0x00,
        0xFF, 0xFF, 0xFF, 0x00, 0xFF, 0xFF, 0xFF, 0x00, 0xFF, 0xFF, 0xFF, 0x00,
        0xFF, 0xFF, 0xFF, 0x00, 0xFF, 0xFF, 0xFF, 0x00, 0xFF, 0xFF, 0xFF, 0x00,
        0xFF, 0xFF, 0xFF, 0x00, 0xFF, 0xFF, 0xFF, 0x00, 0xFF, 0xFF, 0xFF, 0x00,
        0xFF, 0xFF, 0xFF, 0x00, 0xFF, 0xFF, 0xFF, 0x00, 0xFF, 0xFF, 0xFF, 0x00,
        0xFF, 0xFF, 0xFF, 0x00, 0xFF, 0xFF, 0xFF, 0x00, 0xFF, 0xFF, 0xFF, 0x00,
        0xFF, 0xFF, 0xFF, 0x00, 0xFF, 0xFF, 0xFF, 0x00, 0xFF, 0xFF, 0xFF, 0x00,
        0xFF, 0xFF, 0xFF, 0x00, 0xFF, 0xFF, 0xFF, 0x00, 0xFF, 0xFF, 0xFF, 0x00,
        0xFF, 0xFF, 0xFF, 0x00, 0xFF, 0xFF, 0xFF, 0x00, 0xFF, 0xFF, 0xFF, 0x00,
        0xFF, 0xFF, 0xFF, 0x00, 0xFF, 0xFF, 0xFF, 0x00, 0xFF, 0xFF, 0xFF, 0x00,
        0xFF, 0xFF, 0xFF, 0x00, 0xFF, 0xFF, 0xFF, 0x00, 0xFF, 0xFF, 0xFF, 0x00,
        0xFF, 0xFF, 0xFF, 0x00, 0xFF, 0xFF, 0xFF, 0x00, 0xFF, 0xFF, 0xFF, 0x00,
        0xFF, 0xFF, 0xFF, 0x00, 0xFF, 0xFF, 0xFF, 0x00, 0xFF, 0xFF, 0xFF, 0x00,
        0xFF, 0xFF, 0xFF, 0x00, 0xFF, 0xFF, 0xFF, 0x00, 0xFF, 0xFF, 0xFF, 0x00,
        0xFF, 0xFF, 0xFF, 0x00, 0xFF, 0xFF, 0xFF, 0x00, 0xFF, 0xFF, 0xFF, 0x00,
        0xFF, 0xFF, 0xFF, 0x00, 0xFF, 0xFF, 0xFF, 0x00, 0xFF, 0xFF, 0xFF, 0x00,
        0xFF, 0xFF, 0xFF, 0x00, 0xFF, 0xFF, 0xFF, 0x00, 0xFF, 0xFF, 0xFF, 0x00,
        0xFF, 0xFF, 0xFF, 0x00, 0xFF, 0xFF, 0xFF, 0x00, 0xFF, 0xFF, 0xFF, 0x00,
        0xFF, 0xFF, 0xFF, 0x00, 0xFF, 0xFF, 0xFF, 0x00, 0xFF, 0xFF, 0xFF, 0x00,
        0xFF, 0xFF, 0xFF, 0x00, 0xFF, 0xFF, 0xFF, 0x00, 0xFF, 0xFF, 0xFF, 0x00,
        0xFF, 0xFF, 0xFF, 0x00, 0xFF, 0xFF, 0xFF, 0x00, 0xFF, 0xFF, 0xFF, 0x00,
        0xFF, 0xFF, 0xFF, 0x00, 0xFF, 0xFF, 0xFF, 0x00, 0xFF, 0xFF, 0xFF, 0x00,
        0xFF, 0xFF, 0xFF, 0x00, 0xFF, 0xFF, 0xFF, 0x00, 0xFF, 0xFF, 0xFF, 0x00,
        0xFF, 0xFF, 0xFF, 0x00, 0xFF, 0xFF, 0xFF, 0x00, 0xFF, 0xFF, 0xFF, 0x00,
        0xFF, 0xFF, 0xFF, 0x00, 0xFF, 0xFF, 0xFF, 0x00, 0xFF, 0xFF, 0xFF, 0x00,
        0xFF, 0xFF, 0xFF, 0x00, 0xFF, 0xFF, 0xFF, 0x00, 0xFF, 0xFF, 0xFF, 0x00,
        0xFF, 0xFF, 0xFF, 0x00, 0xFF, 0xFF, 0xFF, 0x00, 0xFF, 0xFF, 0xFF, 0x00,
        0xFF, 0xFF, 0xFF, 0x00, 0xFF, 0xFF, 0xFF, 0x00, 0xFF, 0xFF, 0xFF, 0x00,
        0xFF, 0xFF, 0xFF, 0x00, 0xFF, 0xFF, 0xFF, 0x00, 0xFF, 0xFF, 0xFF, 0x00,
        0xFF, 0xFF, 0xFF, 0x00, 0xFF, 0xFF, 0xFF, 0x00, 0xFF, 0xFF, 0xFF, 0x00,
        0xFF, 0xFF, 0xFF, 0x00, 0xFF, 0xFF, 0xFF, 0x00, 0xFF, 0xFF, 0xFF, 0x00,
        0xFF, 0xFF, 0xFF, 0x00, 0xFF, 0xFF, 0xFF, 0x00, 0xFF, 0xFF, 0xFF, 0x00,
        0xFF, 0xFF, 0xFF, 0x00, 0xFF, 0xFF, 0xFF, 0x00, 0xFF, 0xFF, 0xFF, 0x00,
        0xFF, 0xFF, 0xFF, 0x00, 0xFF, 0xFF, 0xFF, 0x00, 0xFF, 0xFF, 0xFF, 0x00,
        0xFF, 0xFF, 0xFF, 0x00, 0xFF, 0xFF, 0xFF, 0x00, 0xFF, 0xFF, 0xFF, 0x00,
        0xFF, 0xFF, 0xFF, 0x00, 0xFF, 0xFF, 0xFF, 0x00, 0xFF, 0xFF, 0xFF, 0x00,
        0xFF, 0xFF, 0xFF, 0x00, 0xFF, 0xFF, 0xFF, 0x00, 0xFF, 0xFF, 0xFF, 0x00,
        0xFF, 0xFF, 0xFF, 0x00, 0xFF, 0xFF, 0xFF, 0x00, 0xFF, 0xFF, 0xFF, 0x00,
        0xFF, 0xFF, 0xFF, 0x00, 0xFF, 0xFF, 0xFF, 0x00, 0xFF, 0xFF, 0xFF, 0x00,
        0xFF, 0xFF, 0xFF, 0x00, 0xFF, 0xFF, 0xFF, 0x00, 0xFF, 0xFF, 0xFF, 0x00,
        0xFF, 0xFF, 0xFF, 0x00, 0xFF, 0xFF, 0xFF, 0x00, 0xFF, 0xFF, 0xFF, 0x00,
        0xFF, 0xFF, 0xFF, 0x00, 0xFF, 0xFF, 0xFF, 0x00, 0xFF, 0xFF, 0xFF, 0x00,
        0xFF, 0xFF, 0xFF, 0x00, 0xFF, 0xFF, 0xFF, 0x00, 0xFF, 0xFF, 0xFF, 0x00,
        0xFF, 0xFF, 0xFF, 0x00, 0xFF, 0xFF, 0xFF, 0x00, 0xFF, 0xFF, 0xFF, 0x00,
        0xFF, 0xFF, 0xFF, 0x00, 0xFF, 0xFF, 0xFF, 0x00, 0xFF, 0xFF, 0xFF, 0x00,
        0xFF, 0xFF, 0xFF, 0x00, 0xFF, 0xFF, 0xFF, 0x00, 0xFF, 0xFF, 0xFF, 0x00,
        0xFF, 0xFF, 0xFF, 0x00, 0xFF, 0xFF, 0xFF, 0x00, 0xFF, 0xFF, 0xFF, 0x00,
        0xFF, 0xFF, 0xFF, 0x00, 0xFF, 0xFF, 0xFF, 0x00, 0xFF, 0xFF, 0xFF, 0x00,
        0xFF, 0xFF, 0xFF, 0x00, 0xFF, 0xFF, 0xFF, 0x00, 0xFF, 0xFF, 0xFF, 0x00,
        0xFF, 0xFF, 0xFF, 0x00, 0xFF, 0xFF, 0xFF, 0x00, 0xFF, 0xFF, 0xFF, 0x00,
        0xFF, 0xFF, 0xFF, 0x00, 0xFF, 0xFF, 0xFF, 0x00, 0xFF, 0xFF, 0xFF, 0x00,
        0xFF, 0xFF, 0xFF, 0x00, 0xFF, 0xFF, 0xFF, 0x00, 0xFF, 0xFF, 0xFF, 0x00,
        0xFF, 0xFF, 0xFF, 0x00, 0xFF, 0xFF, 0xFF, 0x00, 0xFF, 0xFF, 0xFF, 0x00,
        0xFF, 0xFF, 0xFF, 0x00, 0xFF, 0xFF, 0xFF, 0x00, 0xFF, 0xFF, 0xFF, 0x00,
        0xFF, 0xFF, 0xFF, 0x00, 0xFF, 0xFF, 0xFF, 0x00, 0xFF, 0xFF, 0xFF, 0x00,
        0xFF, 0xFF, 0xFF, 0x00, 0xFF, 0xFF, 0xFF, 0x00, 0xFF, 0xFF, 0xFF, 0x00,
        0xFF, 0xFF, 0xFF, 0x00, 0xFF, 0xFF, 0xFF, 0x00, 0xFF, 0xFF, 0xFF, 0x00,
        0xFF, 0xFF, 0xFF, 0x00, 0xFF, 0xFF, 0xFF, 0x00, 0xFF, 0xFF, 0xFF, 0x00,
        0xFF, 0xFF, 0xFF, 0x00, 0xFF, 0xFF, 0xFF, 0x00, 0xFF, 0xFF, 0xFF, 0x00,
        0xFF, 0xFF, 0xFF, 0x00, 0xFF, 0xFF, 0xFF, 0x00, 0xFF, 0xFF, 0xFF, 0x00,
        0xFF, 0xFF, 0xFF, 0x00, 0xFF, 0xFF, 0xFF, 0x00, 0xFF, 0xFF, 0xFF, 0x00,
        0xFF, 0xFF, 0xFF, 0x00, 0xFF, 0xFF, 0xFF, 0x00, 0xFF, 0xFF, 0xFF, 0x00,
        0xFF, 0xFF, 0xFF, 0x00, 0xFF, 0xFF, 0xFF, 0x00, 0xFF, 0xFF, 0xFF, 0x00,
        0xFF, 0xFF, 0xFF, 0x00, 0xFF, 0xFF, 0xFF, 0x00, 0xFF, 0xFF, 0xFF, 0x00,
        0xFF, 0xFF, 0xFF, 0x00, 0xFF, 0xFF, 0xFF, 0x00, 0xFF, 0xFF, 0xFF, 0x00,
        0xFF, 0xFF, 0xFF, 0x00, 0xFF, 0xFF, 0xFF, 0x00, 0xFF, 0xFF, 0xFF, 0x00,
        0xFF, 0xFF, 0xFF, 0x00, 0xFF, 0xFF, 0xFF, 0x00, 0xFF, 0xFF, 0xFF, 0x00,
        0xFF, 0xFF, 0xFF, 0x00, 0xFF, 0xFF, 0xFF, 0x00, 0xFF, 0xFF, 0xFF, 0x00,
        0xFF, 0xFF, 0xFF, 0x00, 0xFF, 0xFF, 0xFF, 0x00, 0xFF, 0xFF, 0xFF, 0x00,
        0xFF, 0xFF, 0xFF, 0x00, 0xFF, 0xFF, 0xFF, 0x00, 0xFF, 0xFF, 0xFF, 0x00,
        0xFF, 0xFF, 0xFF, 0x00, 0xFF, 0xFF, 0xFF, 0x00, 0xFF, 0xFF, 0xFF, 0x00,
        0xFF, 0xFF, 0xFF, 0x00, 0xFF, 0xFF, 0xFF, 0x00, 0xFF, 0xFF, 0xFF, 0x00,
        0xFF, 0xFF, 0xFF, 0x00, 0xFF, 0xFF, 0xFF, 0x00, 0xFF, 0xFF, 0xFF, 0x00,
        0xFF, 0xFF, 0xFF, 0x00, 0xFF, 0xFF, 0xFF, 0x00, 0xFF, 0xFF, 0xFF, 0x00,
        0xFF, 0xFF, 0xFF, 0x00, 0xFF, 0xFF, 0xFF, 0x00, 0xFF, 0xFF, 0xFF, 0x00,
        0xFF, 0xFF, 0xFF, 0x00, 0xFF, 0xFF, 0xFF, 0x00, 0xFF, 0xFF, 0xFF, 0x00,
        0xFF, 0xFF, 0xFF, 0x00, 0xFF, 0xFF, 0xFF, 0x00, 0xFF, 0xFF, 0xFF, 0x00,
        0xFF, 0xFF, 0xFF, 0x00, 0xFF, 0xFF, 0xFF, 0x00, 0xFF, 0xFF, 0xFF, 0x00,
        0xFF, 0xFF, 0xFF, 0x00, 0xFF, 0xFF, 0xFF, 0x00, 0xFF, 0xFF, 0xFF, 0x00,
        0xFF, 0xFF, 0xFF, 0x00, 0xFF, 0xFF, 0xFF, 0x00, 0xFF, 0xFF, 0xFF, 0x00,
        0xFF, 0xFF, 0xFF, 0x00, 0xFF, 0xFF, 0xFF, 0x00, 0xFF, 0xFF, 0xFF, 0x00,
        0xFF, 0xFF, 0xFF, 0x00, 0xFF, 0xFF, 0xFF, 0x00, 0xFF, 0xFF, 0xFF, 0x00,
        0xFF, 0xFF, 0xFF, 0x00, 0xFF, 0xFF, 0xFF, 0x00, 0xFF, 0xFF, 0xFF, 0x00,
        0xFF, 0xFF, 0xFF, 0x00, 0xFF, 0xFF, 0xFF, 0x00, 0xFF, 0xFF, 0xFF, 0x00,
        0xFF, 0xFF, 0xFF, 0x00, 0xFF, 0xFF, 0xFF, 0x00, 0xFF, 0xFF, 0xFF, 0x00,
        0xFF, 0xFF, 0xFF, 0x00, 0xFF, 0xFF, 0xFF, 0x00, 0xFF, 0xFF, 0xFF, 0x00,
        0xFF, 0xFF, 0xFF, 0x00, 0xFF, 0xFF, 0xFF, 0x00, 0xFF, 0xFF, 0xFF, 0x00,
        0xFF, 0xFF, 0xFF, 0x00, 0xFF, 0xFF, 0xFF, 0x00, 0xFF, 0xFF, 0xFF, 0x00,
        0xFF, 0xFF, 0xFF, 0x00, 0xFF, 0xFF, 0xFF, 0x00, 0xFF, 0xFF, 0xFF, 0x00,
        0xFF, 0xFF, 0xFF, 0x00, 0xFF, 0xFF, 0xFF, 0x00, 0xFF, 0xFF, 0xFF, 0x00,
        0xFF, 0xFF, 0xFF, 0x00, 0xFF, 0xFF, 0xFF, 0x00, 0xFF, 0xFF, 0xFF, 0x00,
        0xFF, 0xFF, 0xFF, 0x00, 0xFF, 0xFF, 0xFF, 0x00, 0xFF, 0xFF, 0xFF, 0x00,
        0xFF, 0xFF, 0xFF, 0x00, 0xFF, 0xFF, 0xFF, 0x00, 0xFF, 0xFF, 0xFF, 0x00,
        0xFF, 0xFF, 0xFF, 0x00, 0xFF, 0xFF, 0xFF, 0x00, 0xFF, 0xFF, 0xFF, 0x00,
        0xFF, 0xFF, 0xFF, 0x00, 0xFF, 0xFF, 0xFF, 0x00, 0xFF, 0xFF, 0xFF, 0x00,
        0xFF, 0xFF, 0xFF, 0x00, 0xFF, 0xFF, 0xFF, 0x00, 0xFF, 0xFF, 0xFF, 0x00,
        0xFF, 0xFF, 0xFF, 0x00, 0xFF, 0xFF, 0xFF, 0x00, 0xFF, 0xFF, 0xFF, 0x00,
        0xFF, 0xFF, 0xFF, 0x00, 0xFF, 0xFF, 0xFF, 0x00, 0xFF, 0xFF, 0xFF, 0x00,
        0xFF, 0xFF, 0xFF, 0x00, 0xFF, 0xFF, 0xFF, 0x00, 0xFF, 0xFF, 0xFF, 0x00,
        0xFF, 0xFF, 0xFF, 0x00, 0xFF, 0xFF, 0xFF, 0x00, 0xFF, 0xFF, 0xFF, 0x00,
        0xFF, 0xFF, 0xFF, 0x00, 0xFF, 0xFF, 0xFF, 0x00, 0xFF, 0xFF, 0xFF, 0x00,
        0xFF, 0xFF, 0xFF, 0x00, 0xFF, 0xFF, 0xFF, 0x00, 0xFF, 0xFF, 0xFF, 0x00,
        0xFF, 0xFF, 0xFF, 0x00, 0xFF, 0xFF, 0xFF, 0x00, 0xFF, 0xFF, 0xFF, 0x00,
        0xFF, 0xFF, 0xFF, 0x00, 0xFF, 0xFF, 0xFF, 0x00, 0xFF, 0xFF, 0xFF, 0x00,
        0xFF, 0xFF, 0xFF, 0x00, 0xFF, 0xFF, 0xFF, 0x00, 0xFF, 0xFF, 0xFF, 0x00,
        0xFF, 0xFF, 0xFF, 0x00, 0xFF, 0xFF, 0xFF, 0x00, 0xFF, 0xFF, 0xFF, 0x00,
        0xFF, 0xFF, 0xFF, 0x00, 0xFF, 0xFF, 0xFF, 0x00, 0xFF, 0xFF, 0xFF, 0x00,
        0xFF, 0xFF, 0xFF, 0x00, 0xFF, 0xFF, 0xFF, 0x00, 0xFF, 0xFF, 0xFF, 0x00,
        0xFF, 0xFF, 0xFF, 0x00, 0xFF, 0xFF, 0xFF, 0x00, 0xFF, 0xFF, 0xFF, 0x00,
        0xFF, 0xFF, 0xFF, 0x00, 0xFF, 0xFF, 0xFF, 0x00, 0xFF, 0xFF, 0xFF, 0x00,
        0xFF, 0xFF, 0xFF, 0x00, 0xFF, 0xFF, 0xFF, 0x00, 0xFF, 0xFF, 0xFF, 0x00,
        0xFF, 0xFF, 0xFF, 0x00, 0xFF, 0xFF, 0xFF, 0x00, 0xFF, 0xFF, 0xFF, 0x00,
        0xFF, 0xFF, 0xFF, 0x00, 0xFF, 0xFF, 0xFF, 0x00, 0xFF, 0xFF, 0xFF, 0x00,
        0xFF, 0xFF, 0xFF, 0x00, 0xFF, 0xFF, 0xFF, 0x00, 0xFF, 0xFF, 0xFF, 0x00,
        0xFF, 0xFF, 0xFF, 0x00, 0xFF, 0xFF, 0xFF, 0x00, 0xFF, 0xFF, 0xFF, 0x00,
        0xFF, 0xFF, 0xFF, 0x00, 0xFF, 0xFF, 0xFF, 0x00, 0xFF, 0xFF, 0xFF, 0x00,
        0xFF, 0xFF, 0xFF, 0x00, 0xFF, 0xFF, 0xFF, 0x00, 0xFF, 0xFF, 0xFF, 0x00,
        0xFF, 0xFF, 0xFF, 0x00, 0xFF, 0xFF, 0xFF, 0x00, 0xFF, 0xFF, 0xFF, 0x00,
        0xFF, 0xFF, 0xFF, 0x00, 0xFF, 0xFF, 0xFF, 0x00, 0xFF, 0xFF, 0xFF, 0x00,
        0xFF, 0xFF, 0xFF, 0x00, 0xFF, 0xFF, 0xFF, 0x00, 0xFF, 0xFF, 0xFF, 0x00,
        0xFF, 0xFF, 0xFF, 0x00, 0xFF, 0xFF, 0xFF, 0x00, 0xFF, 0xFF, 0xFF, 0x00,
        0xFF, 0xFF, 0xFF, 0x00, 0xFF, 0xFF, 0xFF, 0x00, 0xFF, 0xFF, 0xFF, 0x00,
        0xFF, 0xFF, 0xFF, 0x00, 0xFF, 0xFF, 0xFF, 0x00, 0xFF, 0xFF, 0xFF, 0x00,
        0xFF, 0xFF, 0xFF, 0x00, 0xFF, 0xFF, 0xFF, 0x00, 0xFF, 0xFF, 0xFF, 0x00,
        0xFF, 0xFF, 0xFF, 0x00, 0xFF, 0xFF, 0xFF, 0x00, 0xFF, 0xFF, 0xFF, 0x00,
        0xFF, 0xFF, 0xFF, 0x00, 0xFF, 0xFF, 0xFF, 0x00, 0xFF, 0xFF, 0xFF, 0x00,
        0xFF, 0xFF, 0xFF, 0x00, 0xFF, 0xFF, 0xFF, 0x00, 0xFF, 0xFF, 0xFF, 0x00,
        0xFF, 0xFF, 0xFF, 0x00, 0xFF, 0xFF, 0xFF, 0x00, 0xFF, 0xFF, 0xFF, 0x00,
        0xFF, 0xFF, 0xFF, 0x00, 0xFF, 0xFF, 0xFF, 0x00, 0xFF, 0xFF, 0xFF, 0x00,
        0xFF, 0xFF, 0xFF, 0x00, 0xFF, 0xFF, 0xFF, 0x00, 0xFF, 0xFF, 0xFF, 0x00,
        0xFF, 0xFF, 0xFF, 0x00, 0xFF, 0xFF, 0xFF, 0x00, 0xFF, 0xFF, 0xFF, 0x00,
        0xFF, 0xFF, 0xFF, 0x00, 0xFF, 0xFF, 0xFF, 0x00, 0xFF, 0xFF, 0xFF, 0x00,
        0xFF, 0xFF, 0xFF, 0x00, 0xFF, 0xFF, 0xFF, 0x00, 0xFF, 0xFF, 0xFF, 0x00,
        0xFF, 0xFF, 0xFF, 0x00, 0xFF, 0xFF, 0xFF, 0x00, 0xFF, 0xFF, 0xFF, 0x00,
        0xFF, 0xFF, 0xFF, 0x00, 0xFF, 0xFF, 0xFF, 0x00, 0xFF, 0xFF, 0xFF, 0x00,
        0xFF, 0xFF, 0xFF, 0x00, 0xFF, 0xFF, 0xFF, 0x00, 0xFF, 0xFF, 0xFF, 0x00,
        0xFF, 0xFF, 0xFF, 0x00, 0xFF, 0xFF, 0xFF, 0x00, 0xFF, 0xFF, 0xFF, 0x00,
        0xFF, 0xFF, 0xFF, 0x00, 0xFF, 0xFF, 0xFF, 0x00, 0xFF, 0xFF, 0xFF, 0x00,
        0xFF, 0xFF, 0xFF, 0x00, 0xFF, 0xFF, 0xFF, 0x00, 0xFF, 0xFF, 0xFF, 0x00,
        0xFF, 0xFF, 0xFF, 0x00, 0xFF, 0xFF, 0xFF, 0x00, 0xFF, 0xFF, 0xFF, 0x00,
        0xFF, 0xFF, 0xFF, 0x00, 0xFF, 0xFF, 0xFF, 0x00, 0xFF, 0xFF, 0xFF, 0x00,
        0xFF, 0xFF, 0xFF, 0x00, 0xFF, 0xFF, 0xFF, 0x00, 0xFF, 0xFF, 0xFF, 0x00,
        0xFF, 0xFF, 0xFF, 0x00, 0xFF, 0xFF, 0xFF, 0x00, 0xFF, 0xFF, 0xFF, 0x00,
        0xFF, 0xFF, 0xFF, 0x00, 0xFF, 0xFF, 0xFF, 0x00, 0xFF, 0xFF, 0xFF, 0x00,
        0xFF, 0xFF, 0xFF, 0x00, 0xFF, 0xFF, 0xFF, 0x00, 0xFF, 0xFF, 0xFF, 0x00,
        0xFF, 0xFF, 0xFF, 0x00, 0xFF, 0xFF, 0xFF, 0x00, 0xFF, 0xFF, 0xFF, 0x00,
        0xFF, 0xFF, 0xFF, 0x00, 0xFF, 0xFF, 0xFF, 0x00, 0xFF, 0xFF, 0xFF, 0x00,
        0xFF, 0xFF, 0xFF, 0x00, 0xFF, 0xFF, 0xFF, 0x00, 0xFF, 0xFF, 0xFF, 0x00,
        0xFF, 0xFF, 0xFF, 0x00, 0xFF, 0xFF, 0xFF, 0x00, 0xFF, 0xFF, 0xFF, 0x00,
        0xFF, 0xFF, 0xFF, 0x00, 0xFF, 0xFF, 0xFF, 0x00, 0xFF, 0xFF, 0xFF, 0x00,
        0xFF, 0xFF, 0xFF, 0x00, 0xFF, 0xFF, 0xFF, 0x00, 0xFF, 0xFF, 0xFF, 0x00,
        0xFF, 0xFF, 0xFF, 0x00, 0xFF, 0xFF, 0xFF, 0x00, 0xFF, 0xFF, 0xFF, 0x00,
        0xFF, 0xFF, 0xFF, 0x00, 0xFF, 0xFF, 0xFF, 0x00, 0xFF, 0xFF, 0xFF, 0x00,
        0xFF, 0xFF, 0xFF, 0x00, 0xFF, 0xFF, 0xFF, 0x00, 0xFF, 0xFF, 0xFF, 0x00,
        0xFF, 0xFF, 0xFF, 0x00, 0xFF, 0xFF, 0xFF, 0x00, 0xFF, 0xFF, 0xFF, 0x00,
        0xFF, 0xFF, 0xFF, 0x00, 0xFF, 0xFF, 0xFF, 0x00, 0xFF, 0xFF, 0xFF, 0x00,
        0xFF, 0xFF, 0xFF, 0x00, 0xFF, 0xFF, 0xFF, 0x00, 0xFF, 0xFF, 0xFF, 0x00,
        0xFF, 0xFF, 0xFF, 0x00, 0xFF, 0xFF, 0xFF, 0x00, 0xFF, 0xFF, 0xFF, 0x00,
        0xFF, 0xFF, 0xFF, 0x00, 0xFF, 0xFF, 0xFF, 0x00, 0xFF, 0xFF, 0xFF, 0x00,
        0xFF, 0xFF, 0xFF, 0x00, 0xFF, 0xFF, 0xFF, 0x00, 0xFF, 0xFF, 0xFF, 0x00,
        0xFF, 0xFF, 0xFF, 0x00, 0xFF, 0xFF, 0xFF, 0x00, 0xFF, 0xFF, 0xFF, 0x00,
        0xFF, 0xFF, 0xFF, 0x00, 0xFF, 0xFF, 0xFF, 0x00, 0xFF, 0xFF, 0xFF, 0x00,
        0xFF, 0xFF, 0xFF, 0x00, 0xFF, 0xFF, 0xFF, 0x00, 0xFF, 0xFF, 0xFF, 0x00,
        0xFF, 0xFF, 0xFF, 0x00, 0xFF, 0xFF, 0xFF, 0x00, 0xFF, 0xFF, 0xFF, 0x00,
        0xFF, 0xFF, 0xFF, 0x00, 0xFF, 0xFF, 0xFF, 0x00, 0xFF, 0xFF, 0xFF, 0x00,
        0xFF, 0xFF, 0xFF, 0x00, 0xFF, 0xFF, 0xFF, 0x00, 0xFF, 0xFF, 0xFF, 0x00,
        0xFF, 0xFF, 0xFF, 0x00, 0xFF, 0xFF, 0xFF, 0x00, 0xFF, 0xFF, 0xFF, 0x00,
        0xFF, 0xFF, 0xFF, 0x00, 0xFF, 0xFF, 0xFF, 0x00, 0xFF, 0xFF, 0xFF, 0x00,
        0xFF, 0xFF, 0xFF, 0x00, 0xFF, 0xFF, 0xFF, 0x00, 0xFF, 0xFF, 0xFF, 0x00,
        0xFF, 0xFF, 0xFF, 0x00, 0xFF, 0xFF, 0xFF, 0x00, 0xFF, 0xFF, 0xFF, 0x00,
        0xFF, 0xFF, 0xFF, 0x00, 0xFF, 0xFF, 0xFF, 0x00, 0xFF, 0xFF, 0xFF, 0x00,
        0xFF, 0xFF, 0xFF, 0x00, 0xFF, 0xFF, 0xFF, 0x00, 0xFF, 0xFF, 0xFF, 0x00,
        0xFF, 0xFF, 0xFF, 0x00, 0xFF, 0xFF, 0xFF, 0x00, 0xFF, 0xFF, 0xFF, 0x00,
        0xFF, 0xFF, 0xFF, 0x00, 0xFF, 0xFF, 0xFF, 0x00, 0xFF, 0xFF, 0xFF, 0x00,
        0xFF, 0xFF, 0xFF, 0x00, 0xFF, 0xFF, 0xFF, 0x00, 0xFF, 0xFF, 0xFF, 0x00,
        0xFF, 0xFF, 0xFF, 0x00, 0xFF, 0xFF, 0xFF, 0x00, 0xFF, 0xFF, 0xFF, 0x00,
        0xFF, 0xFF, 0xFF, 0x00, 0xFF, 0xFF, 0xFF, 0x00, 0xFF, 0xFF, 0xFF, 0x00,
        0xFF, 0xFF, 0xFF, 0x00, 0xFF, 0xFF, 0xFF, 0x00, 0xFF, 0xFF, 0xFF, 0x00,
        0xFF, 0xFF, 0xFF, 0x00, 0xFF, 0xFF, 0xFF, 0x00, 0xFF, 0xFF, 0xFF, 0x00,
        0xFF, 0xFF, 0xFF, 0x00, 0xFF, 0xFF, 0xFF, 0x00, 0xFF, 0xFF, 0xFF, 0x00,
        0xFF, 0xFF, 0xFF, 0x00, 0xFF, 0xFF, 0xFF, 0x00, 0xFF, 0xFF, 0xFF, 0x00,
        0xFF, 0xFF, 0xFF, 0x00, 0xFF, 0xFF, 0xFF, 0x00, 0xFF, 0xFF, 0xFF, 0x00,
        0xFF, 0xFF, 0xFF, 0x00, 0xFF, 0xFF, 0xFF, 0x00, 0xFF, 0xFF, 0xFF, 0x00,
        0xFF, 0xFF, 0xFF, 0x00, 0xFF, 0xFF, 0xFF, 0x00, 0xFF, 0xFF, 0xFF, 0x00,
        0xFF, 0xFF, 0xFF, 0x00, 0xFF, 0xFF, 0xFF, 0x00, 0xFF, 0xFF, 0xFF, 0x00,
        0xFF, 0xFF, 0xFF, 0x00, 0xFF, 0xFF, 0xFF, 0x00, 0xFF, 0xFF, 0xFF, 0x00,
        0xFF, 0xFF, 0xFF, 0x00, 0xFF, 0xFF, 0xFF, 0x00, 0xFF, 0xFF, 0xFF, 0x00,
        0xFF, 0xFF, 0xFF, 0x00, 0xFF, 0xFF, 0xFF, 0x00, 0xFF, 0xFF, 0xFF, 0x00,
        0xFF, 0xFF, 0xFF, 0x00, 0xFF, 0xFF, 0xFF, 0x00, 0xFF, 0xFF, 0xFF, 0x00,
        0xFF, 0xFF, 0xFF, 0x00, 0xFF, 0xFF, 0xFF, 0x00, 0xFF, 0xFF, 0xFF, 0x00,
        0xFF, 0xFF, 0xFF, 0x00, 0xFF, 0xFF, 0xFF, 0x00, 0xFF, 0xFF, 0xFF, 0x00,
        0xFF, 0xFF, 0xFF, 0x00, 0xFF, 0xFF, 0xFF, 0x00, 0xFF, 0xFF, 0xFF, 0x00,
        0xFF, 0xFF, 0xFF, 0x00, 0xFF, 0xFF, 0xFF, 0x00, 0xFF, 0xFF, 0xFF, 0x00,
        0xFF, 0xFF, 0xFF, 0x00, 0xFF, 0xFF, 0xFF, 0x00, 0xFF, 0xFF, 0xFF, 0x00,
        0xFF, 0xFF, 0xFF, 0x00, 0xFF, 0xFF, 0xFF, 0x00, 0xFF, 0xFF, 0xFF, 0x00,
        0xFF, 0xFF, 0xFF, 0x00, 0xFF, 0xFF, 0xFF, 0x00, 0xFF, 0xFF, 0xFF, 0x00,
        0xFF, 0xFF, 0xFF, 0x00, 0xFF, 0xFF, 0xFF, 0x00, 0xFF, 0xFF, 0xFF, 0x00,
        0xFF, 0xFF, 0xFF, 0x00, 0xFF, 0xFF, 0xFF, 0x00, 0xFF, 0xFF, 0xFF, 0x00,
        0xFF, 0xFF, 0xFF, 0x00, 0xFF, 0xFF, 0xFF, 0x00, 0xFF, 0xFF, 0xFF, 0x00,
        0xFF, 0xFF, 0xFF, 0x00, 0xFF, 0xFF, 0xFF, 0x00, 0xFF, 0xFF, 0xFF, 0x00,
        0xFF, 0xFF, 0xFF, 0x00, 0xFF, 0xFF, 0xFF, 0x00, 0xFF, 0xFF, 0xFF, 0x00,
        0xFF, 0xFF, 0xFF, 0x00, 0xFF, 0xFF, 0xFF, 0x00, 0xFF, 0xFF, 0xFF, 0x00,
        0xFF, 0xFF, 0xFF, 0x00, 0xFF, 0xFF, 0xFF, 0x00, 0xFF, 0xFF, 0xFF, 0x00,
        0xFF, 0xFF, 0xFF, 0x00, 0xFF, 0xFF, 0xFF, 0x00, 0xFF, 0xFF, 0xFF, 0x00,
        0xFF, 0xFF, 0xFF, 0x00, 0xFF, 0xFF, 0xFF, 0x00, 0xFF, 0xFF, 0xFF, 0x00,
        0xFF, 0xFF, 0xFF, 0x00, 0xFF, 0xFF, 0xFF, 0x00, 0xFF, 0xFF, 0xFF, 0x00,
        0xFF, 0xFF, 0xFF, 0x00, 0xFF, 0xFF, 0xFF, 0x00, 0xFF, 0xFF, 0xFF, 0x00,
        0xFF, 0xFF, 0xFF, 0x00, 0xFF, 0xFF, 0xFF, 0x00, 0xFF, 0xFF, 0xFF, 0x00,
        0xFF, 0xFF, 0xFF, 0x00, 0xFF, 0xFF, 0xFF, 0x00, 0xFF, 0xFF, 0xFF, 0x00,
        0xFF, 0xFF, 0xFF, 0x00, 0xFF, 0xFF, 0xFF, 0x00, 0xFF, 0xFF, 0xFF, 0x00,
        0xFF, 0xFF, 0xFF, 0x00, 0xFF, 0xFF, 0xFF, 0x00, 0xFF, 0xFF, 0xFF, 0x00,
        0xFF, 0xFF, 0xFF, 0x00, 0xFF, 0xFF, 0xFF, 0x00, 0xFF, 0xFF, 0xFF, 0x00,
        0xFF, 0xFF, 0xFF, 0x00, 0xFF, 0xFF, 0xFF, 0x00, 0xFF, 0xFF, 0xFF, 0x00,
        0xFF, 0xFF, 0xFF, 0x00, 0xFF, 0xFF, 0xFF, 0x00, 0xFF, 0xFF, 0xFF, 0x00,
        0xFF, 0xFF, 0xFF, 0x00, 0xFF, 0xFF, 0xFF, 0x00, 0xFF, 0xFF, 0xFF, 0x00,
        0xFF, 0xFF, 0xFF, 0x00, 0xFF, 0xFF, 0xFF, 0x00, 0xFF, 0xFF, 0xFF, 0x00,
        0xFF, 0xFF, 0xFF, 0x00, 0xFF, 0xFF, 0xFF, 0x00, 0xFF, 0xFF, 0xFF, 0x00,
        0xFF, 0xFF, 0xFF, 0x00, 0xFF, 0xFF, 0xFF, 0x00, 0xFF, 0xFF, 0xFF, 0x00,
        0xFF, 0xFF, 0xFF, 0x00, 0xFF, 0xFF, 0xFF, 0x00, 0xFF, 0xFF, 0xFF, 0x00,
        0xFF, 0xFF, 0xFF, 0x00, 0xFF, 0xFF, 0xFF, 0x00, 0xFF, 0xFF, 0xFF, 0x00,
        0xFF, 0xFF, 0xFF, 0x00, 0xFF, 0xFF, 0xFF, 0x00, 0xFF, 0xFF, 0xFF, 0x00,
        0xFF, 0xFF, 0xFF, 0x00, 0xFF, 0xFF, 0xFF, 0x00, 0xFF, 0xFF, 0xFF, 0x00,
        0xFF, 0xFF, 0xFF, 0x00, 0xFF, 0xFF, 0xFF, 0x00, 0xFF, 0xFF, 0xFF, 0x00,
        0xFF, 0xFF, 0xFF, 0x00, 0xFF, 0xFF, 0xFF, 0x00, 0xFF, 0xFF, 0xFF, 0x00,
        0xFF, 0xFF, 0xFF, 0x00, 0xFF, 0xFF, 0xFF, 0x00, 0xFF, 0xFF, 0xFF, 0x00,
        0xFF, 0xFF, 0xFF, 0x00, 0xFF, 0xFF, 0xFF, 0x00, 0xFF, 0xFF, 0xFF, 0x00,
        0xFF, 0xFF, 0xFF, 0x00, 0xFF, 0xFF, 0xFF, 0x00, 0xFF, 0xFF, 0xFF, 0x00,
        0xFF, 0xFF, 0xFF, 0x00, 0xFF, 0xFF, 0xFF, 0x00, 0xFF, 0xFF, 0xFF, 0x00,
        0xFF, 0xFF, 0xFF, 0x00, 0xFF, 0xFF, 0xFF, 0x00, 0xFF, 0xFF, 0xFF, 0x00,
        0xFF, 0xFF, 0xFF, 0x00, 0xFF, 0xFF, 0xFF, 0x00, 0xFF, 0xFF, 0xFF, 0x00,
        0xFF, 0xFF, 0xFF, 0x00, 0xFF, 0xFF, 0xFF, 0x00, 0xFF, 0xFF, 0xFF, 0x00,
        0xFF, 0xFF, 0xFF, 0x00, 0xFF, 0xFF, 0xFF, 0x00, 0xFF, 0xFF, 0xFF, 0x00,
        0xFF, 0xFF, 0xFF, 0x00, 0xFF, 0xFF, 0xFF, 0x00, 0xFF, 0xFF, 0xFF, 0x00,
        0xFF, 0xFF, 0xFF, 0x00, 0xFF, 0xFF, 0xFF, 0x00, 0xFF, 0xFF, 0xFF, 0x00,
        0xFF, 0xFF, 0xFF, 0x00, 0xFF, 0xFF, 0xFF, 0x00, 0xFF, 0xFF, 0xFF, 0x00,
        0xFF, 0xFF, 0xFF, 0x00, 0xFF, 0xFF, 0xFF, 0x00, 0xFF, 0xFF, 0xFF, 0x00,
        0xFF, 0xFF, 0xFF, 0x00, 0xFF, 0xFF, 0xFF, 0x00, 0xFF, 0xFF, 0xFF, 0x00,
        0xFF, 0xFF, 0xFF, 0x00, 0xFF, 0xFF, 0xFF, 0x00, 0xFF, 0xFF, 0xFF, 0x00,
        0xFF, 0xFF, 0xFF, 0x00, 0xFF, 0xFF, 0xFF, 0x00, 0xFF, 0xFF, 0xFF, 0x00,
        0xFF, 0xFF, 0xFF, 0x00, 0xFF, 0xFF, 0xFF, 0x00, 0xFF, 0xFF, 0xFF, 0x00,
        0xFF, 0xFF, 0xFF, 0x00, 0xFF, 0xFF, 0xFF, 0x00, 0xFF, 0xFF, 0xFF, 0x00,
        0xFF, 0xFF, 0xFF, 0x00, 0xFF, 0xFF, 0xFF, 0x00, 0xFF, 0xFF, 0xFF, 0x00,
        0xFF, 0xFF, 0xFF, 0x00, 0xFF, 0xFF, 0xFF, 0x00, 0xFF, 0xFF, 0xFF, 0x00,
        0xFF, 0xFF, 0xFF, 0x00, 0xFF, 0xFF, 0xFF, 0x00, 0xFF, 0xFF, 0xFF, 0x00,
        0xFF, 0xFF, 0xFF, 0x00, 0xFF, 0xFF, 0xFF, 0x00, 0xFF, 0xFF, 0xFF, 0x00,
        0xFF, 0xFF, 0xFF, 0x00, 0xFF, 0xFF, 0xFF, 0x00, 0xFF, 0xFF, 0xFF, 0x00,
        0xFF, 0xFF, 0xFF, 0x00, 0xFF, 0xFF, 0xFF, 0x00, 0xFF, 0xFF, 0xFF, 0x00,
        0xFF, 0xFF, 0xFF, 0x00, 0xFF, 0xFF, 0xFF, 0x00, 0xFF, 0xFF, 0xFF, 0x00,
        0xFF, 0xFF, 0xFF, 0x00, 0xFF, 0xFF, 0xFF, 0x00, 0xFF, 0xFF, 0xFF, 0x00,
        0xFF, 0xFF, 0xFF, 0x00, 0xFF, 0xFF, 0xFF, 0x00, 0xFF, 0xFF, 0xFF, 0x00,
        0xFF, 0xFF, 0xFF, 0x00, 0xFF, 0xFF, 0xFF, 0x00, 0xFF, 0xFF, 0xFF, 0x00,
        0xFF, 0xFF, 0xFF, 0x00, 0xFF, 0xFF, 0xFF, 0x00, 0xFF, 0xFF, 0xFF, 0x00,
        0xFF, 0xFF, 0xFF, 0x00, 0xFF, 0xFF, 0xFF, 0x00, 0xFF, 0xFF, 0xFF, 0x00,
        0xFF, 0xFF, 0xFF, 0x00, 0xFF, 0xFF, 0xFF, 0x00, 0xFF, 0xFF, 0xFF, 0x00,
        0xFF, 0xFF, 0xFF, 0x00, 0xFF, 0xFF, 0xFF, 0x00, 0xFF, 0xFF, 0xFF, 0x00,
        0xFF, 0xFF, 0xFF, 0x00, 0xFF, 0xFF, 0xFF, 0x00, 0xFF, 0xFF, 0xFF, 0x00,
        0xFF, 0xFF, 0xFF, 0x00, 0xFF, 0xFF, 0xFF, 0x00, 0xFF, 0xFF, 0xFF, 0x00,
        0xFF, 0xFF, 0xFF, 0x00, 0xFF, 0xFF, 0xFF, 0x00, 0xFF, 0xFF, 0xFF, 0x00,
        0xFF, 0xFF, 0xFF, 0x00, 0xFF, 0xFF, 0xFF, 0x00, 0xFF, 0xFF, 0xFF, 0x00,
        0xFF, 0xFF, 0xFF, 0x00, 0xFF, 0xFF, 0xFF, 0x00, 0xFF, 0xFF, 0xFF, 0x00,
        0xFF, 0xFF, 0xFF, 0x00, 0xFF, 0xFF, 0xFF, 0x00, 0xFF, 0xFF, 0xFF, 0x00,
        0xFF, 0xFF, 0xFF, 0x00, 0xFF, 0xFF, 0xFF, 0x00, 0xFF, 0xFF, 0xFF, 0x00,
        0xFF, 0xFF, 0xFF, 0x00, 0xFF, 0xFF, 0xFF, 0x00, 0xFF, 0xFF, 0xFF, 0x00,
        0xFF, 0xFF, 0xFF, 0x00, 0xFF, 0xFF, 0xFF, 0x00, 0xFF, 0xFF, 0xFF, 0x00,
        0xFF, 0xFF, 0xFF, 0x00, 0xFF, 0xFF, 0xFF, 0x00, 0xFF, 0xFF, 0xFF, 0x00,
        0xFF, 0xFF, 0xFF, 0x00, 0xFF, 0xFF, 0xFF, 0x00, 0xFF, 0xFF, 0xFF, 0x00,
        0xFF, 0xFF, 0xFF, 0x00, 0xFF, 0xFF, 0xFF, 0x00, 0xFF, 0xFF, 0xFF, 0x00,
        0xFF, 0xFF, 0xFF, 0x00, 0xFF, 0xFF, 0xFF, 0x00, 0xFF, 0xFF, 0xFF, 0x00,
        0xFF, 0xFF, 0xFF, 0x00, 0xFF, 0xFF, 0xFF, 0x00, 0xFF, 0xFF, 0xFF, 0x00,
        0xFF, 0xFF, 0xFF, 0x00, 0xFF, 0xFF, 0xFF, 0x00, 0xFF, 0xFF, 0xFF, 0x00,
        0xFF, 0xFF, 0xFF, 0x00, 0xFF, 0xFF, 0xFF, 0x00, 0xFF, 0xFF, 0xFF, 0x00,
        0xFF, 0xFF, 0xFF, 0x00, 0xFF, 0xFF, 0xFF, 0x00, 0xFF, 0xFF, 0xFF, 0x00,
        0xFF, 0xFF, 0xFF, 0x00, 0xFF, 0xFF, 0xFF, 0x00, 0xFF, 0xFF, 0xFF, 0x00,
        0xFF, 0xFF, 0xFF, 0x00, 0xFF, 0xFF, 0xFF, 0x00, 0xFF, 0xFF, 0xFF, 0x00,
        0xFF, 0xFF, 0xFF, 0x00, 0xFF, 0xFF, 0xFF, 0x00, 0xFF, 0xFF, 0xFF, 0x00,
        0xFF, 0xFF, 0xFF, 0x00, 0xFF, 0xFF, 0xFF, 0x00, 0xFF, 0xFF, 0xFF, 0x00,
        0xFF, 0xFF, 0xFF, 0x00, 0xFF, 0xFF, 0xFF, 0x00, 0xFF, 0xFF, 0xFF, 0x00,
        0xFF, 0xFF, 0xFF, 0x00, 0xFF, 0xFF, 0xFF, 0x00, 0xFF, 0xFF, 0xFF, 0x00,
        0xFF, 0xFF, 0xFF, 0x00, 0xFF, 0xFF, 0xFF, 0x00, 0xFF, 0xFF, 0xFF, 0x00,
        0xFF, 0xFF, 0xFF, 0x00, 0xFF, 0xFF, 0xFF, 0x00, 0xFF, 0xFF, 0xFF, 0x00,
        0xFF, 0xFF, 0xFF, 0x00, 0xFF, 0xFF, 0xFF, 0x00, 0xFF, 0xFF, 0xFF, 0x00,
        0xFF, 0xFF, 0xFF, 0x00, 0xFF, 0xFF, 0xFF, 0x00, 0xFF, 0xFF, 0xFF, 0x00,
        0xFF, 0xFF, 0xFF, 0x00, 0xFF, 0xFF, 0xFF, 0x00, 0xFF, 0xFF, 0xFF, 0x00,
        0xFF, 0xFF, 0xFF, 0x00, 0xFF, 0xFF, 0xFF, 0x00, 0xFF, 0xFF, 0xFF, 0x00,
        0xFF, 0xFF, 0xFF, 0x00, 0xFF, 0xFF, 0xFF, 0x00, 0xFF, 0xFF, 0xFF, 0x00,
        0xFF, 0xFF, 0xFF, 0x00, 0xFF, 0xFF, 0xFF, 0x00, 0xFF, 0xFF, 0xFF, 0x00,
        0xFF, 0xFF, 0xFF, 0x00, 0xFF, 0xFF, 0xFF, 0x00, 0xFF, 0xFF, 0xFF, 0x00,
        0xFF, 0xFF, 0xFF, 0x00, 0xFF, 0xFF, 0xFF, 0x00, 0xFF, 0xFF, 0xFF, 0x00,
        0xFF, 0xFF, 0xFF, 0x00, 0xFF, 0xFF, 0xFF, 0x00, 0x3E, 0x3E, 0x3E, 0x14,
        0x39, 0x39, 0x39, 0x86, 0x37, 0x37, 0x37, 0xD2, 0x37, 0x37, 0x37, 0xF8,
        0x37, 0x37, 0x37, 0xF8, 0x37, 0x37, 0x37, 0xD0, 0x39, 0x39, 0x39, 0x82,
        0x3E, 0x3E, 0x3E, 0x14, 0xFF, 0xFF, 0xFF, 0x00, 0xFF, 0xFF, 0xFF, 0x00,
        0xFF, 0xFF, 0xFF, 0x00, 0xFF, 0xFF, 0xFF, 0x00, 0xFF, 0xFF, 0xFF, 0x00,
        0xFF, 0xFF, 0xFF, 0x00, 0xFF, 0xFF, 0xFF, 0x00, 0xFF, 0xFF, 0xFF, 0x00,
        0xFF, 0xFF, 0xFF, 0x00, 0xFF, 0xFF, 0xFF, 0x00, 0xFF, 0xFF, 0xFF, 0x00,
        0xFF, 0xFF, 0xFF, 0x00, 0xFF, 0xFF, 0xFF, 0x00, 0xFF, 0xFF, 0xFF, 0x00,
        0xFF, 0xFF, 0xFF, 0x00, 0xFF, 0xFF, 0xFF, 0x00, 0xFF, 0xFF, 0xFF, 0x00,
        0xFF, 0xFF, 0xFF, 0x00, 0xFF, 0xFF, 0xFF, 0x00, 0xFF, 0xFF, 0xFF, 0x00,
        0xFF, 0xFF, 0xFF, 0x00, 0xFF, 0xFF, 0xFF, 0x00, 0xFF, 0xFF, 0xFF, 0x00,
        0xFF, 0xFF, 0xFF, 0x00, 0xFF, 0xFF, 0xFF, 0x00, 0xFF, 0xFF, 0xFF, 0x00,
        0xFF, 0xFF, 0xFF, 0x00, 0xFF, 0xFF, 0xFF, 0x00, 0xFF, 0xFF, 0xFF, 0x00,
        0xFF, 0xFF, 0xFF, 0x00, 0xFF, 0xFF, 0xFF, 0x00, 0xFF, 0xFF, 0xFF, 0x00,
        0xFF, 0xFF, 0xFF, 0x00, 0xFF, 0xFF, 0xFF, 0x00, 0xFF, 0xFF, 0xFF, 0x00,
        0xFF, 0xFF, 0xFF, 0x00, 0xFF, 0xFF, 0xFF, 0x00, 0xFF, 0xFF, 0xFF, 0x00,
        0xFF, 0xFF, 0xFF, 0x00, 0xFF, 0xFF, 0xFF, 0x00, 0xFF, 0xFF, 0xFF, 0x00,
        0xFF, 0xFF, 0xFF, 0x00, 0xFF, 0xFF, 0xFF, 0x00, 0xFF, 0xFF, 0xFF, 0x00,
        0xFF, 0xFF, 0xFF, 0x00, 0xFF, 0xFF, 0xFF, 0x00, 0xFF, 0xFF, 0xFF, 0x00,
        0xFF, 0xFF, 0xFF, 0x00, 0xFF, 0xFF, 0xFF, 0x00, 0xFF, 0xFF, 0xFF, 0x00,
        0xFF, 0xFF, 0xFF, 0x00, 0xFF, 0xFF, 0xFF, 0x00, 0xFF, 0xFF, 0xFF, 0x00,
        0xFF, 0xFF, 0xFF, 0x00, 0xFF, 0xFF, 0xFF, 0x00, 0xFF, 0xFF, 0xFF, 0x00,
        0x61, 0x61, 0x61, 0x14, 0x5A, 0x5A, 0x5A, 0x86, 0x56, 0x56, 0x56, 0xD2,
        0x56, 0x56, 0x56, 0xF8, 0x56, 0x56, 0x56, 0xF8, 0x56, 0x56, 0x56, 0xD0,
        0x5A, 0x5A, 0x5A, 0x82, 0x61, 0x61, 0x61, 0x14, 0xFF, 0xFF, 0xFF, 0x00,
        0xFF, 0xFF, 0xFF, 0x00, 0xFF, 0xFF, 0xFF, 0x00, 0xFF, 0xFF, 0xFF, 0x00,
        0xFF, 0xFF, 0xFF, 0x00, 0xFF, 0xFF, 0xFF, 0x00, 0xFF, 0xFF, 0xFF, 0x00,
        0xFF, 0xFF, 0xFF, 0x00, 0xFF, 0xFF, 0xFF, 0x00, 0xFF, 0xFF, 0xFF, 0x00,
        0xFF, 0xFF, 0xFF, 0x00, 0xFF, 0xFF, 0xFF, 0x00, 0xFF, 0xFF, 0xFF, 0x00,
        0xFF, 0xFF, 0xFF, 0x00, 0xFF, 0xFF, 0xFF, 0x00, 0xFF, 0xFF, 0xFF, 0x00,
        0xFF, 0xFF, 0xFF, 0x00, 0xFF, 0xFF, 0xFF, 0x00, 0xFF, 0xFF, 0xFF, 0x00,
        0xFF, 0xFF, 0xFF, 0x00, 0xFF, 0xFF, 0xFF, 0x00, 0xFF, 0xFF, 0xFF, 0x00,
        0xFF, 0xFF, 0xFF, 0x00, 0xFF, 0xFF, 0xFF, 0x00, 0xFF, 0xFF, 0xFF, 0x00,
        0xFF, 0xFF, 0xFF, 0x00, 0xFF, 0xFF, 0xFF, 0x00, 0xFF, 0xFF, 0xFF, 0x00,
        0xFF, 0xFF, 0xFF, 0x00, 0xFF, 0xFF, 0xFF, 0x00, 0xFF, 0xFF, 0xFF, 0x00,
        0xFF, 0xFF, 0xFF, 0x00, 0xFF, 0xFF, 0xFF, 0x00, 0xFF, 0xFF, 0xFF, 0x00,
        0xFF, 0xFF, 0xFF, 0x00, 0xFF, 0xFF, 0xFF, 0x00, 0xFF, 0xFF, 0xFF, 0x00,
        0xFF, 0xFF, 0xFF, 0x00, 0xFF, 0xFF, 0xFF, 0x00, 0xFF, 0xFF, 0xFF, 0x00,
        0xFF, 0xFF, 0xFF, 0x00, 0xFF, 0xFF, 0xFF, 0x00, 0xFF, 0xFF, 0xFF, 0x00,
        0xFF, 0xFF, 0xFF, 0x00, 0xFF, 0xFF, 0xFF, 0x00, 0xFF, 0xFF, 0xFF, 0x00,
        0xFF, 0xFF, 0xFF, 0x00, 0xFF, 0xFF, 0xFF, 0x00, 0xFF, 0xFF, 0xFF, 0x00,
        0xFF, 0xFF, 0xFF, 0x00, 0xFF, 0xFF, 0xFF, 0x00, 0xFF, 0xFF, 0xFF, 0x00,
        0xFF, 0xFF, 0xFF, 0x00, 0xFF, 0xFF, 0xFF, 0x00, 0xFF, 0xFF, 0xFF, 0x00,
        0x3C, 0x3C, 0x3C, 0x53, 0x37, 0x37, 0x37, 0xF0, 0x34, 0x34, 0x34, 0xFF,
        0x33, 0x33, 0x33, 0xFF, 0x33, 0x33, 0x33, 0xFF, 0x33, 0x33, 0x33, 0xFF,
        0x33, 0x33, 0x33, 0xFF, 0x34, 0x34, 0x34, 0xFF, 0x37, 0x37, 0x37, 0xF1,
        0x3C, 0x3C, 0x3C, 0x53, 0xFF, 0xFF, 0xFF, 0x00, 0xFF, 0xFF, 0xFF, 0x00,
        0xFF, 0xFF, 0xFF, 0x00, 0xFF, 0xFF, 0xFF, 0x00, 0xFF, 0xFF, 0xFF, 0x00,
        0xFF, 0xFF, 0xFF, 0x00, 0xFF, 0xFF, 0xFF, 0x00, 0xFF, 0xFF, 0xFF, 0x00,
        0xFF, 0xFF, 0xFF, 0x00, 0xFF, 0xFF, 0xFF, 0x00, 0xFF, 0xFF, 0xFF, 0x00,
        0xFF, 0xFF, 0xFF, 0x00, 0xFF, 0xFF, 0xFF, 0x00, 0xFF, 0xFF, 0xFF, 0x00,
        0xFF, 0xFF, 0xFF, 0x00, 0xFF, 0xFF, 0xFF, 0x00, 0xFF, 0xFF, 0xFF, 0x00,
        0xFF, 0xFF, 0xFF, 0x00, 0xFF, 0xFF, 0xFF, 0x00, 0xFF, 0xFF, 0xFF, 0x00,
        0xFF, 0xFF, 0xFF, 0x00, 0xFF, 0xFF, 0xFF, 0x00, 0xFF, 0xFF, 0xFF, 0x00,
        0xFF, 0xFF, 0xFF, 0x00, 0xFF, 0xFF, 0xFF, 0x00, 0xFF, 0xFF, 0xFF, 0x00,
        0xFF, 0xFF, 0xFF, 0x00, 0xFF, 0xFF, 0xFF, 0x00, 0xFF, 0xFF, 0xFF, 0x00,
        0xFF, 0xFF, 0xFF, 0x00, 0xFF, 0xFF, 0xFF, 0x00, 0xFF, 0xFF, 0xFF, 0x00,
        0xFF, 0xFF, 0xFF, 0x00, 0xFF, 0xFF, 0xFF, 0x00, 0xFF, 0xFF, 0xFF, 0x00,
        0xFF, 0xFF, 0xFF, 0x00, 0xFF, 0xFF, 0xFF, 0x00, 0xFF, 0xFF, 0xFF, 0x00,
        0xFF, 0xFF, 0xFF, 0x00, 0xFF, 0xFF, 0xFF, 0x00, 0xFF, 0xFF, 0xFF, 0x00,
        0xFF, 0xFF, 0xFF, 0x00, 0xFF, 0xFF, 0xFF, 0x00, 0xFF, 0xFF, 0xFF, 0x00,
        0xFF, 0xFF, 0xFF, 0x00, 0xFF, 0xFF, 0xFF, 0x00, 0xFF, 0xFF, 0xFF, 0x00,
        0xFF, 0xFF, 0xFF, 0x00, 0xFF, 0xFF, 0xFF, 0x00, 0xFF, 0xFF, 0xFF, 0x00,
        0xFF, 0xFF, 0xFF, 0x00, 0xFF, 0xFF, 0xFF, 0x00, 0xFF, 0xFF, 0xFF, 0x00,
        0xFF, 0xFF, 0xFF, 0x00, 0x5E, 0x5E, 0x5E, 0x53, 0x55, 0x55, 0x55, 0xF0,
        0x51, 0x51, 0x51, 0xFF, 0x50, 0x50, 0x50, 0xFF, 0x50, 0x50, 0x50, 0xFF,
        0x50, 0x50, 0x50, 0xFF, 0x50, 0x50, 0x50, 0xFF, 0x51, 0x51, 0x51, 0xFF,
        0x55, 0x55, 0x55, 0xF1, 0x5D, 0x5D, 0x5D, 0x53, 0xFF, 0xFF, 0xFF, 0x00,
        0xFF, 0xFF, 0xFF, 0x00, 0xFF, 0xFF, 0xFF, 0x00, 0xFF, 0xFF, 0xFF, 0x00,
        0xFF, 0xFF, 0xFF, 0x00, 0xFF, 0xFF, 0xFF, 0x00, 0xFF, 0xFF, 0xFF, 0x00,
        0xFF, 0xFF, 0xFF, 0x00, 0xFF, 0xFF, 0xFF, 0x00, 0xFF, 0xFF, 0xFF, 0x00,
        0xFF, 0xFF, 0xFF, 0x00, 0xFF, 0xFF, 0xFF, 0x00, 0xFF, 0xFF, 0xFF, 0x00,
        0xFF, 0xFF, 0xFF, 0x00, 0xFF, 0xFF, 0xFF, 0x00, 0xFF, 0xFF, 0xFF, 0x00,
        0xFF, 0xFF, 0xFF, 0x00, 0xFF, 0xFF, 0xFF, 0x00, 0xFF, 0xFF, 0xFF, 0x00,
        0xFF, 0xFF, 0xFF, 0x00, 0xFF, 0xFF, 0xFF, 0x00, 0xFF, 0xFF, 0xFF, 0x00,
        0xFF, 0xFF, 0xFF, 0x00, 0xFF, 0xFF, 0xFF, 0x00, 0xFF, 0xFF, 0xFF, 0x00,
        0xFF, 0xFF, 0xFF, 0x00, 0xFF, 0xFF, 0xFF, 0x00, 0xFF, 0xFF, 0xFF, 0x00,
        0xFF, 0xFF, 0xFF, 0x00, 0xFF, 0xFF, 0xFF, 0x00, 0xFF, 0xFF, 0xFF, 0x00,
        0xFF, 0xFF, 0xFF, 0x00, 0xFF, 0xFF, 0xFF, 0x00, 0xFF, 0xFF, 0xFF, 0x00,
        0xFF, 0xFF, 0xFF, 0x00, 0xFF, 0xFF, 0xFF, 0x00, 0xFF, 0xFF, 0xFF, 0x00,
        0xFF, 0xFF, 0xFF, 0x00, 0xFF, 0xFF, 0xFF, 0x00, 0xFF, 0xFF, 0xFF, 0x00,
        0xFF, 0xFF, 0xFF, 0x00, 0xFF, 0xFF, 0xFF, 0x00, 0xFF, 0xFF, 0xFF, 0x00,
        0xFF, 0xFF, 0xFF, 0x00, 0xFF, 0xFF, 0xFF, 0x00, 0xFF, 0xFF, 0xFF, 0x00,
        0xFF, 0xFF, 0xFF, 0x00, 0xFF, 0xFF, 0xFF, 0x00, 0xFF, 0xFF, 0xFF, 0x00,
        0xFF, 0xFF, 0xFF, 0x00, 0xFF, 0xFF, 0xFF, 0x00, 0xFF, 0xFF, 0xFF, 0x00,
        0xFF, 0xFF, 0xFF, 0x00, 0x3D, 0x3D, 0x3D, 0x53, 0x37, 0x37, 0x37, 0xFE,
        0x34, 0x34, 0x34, 0xFF, 0x35, 0x35, 0x35, 0xFF, 0x38, 0x38, 0x38, 0xFF,
        0x3A, 0x3A, 0x3A, 0xFF, 0x3A, 0x3A, 0x3A, 0xFF, 0x38, 0x38, 0x38, 0xFF,
        0x35, 0x35, 0x35, 0xFF, 0x34, 0x34, 0x34, 0xFF, 0x37, 0x37, 0x37, 0xFE,
        0x3D, 0x3D, 0x3D, 0x53, 0xFF, 0xFF, 0xFF, 0x00, 0xFF, 0xFF, 0xFF, 0x00,
        0xFF, 0xFF, 0xFF, 0x00, 0xFF, 0xFF, 0xFF, 0x00, 0xFF, 0xFF, 0xFF, 0x00,
        0xFF, 0xFF, 0xFF, 0x00, 0xFF, 0xFF, 0xFF, 0x00, 0xFF, 0xFF, 0xFF, 0x00,
        0xFF, 0xFF, 0xFF, 0x00, 0xFF, 0xFF, 0xFF, 0x00, 0xFF, 0xFF, 0xFF, 0x00,
        0xFF, 0xFF, 0xFF, 0x00, 0xFF, 0xFF, 0xFF, 0x00, 0xFF, 0xFF, 0xFF, 0x00,
        0xFF, 0xFF, 0xFF, 0x00, 0xFF, 0xFF, 0xFF, 0x00, 0xFF, 0xFF, 0xFF, 0x00,
        0xFF, 0xFF, 0xFF, 0x00, 0xFF, 0xFF, 0xFF, 0x00, 0xFF, 0xFF, 0xFF, 0x00,
        0xFF, 0xFF, 0xFF, 0x00, 0xFF, 0xFF, 0xFF, 0x00, 0xFF, 0xFF, 0xFF, 0x00,
        0xFF, 0xFF, 0xFF, 0x00, 0xFF, 0xFF, 0xFF, 0x00, 0xFF, 0xFF, 0xFF, 0x00,
        0xFF, 0xFF, 0xFF, 0x00, 0xFF, 0xFF, 0xFF, 0x00, 0xFF, 0xFF, 0xFF, 0x00,
        0xFF, 0xFF, 0xFF, 0x00, 0xFF, 0xFF, 0xFF, 0x00, 0xFF, 0xFF, 0xFF, 0x00,
        0xFF, 0xFF, 0xFF, 0x00, 0xFF, 0xFF, 0xFF, 0x00, 0xFF, 0xFF, 0xFF, 0x00,
        0xFF, 0xFF, 0xFF, 0x00, 0xFF, 0xFF, 0xFF, 0x00, 0xFF, 0xFF, 0xFF, 0x00,
        0xFF, 0xFF, 0xFF, 0x00, 0xFF, 0xFF, 0xFF, 0x00, 0xFF, 0xFF, 0xFF, 0x00,
        0xFF, 0xFF, 0xFF, 0x00, 0xFF, 0xFF, 0xFF, 0x00, 0xFF, 0xFF, 0xFF, 0x00,
        0xFF, 0xFF, 0xFF, 0x00, 0xFF, 0xFF, 0xFF, 0x00, 0xFF, 0xFF, 0xFF, 0x00,
        0xFF, 0xFF, 0xFF, 0x00, 0xFF, 0xFF, 0xFF, 0x00, 0xFF, 0xFF, 0xFF, 0x00,
        0xFF, 0xFF, 0xFF, 0x00, 0xFF, 0xFF, 0xFF, 0x00, 0x60, 0x60, 0x60, 0x53,
        0x55, 0x55, 0x55, 0xFE, 0x51, 0x51, 0x51, 0xFF, 0x53, 0x53, 0x53, 0xFF,
        0x58, 0x58, 0x58, 0xFF, 0x5A, 0x5A, 0x5A, 0xFF, 0x5A, 0x5A, 0x5A, 0xFF,
        0x58, 0x58, 0x58, 0xFF, 0x53, 0x53, 0x53, 0xFF, 0x51, 0x51, 0x51, 0xFF,
        0x55, 0x55, 0x55, 0xFE, 0x60, 0x60, 0x60, 0x53, 0xFF, 0xFF, 0xFF, 0x00,
        0xFF, 0xFF, 0xFF, 0x00, 0xFF, 0xFF, 0xFF, 0x00, 0xFF, 0xFF, 0xFF, 0x00,
        0xFF, 0xFF, 0xFF, 0x00, 0xFF, 0xFF, 0xFF, 0x00, 0xFF, 0xFF, 0xFF, 0x00,
        0xFF, 0xFF, 0xFF, 0x00, 0xFF, 0xFF, 0xFF, 0x00, 0xFF, 0xFF, 0xFF, 0x00,
        0xFF, 0xFF, 0xFF, 0x00, 0xFF, 0xFF, 0xFF, 0x00, 0xFF, 0xFF, 0xFF, 0x00,
        0xFF, 0xFF, 0xFF, 0x00, 0xFF, 0xFF, 0xFF, 0x00, 0xFF, 0xFF, 0xFF, 0x00,
        0xFF, 0xFF, 0xFF, 0x00, 0xFF, 0xFF, 0xFF, 0x00, 0xFF, 0xFF, 0xFF, 0x00,
        0xFF, 0xFF, 0xFF, 0x00, 0xFF, 0xFF, 0xFF, 0x00, 0xFF, 0xFF, 0xFF, 0x00,
        0xFF, 0xFF, 0xFF, 0x00, 0xFF, 0xFF, 0xFF, 0x00, 0xFF, 0xFF, 0xFF, 0x00,
        0xFF, 0xFF, 0xFF, 0x00, 0xFF, 0xFF, 0xFF, 0x00, 0xFF, 0xFF, 0xFF, 0x00,
        0xFF, 0xFF, 0xFF, 0x00, 0xFF, 0xFF, 0xFF, 0x00, 0xFF, 0xFF, 0xFF, 0x00,
        0xFF, 0xFF, 0xFF, 0x00, 0xFF, 0xFF, 0xFF, 0x00, 0xFF, 0xFF, 0xFF, 0x00,
        0xFF, 0xFF, 0xFF, 0x00, 0xFF, 0xFF, 0xFF, 0x00, 0xFF, 0xFF, 0xFF, 0x00,
        0xFF, 0xFF, 0xFF, 0x00, 0xFF, 0xFF, 0xFF, 0x00, 0xFF, 0xFF, 0xFF, 0x00,
        0xFF, 0xFF, 0xFF, 0x00, 0xFF, 0xFF, 0xFF, 0x00, 0xFF, 0xFF, 0xFF, 0x00,
        0xFF, 0xFF, 0xFF, 0x00, 0xFF, 0xFF, 0xFF, 0x00, 0xFF, 0xFF, 0xFF, 0x00,
        0xFF, 0xFF, 0xFF, 0x00, 0xFF, 0xFF, 0xFF, 0x00, 0xFF, 0xFF, 0xFF, 0x00,
        0xFF, 0xFF, 0xFF, 0x00, 0xFF, 0xFF, 0xFF, 0x00, 0x42, 0x42, 0x42, 0x15,
        0x38, 0x38, 0x38, 0xF1, 0x34, 0x34, 0x34, 0xFF, 0x35, 0x35, 0x35, 0xFF,
        0x3B, 0x3B, 0x3B, 0xFF, 0x43, 0x43, 0x43, 0xFF, 0x47, 0x47, 0x47, 0xFF,
        0x47, 0x47, 0x47, 0xFF, 0x43, 0x43, 0x43, 0xFF, 0x3B, 0x3B, 0x3B, 0xFF,
        0x35, 0x35, 0x35, 0xFF, 0x34, 0x34, 0x34, 0xFF, 0x38, 0x38, 0x38, 0xF1,
        0x42, 0x42, 0x42, 0x16, 0xFF, 0xFF, 0xFF, 0x00, 0xFF, 0xFF, 0xFF, 0x00,
        0xFF, 0xFF, 0xFF, 0x00, 0xFF, 0xFF, 0xFF, 0x00, 0xFF, 0xFF, 0xFF, 0x00,
        0xFF, 0xFF, 0xFF, 0x00, 0xFF, 0xFF, 0xFF, 0x00, 0xFF, 0xFF, 0xFF, 0x00,
        0xFF, 0xFF, 0xFF, 0x00, 0xFF, 0xFF, 0xFF, 0x00, 0xFF, 0xFF, 0xFF, 0x00,
        0xFF, 0xFF, 0xFF, 0x00, 0xFF, 0xFF, 0xFF, 0x00, 0xFF, 0xFF, 0xFF, 0x00,
        0xFF, 0xFF, 0xFF, 0x00, 0xFF, 0xFF, 0xFF, 0x00, 0xFF, 0xFF, 0xFF, 0x00,
        0xFF, 0xFF, 0xFF, 0x00, 0xFF, 0xFF, 0xFF, 0x00, 0xFF, 0xFF, 0xFF, 0x00,
        0xFF, 0xFF, 0xFF, 0x00, 0xFF, 0xFF, 0xFF, 0x00, 0xFF, 0xFF, 0xFF, 0x00,
        0xFF, 0xFF, 0xFF, 0x00, 0xFF, 0xFF, 0xFF, 0x00, 0xFF, 0xFF, 0xFF, 0x00,
        0xFF, 0xFF, 0xFF, 0x00, 0xFF, 0xFF, 0xFF, 0x00, 0xFF, 0xFF, 0xFF, 0x00,
        0xFF, 0xFF, 0xFF, 0x00, 0xFF, 0xFF, 0xFF, 0x00, 0xFF, 0xFF, 0xFF, 0x00,
        0xFF, 0xFF, 0xFF, 0x00, 0xFF, 0xFF, 0xFF, 0x00, 0xFF, 0xFF, 0xFF, 0x00,
        0xFF, 0xFF, 0xFF, 0x00, 0xFF, 0xFF, 0xFF, 0x00, 0xFF, 0xFF, 0xFF, 0x00,
        0xFF, 0xFF, 0xFF, 0x00, 0xFF, 0xFF, 0xFF, 0x00, 0xFF, 0xFF, 0xFF, 0x00,
        0xFF, 0xFF, 0xFF, 0x00, 0xFF, 0xFF, 0xFF, 0x00, 0xFF, 0xFF, 0xFF, 0x00,
        0xFF, 0xFF, 0xFF, 0x00, 0xFF, 0xFF, 0xFF, 0x00, 0xFF, 0xFF, 0xFF, 0x00,
        0xFF, 0xFF, 0xFF, 0x00, 0xFF, 0xFF, 0xFF, 0x00, 0xFF, 0xFF, 0xFF, 0x00,
        0x66, 0x66, 0x66, 0x15, 0x58, 0x58, 0x58, 0xF1, 0x51, 0x51, 0x51, 0xFF,
        0x53, 0x53, 0x53, 0xFF, 0x5D, 0x5D, 0x5D, 0xFF, 0x68, 0x68, 0x68, 0xFF,
        0x6C, 0x6C, 0x6C, 0xFF, 0x6C, 0x6C, 0x6C, 0xFF, 0x68, 0x68, 0x68, 0xFF,
        0x5D, 0x5D, 0x5D, 0xFF, 0x53, 0x53, 0x53, 0xFF, 0x51, 0x51, 0x51, 0xFF,
        0x58, 0x58, 0x58, 0xF1, 0x66, 0x66, 0x66, 0x16, 0xFF, 0xFF, 0xFF, 0x00,
        0xFF, 0xFF, 0xFF, 0x00, 0xFF, 0xFF, 0xFF, 0x00, 0xFF, 0xFF, 0xFF, 0x00,
        0xFF, 0xFF, 0xFF, 0x00, 0xFF, 0xFF, 0xFF, 0x00, 0xFF, 0xFF, 0xFF, 0x00,
        0xFF, 0xFF, 0xFF, 0x00, 0xFF, 0xFF, 0xFF, 0x00, 0xFF, 0xFF, 0xFF, 0x00,
        0xFF, 0xFF, 0xFF, 0x00, 0xFF, 0xFF, 0xFF, 0x00, 0xFF, 0xFF, 0xFF, 0x00,
        0xFF, 0xFF, 0xFF, 0x00, 0xFF, 0xFF, 0xFF, 0x00, 0xFF, 0xFF, 0xFF, 0x00,
        0xFF, 0xFF, 0xFF, 0x00, 0xFF, 0xFF, 0xFF, 0x00, 0xFF, 0xFF, 0xFF, 0x00,
        0xFF, 0xFF, 0xFF, 0x00, 0xFF, 0xFF, 0xFF, 0x00, 0xFF, 0xFF, 0xFF, 0x00,
        0xFF, 0xFF, 0xFF, 0x00, 0xFF, 0xFF, 0xFF, 0x00, 0xFF, 0xFF, 0xFF, 0x00,
        0xFF, 0xFF, 0xFF, 0x00, 0xFF, 0xFF, 0xFF, 0x00, 0xFF, 0xFF, 0xFF, 0x00,
        0xFF, 0xFF, 0xFF, 0x00, 0xFF, 0xFF, 0xFF, 0x00, 0xFF, 0xFF, 0xFF, 0x00,
        0xFF, 0xFF, 0xFF, 0x00, 0xFF, 0xFF, 0xFF, 0x00, 0xFF, 0xFF, 0xFF, 0x00,
        0xFF, 0xFF, 0xFF, 0x00, 0xFF, 0xFF, 0xFF, 0x00, 0xFF, 0xFF, 0xFF, 0x00,
        0xFF, 0xFF, 0xFF, 0x00, 0xFF, 0xFF, 0xFF, 0x00, 0xFF, 0xFF, 0xFF, 0x00,
        0xFF, 0xFF, 0xFF, 0x00, 0xFF, 0xFF, 0xFF, 0x00, 0xFF, 0xFF, 0xFF, 0x00,
        0xFF, 0xFF, 0xFF, 0x00, 0xFF, 0xFF, 0xFF, 0x00, 0xFF, 0xFF, 0xFF, 0x00,
        0xFF, 0xFF, 0xFF, 0x00, 0xFF, 0xFF, 0xFF, 0x00, 0xFF, 0xFF, 0xFF, 0x00,
        0xFF, 0xFF, 0xFF, 0x00, 0x3F, 0x3F, 0x3F, 0x82, 0x38, 0x38, 0x38, 0xFF,
        0x37, 0x37, 0x37, 0xFF, 0x3D, 0x3D, 0x3D, 0xFF, 0x46, 0x46, 0x46, 0xFF,
        0x4C, 0x4C, 0x4C, 0xFF, 0x4E, 0x4E, 0x4E, 0xFF, 0x4E, 0x4E, 0x4E, 0xFF,
        0x4C, 0x4C, 0x4C, 0xFF, 0x46, 0x46, 0x46, 0xFF, 0x3D, 0x3D, 0x3D, 0xFF,
        0x37, 0x37, 0x37, 0xFF, 0x38, 0x38, 0x38, 0xFF, 0x3F, 0x3F, 0x3F, 0x86,
        0xFF, 0xFF, 0xFF, 0x00, 0xFF, 0xFF, 0xFF, 0x00, 0xFF, 0xFF, 0xFF, 0x00,
        0xFF, 0xFF, 0xFF, 0x00, 0xFF, 0xFF, 0xFF, 0x00, 0xFF, 0xFF, 0xFF, 0x00,
        0xFF, 0xFF, 0xFF, 0x00, 0xFF, 0xFF, 0xFF, 0x00, 0xFF, 0xFF, 0xFF, 0x00,
        0xFF, 0xFF, 0xFF, 0x00, 0xFF, 0xFF, 0xFF, 0x00, 0xFF, 0xFF, 0xFF, 0x00,
        0xFF, 0xFF, 0xFF, 0x00, 0xFF, 0xFF, 0xFF, 0x00, 0xFF, 0xFF, 0xFF, 0x00,
        0xFF, 0xFF, 0xFF, 0x00, 0xFF, 0xFF, 0xFF, 0x00, 0xFF, 0xFF, 0xFF, 0x00,
        0xFF, 0xFF, 0xFF, 0x00, 0xFF, 0xFF, 0xFF, 0x00, 0xFF, 0xFF, 0xFF, 0x00,
        0xFF, 0xFF, 0xFF, 0x00, 0xFF, 0xFF, 0xFF, 0x00, 0xFF, 0xFF, 0xFF, 0x00,
        0xFF, 0xFF, 0xFF, 0x00, 0xFF, 0xFF, 0xFF, 0x00, 0xFF, 0xFF, 0xFF, 0x00,
        0xFF, 0xFF, 0xFF, 0x00, 0xFF, 0xFF, 0xFF, 0x00, 0xFF, 0xFF, 0xFF, 0x00,
        0xFF, 0xFF, 0xFF, 0x00, 0xFF, 0xFF, 0xFF, 0x00, 0xFF, 0xFF, 0xFF, 0x00,
        0xFF, 0xFF, 0xFF, 0x00, 0xFF, 0xFF, 0xFF, 0x00, 0xFF, 0xFF, 0xFF, 0x00,
        0xFF, 0xFF, 0xFF, 0x00, 0xFF, 0xFF, 0xFF, 0x00, 0xFF, 0xFF, 0xFF, 0x00,
        0xFF, 0xFF, 0xFF, 0x00, 0xFF, 0xFF, 0xFF, 0x00, 0xFF, 0xFF, 0xFF, 0x00,
        0xFF, 0xFF, 0xFF, 0x00, 0xFF, 0xFF, 0xFF, 0x00, 0xFF, 0xFF, 0xFF, 0x00,
        0xFF, 0xFF, 0xFF, 0x00, 0xFF, 0xFF, 0xFF, 0x00, 0xFF, 0xFF, 0xFF, 0x00,
        0xFF, 0xFF, 0xFF, 0x00, 0xFF, 0xFF, 0xFF, 0x00, 0x61, 0x61, 0x61, 0x82,
        0x56, 0x56, 0x56, 0xFF, 0x54, 0x54, 0x54, 0xFF, 0x5D, 0x5D, 0x5D, 0xFF,
        0x69, 0x69, 0x69, 0xFF, 0x71, 0x71, 0x71, 0xFF, 0x73, 0x73, 0x73, 0xFF,
        0x73, 0x73, 0x73, 0xFF, 0x71, 0x71, 0x71, 0xFF, 0x69, 0x69, 0x69, 0xFF,
        0x5D, 0x5D, 0x5D, 0xFF, 0x54, 0x54, 0x54, 0xFF, 0x56, 0x56, 0x56, 0xFF,
        0x61, 0x61, 0x61, 0x86, 0xFF, 0xFF, 0xFF, 0x00, 0xFF, 0xFF, 0xFF, 0x00,
        0xFF, 0xFF, 0xFF, 0x00, 0xFF, 0xFF, 0xFF, 0x00, 0xFF, 0xFF, 0xFF, 0x00,
        0xFF, 0xFF, 0xFF, 0x00, 0xFF, 0xFF, 0xFF, 0x00, 0xFF, 0xFF, 0xFF, 0x00,
        0xFF, 0xFF, 0xFF, 0x00, 0xFF, 0xFF, 0xFF, 0x00, 0xFF, 0xFF, 0xFF, 0x00,
        0xFF, 0xFF, 0xFF, 0x00, 0xFF, 0xFF, 0xFF, 0x00, 0xFF, 0xFF, 0xFF, 0x00,
        0xFF, 0xFF, 0xFF, 0x00, 0xFF, 0xFF, 0xFF, 0x00, 0xFF, 0xFF, 0xFF, 0x00,
        0xFF, 0xFF, 0xFF, 0x00, 0xFF, 0xFF, 0xFF, 0x00, 0xFF, 0xFF, 0xFF, 0x00,
        0xFF, 0xFF, 0xFF, 0x00, 0xFF, 0xFF, 0xFF, 0x00, 0xFF, 0xFF, 0xFF, 0x00,
        0xFF, 0xFF, 0xFF, 0x00, 0xFF, 0xFF, 0xFF, 0x00, 0xFF, 0xFF, 0xFF, 0x00,
        0xFF, 0xFF, 0xFF, 0x00, 0xFF, 0xFF, 0xFF, 0x00, 0xFF, 0xFF, 0xFF, 0x00,
        0xFF, 0xFF, 0xFF, 0x00, 0xFF, 0xFF, 0xFF, 0x00, 0xFF, 0xFF, 0xFF, 0x00,
        0xFF, 0xFF, 0xFF, 0x00, 0xFF, 0xFF, 0xFF, 0x00, 0xFF, 0xFF, 0xFF, 0x00,
        0xFF, 0xFF, 0xFF, 0x00, 0xFF, 0xFF, 0xFF, 0x00, 0xFF, 0xFF, 0xFF, 0x00,
        0xFF, 0xFF, 0xFF, 0x00, 0xFF, 0xFF, 0xFF, 0x00, 0xFF, 0xFF, 0xFF, 0x00,
        0xFF, 0xFF, 0xFF, 0x00, 0xFF, 0xFF, 0xFF, 0x00, 0xFF, 0xFF, 0xFF, 0x00,
        0xFF, 0xFF, 0xFF, 0x00, 0xFF, 0xFF, 0xFF, 0x00, 0xFF, 0xFF, 0xFF, 0x00,
        0xFF, 0xFF, 0xFF, 0x00, 0xFF, 0xFF, 0xFF, 0x00, 0xFF, 0xFF, 0xFF, 0x00,
        0x3D, 0x3D, 0x3D, 0xD0, 0x38, 0x38, 0x38, 0xFF, 0x3C, 0x3C, 0x3C, 0xFF,
        0x45, 0x45, 0x45, 0xFF, 0x4C, 0x4C, 0x4C, 0xFF, 0x4E, 0x4E, 0x4E, 0xFF,
        0x4E, 0x4E, 0x4E, 0xFF, 0x4E, 0x4E, 0x4E, 0xFF, 0x4E, 0x4E, 0x4E, 0xFF,
        0x4C, 0x4C, 0x4C, 0xFF, 0x45, 0x45, 0x45, 0xFF, 0x3C, 0x3C, 0x3C, 0xFF,
        0x38, 0x38, 0x38, 0xFF, 0x3D, 0x3D, 0x3D, 0xD2, 0xFF, 0xFF, 0xFF, 0x00,
        0xFF, 0xFF, 0xFF, 0x00, 0xFF, 0xFF, 0xFF, 0x00, 0xFF, 0xFF, 0xFF, 0x00,
        0xFF, 0xFF, 0xFF, 0x00, 0xFF, 0xFF, 0xFF, 0x00, 0xFF, 0xFF, 0xFF, 0x00,
        0xFF, 0xFF, 0xFF, 0x00, 0xFF, 0xFF, 0xFF, 0x00, 0xFF, 0xFF, 0xFF, 0x00,
        0xFF, 0xFF, 0xFF, 0x00, 0xFF, 0xFF, 0xFF, 0x00, 0xFF, 0xFF, 0xFF, 0x00,
        0xFF, 0xFF, 0xFF, 0x00, 0xFF, 0xFF, 0xFF, 0x00, 0xFF, 0xFF, 0xFF, 0x00,
        0xFF, 0xFF, 0xFF, 0x00, 0xFF, 0xFF, 0xFF, 0x00, 0xFF, 0xFF, 0xFF, 0x00,
        0xFF, 0xFF, 0xFF, 0x00, 0xFF, 0xFF, 0xFF, 0x00, 0xFF, 0xFF, 0xFF, 0x00,
        0xFF, 0xFF, 0xFF, 0x00, 0xFF, 0xFF, 0xFF, 0x00, 0xFF, 0xFF, 0xFF, 0x00,
        0xFF, 0xFF, 0xFF, 0x00, 0xFF, 0xFF, 0xFF, 0x00, 0xFF, 0xFF, 0xFF, 0x00,
        0xFF, 0xFF, 0xFF, 0x00, 0xFF, 0xFF, 0xFF, 0x00, 0xFF, 0xFF, 0xFF, 0x00,
        0xFF, 0xFF, 0xFF, 0x00, 0xFF, 0xFF, 0xFF, 0x00, 0xFF, 0xFF, 0xFF, 0x00,
        0xFF, 0xFF, 0xFF, 0x00, 0xFF, 0xFF, 0xFF, 0x00, 0xFF, 0xFF, 0xFF, 0x00,
        0xFF, 0xFF, 0xFF, 0x00, 0xFF, 0xFF, 0xFF, 0x00, 0xFF, 0xFF, 0xFF, 0x00,
        0xFF, 0xFF, 0xFF, 0x00, 0xFF, 0xFF, 0xFF, 0x00, 0xFF, 0xFF, 0xFF, 0x00,
        0xFF, 0xFF, 0xFF, 0x00, 0xFF, 0xFF, 0xFF, 0x00, 0xFF, 0xFF, 0xFF, 0x00,
        0xFF, 0xFF, 0xFF, 0x00, 0xFF, 0xFF, 0xFF, 0x00, 0xFF, 0xFF, 0xFF, 0x00,
        0xFF, 0xFF, 0xFF, 0x00, 0x5E, 0x5E, 0x5E, 0xD0, 0x56, 0x56, 0x56, 0xFF,
        0x5C, 0x5C, 0x5C, 0xFF, 0x67, 0x67, 0x67, 0xFF, 0x70, 0x70, 0x70, 0xFF,
        0x70, 0x70, 0x70, 0xFF, 0x6F, 0x6F, 0x6F, 0xFF, 0x6F, 0x6F, 0x6F, 0xFF,
        0x70, 0x70, 0x70, 0xFF, 0x70, 0x70, 0x70, 0xFF, 0x67, 0x67, 0x67, 0xFF,
        0x5C, 0x5C, 0x5C, 0xFF, 0x56, 0x56, 0x56, 0xFF, 0x5E, 0x5E, 0x5E, 0xD2,
        0xFF, 0xFF, 0xFF, 0x00, 0xFF, 0xFF, 0xFF, 0x00, 0xFF, 0xFF, 0xFF, 0x00,
        0xFF, 0xFF, 0xFF, 0x00, 0xFF, 0xFF, 0xFF, 0x00, 0xFF, 0xFF, 0xFF, 0x00,
        0xFF, 0xFF, 0xFF, 0x00, 0xFF, 0xFF, 0xFF, 0x00, 0xFF, 0xFF, 0xFF, 0x00,
        0xFF, 0xFF, 0xFF, 0x00, 0xFF, 0xFF, 0xFF, 0x00, 0xFF, 0xFF, 0xFF, 0x00,
        0xFF, 0xFF, 0xFF, 0x00, 0xFF, 0xFF, 0xFF, 0x00, 0xFF, 0xFF, 0xFF, 0x00,
        0xFF, 0xFF, 0xFF, 0x00, 0xFF, 0xFF, 0xFF, 0x00, 0xFF, 0xFF, 0xFF, 0x00,
        0xFF, 0xFF, 0xFF, 0x00, 0xFF, 0xFF, 0xFF, 0x00, 0xFF, 0xFF, 0xFF, 0x00,
        0xFF, 0xFF, 0xFF, 0x00, 0xFF, 0xFF, 0xFF, 0x00, 0xFF, 0xFF, 0xFF, 0x00,
        0xFF, 0xFF, 0xFF, 0x00, 0xFF, 0xFF, 0xFF, 0x00, 0xFF, 0xFF, 0xFF, 0x00,
        0xFF, 0xFF, 0xFF, 0x00, 0xFF, 0xFF, 0xFF, 0x00, 0xFF, 0xFF, 0xFF, 0x00,
        0xFF, 0xFF, 0xFF, 0x00, 0xFF, 0xFF, 0xFF, 0x00, 0xFF, 0xFF, 0xFF, 0x00,
        0xFF, 0xFF, 0xFF, 0x00, 0xFF, 0xFF, 0xFF, 0x00, 0xFF, 0xFF, 0xFF, 0x00,
        0xFF, 0xFF, 0xFF, 0x00, 0xFF, 0xFF, 0xFF, 0x00, 0xFF, 0xFF, 0xFF, 0x00,
        0xFF, 0xFF, 0xFF, 0x00, 0xFF, 0xFF, 0xFF, 0x00, 0xFF, 0xFF, 0xFF, 0x00,
        0xFF, 0xFF, 0xFF, 0x00, 0xFF, 0xFF, 0xFF, 0x00, 0xFF, 0xFF, 0xFF, 0x00,
        0xFF, 0xFF, 0xFF, 0x00, 0xFF, 0xFF, 0xFF, 0x00, 0xFF, 0xFF, 0xFF, 0x00,
        0xFF, 0xFF, 0xFF, 0x00, 0xFF, 0xFF, 0xFF, 0x00, 0x3E, 0x3E, 0x3E, 0xF8,
        0x3A, 0x3A, 0x3A, 0xFF, 0x40, 0x40, 0x40, 0xFF, 0x4A, 0x4A, 0x4A, 0xFF,
        0x4F, 0x4F, 0x4F, 0xFF, 0x4F, 0x4F, 0x4F, 0xFF, 0x4F, 0x4F, 0x4F, 0xFF,
        0x4F, 0x4F, 0x4F, 0xFF, 0x4F, 0x4F, 0x4F, 0xFF, 0x4F, 0x4F, 0x4F, 0xFF,
        0x4A, 0x4A, 0x4A, 0xFF, 0x40, 0x40, 0x40, 0xFF, 0x3A, 0x3A, 0x3A, 0xFF,
        0x3E, 0x3E, 0x3E, 0xF9, 0xFF, 0xFF, 0xFF, 0x00, 0xFF, 0xFF, 0xFF, 0x00,
        0xFF, 0xFF, 0xFF, 0x00, 0xFF, 0xFF, 0xFF, 0x00, 0xFF, 0xFF, 0xFF, 0x00,
        0xFF, 0xFF, 0xFF, 0x00, 0xFF, 0xFF, 0xFF, 0x00, 0xFF, 0xFF, 0xFF, 0x00,
        0xFF, 0xFF, 0xFF, 0x00, 0xFF, 0xFF, 0xFF, 0x00, 0xFF, 0xFF, 0xFF, 0x00,
        0xFF, 0xFF, 0xFF, 0x00, 0xFF, 0xFF, 0xFF, 0x00, 0xFF, 0xFF, 0xFF, 0x00,
        0xFF, 0xFF, 0xFF, 0x00, 0xFF, 0xFF, 0xFF, 0x00, 0xFF, 0xFF, 0xFF, 0x00,
        0xFF, 0xFF, 0xFF, 0x00, 0xFF, 0xFF, 0xFF, 0x00, 0xFF, 0xFF, 0xFF, 0x00,
        0xFF, 0xFF, 0xFF, 0x00, 0xFF, 0xFF, 0xFF, 0x00, 0xFF, 0xFF, 0xFF, 0x00,
        0xFF, 0xFF, 0xFF, 0x00, 0xFF, 0xFF, 0xFF, 0x00, 0xFF, 0xFF, 0xFF, 0x00,
        0xFF, 0xFF, 0xFF, 0x00, 0xFF, 0xFF, 0xFF, 0x00, 0xFF, 0xFF, 0xFF, 0x00,
        0xFF, 0xFF, 0xFF, 0x00, 0xFF, 0xFF, 0xFF, 0x00, 0xFF, 0xFF, 0xFF, 0x00,
        0xFF, 0xFF, 0xFF, 0x00, 0xFF, 0xFF, 0xFF, 0x00, 0xFF, 0xFF, 0xFF, 0x00,
        0xFF, 0xFF, 0xFF, 0x00, 0xFF, 0xFF, 0xFF, 0x00, 0xFF, 0xFF, 0xFF, 0x00,
        0xFF, 0xFF, 0xFF, 0x00, 0xFF, 0xFF, 0xFF, 0x00, 0xFF, 0xFF, 0xFF, 0x00,
        0xFF, 0xFF, 0xFF, 0x00, 0xFF, 0xFF, 0xFF, 0x00, 0xFF, 0xFF, 0xFF, 0x00,
        0xFF, 0xFF, 0xFF, 0x00, 0xFF, 0xFF, 0xFF, 0x00, 0xFF, 0xFF, 0xFF, 0x00,
        0xFF, 0xFF, 0xFF, 0x00, 0xFF, 0xFF, 0xFF, 0x00, 0xFF, 0xFF, 0xFF, 0x00,
        0x5E, 0x5E, 0x5E, 0xF8, 0x58, 0x58, 0x58, 0xFF, 0x60, 0x60, 0x60, 0xFF,
        0x6B, 0x6B, 0x6B, 0xFF, 0x6F, 0x6F, 0x6F, 0xFF, 0x6D, 0x6D, 0x6D, 0xFF,
        0x6D, 0x6D, 0x6D, 0xFF, 0x6D, 0x6D, 0x6D, 0xFF, 0x6D, 0x6D, 0x6D, 0xFF,
        0x6F, 0x6F, 0x6F, 0xFF, 0x6B, 0x6B, 0x6B, 0xFF, 0x60, 0x60, 0x60, 0xFF,
        0x58, 0x58, 0x58, 0xFF, 0x5E, 0x5E, 0x5E, 0xF9, 0xFF, 0xFF, 0xFF, 0x00,
        0xFF, 0xFF, 0xFF, 0x00, 0xFF, 0xFF, 0xFF, 0x00, 0xFF, 0xFF, 0xFF, 0x00,
        0xFF, 0xFF, 0xFF, 0x00, 0xFF, 0xFF, 0xFF, 0x00, 0xFF, 0xFF, 0xFF, 0x00,
        0xFF, 0xFF, 0xFF, 0x00, 0xFF, 0xFF, 0xFF, 0x00, 0xFF, 0xFF, 0xFF, 0x00,
        0xFF, 0xFF, 0xFF, 0x00, 0xFF, 0xFF, 0xFF, 0x00, 0xFF, 0xFF, 0xFF, 0x00,
        0xFF, 0xFF, 0xFF, 0x00, 0xFF, 0xFF, 0xFF, 0x00, 0xFF, 0xFF, 0xFF, 0x00,
        0xFF, 0xFF, 0xFF, 0x00, 0xFF, 0xFF, 0xFF, 0x00, 0xFF, 0xFF, 0xFF, 0x00,
        0xFF, 0xFF, 0xFF, 0x00, 0xFF, 0xFF, 0xFF, 0x00, 0xFF, 0xFF, 0xFF, 0x00,
        0xFF, 0xFF, 0xFF, 0x00, 0xFF, 0xFF, 0xFF, 0x00, 0xFF, 0xFF, 0xFF, 0x00,
        0xFF, 0xFF, 0xFF, 0x00, 0xFF, 0xFF, 0xFF, 0x00, 0xFF, 0xFF, 0xFF, 0x00,
        0xFF, 0xFF, 0xFF, 0x00, 0xFF, 0xFF, 0xFF, 0x00, 0xFF, 0xFF, 0xFF, 0x00,
        0xFF, 0xFF, 0xFF, 0x00, 0xFF, 0xFF, 0xFF, 0x00, 0xFF, 0xFF, 0xFF, 0x00,
        0xFF, 0xFF, 0xFF, 0x00, 0xFF, 0xFF, 0xFF, 0x00, 0xFF, 0xFF, 0xFF, 0x00,
        0xFF, 0xFF, 0xFF, 0x00, 0xFF, 0xFF, 0xFF, 0x00, 0xFF, 0xFF, 0xFF, 0x00,
        0xFF, 0xFF, 0xFF, 0x00, 0xFF, 0xFF, 0xFF, 0x00, 0xFF, 0xFF, 0xFF, 0x00,
        0xFF, 0xFF, 0xFF, 0x00, 0xFF, 0xFF, 0xFF, 0x00, 0xFF, 0xFF, 0xFF, 0x00,
        0xFF, 0xFF, 0xFF, 0x00, 0xFF, 0xFF, 0xFF, 0x00, 0xFF, 0xFF, 0xFF, 0x00,
        0xFF, 0xFF, 0xFF, 0x00, 0x3F, 0x3F, 0x3F, 0xFF, 0x3C, 0x3C, 0x3C, 0xFF,
        0x43, 0x43, 0x43, 0xFF, 0x4C, 0x4C, 0x4C, 0xFF, 0x4F, 0x4F, 0x4F, 0xFF,
        0x4F, 0x4F, 0x4F, 0xFF, 0x4F, 0x4F, 0x4F, 0xFF, 0x4F, 0x4F, 0x4F, 0xFF,
        0x4F, 0x4F, 0x4F, 0xFF, 0x4F, 0x4F, 0x4F, 0xFF, 0x4C, 0x4C, 0x4C, 0xFF,
        0x43, 0x43, 0x43, 0xFF, 0x3C, 0x3C, 0x3C, 0xFF, 0x3F, 0x3F, 0x3F, 0xFF,
        0xFF, 0xFF, 0xFF, 0x00, 0xFF, 0xFF, 0xFF, 0x00, 0xFF, 0xFF, 0xFF, 0x00,
        0xFF, 0xFF, 0xFF, 0x00, 0xFF, 0xFF, 0xFF, 0x00, 0xFF, 0xFF, 0xFF, 0x00,
        0xFF, 0xFF, 0xFF, 0x00, 0xFF, 0xFF, 0xFF, 0x00, 0xFF, 0xFF, 0xFF, 0x00,
        0xFF, 0xFF, 0xFF, 0x00, 0xFF, 0xFF, 0xFF, 0x00, 0xFF, 0xFF, 0xFF, 0x00,
        0xFF, 0xFF, 0xFF, 0x00, 0xFF, 0xFF, 0xFF, 0x00, 0xFF, 0xFF, 0xFF, 0x00,
        0xFF, 0xFF, 0xFF, 0x00, 0xFF, 0xFF, 0xFF, 0x00, 0xFF, 0xFF, 0xFF, 0x00,
        0xFF, 0xFF, 0xFF, 0x00, 0xFF, 0xFF, 0xFF, 0x00, 0xFF, 0xFF, 0xFF, 0x00,
        0xFF, 0xFF, 0xFF, 0x00, 0xFF, 0xFF, 0xFF, 0x00, 0xFF, 0xFF, 0xFF, 0x00,
        0xFF, 0xFF, 0xFF, 0x00, 0xFF, 0xFF, 0xFF, 0x00, 0xFF, 0xFF, 0xFF, 0x00,
        0xFF, 0xFF, 0xFF, 0x00, 0xFF, 0xFF, 0xFF, 0x00, 0xFF, 0xFF, 0xFF, 0x00,
        0xFF, 0xFF, 0xFF, 0x00, 0xFF, 0xFF, 0xFF, 0x00, 0xFF, 0xFF, 0xFF, 0x00,
        0xFF, 0xFF, 0xFF, 0x00, 0xFF, 0xFF, 0xFF, 0x00, 0xFF, 0xFF, 0xFF, 0x00,
        0xFF, 0xFF, 0xFF, 0x00, 0xFF, 0xFF, 0xFF, 0x00, 0xFF, 0xFF, 0xFF, 0x00,
        0xFF, 0xFF, 0xFF, 0x00, 0xFF, 0xFF, 0xFF, 0x00, 0xFF, 0xFF, 0xFF, 0x00,
        0xFF, 0xFF, 0xFF, 0x00, 0xFF, 0xFF, 0xFF, 0x00, 0xFF, 0xFF, 0xFF, 0x00,
        0xFF, 0xFF, 0xFF, 0x00, 0xFF, 0xFF, 0xFF, 0x00, 0xFF, 0xFF, 0xFF, 0x00,
        0xFF, 0xFF, 0xFF, 0x00, 0xFF, 0xFF, 0xFF, 0x00, 0x60, 0x60, 0x60, 0xFF,
        0x5B, 0x5B, 0x5B, 0xFF, 0x61, 0x61, 0x61, 0xFF, 0x6A, 0x6A, 0x6A, 0xFF,
        0x6D, 0x6D, 0x6D, 0xFF, 0x6B, 0x6B, 0x6B, 0xFF, 0x6A, 0x6A, 0x6A, 0xFF,
        0x6A, 0x6A, 0x6A, 0xFF, 0x6B, 0x6B, 0x6B, 0xFF, 0x6D, 0x6D, 0x6D, 0xFF,
        0x6A, 0x6A, 0x6A, 0xFF, 0x62, 0x62, 0x62, 0xFF, 0x5C, 0x5C, 0x5C, 0xFF,
        0x60, 0x60, 0x60, 0xFF, 0xFF, 0xFF, 0xFF, 0x00, 0xFF, 0xFF, 0xFF, 0x00,
        0xFF, 0xFF, 0xFF, 0x00, 0xFF, 0xFF, 0xFF, 0x00, 0xFF, 0xFF, 0xFF, 0x00,
        0xFF, 0xFF, 0xFF, 0x00, 0xFF, 0xFF, 0xFF, 0x00, 0xFF, 0xFF, 0xFF, 0x00,
        0xFF, 0xFF, 0xFF, 0x00, 0xFF, 0xFF, 0xFF, 0x00, 0xFF, 0xFF, 0xFF, 0x00,
        0xFF, 0xFF, 0xFF, 0x00, 0xFF, 0xFF, 0xFF, 0x00, 0xFF, 0xFF, 0xFF, 0x00,
        0xFF, 0xFF, 0xFF, 0x00, 0xFF, 0xFF, 0xFF, 0x00, 0xFF, 0xFF, 0xFF, 0x00,
        0xFF, 0xFF, 0xFF, 0x00, 0xFF, 0xFF, 0xFF, 0x00, 0xFF, 0xFF, 0xFF, 0x00,
        0xFF, 0xFF, 0xFF, 0x00, 0xFF, 0xFF, 0xFF, 0x00, 0xFF, 0xFF, 0xFF, 0x00,
        0xFF, 0xFF, 0xFF, 0x00, 0xFF, 0xFF, 0xFF, 0x00, 0xFF, 0xFF, 0xFF, 0x00,
        0xFF, 0xFF, 0xFF, 0x00, 0xFF, 0xFF, 0xFF, 0x00, 0xFF, 0xFF, 0xFF, 0x00,
        0xFF, 0xFF, 0xFF, 0x00, 0xFF, 0xFF, 0xFF, 0x00, 0xFF, 0xFF, 0xFF, 0x00,
        0xFF, 0xFF, 0xFF, 0x00, 0xFF, 0xFF, 0xFF, 0x00, 0xFF, 0xFF, 0xFF, 0x00,
        0xFF, 0xFF, 0xFF, 0x00, 0xFF, 0xFF, 0xFF, 0x00, 0xFF, 0xFF, 0xFF, 0x00,
        0xFF, 0xFF, 0xFF, 0x00, 0xFF, 0xFF, 0xFF, 0x00, 0xFF, 0xFF, 0xFF, 0x00,
        0xFF, 0xFF, 0xFF, 0x00, 0xFF, 0xFF, 0xFF, 0x00, 0xFF, 0xFF, 0xFF, 0x00,
        0xFF, 0xFF, 0xFF, 0x00, 0xFF, 0xFF, 0xFF, 0x00, 0xFF, 0xFF, 0xFF, 0x00,
        0xFF, 0xFF, 0xFF, 0x00, 0xFF, 0xFF, 0xFF, 0x00, 0xFF, 0xFF, 0xFF, 0x00,
        0x42, 0x42, 0x42, 0xFF, 0x41, 0x41, 0x41, 0xFF, 0x48, 0x48, 0x48, 0xFF,
        0x4E, 0x4E, 0x4E, 0xFF, 0x50, 0x50, 0x50, 0xFF, 0x50, 0x50, 0x50, 0xFF,
        0x50, 0x50, 0x50, 0xFF, 0x50, 0x50, 0x50, 0xFF, 0x50, 0x50, 0x50, 0xFF,
        0x50, 0x50, 0x50, 0xFF, 0x4E, 0x4E, 0x4E, 0xFF, 0x48, 0x48, 0x48, 0xFF,
        0x41, 0x41, 0x41, 0xFF, 0x42, 0x42, 0x42, 0xFF, 0xFF, 0xFF, 0xFF, 0x00,
        0xFF, 0xFF, 0xFF, 0x00, 0xFF, 0xFF, 0xFF, 0x00, 0xFF, 0xFF, 0xFF, 0x00,
        0xFF, 0xFF, 0xFF, 0x00, 0xFF, 0xFF, 0xFF, 0x00, 0xFF, 0xFF, 0xFF, 0x00,
        0xFF, 0xFF, 0xFF, 0x00, 0xFF, 0xFF, 0xFF, 0x00, 0xFF, 0xFF, 0xFF, 0x00,
        0xFF, 0xFF, 0xFF, 0x00, 0xFF, 0xFF, 0xFF, 0x00, 0xFF, 0xFF, 0xFF, 0x00,
        0xFF, 0xFF, 0xFF, 0x00, 0xFF, 0xFF, 0xFF, 0x00, 0xFF, 0xFF, 0xFF, 0x00,
        0xFF, 0xFF, 0xFF, 0x00, 0xFF, 0xFF, 0xFF, 0x00, 0xFF, 0xFF, 0xFF, 0x00,
        0xFF, 0xFF, 0xFF, 0x00, 0xFF, 0xFF, 0xFF, 0x00, 0xFF, 0xFF, 0xFF, 0x00,
        0xFF, 0xFF, 0xFF, 0x00, 0xFF, 0xFF, 0xFF, 0x00, 0xFF, 0xFF, 0xFF, 0x00,
        0xFF, 0xFF, 0xFF, 0x00, 0xFF, 0xFF, 0xFF, 0x00, 0xFF, 0xFF, 0xFF, 0x00,
        0xFF, 0xFF, 0xFF, 0x00, 0xFF, 0xFF, 0xFF, 0x00, 0xFF, 0xFF, 0xFF, 0x00,
        0xFF, 0xFF, 0xFF, 0x00, 0xFF, 0xFF, 0xFF, 0x00, 0xFF, 0xFF, 0xFF, 0x00,
        0xFF, 0xFF, 0xFF, 0x00, 0xFF, 0xFF, 0xFF, 0x00, 0xFF, 0xFF, 0xFF, 0x00,
        0xFF, 0xFF, 0xFF, 0x00, 0xFF, 0xFF, 0xFF, 0x00, 0xFF, 0xFF, 0xFF, 0x00,
        0xFF, 0xFF, 0xFF, 0x00, 0xFF, 0xFF, 0xFF, 0x00, 0xFF, 0xFF, 0xFF, 0x00,
        0xFF, 0xFF, 0xFF, 0x00, 0xFF, 0xFF, 0xFF, 0x00, 0xFF, 0xFF, 0xFF, 0x00,
        0xFF, 0xFF, 0xFF, 0x00, 0xFF, 0xFF, 0xFF, 0x00, 0xFF, 0xFF, 0xFF, 0x00,
        0xFF, 0xFF, 0xFF, 0x00, 0x64, 0x64, 0x64, 0xFF, 0x5F, 0x5F, 0x5F, 0xFF,
        0x66, 0x66, 0x66, 0xFF, 0x6B, 0x6B, 0x6B, 0xFF, 0x6B, 0x6B, 0x6B, 0xFF,
        0x69, 0x69, 0x69, 0xFF, 0x69, 0x69, 0x69, 0xFF, 0x69, 0x69, 0x69, 0xFF,
        0x69, 0x69, 0x69, 0xFF, 0x6B, 0x6B, 0x6B, 0xFF, 0x6B, 0x6B, 0x6B, 0xFF,
        0x66, 0x66, 0x66, 0xFF, 0x5F, 0x5F, 0x5F, 0xFF, 0x64, 0x64, 0x64, 0xFF,
        0xFF, 0xFF, 0xFF, 0x00, 0xFF, 0xFF, 0xFF, 0x00, 0xFF, 0xFF, 0xFF, 0x00,
        0xFF, 0xFF, 0xFF, 0x00, 0xFF, 0xFF, 0xFF, 0x00, 0xFF, 0xFF, 0xFF, 0x00,
        0xFF, 0xFF, 0xFF, 0x00, 0xFF, 0xFF, 0xFF, 0x00, 0xFF, 0xFF, 0xFF, 0x00,
        0xFF, 0xFF, 0xFF, 0x00, 0xFF, 0xFF, 0xFF, 0x00, 0xFF, 0xFF, 0xFF, 0x00,
        0xFF, 0xFF, 0xFF, 0x00, 0xFF, 0xFF, 0xFF, 0x00, 0xFF, 0xFF, 0xFF, 0x00,
        0xFF, 0xFF, 0xFF, 0x00, 0xFF, 0xFF, 0xFF, 0x00, 0xFF, 0xFF, 0xFF, 0x00,
        0xFF, 0xFF, 0xFF, 0x00, 0xFF, 0xFF, 0xFF, 0x00, 0xFF, 0xFF, 0xFF, 0x00,
        0xFF, 0xFF, 0xFF, 0x00, 0xFF, 0xFF, 0xFF, 0x00, 0xFF, 0xFF, 0xFF, 0x00,
        0xFF, 0xFF, 0xFF, 0x00, 0xFF, 0xFF, 0xFF, 0x00, 0xFF, 0xFF, 0xFF, 0x00,
        0xFF, 0xFF, 0xFF, 0x00, 0xFF, 0xFF, 0xFF, 0x00, 0xFF, 0xFF, 0xFF, 0x00,
        0xFF, 0xFF, 0xFF, 0x00, 0xFF, 0xFF, 0xFF, 0x00, 0xFF, 0xFF, 0xFF, 0x00,
        0xFF, 0xFF, 0xFF, 0x00, 0xFF, 0xFF, 0xFF, 0x00, 0xFF, 0xFF, 0xFF, 0x00,
        0xFF, 0xFF, 0xFF, 0x00, 0xFF, 0xFF, 0xFF, 0x00, 0xFF, 0xFF, 0xFF, 0x00,
        0xFF, 0xFF, 0xFF, 0x00, 0xFF, 0xFF, 0xFF, 0x00, 0xFF, 0xFF, 0xFF, 0x00,
        0xFF, 0xFF, 0xFF, 0x00, 0xFF, 0xFF, 0xFF, 0x00, 0xFF, 0xFF, 0xFF, 0x00,
        0xFF, 0xFF, 0xFF, 0x00, 0xFF, 0xFF, 0xFF, 0x00, 0xFF, 0xFF, 0xFF, 0x00,
        0xFF, 0xFF, 0xFF, 0x00, 0xFF, 0xFF, 0xFF, 0x00, 0x43, 0x43, 0x43, 0xFF,
        0x43, 0x43, 0x43, 0xFF, 0x4A, 0x4A, 0x4A, 0xFF, 0x4F, 0x4F, 0x4F, 0xFF,
        0x50, 0x50, 0x50, 0xFF, 0x50, 0x50, 0x50, 0xFF, 0x50, 0x50, 0x50, 0xFF,
        0x50, 0x50, 0x50, 0xFF, 0x50, 0x50, 0x50, 0xFF, 0x50, 0x50, 0x50, 0xFF,
        0x4F, 0x4F, 0x4F, 0xFF, 0x4A, 0x4A, 0x4A, 0xFF, 0x43, 0x43, 0x43, 0xFF,
        0x43, 0x43, 0x43, 0xFF, 0xFF, 0xFF, 0xFF, 0x00, 0xFF, 0xFF, 0xFF, 0x00,
        0xFF, 0xFF, 0xFF, 0x00, 0xFF, 0xFF, 0xFF, 0x00, 0xFF, 0xFF, 0xFF, 0x00,
        0xFF, 0xFF, 0xFF, 0x00, 0xFF, 0xFF, 0xFF, 0x00, 0xFF, 0xFF, 0xFF, 0x00,
        0xFF, 0xFF, 0xFF, 0x00, 0xFF, 0xFF, 0xFF, 0x00, 0xFF, 0xFF, 0xFF, 0x00,
        0xFF, 0xFF, 0xFF, 0x00, 0xFF, 0xFF, 0xFF, 0x00, 0xFF, 0xFF, 0xFF, 0x00,
        0xFF, 0xFF, 0xFF, 0x00, 0xFF, 0xFF, 0xFF, 0x00, 0xFF, 0xFF, 0xFF, 0x00,
        0xFF, 0xFF, 0xFF, 0x00, 0xFF, 0xFF, 0xFF, 0x00, 0xFF, 0xFF, 0xFF, 0x00,
        0xFF, 0xFF, 0xFF, 0x00, 0xFF, 0xFF, 0xFF, 0x00, 0xFF, 0xFF, 0xFF, 0x00,
        0xFF, 0xFF, 0xFF, 0x00, 0xFF, 0xFF, 0xFF, 0x00, 0xFF, 0xFF, 0xFF, 0x00,
        0xFF, 0xFF, 0xFF, 0x00, 0xFF, 0xFF, 0xFF, 0x00, 0xFF, 0xFF, 0xFF, 0x00,
        0xFF, 0xFF, 0xFF, 0x00, 0xFF, 0xFF, 0xFF, 0x00, 0xFF, 0xFF, 0xFF, 0x00,
        0xFF, 0xFF, 0xFF, 0x00, 0xFF, 0xFF, 0xFF, 0x00, 0xFF, 0xFF, 0xFF, 0x00,
        0xFF, 0xFF, 0xFF, 0x00, 0xFF, 0xFF, 0xFF, 0x00, 0xFF, 0xFF, 0xFF, 0x00,
        0xFF, 0xFF, 0xFF, 0x00, 0xFF, 0xFF, 0xFF, 0x00, 0xFF, 0xFF, 0xFF, 0x00,
        0xFF, 0xFF, 0xFF, 0x00, 0xFF, 0xFF, 0xFF, 0x00, 0xFF, 0xFF, 0xFF, 0x00,
        0xFF, 0xFF, 0xFF, 0x00, 0xFF, 0xFF, 0xFF, 0x00, 0xFF, 0xFF, 0xFF, 0x00,
        0xFF, 0xFF, 0xFF, 0x00, 0xFF, 0xFF, 0xFF, 0x00, 0xFF, 0xFF, 0xFF, 0x00,
        0x66, 0x66, 0x66, 0xFF, 0x61, 0x61, 0x61, 0xFF, 0x68, 0x68, 0x68, 0xFF,
        0x6B, 0x6B, 0x6B, 0xFF, 0x69, 0x69, 0x69, 0xFF, 0x67, 0x67, 0x67, 0xFF,
        0x67, 0x67, 0x67, 0xFF, 0x67, 0x67, 0x67, 0xFF, 0x67, 0x67, 0x67, 0xFF,
        0x69, 0x69, 0x69, 0xFF, 0x6B, 0x6B, 0x6B, 0xFF, 0x68, 0x68, 0x68, 0xFF,
        0x61, 0x61, 0x61, 0xFF, 0x66, 0x66, 0x66, 0xFF, 0xFF, 0xFF, 0xFF, 0x00,
        0xFF, 0xFF, 0xFF, 0x00, 0xFF, 0xFF, 0xFF, 0x00, 0xFF, 0xFF, 0xFF, 0x00,
        0xFF, 0xFF, 0xFF, 0x00, 0xFF, 0xFF, 0xFF, 0x00, 0xFF, 0xFF, 0xFF, 0x00,
        0xFF, 0xFF, 0xFF, 0x00, 0xFF, 0xFF, 0xFF, 0x00, 0xFF, 0xFF, 0xFF, 0x00,
        0xFF, 0xFF, 0xFF, 0x00, 0xFF, 0xFF, 0xFF, 0x00, 0xFF, 0xFF, 0xFF, 0x00,
        0xFF, 0xFF, 0xFF, 0x00, 0xFF, 0xFF, 0xFF, 0x00, 0xFF, 0xFF, 0xFF, 0x00,
        0xFF, 0xFF, 0xFF, 0x00, 0xFF, 0xFF, 0xFF, 0x00, 0xFF, 0xFF, 0xFF, 0x00,
        0xFF, 0xFF, 0xFF, 0x00, 0xFF, 0xFF, 0xFF, 0x00, 0xFF, 0xFF, 0xFF, 0x00,
        0xFF, 0xFF, 0xFF, 0x00, 0xFF, 0xFF, 0xFF, 0x00, 0xFF, 0xFF, 0xFF, 0x00,
        0xFF, 0xFF, 0xFF, 0x00, 0xFF, 0xFF, 0xFF, 0x00, 0xFF, 0xFF, 0xFF, 0x00,
        0xFF, 0xFF, 0xFF, 0x00, 0xFF, 0xFF, 0xFF, 0x00, 0xFF, 0xFF, 0xFF, 0x00,
        0xFF, 0xFF, 0xFF, 0x00, 0xFF, 0xFF, 0xFF, 0x00, 0xFF, 0xFF, 0xFF, 0x00,
        0xFF, 0xFF, 0xFF, 0x00, 0xFF, 0xFF, 0xFF, 0x00, 0xFF, 0xFF, 0xFF, 0x00,
        0xFF, 0xFF, 0xFF, 0x00, 0xFF, 0xFF, 0xFF, 0x00, 0xFF, 0xFF, 0xFF, 0x00,
        0xFF, 0xFF, 0xFF, 0x00, 0xFF, 0xFF, 0xFF, 0x00, 0xFF, 0xFF, 0xFF, 0x00,
        0xFF, 0xFF, 0xFF, 0x00, 0xFF, 0xFF, 0xFF, 0x00, 0xFF, 0xFF, 0xFF, 0x00,
        0xFF, 0xFF, 0xFF, 0x00, 0xFF, 0xFF, 0xFF, 0x00, 0xFF, 0xFF, 0xFF, 0x00,
        0xFF, 0xFF, 0xFF, 0x00, 0x44, 0x44, 0x44, 0xFF, 0x44, 0x44, 0x44, 0xFF,
        0x4C, 0x4C, 0x4C, 0xFF, 0x51, 0x51, 0x51, 0xFF, 0x51, 0x51, 0x51, 0xFF,
        0x51, 0x51, 0x51, 0xFF, 0x51, 0x51, 0x51, 0xFF, 0x51, 0x51, 0x51, 0xFF,
        0x51, 0x51, 0x51, 0xFF, 0x51, 0x51, 0x51, 0xFF, 0x51, 0x51, 0x51, 0xFF,
        0x4C, 0x4C, 0x4C, 0xFF, 0x44, 0x44, 0x44, 0xFF, 0x44, 0x44, 0x44, 0xFF,
        0xFF, 0xFF, 0xFF, 0x00, 0xFF, 0xFF, 0xFF, 0x00, 0xFF, 0xFF, 0xFF, 0x00,
        0xFF, 0xFF, 0xFF, 0x00, 0xFF, 0xFF, 0xFF, 0x00, 0xFF, 0xFF, 0xFF, 0x00,
        0xFF, 0xFF, 0xFF, 0x00, 0xFF, 0xFF, 0xFF, 0x00, 0xFF, 0xFF, 0xFF, 0x00,
        0xFF, 0xFF, 0xFF, 0x00, 0xFF, 0xFF, 0xFF, 0x00, 0xFF, 0xFF, 0xFF, 0x00,
        0xFF, 0xFF, 0xFF, 0x00, 0xFF, 0xFF, 0xFF, 0x00, 0xFF, 0xFF, 0xFF, 0x00,
        0xFF, 0xFF, 0xFF, 0x00, 0xFF, 0xFF, 0xFF, 0x00, 0xFF, 0xFF, 0xFF, 0x00,
        0xFF, 0xFF, 0xFF, 0x00, 0xFF, 0xFF, 0xFF, 0x00, 0xFF, 0xFF, 0xFF, 0x00,
        0xFF, 0xFF, 0xFF, 0x00, 0xFF, 0xFF, 0xFF, 0x00, 0xFF, 0xFF, 0xFF, 0x00,
        0xFF, 0xFF, 0xFF, 0x00, 0xFF, 0xFF, 0xFF, 0x00, 0xFF, 0xFF, 0xFF, 0x00,
        0xFF, 0xFF, 0xFF, 0x00, 0xFF, 0xFF, 0xFF, 0x00, 0xFF, 0xFF, 0xFF, 0x00,
        0xFF, 0xFF, 0xFF, 0x00, 0xFF, 0xFF, 0xFF, 0x00, 0xFF, 0xFF, 0xFF, 0x00,
        0xFF, 0xFF, 0xFF, 0x00, 0xFF, 0xFF, 0xFF, 0x00, 0xFF, 0xFF, 0xFF, 0x00,
        0xFF, 0xFF, 0xFF, 0x00, 0xFF, 0xFF, 0xFF, 0x00, 0xFF, 0xFF, 0xFF, 0x00,
        0xFF, 0xFF, 0xFF, 0x00, 0xFF, 0xFF, 0xFF, 0x00, 0xFF, 0xFF, 0xFF, 0x00,
        0xFF, 0xFF, 0xFF, 0x00, 0xFF, 0xFF, 0xFF, 0x00, 0xFF, 0xFF, 0xFF, 0x00,
        0xFF, 0xFF, 0xFF, 0x00, 0xFF, 0xFF, 0xFF, 0x00, 0xFF, 0xFF, 0xFF, 0x00,
        0xFF, 0xFF, 0xFF, 0x00, 0xFF, 0xFF, 0xFF, 0x00, 0x67, 0x67, 0x67, 0xFF,
        0x62, 0x62, 0x62, 0xFF, 0x68, 0x68, 0x68, 0xFF, 0x6C, 0x6C, 0x6C, 0xFF,
        0x69, 0x69, 0x69, 0xFF, 0x67, 0x67, 0x67, 0xFF, 0x65, 0x65, 0x65, 0xFF,
        0x65, 0x65, 0x65, 0xFF, 0x67, 0x67, 0x67, 0xFF, 0x69, 0x69, 0x69, 0xFF,
        0x6C, 0x6C, 0x6C, 0xFF, 0x68, 0x68, 0x68, 0xFF, 0x62, 0x62, 0x62, 0xFF,
        0x67, 0x67, 0x67, 0xFF, 0xFF, 0xFF, 0xFF, 0x00, 0xFF, 0xFF, 0xFF, 0x00,
        0xFF, 0xFF, 0xFF, 0x00, 0xFF, 0xFF, 0xFF, 0x00, 0xFF, 0xFF, 0xFF, 0x00,
        0xFF, 0xFF, 0xFF, 0x00, 0xFF, 0xFF, 0xFF, 0x00, 0xFF, 0xFF, 0xFF, 0x00,
        0xFF, 0xFF, 0xFF, 0x00, 0xFF, 0xFF, 0xFF, 0x00, 0xFF, 0xFF, 0xFF, 0x00,
        0xFF, 0xFF, 0xFF, 0x00, 0xFF, 0xFF, 0xFF, 0x00, 0xFF, 0xFF, 0xFF, 0x00,
        0xFF, 0xFF, 0xFF, 0x00, 0xFF, 0xFF, 0xFF, 0x00, 0xFF, 0xFF, 0xFF, 0x00,
        0xFF, 0xFF, 0xFF, 0x00, 0xFF, 0xFF, 0xFF, 0x00, 0xFF, 0xFF, 0xFF, 0x00,
        0xFF, 0xFF, 0xFF, 0x00, 0xFF, 0xFF, 0xFF, 0x00, 0xFF, 0xFF, 0xFF, 0x00,
        0xFF, 0xFF, 0xFF, 0x00, 0xFF, 0xFF, 0xFF, 0x00, 0xFF, 0xFF, 0xFF, 0x00,
        0xFF, 0xFF, 0xFF, 0x00, 0xFF, 0xFF, 0xFF, 0x00, 0xFF, 0xFF, 0xFF, 0x00,
        0xFF, 0xFF, 0xFF, 0x00, 0xFF, 0xFF, 0xFF, 0x00, 0xFF, 0xFF, 0xFF, 0x00,
        0xFF, 0xFF, 0xFF, 0x00, 0xFF, 0xFF, 0xFF, 0x00, 0xFF, 0xFF, 0xFF, 0x00,
        0xFF, 0xFF, 0xFF, 0x00, 0xFF, 0xFF, 0xFF, 0x00, 0xFF, 0xFF, 0xFF, 0x00,
        0xFF, 0xFF, 0xFF, 0x00, 0xFF, 0xFF, 0xFF, 0x00, 0xFF, 0xFF, 0xFF, 0x00,
        0xFF, 0xFF, 0xFF, 0x00, 0xFF, 0xFF, 0xFF, 0x00, 0xFF, 0xFF, 0xFF, 0x00,
        0xFF, 0xFF, 0xFF, 0x00, 0xFF, 0xFF, 0xFF, 0x00, 0xFF, 0xFF, 0xFF, 0x00,
        0xFF, 0xFF, 0xFF, 0x00, 0xFF, 0xFF, 0xFF, 0x00, 0xFF, 0xFF, 0xFF, 0x00,
        0x45, 0x45, 0x45, 0xFF, 0x45, 0x45, 0x45, 0xFF, 0x4D, 0x4D, 0x4D, 0xFF,
        0x52, 0x52, 0x52, 0xFF, 0x52, 0x52, 0x52, 0xFF, 0x52, 0x52, 0x52, 0xFF,
        0x52, 0x52, 0x52, 0xFF, 0x52, 0x52, 0x52, 0xFF, 0x52, 0x52, 0x52, 0xFF,
        0x52, 0x52, 0x52, 0xFF, 0x52, 0x52, 0x52, 0xFF, 0x4D, 0x4D, 0x4D, 0xFF,
        0x45, 0x45, 0x45, 0xFF, 0x45, 0x45, 0x45, 0xFF, 0xFF, 0xFF, 0xFF, 0x00,
        0xFF, 0xFF, 0xFF, 0x00, 0xFF, 0xFF, 0xFF, 0x00, 0xFF, 0xFF, 0xFF, 0x00,
        0xFF, 0xFF, 0xFF, 0x00, 0xFF, 0xFF, 0xFF, 0x00, 0xFF, 0xFF, 0xFF, 0x00,
        0xFF, 0xFF, 0xFF, 0x00, 0xFF, 0xFF, 0xFF, 0x00, 0xFF, 0xFF, 0xFF, 0x00,
        0xFF, 0xFF, 0xFF, 0x00, 0xFF, 0xFF, 0xFF, 0x00, 0xFF, 0xFF, 0xFF, 0x00,
        0xFF, 0xFF, 0xFF, 0x00, 0xFF, 0xFF, 0xFF, 0x00, 0xFF, 0xFF, 0xFF, 0x00,
        0xFF, 0xFF, 0xFF, 0x00, 0xFF, 0xFF, 0xFF, 0x00, 0xFF, 0xFF, 0xFF, 0x00,
        0xFF, 0xFF, 0xFF, 0x00, 0xFF, 0xFF, 0xFF, 0x00, 0xFF, 0xFF, 0xFF, 0x00,
        0xFF, 0xFF, 0xFF, 0x00, 0xFF, 0xFF, 0xFF, 0x00, 0xFF, 0xFF, 0xFF, 0x00,
        0xFF, 0xFF, 0xFF, 0x00, 0xFF, 0xFF, 0xFF, 0x00, 0xFF, 0xFF, 0xFF, 0x00,
        0xFF, 0xFF, 0xFF, 0x00, 0xFF, 0xFF, 0xFF, 0x00, 0xFF, 0xFF, 0xFF, 0x00,
        0xFF, 0xFF, 0xFF, 0x00, 0xFF, 0xFF, 0xFF, 0x00, 0xFF, 0xFF, 0xFF, 0x00,
        0xFF, 0xFF, 0xFF, 0x00, 0xFF, 0xFF, 0xFF, 0x00, 0xFF, 0xFF, 0xFF, 0x00,
        0xFF, 0xFF, 0xFF, 0x00, 0xFF, 0xFF, 0xFF, 0x00, 0xFF, 0xFF, 0xFF, 0x00,
        0xFF, 0xFF, 0xFF, 0x00, 0xFF, 0xFF, 0xFF, 0x00, 0xFF, 0xFF, 0xFF, 0x00,
        0xFF, 0xFF, 0xFF, 0x00, 0xFF, 0xFF, 0xFF, 0x00, 0xFF, 0xFF, 0xFF, 0x00,
        0xFF, 0xFF, 0xFF, 0x00, 0xFF, 0xFF, 0xFF, 0x00, 0xFF, 0xFF, 0xFF, 0x00,
        0xFF, 0xFF, 0xFF, 0x00, 0x66, 0x66, 0x66, 0xFF, 0x62, 0x62, 0x62, 0xFF,
        0x69, 0x69, 0x69, 0xFF, 0x6B, 0x6B, 0x6B, 0xFF, 0x68, 0x68, 0x68, 0xFF,
        0x66, 0x66, 0x66, 0xFF, 0x65, 0x65, 0x65, 0xFF, 0x65, 0x65, 0x65, 0xFF,
        0x66, 0x66, 0x66, 0xFF, 0x68, 0x68, 0x68, 0xFF, 0x6B, 0x6B, 0x6B, 0xFF,
        0x69, 0x69, 0x69, 0xFF, 0x62, 0x62, 0x62, 0xFF, 0x66, 0x66, 0x66, 0xFF,
        0xFF, 0xFF, 0xFF, 0x00, 0xFF, 0xFF, 0xFF, 0x00, 0xFF, 0xFF, 0xFF, 0x00,
        0xFF, 0xFF, 0xFF, 0x00, 0xFF, 0xFF, 0xFF, 0x00, 0xFF, 0xFF, 0xFF, 0x00,
        0xFF, 0xFF, 0xFF, 0x00, 0xFF, 0xFF, 0xFF, 0x00, 0xFF, 0xFF, 0xFF, 0x00,
        0xFF, 0xFF, 0xFF, 0x00, 0xFF, 0xFF, 0xFF, 0x00, 0xFF, 0xFF, 0xFF, 0x00,
        0xFF, 0xFF, 0xFF, 0x00, 0xFF, 0xFF, 0xFF, 0x00, 0xFF, 0xFF, 0xFF, 0x00,
        0xFF, 0xFF, 0xFF, 0x00, 0xFF, 0xFF, 0xFF, 0x00, 0xFF, 0xFF, 0xFF, 0x00,
        0xFF, 0xFF, 0xFF, 0x00, 0xFF, 0xFF, 0xFF, 0x00, 0xFF, 0xFF, 0xFF, 0x00,
        0xFF, 0xFF, 0xFF, 0x00, 0xFF, 0xFF, 0xFF, 0x00, 0xFF, 0xFF, 0xFF, 0x00,
        0xFF, 0xFF, 0xFF, 0x00, 0xFF, 0xFF, 0xFF, 0x00, 0xFF, 0xFF, 0xFF, 0x00,
        0xFF, 0xFF, 0xFF, 0x00, 0xFF, 0xFF, 0xFF, 0x00, 0xFF, 0xFF, 0xFF, 0x00,
        0xFF, 0xFF, 0xFF, 0x00, 0xFF, 0xFF, 0xFF, 0x00, 0xFF, 0xFF, 0xFF, 0x00,
        0xFF, 0xFF, 0xFF, 0x00, 0xFF, 0xFF, 0xFF, 0x00, 0xFF, 0xFF, 0xFF, 0x00,
        0xFF, 0xFF, 0xFF, 0x00, 0xFF, 0xFF, 0xFF, 0x00, 0xFF, 0xFF, 0xFF, 0x00,
        0xFF, 0xFF, 0xFF, 0x00, 0xFF, 0xFF, 0xFF, 0x00, 0xFF, 0xFF, 0xFF, 0x00,
        0xFF, 0xFF, 0xFF, 0x00, 0xFF, 0xFF, 0xFF, 0x00, 0xFF, 0xFF, 0xFF, 0x00,
        0xFF, 0xFF, 0xFF, 0x00, 0xFF, 0xFF, 0xFF, 0x00, 0xFF, 0xFF, 0xFF, 0x00,
        0xFF, 0xFF, 0xFF, 0x00, 0xFF, 0xFF, 0xFF, 0x00, 0x45, 0x45, 0x45, 0xFF,
        0x45, 0x45, 0x45, 0xFF, 0x4D, 0x4D, 0x4D, 0xFF, 0x52, 0x52, 0x52, 0xFF,
        0x52, 0x52, 0x52, 0xFF, 0x52, 0x52, 0x52, 0xFF, 0x52, 0x52, 0x52, 0xFF,
        0x52, 0x52, 0x52, 0xFF, 0x52, 0x52, 0x52, 0xFF, 0x52, 0x52, 0x52, 0xFF,
        0x52, 0x52, 0x52, 0xFF, 0x4D, 0x4D, 0x4D, 0xFF, 0x45, 0x45, 0x45, 0xFF,
        0x45, 0x45, 0x45, 0xFF, 0xFF, 0xFF, 0xFF, 0x00, 0xFF, 0xFF, 0xFF, 0x00,
        0xFF, 0xFF, 0xFF, 0x00, 0xFF, 0xFF, 0xFF, 0x00, 0xFF, 0xFF, 0xFF, 0x00,
        0xFF, 0xFF, 0xFF, 0x00, 0xFF, 0xFF, 0xFF, 0x00, 0xFF, 0xFF, 0xFF, 0x00,
        0xFF, 0xFF, 0xFF, 0x00, 0xFF, 0xFF, 0xFF, 0x00, 0xFF, 0xFF, 0xFF, 0x00,
        0xFF, 0xFF, 0xFF, 0x00, 0xFF, 0xFF, 0xFF, 0x00, 0xFF, 0xFF, 0xFF, 0x00,
        0xFF, 0xFF, 0xFF, 0x00, 0xFF, 0xFF, 0xFF, 0x00, 0xFF, 0xFF, 0xFF, 0x00,
        0xFF, 0xFF, 0xFF, 0x00, 0xFF, 0xFF, 0xFF, 0x00, 0xFF, 0xFF, 0xFF, 0x00,
        0xFF, 0xFF, 0xFF, 0x00, 0xFF, 0xFF, 0xFF, 0x00, 0xFF, 0xFF, 0xFF, 0x00,
        0xFF, 0xFF, 0xFF, 0x00, 0xFF, 0xFF, 0xFF, 0x00, 0xFF, 0xFF, 0xFF, 0x00,
        0xFF, 0xFF, 0xFF, 0x00, 0xFF, 0xFF, 0xFF, 0x00, 0xFF, 0xFF, 0xFF, 0x00,
        0xFF, 0xFF, 0xFF, 0x00, 0xFF, 0xFF, 0xFF, 0x00, 0xFF, 0xFF, 0xFF, 0x00,
        0xFF, 0xFF, 0xFF, 0x00, 0xFF, 0xFF, 0xFF, 0x00, 0xFF, 0xFF, 0xFF, 0x00,
        0xFF, 0xFF, 0xFF, 0x00, 0xFF, 0xFF, 0xFF, 0x00, 0xFF, 0xFF, 0xFF, 0x00,
        0xFF, 0xFF, 0xFF, 0x00, 0xFF, 0xFF, 0xFF, 0x00, 0xFF, 0xFF, 0xFF, 0x00,
        0xFF, 0xFF, 0xFF, 0x00, 0xFF, 0xFF, 0xFF, 0x00, 0xFF, 0xFF, 0xFF, 0x00,
        0xFF, 0xFF, 0xFF, 0x00, 0xFF, 0xFF, 0xFF, 0x00, 0xFF, 0xFF, 0xFF, 0x00,
        0xFF, 0xFF, 0xFF, 0x00, 0xFF, 0xFF, 0xFF, 0x00, 0xFF, 0xFF, 0xFF, 0x00,
        0x66, 0x66, 0x66, 0xFF, 0x61, 0x61, 0x61, 0xFF, 0x68, 0x68, 0x68, 0xFF,
        0x6A, 0x6A, 0x6A, 0xFF, 0x68, 0x68, 0x68, 0xFF, 0x66, 0x66, 0x66, 0xFF,
        0x64, 0x64, 0x64, 0xFF, 0x64, 0x64, 0x64, 0xFF, 0x66, 0x66, 0x66, 0xFF,
        0x68, 0x68, 0x68, 0xFF, 0x6A, 0x6A, 0x6A, 0xFF, 0x68, 0x68, 0x68, 0xFF,
        0x61, 0x61, 0x61, 0xFF, 0x66, 0x66, 0x66, 0xFF, 0xFF, 0xFF, 0xFF, 0x00,
        0xFF, 0xFF, 0xFF, 0x00, 0xFF, 0xFF, 0xFF, 0x00, 0xFF, 0xFF, 0xFF, 0x00,
        0xFF, 0xFF, 0xFF, 0x00, 0xFF, 0xFF, 0xFF, 0x00, 0xFF, 0xFF, 0xFF, 0x00,
        0xFF, 0xFF, 0xFF, 0x00, 0xFF, 0xFF, 0xFF, 0x00, 0xFF, 0xFF, 0xFF, 0x00,
        0xFF, 0xFF, 0xFF, 0x00, 0xFF, 0xFF, 0xFF, 0x00, 0xFF, 0xFF, 0xFF, 0x00,
        0xFF, 0xFF, 0xFF, 0x00, 0xFF, 0xFF, 0xFF, 0x00, 0xFF, 0xFF, 0xFF, 0x00,
        0xFF, 0xFF, 0xFF, 0x00, 0xFF, 0xFF, 0xFF, 0x00, 0xFF, 0xFF, 0xFF, 0x00,
        0xFF, 0xFF, 0xFF, 0x00, 0xFF, 0xFF, 0xFF, 0x00, 0xFF, 0xFF, 0xFF, 0x00,
        0xFF, 0xFF, 0xFF, 0x00, 0xFF, 0xFF, 0xFF, 0x00, 0xFF, 0xFF, 0xFF, 0x00,
        0xFF, 0xFF, 0xFF, 0x00, 0xFF, 0xFF, 0xFF, 0x00, 0xFF, 0xFF, 0xFF, 0x00,
        0xFF, 0xFF, 0xFF, 0x00, 0xFF, 0xFF, 0xFF, 0x00, 0xFF, 0xFF, 0xFF, 0x00,
        0xFF, 0xFF, 0xFF, 0x00, 0xFF, 0xFF, 0xFF, 0x00, 0xFF, 0xFF, 0xFF, 0x00,
        0xFF, 0xFF, 0xFF, 0x00, 0xFF, 0xFF, 0xFF, 0x00, 0xFF, 0xFF, 0xFF, 0x00,
        0xFF, 0xFF, 0xFF, 0x00, 0xFF, 0xFF, 0xFF, 0x00, 0xFF, 0xFF, 0xFF, 0x00,
        0xFF, 0xFF, 0xFF, 0x00, 0xFF, 0xFF, 0xFF, 0x00, 0xFF, 0xFF, 0xFF, 0x00,
        0xFF, 0xFF, 0xFF, 0x00, 0xFF, 0xFF, 0xFF, 0x00, 0xFF, 0xFF, 0xFF, 0x00,
        0xFF, 0xFF, 0xFF, 0x00, 0xFF, 0xFF, 0xFF, 0x00, 0xFF, 0xFF, 0xFF, 0x00,
        0xFF, 0xFF, 0xFF, 0x00, 0x46, 0x46, 0x46, 0xFF, 0x46, 0x46, 0x46, 0xFF,
        0x4E, 0x4E, 0x4E, 0xFF, 0x53, 0x53, 0x53, 0xFF, 0x53, 0x53, 0x53, 0xFF,
        0x53, 0x53, 0x53, 0xFF, 0x53, 0x53, 0x53, 0xFF, 0x53, 0x53, 0x53, 0xFF,
        0x53, 0x53, 0x53, 0xFF, 0x53, 0x53, 0x53, 0xFF, 0x53, 0x53, 0x53, 0xFF,
        0x4E, 0x4E, 0x4E, 0xFF, 0x46, 0x46, 0x46, 0xFF, 0x46, 0x46, 0x46, 0xFF,
        0xFF, 0xFF, 0xFF, 0x00, 0xFF, 0xFF, 0xFF, 0x00, 0xFF, 0xFF, 0xFF, 0x00,
        0xFF, 0xFF, 0xFF, 0x00, 0xFF, 0xFF, 0xFF, 0x00, 0xFF, 0xFF, 0xFF, 0x00,
        0xFF, 0xFF, 0xFF, 0x00, 0xFF, 0xFF, 0xFF, 0x00, 0xFF, 0xFF, 0xFF, 0x00,
        0xFF, 0xFF, 0xFF, 0x00, 0xFF, 0xFF, 0xFF, 0x00, 0xFF, 0xFF, 0xFF, 0x00,
        0xFF, 0xFF, 0xFF, 0x00, 0xFF, 0xFF, 0xFF, 0x00, 0xFF, 0xFF, 0xFF, 0x00,
        0xFF, 0xFF, 0xFF, 0x00, 0xFF, 0xFF, 0xFF, 0x00, 0xFF, 0xFF, 0xFF, 0x00,
        0xFF, 0xFF, 0xFF, 0x00, 0xFF, 0xFF, 0xFF, 0x00, 0xFF, 0xFF, 0xFF, 0x00,
        0xFF, 0xFF, 0xFF, 0x00, 0xFF, 0xFF, 0xFF, 0x00, 0xFF, 0xFF, 0xFF, 0x00,
        0xFF, 0xFF, 0xFF, 0x00, 0xFF, 0xFF, 0xFF, 0x00, 0xFF, 0xFF, 0xFF, 0x00,
        0xFF, 0xFF, 0xFF, 0x00, 0xFF, 0xFF, 0xFF, 0x00, 0xFF, 0xFF, 0xFF, 0x00,
        0xFF, 0xFF, 0xFF, 0x00, 0xFF, 0xFF, 0xFF, 0x00, 0xFF, 0xFF, 0xFF, 0x00,
        0xFF, 0xFF, 0xFF, 0x00, 0xFF, 0xFF, 0xFF, 0x00, 0xFF, 0xFF, 0xFF, 0x00,
        0xFF, 0xFF, 0xFF, 0x00, 0xFF, 0xFF, 0xFF, 0x00, 0xFF, 0xFF, 0xFF, 0x00,
        0xFF, 0xFF, 0xFF, 0x00, 0xFF, 0xFF, 0xFF, 0x00, 0xFF, 0xFF, 0xFF, 0x00,
        0xFF, 0xFF, 0xFF, 0x00, 0xFF, 0xFF, 0xFF, 0x00, 0xFF, 0xFF, 0xFF, 0x00,
        0xFF, 0xFF, 0xFF, 0x00, 0xFF, 0xFF, 0xFF, 0x00, 0xFF, 0xFF, 0xFF, 0x00,
        0xFF, 0xFF, 0xFF, 0x00, 0xFF, 0xFF, 0xFF, 0x00, 0x66, 0x66, 0x66, 0xFF,
        0x61, 0x61, 0x61, 0xFF, 0x69, 0x69, 0x69, 0xFF, 0x6B, 0x6B, 0x6B, 0xFF,
        0x68, 0x68, 0x68, 0xFF, 0x66, 0x66, 0x66, 0xFF, 0x65, 0x65, 0x65, 0xFF,
        0x65, 0x65, 0x65, 0xFF, 0x66, 0x66, 0x66, 0xFF, 0x68, 0x68, 0x68, 0xFF,
        0x6B, 0x6B, 0x6B, 0xFF, 0x69, 0x69, 0x69, 0xFF, 0x61, 0x61, 0x61, 0xFF,
        0x66, 0x66, 0x66, 0xFF, 0xFF, 0xFF, 0xFF, 0x00, 0xFF, 0xFF, 0xFF, 0x00,
        0xFF, 0xFF, 0xFF, 0x00, 0xFF, 0xFF, 0xFF, 0x00, 0xFF, 0xFF, 0xFF, 0x00,
        0xFF, 0xFF, 0xFF, 0x00, 0xFF, 0xFF, 0xFF, 0x00, 0xFF, 0xFF, 0xFF, 0x00,
        0xFF, 0xFF, 0xFF, 0x00, 0xFF, 0xFF, 0xFF, 0x00, 0xFF, 0xFF, 0xFF, 0x00,
        0xFF, 0xFF, 0xFF, 0x00, 0xFF, 0xFF, 0xFF, 0x00, 0xFF, 0xFF, 0xFF, 0x00,
        0xFF, 0xFF, 0xFF, 0x00, 0xFF, 0xFF, 0xFF, 0x00, 0xFF, 0xFF, 0xFF, 0x00,
        0xFF, 0xFF, 0xFF, 0x00, 0xFF, 0xFF, 0xFF, 0x00, 0xFF, 0xFF, 0xFF, 0x00,
        0xFF, 0xFF, 0xFF, 0x00, 0xFF, 0xFF, 0xFF, 0x00, 0xFF, 0xFF, 0xFF, 0x00,
        0xFF, 0xFF, 0xFF, 0x00, 0xFF, 0xFF, 0xFF, 0x00, 0xFF, 0xFF, 0xFF, 0x00,
        0xFF, 0xFF, 0xFF, 0x00, 0xFF, 0xFF, 0xFF, 0x00, 0xFF, 0xFF, 0xFF, 0x00,
        0xFF, 0xFF, 0xFF, 0x00, 0xFF, 0xFF, 0xFF, 0x00, 0xFF, 0xFF, 0xFF, 0x00,
        0xFF, 0xFF, 0xFF, 0x00, 0xFF, 0xFF, 0xFF, 0x00, 0xFF, 0xFF, 0xFF, 0x00,
        0xFF, 0xFF, 0xFF, 0x00, 0xFF, 0xFF, 0xFF, 0x00, 0xFF, 0xFF, 0xFF, 0x00,
        0xFF, 0xFF, 0xFF, 0x00, 0xFF, 0xFF, 0xFF, 0x00, 0xFF, 0xFF, 0xFF, 0x00,
        0xFF, 0xFF, 0xFF, 0x00, 0xFF, 0xFF, 0xFF, 0x00, 0xFF, 0xFF, 0xFF, 0x00,
        0xFF, 0xFF, 0xFF, 0x00, 0xFF, 0xFF, 0xFF, 0x00, 0xFF, 0xFF, 0xFF, 0x00,
        0xFF, 0xFF, 0xFF, 0x00, 0xFF, 0xFF, 0xFF, 0x00, 0xFF, 0xFF, 0xFF, 0x00,
        0x47, 0x47, 0x47, 0xFF, 0x47, 0x47, 0x47, 0xFF, 0x4F, 0x4F, 0x4F, 0xFF,
        0x54, 0x54, 0x54, 0xFF, 0x54, 0x54, 0x54, 0xFF, 0x54, 0x54, 0x54, 0xFF,
        0x54, 0x54, 0x54, 0xFF, 0x54, 0x54, 0x54, 0xFF, 0x54, 0x54, 0x54, 0xFF,
        0x54, 0x54, 0x54, 0xFF, 0x54, 0x54, 0x54, 0xFF, 0x4F, 0x4F, 0x4F, 0xFF,
        0x47, 0x47, 0x47, 0xFF, 0x47, 0x47, 0x47, 0xFF, 0xFF, 0xFF, 0xFF, 0x00,
        0xFF, 0xFF, 0xFF, 0x00, 0xFF, 0xFF, 0xFF, 0x00, 0xFF, 0xFF, 0xFF, 0x00,
        0xFF, 0xFF, 0xFF, 0x00, 0xFF, 0xFF, 0xFF, 0x00, 0xFF, 0xFF, 0xFF, 0x00,
        0xFF, 0xFF, 0xFF, 0x00, 0xFF, 0xFF, 0xFF, 0x00, 0xFF, 0xFF, 0xFF, 0x00,
        0xFF, 0xFF, 0xFF, 0x00, 0xFF, 0xFF, 0xFF, 0x00, 0xFF, 0xFF, 0xFF, 0x00,
        0xFF, 0xFF, 0xFF, 0x00, 0xFF, 0xFF, 0xFF, 0x00, 0xFF, 0xFF, 0xFF, 0x00,
        0xFF, 0xFF, 0xFF, 0x00, 0xFF, 0xFF, 0xFF, 0x00, 0xFF, 0xFF, 0xFF, 0x00,
        0xFF, 0xFF, 0xFF, 0x00, 0xFF, 0xFF, 0xFF, 0x00, 0xFF, 0xFF, 0xFF, 0x00,
        0xFF, 0xFF, 0xFF, 0x00, 0xFF, 0xFF, 0xFF, 0x00, 0xFF, 0xFF, 0xFF, 0x00,
        0xFF, 0xFF, 0xFF, 0x00, 0xFF, 0xFF, 0xFF, 0x00, 0xFF, 0xFF, 0xFF, 0x00,
        0xFF, 0xFF, 0xFF, 0x00, 0xFF, 0xFF, 0xFF, 0x00, 0xFF, 0xFF, 0xFF, 0x00,
        0xFF, 0xFF, 0xFF, 0x00, 0xFF, 0xFF, 0xFF, 0x00, 0xFF, 0xFF, 0xFF, 0x00,
        0xFF, 0xFF, 0xFF, 0x00, 0xFF, 0xFF, 0xFF, 0x00, 0xFF, 0xFF, 0xFF, 0x00,
        0xFF, 0xFF, 0xFF, 0x00, 0xFF, 0xFF, 0xFF, 0x00, 0xFF, 0xFF, 0xFF, 0x00,
        0xFF, 0xFF, 0xFF, 0x00, 0xFF, 0xFF, 0xFF, 0x00, 0xFF, 0xFF, 0xFF, 0x00,
        0xFF, 0xFF, 0xFF, 0x00, 0xFF, 0xFF, 0xFF, 0x00, 0xFF, 0xFF, 0xFF, 0x00,
        0xFF, 0xFF, 0xFF, 0x00, 0xFF, 0xFF, 0xFF, 0x00, 0xFF, 0xFF, 0xFF, 0x00,
        0xFF, 0xFF, 0xFF, 0x00, 0x67, 0x67, 0x67, 0xFF, 0x62, 0x62, 0x62, 0xFF,
        0x69, 0x69, 0x69, 0xFF, 0x6B, 0x6B, 0x6B, 0xFF, 0x69, 0x69, 0x69, 0xFF,
        0x67, 0x67, 0x67, 0xFF, 0x65, 0x65, 0x65, 0xFF, 0x65, 0x65, 0x65, 0xFF,
        0x67, 0x67, 0x67, 0xFF, 0x69, 0x69, 0x69, 0xFF, 0x6B, 0x6B, 0x6B, 0xFF,
        0x69, 0x69, 0x69, 0xFF, 0x62, 0x62, 0x62, 0xFF, 0x67, 0x67, 0x67, 0xFF,
        0xFF, 0xFF, 0xFF, 0x00, 0xFF, 0xFF, 0xFF, 0x00, 0xFF, 0xFF, 0xFF, 0x00,
        0xFF, 0xFF, 0xFF, 0x00, 0xFF, 0xFF, 0xFF, 0x00, 0xFF, 0xFF, 0xFF, 0x00,
        0xFF, 0xFF, 0xFF, 0x00, 0xFF, 0xFF, 0xFF, 0x00, 0xFF, 0xFF, 0xFF, 0x00,
        0xFF, 0xFF, 0xFF, 0x00, 0xFF, 0xFF, 0xFF, 0x00, 0xFF, 0xFF, 0xFF, 0x00,
        0xFF, 0xFF, 0xFF, 0x00, 0xFF, 0xFF, 0xFF, 0x00, 0xFF, 0xFF, 0xFF, 0x00,
        0xFF, 0xFF, 0xFF, 0x00, 0xFF, 0xFF, 0xFF, 0x00, 0xFF, 0xFF, 0xFF, 0x00,
        0xFF, 0xFF, 0xFF, 0x00, 0xFF, 0xFF, 0xFF, 0x00, 0xFF, 0xFF, 0xFF, 0x00,
        0xFF, 0xFF, 0xFF, 0x00, 0xFF, 0xFF, 0xFF, 0x00, 0xFF, 0xFF, 0xFF, 0x00,
        0xFF, 0xFF, 0xFF, 0x00, 0xFF, 0xFF, 0xFF, 0x00, 0xFF, 0xFF, 0xFF, 0x00,
        0xFF, 0xFF, 0xFF, 0x00, 0xFF, 0xFF, 0xFF, 0x00, 0xFF, 0xFF, 0xFF, 0x00,
        0xFF, 0xFF, 0xFF, 0x00, 0xFF, 0xFF, 0xFF, 0x00, 0xFF, 0xFF, 0xFF, 0x00,
        0xFF, 0xFF, 0xFF, 0x00, 0xFF, 0xFF, 0xFF, 0x00, 0xFF, 0xFF, 0xFF, 0x00,
        0xFF, 0xFF, 0xFF, 0x00, 0xFF, 0xFF, 0xFF, 0x00, 0xFF, 0xFF, 0xFF, 0x00,
        0xFF, 0xFF, 0xFF, 0x00, 0xFF, 0xFF, 0xFF, 0x00, 0xFF, 0xFF, 0xFF, 0x00,
        0xFF, 0xFF, 0xFF, 0x00, 0xFF, 0xFF, 0xFF, 0x00, 0xFF, 0xFF, 0xFF, 0x00,
        0xFF, 0xFF, 0xFF, 0x00, 0xFF, 0xFF, 0xFF, 0x00, 0xFF, 0xFF, 0xFF, 0x00,
        0xFF, 0xFF, 0xFF, 0x00, 0xFF, 0xFF, 0xFF, 0x00, 0x47, 0x47, 0x47, 0xFF,
        0x47, 0x47, 0x47, 0xFF, 0x4F, 0x4F, 0x4F, 0xFF, 0x54, 0x54, 0x54, 0xFF,
        0x54, 0x54, 0x54, 0xFF, 0x54, 0x54, 0x54, 0xFF, 0x54, 0x54, 0x54, 0xFF,
        0x54, 0x54, 0x54, 0xFF, 0x54, 0x54, 0x54, 0xFF, 0x54, 0x54, 0x54, 0xFF,
        0x54, 0x54, 0x54, 0xFF, 0x4F, 0x4F, 0x4F, 0xFF, 0x47, 0x47, 0x47, 0xFF,
        0x47, 0x47, 0x47, 0xFF, 0xFF, 0xFF, 0xFF, 0x00, 0xFF, 0xFF, 0xFF, 0x00,
        0xFF, 0xFF, 0xFF, 0x00, 0xFF, 0xFF, 0xFF, 0x00, 0xFF, 0xFF, 0xFF, 0x00,
        0xFF, 0xFF, 0xFF, 0x00, 0xFF, 0xFF, 0xFF, 0x00, 0xFF, 0xFF, 0xFF, 0x00,
        0xFF, 0xFF, 0xFF, 0x00, 0xFF, 0xFF, 0xFF, 0x00, 0xFF, 0xFF, 0xFF, 0x00,
        0xFF, 0xFF, 0xFF, 0x00, 0xFF, 0xFF, 0xFF, 0x00, 0xFF, 0xFF, 0xFF, 0x00,
        0xFF, 0xFF, 0xFF, 0x00, 0xFF, 0xFF, 0xFF, 0x00, 0xFF, 0xFF, 0xFF, 0x00,
        0xFF, 0xFF, 0xFF, 0x00, 0xFF, 0xFF, 0xFF, 0x00, 0xFF, 0xFF, 0xFF, 0x00,
        0xFF, 0xFF, 0xFF, 0x00, 0xFF, 0xFF, 0xFF, 0x00, 0xFF, 0xFF, 0xFF, 0x00,
        0xFF, 0xFF, 0xFF, 0x00, 0xFF, 0xFF, 0xFF, 0x00, 0xFF, 0xFF, 0xFF, 0x00,
        0xFF, 0xFF, 0xFF, 0x00, 0xFF, 0xFF, 0xFF, 0x00, 0xFF, 0xFF, 0xFF, 0x00,
        0xFF, 0xFF, 0xFF, 0x00, 0xFF, 0xFF, 0xFF, 0x00, 0xFF, 0xFF, 0xFF, 0x00,
        0xFF, 0xFF, 0xFF, 0x00, 0xFF, 0xFF, 0xFF, 0x00, 0xFF, 0xFF, 0xFF, 0x00,
        0xFF, 0xFF, 0xFF, 0x00, 0xFF, 0xFF, 0xFF, 0x00, 0xFF, 0xFF, 0xFF, 0x00,
        0xFF, 0xFF, 0xFF, 0x00, 0xFF, 0xFF, 0xFF, 0x00, 0xFF, 0xFF, 0xFF, 0x00,
        0xFF, 0xFF, 0xFF, 0x00, 0xFF, 0xFF, 0xFF, 0x00, 0xFF, 0xFF, 0xFF, 0x00,
        0xFF, 0xFF, 0xFF, 0x00, 0xFF, 0xFF, 0xFF, 0x00, 0xFF, 0xFF, 0xFF, 0x00,
        0xFF, 0xFF, 0xFF, 0x00, 0xFF, 0xFF, 0xFF, 0x00, 0xFF, 0xFF, 0xFF, 0x00,
        0x67, 0x67, 0x67, 0xFF, 0x62, 0x62, 0x62, 0xFF, 0x69, 0x69, 0x69, 0xFF,
        0x6B, 0x6B, 0x6B, 0xFF, 0x68, 0x68, 0x68, 0xFF, 0x67, 0x67, 0x67, 0xFF,
        0x65, 0x65, 0x65, 0xFF, 0x65, 0x65, 0x65, 0xFF, 0x67, 0x67, 0x67, 0xFF,
        0x68, 0x68, 0x68, 0xFF, 0x6B, 0x6B, 0x6B, 0xFF, 0x69, 0x69, 0x69, 0xFF,
        0x62, 0x62, 0x62, 0xFF, 0x67, 0x67, 0x67, 0xFF, 0xFF, 0xFF, 0xFF, 0x00,
        0xFF, 0xFF, 0xFF, 0x00, 0xFF, 0xFF, 0xFF, 0x00, 0xFF, 0xFF, 0xFF, 0x00,
        0xFF, 0xFF, 0xFF, 0x00, 0xFF, 0xFF, 0xFF, 0x00, 0xFF, 0xFF, 0xFF, 0x00,
        0xFF, 0xFF, 0xFF, 0x00, 0xFF, 0xFF, 0xFF, 0x00, 0xFF, 0xFF, 0xFF, 0x00,
        0xFF, 0xFF, 0xFF, 0x00, 0xFF, 0xFF, 0xFF, 0x00, 0xFF, 0xFF, 0xFF, 0x00,
        0xFF, 0xFF, 0xFF, 0x00, 0xFF, 0xFF, 0xFF, 0x00, 0xFF, 0xFF, 0xFF, 0x00,
        0xFF, 0xFF, 0xFF, 0x00, 0xFF, 0xFF, 0xFF, 0x00, 0xFF, 0xFF, 0xFF, 0x00,
        0xFF, 0xFF, 0xFF, 0x00, 0xFF, 0xFF, 0xFF, 0x00, 0xFF, 0xFF, 0xFF, 0x00,
        0xFF, 0xFF, 0xFF, 0x00, 0xFF, 0xFF, 0xFF, 0x00, 0xFF, 0xFF, 0xFF, 0x00,
        0xFF, 0xFF, 0xFF, 0x00, 0xFF, 0xFF, 0xFF, 0x00, 0xFF, 0xFF, 0xFF, 0x00,
        0xFF, 0xFF, 0xFF, 0x00, 0xFF, 0xFF, 0xFF, 0x00, 0xFF, 0xFF, 0xFF, 0x00,
        0xFF, 0xFF, 0xFF, 0x00, 0xFF, 0xFF, 0xFF, 0x00, 0xFF, 0xFF, 0xFF, 0x00,
        0xFF, 0xFF, 0xFF, 0x00, 0xFF, 0xFF, 0xFF, 0x00, 0xFF, 0xFF, 0xFF, 0x00,
        0xFF, 0xFF, 0xFF, 0x00, 0xFF, 0xFF, 0xFF, 0x00, 0xFF, 0xFF, 0xFF, 0x00,
        0xFF, 0xFF, 0xFF, 0x00, 0xFF, 0xFF, 0xFF, 0x00, 0xFF, 0xFF, 0xFF, 0x00,
        0xFF, 0xFF, 0xFF, 0x00, 0xFF, 0xFF, 0xFF, 0x00, 0xFF, 0xFF, 0xFF, 0x00,
        0xFF, 0xFF, 0xFF, 0x00, 0xFF, 0xFF, 0xFF, 0x00, 0xFF, 0xFF, 0xFF, 0x00,
        0xFF, 0xFF, 0xFF, 0x00, 0x48, 0x48, 0x48, 0xFF, 0x48, 0x48, 0x48, 0xFF,
        0x50, 0x50, 0x50, 0xFF, 0x55, 0x55, 0x55, 0xFF, 0x55, 0x55, 0x55, 0xFF,
        0x55, 0x55, 0x55, 0xFF, 0x55, 0x55, 0x55, 0xFF, 0x55, 0x55, 0x55, 0xFF,
        0x55, 0x55, 0x55, 0xFF, 0x55, 0x55, 0x55, 0xFF, 0x55, 0x55, 0x55, 0xFF,
        0x50, 0x50, 0x50, 0xFF, 0x48, 0x48, 0x48, 0xFF, 0x48, 0x48, 0x48, 0xFF,
        0xFF, 0xFF, 0xFF, 0x00, 0xFF, 0xFF, 0xFF, 0x00, 0xFF, 0xFF, 0xFF, 0x00,
        0xFF, 0xFF, 0xFF, 0x00, 0xFF, 0xFF, 0xFF, 0x00, 0xFF, 0xFF, 0xFF, 0x00,
        0xFF, 0xFF, 0xFF, 0x00, 0xFF, 0xFF, 0xFF, 0x00, 0xFF, 0xFF, 0xFF, 0x00,
        0xFF, 0xFF, 0xFF, 0x00, 0xFF, 0xFF, 0xFF, 0x00, 0xFF, 0xFF, 0xFF, 0x00,
        0xFF, 0xFF, 0xFF, 0x00, 0xFF, 0xFF, 0xFF, 0x00, 0xFF, 0xFF, 0xFF, 0x00,
        0xFF, 0xFF, 0xFF, 0x00, 0xFF, 0xFF, 0xFF, 0x00, 0xFF, 0xFF, 0xFF, 0x00,
        0xFF, 0xFF, 0xFF, 0x00, 0xFF, 0xFF, 0xFF, 0x00, 0xFF, 0xFF, 0xFF, 0x00,
        0xFF, 0xFF, 0xFF, 0x00, 0xFF, 0xFF, 0xFF, 0x00, 0xFF, 0xFF, 0xFF, 0x00,
        0xFF, 0xFF, 0xFF, 0x00, 0xFF, 0xFF, 0xFF, 0x00, 0xFF, 0xFF, 0xFF, 0x00,
        0xFF, 0xFF, 0xFF, 0x00, 0xFF, 0xFF, 0xFF, 0x00, 0xFF, 0xFF, 0xFF, 0x00,
        0xFF, 0xFF, 0xFF, 0x00, 0xFF, 0xFF, 0xFF, 0x00, 0xFF, 0xFF, 0xFF, 0x00,
        0xFF, 0xFF, 0xFF, 0x00, 0xFF, 0xFF, 0xFF, 0x00, 0xFF, 0xFF, 0xFF, 0x00,
        0xFF, 0xFF, 0xFF, 0x00, 0xFF, 0xFF, 0xFF, 0x00, 0xFF, 0xFF, 0xFF, 0x00,
        0xFF, 0xFF, 0xFF, 0x00, 0xFF, 0xFF, 0xFF, 0x00, 0xFF, 0xFF, 0xFF, 0x00,
        0xFF, 0xFF, 0xFF, 0x00, 0xFF, 0xFF, 0xFF, 0x00, 0xFF, 0xFF, 0xFF, 0x00,
        0xFF, 0xFF, 0xFF, 0x00, 0xFF, 0xFF, 0xFF, 0x00, 0xFF, 0xFF, 0xFF, 0x00,
        0xFF, 0xFF, 0xFF, 0x00, 0xFF, 0xFF, 0xFF, 0x00, 0x67, 0x67, 0x67, 0xFF,
        0x63, 0x63, 0x63, 0xFF, 0x6A, 0x6A, 0x6A, 0xFF, 0x6C, 0x6C, 0x6C, 0xFF,
        0x69, 0x69, 0x69, 0xFF, 0x67, 0x67, 0x67, 0xFF, 0x66, 0x66, 0x66, 0xFF,
        0x66, 0x66, 0x66, 0xFF, 0x67, 0x67, 0x67, 0xFF, 0x69, 0x69, 0x69, 0xFF,
        0x6C, 0x6C, 0x6C, 0xFF, 0x6A, 0x6A, 0x6A, 0xFF, 0x63, 0x63, 0x63, 0xFF,
        0x67, 0x67, 0x67, 0xFF, 0xFF, 0xFF, 0xFF, 0x00, 0xFF, 0xFF, 0xFF, 0x00,
        0xFF, 0xFF, 0xFF, 0x00, 0xFF, 0xFF, 0xFF, 0x00, 0xFF, 0xFF, 0xFF, 0x00,
        0xFF, 0xFF, 0xFF, 0x00, 0xFF, 0xFF, 0xFF, 0x00, 0xFF, 0xFF, 0xFF, 0x00,
        0xFF, 0xFF, 0xFF, 0x00, 0xFF, 0xFF, 0xFF, 0x00, 0xFF, 0xFF, 0xFF, 0x00,
        0xFF, 0xFF, 0xFF, 0x00, 0xFF, 0xFF, 0xFF, 0x00, 0xFF, 0xFF, 0xFF, 0x00,
        0xFF, 0xFF, 0xFF, 0x00, 0xFF, 0xFF, 0xFF, 0x00, 0xFF, 0xFF, 0xFF, 0x00,
        0xFF, 0xFF, 0xFF, 0x00, 0xFF, 0xFF, 0xFF, 0x00, 0xFF, 0xFF, 0xFF, 0x00,
        0xFF, 0xFF, 0xFF, 0x00, 0xFF, 0xFF, 0xFF, 0x00, 0xFF, 0xFF, 0xFF, 0x00,
        0xFF, 0xFF, 0xFF, 0x00, 0xFF, 0xFF, 0xFF, 0x00, 0xFF, 0xFF, 0xFF, 0x00,
        0xFF, 0xFF, 0xFF, 0x00, 0xFF, 0xFF, 0xFF, 0x00, 0xFF, 0xFF, 0xFF, 0x00,
        0xFF, 0xFF, 0xFF, 0x00, 0xFF, 0xFF, 0xFF, 0x00, 0xFF, 0xFF, 0xFF, 0x00,
        0xFF, 0xFF, 0xFF, 0x00, 0xFF, 0xFF, 0xFF, 0x00, 0xFF, 0xFF, 0xFF, 0x00,
        0xFF, 0xFF, 0xFF, 0x00, 0xFF, 0xFF, 0xFF, 0x00, 0xFF, 0xFF, 0xFF, 0x00,
        0xFF, 0xFF, 0xFF, 0x00, 0xFF, 0xFF, 0xFF, 0x00, 0xFF, 0xFF, 0xFF, 0x00,
        0xFF, 0xFF, 0xFF, 0x00, 0xFF, 0xFF, 0xFF, 0x00, 0xFF, 0xFF, 0xFF, 0x00,
        0xFF, 0xFF, 0xFF, 0x00, 0xFF, 0xFF, 0xFF, 0x00, 0xFF, 0xFF, 0xFF, 0x00,
        0xFF, 0xFF, 0xFF, 0x00, 0xFF, 0xFF, 0xFF, 0x00, 0xFF, 0xFF, 0xFF, 0x00,
        0x49, 0x49, 0x49, 0xFF, 0x49, 0x49, 0x49, 0xFF, 0x51, 0x51, 0x51, 0xFF,
        0x56, 0x56, 0x56, 0xFF, 0x56, 0x56, 0x56, 0xFF, 0x56, 0x56, 0x56, 0xFF,
        0x56, 0x56, 0x56, 0xFF, 0x56, 0x56, 0x56, 0xFF, 0x56, 0x56, 0x56, 0xFF,
        0x56, 0x56, 0x56, 0xFF, 0x56, 0x56, 0x56, 0xFF, 0x51, 0x51, 0x51, 0xFF,
        0x49, 0x49, 0x49, 0xFF, 0x49, 0x49, 0x49, 0xFF, 0xFF, 0xFF, 0xFF, 0x00,
        0xFF, 0xFF, 0xFF, 0x00, 0xFF, 0xFF, 0xFF, 0x00, 0xFF, 0xFF, 0xFF, 0x00,
        0xFF, 0xFF, 0xFF, 0x00, 0xFF, 0xFF, 0xFF, 0x00, 0xFF, 0xFF, 0xFF, 0x00,
        0xFF, 0xFF, 0xFF, 0x00, 0xFF, 0xFF, 0xFF, 0x00, 0xFF, 0xFF, 0xFF, 0x00,
        0xFF, 0xFF, 0xFF, 0x00, 0xFF, 0xFF, 0xFF, 0x00, 0xFF, 0xFF, 0xFF, 0x00,
        0xFF, 0xFF, 0xFF, 0x00, 0xFF, 0xFF, 0xFF, 0x00, 0xFF, 0xFF, 0xFF, 0x00,
        0xFF, 0xFF, 0xFF, 0x00, 0xFF, 0xFF, 0xFF, 0x00, 0xFF, 0xFF, 0xFF, 0x00,
        0xFF, 0xFF, 0xFF, 0x00, 0xFF, 0xFF, 0xFF, 0x00, 0xFF, 0xFF, 0xFF, 0x00,
        0xFF, 0xFF, 0xFF, 0x00, 0xFF, 0xFF, 0xFF, 0x00, 0xFF, 0xFF, 0xFF, 0x00,
        0xFF, 0xFF, 0xFF, 0x00, 0xFF, 0xFF, 0xFF, 0x00, 0xFF, 0xFF, 0xFF, 0x00,
        0xFF, 0xFF, 0xFF, 0x00, 0xFF, 0xFF, 0xFF, 0x00, 0xFF, 0xFF, 0xFF, 0x00,
        0xFF, 0xFF, 0xFF, 0x00, 0xFF, 0xFF, 0xFF, 0x00, 0xFF, 0xFF, 0xFF, 0x00,
        0xFF, 0xFF, 0xFF, 0x00, 0xFF, 0xFF, 0xFF, 0x00, 0xFF, 0xFF, 0xFF, 0x00,
        0xFF, 0xFF, 0xFF, 0x00, 0xFF, 0xFF, 0xFF, 0x00, 0xFF, 0xFF, 0xFF, 0x00,
        0xFF, 0xFF, 0xFF, 0x00, 0xFF, 0xFF, 0xFF, 0x00, 0xFF, 0xFF, 0xFF, 0x00,
        0xFF, 0xFF, 0xFF, 0x00, 0xFF, 0xFF, 0xFF, 0x00, 0xFF, 0xFF, 0xFF, 0x00,
        0xFF, 0xFF, 0xFF, 0x00, 0xFF, 0xFF, 0xFF, 0x00, 0xFF, 0xFF, 0xFF, 0x00,
        0xFF, 0xFF, 0xFF, 0x00, 0x68, 0x68, 0x68, 0xFF, 0x63, 0x63, 0x63, 0xFF,
        0x6B, 0x6B, 0x6B, 0xFF, 0x6D, 0x6D, 0x6D, 0xFF, 0x6A, 0x6A, 0x6A, 0xFF,
        0x68, 0x68, 0x68, 0xFF, 0x67, 0x67, 0x67, 0xFF, 0x67, 0x67, 0x67, 0xFF,
        0x68, 0x68, 0x68, 0xFF, 0x6A, 0x6A, 0x6A, 0xFF, 0x6D, 0x6D, 0x6D, 0xFF,
        0x6B, 0x6B, 0x6B, 0xFF, 0x63, 0x63, 0x63, 0xFF, 0x68, 0x68, 0x68, 0xFF,
        0xFF, 0xFF, 0xFF, 0x00, 0xFF, 0xFF, 0xFF, 0x00, 0xFF, 0xFF, 0xFF, 0x00,
        0xFF, 0xFF, 0xFF, 0x00, 0xFF, 0xFF, 0xFF, 0x00, 0xFF, 0xFF, 0xFF, 0x00,
        0xFF, 0xFF, 0xFF, 0x00, 0xFF, 0xFF, 0xFF, 0x00, 0xFF, 0xFF, 0xFF, 0x00,
        0xFF, 0xFF, 0xFF, 0x00, 0xFF, 0xFF, 0xFF, 0x00, 0xFF, 0xFF, 0xFF, 0x00,
        0xFF, 0xFF, 0xFF, 0x00, 0xFF, 0xFF, 0xFF, 0x00, 0xFF, 0xFF, 0xFF, 0x00,
        0xFF, 0xFF, 0xFF, 0x00, 0xFF, 0xFF, 0xFF, 0x00, 0xFF, 0xFF, 0xFF, 0x00,
        0xFF, 0xFF, 0xFF, 0x00, 0xFF, 0xFF, 0xFF, 0x00, 0xFF, 0xFF, 0xFF, 0x00,
        0xFF, 0xFF, 0xFF, 0x00, 0xFF, 0xFF, 0xFF, 0x00, 0xFF, 0xFF, 0xFF, 0x00,
        0xFF, 0xFF, 0xFF, 0x00, 0xFF, 0xFF, 0xFF, 0x00, 0xFF, 0xFF, 0xFF, 0x00,
        0xFF, 0xFF, 0xFF, 0x00, 0xFF, 0xFF, 0xFF, 0x00, 0xFF, 0xFF, 0xFF, 0x00,
        0xFF, 0xFF, 0xFF, 0x00, 0xFF, 0xFF, 0xFF, 0x00, 0xFF, 0xFF, 0xFF, 0x00,
        0xFF, 0xFF, 0xFF, 0x00, 0xFF, 0xFF, 0xFF, 0x00, 0xFF, 0xFF, 0xFF, 0x00,
        0xFF, 0xFF, 0xFF, 0x00, 0xFF, 0xFF, 0xFF, 0x00, 0xFF, 0xFF, 0xFF, 0x00,
        0xFF, 0xFF, 0xFF, 0x00, 0xFF, 0xFF, 0xFF, 0x00, 0xFF, 0xFF, 0xFF, 0x00,
        0xFF, 0xFF, 0xFF, 0x00, 0xFF, 0xFF, 0xFF, 0x00, 0xFF, 0xFF, 0xFF, 0x00,
        0xFF, 0xFF, 0xFF, 0x00, 0xFF, 0xFF, 0xFF, 0x00, 0xFF, 0xFF, 0xFF, 0x00,
        0xFF, 0xFF, 0xFF, 0x00, 0xFF, 0xFF, 0xFF, 0x00, 0x49, 0x49, 0x49, 0xFF,
        0x49, 0x49, 0x49, 0xFF, 0x51, 0x51, 0x51, 0xFF, 0x56, 0x56, 0x56, 0xFF,
        0x56, 0x56, 0x56, 0xFF, 0x56, 0x56, 0x56, 0xFF, 0x56, 0x56, 0x56, 0xFF,
        0x56, 0x56, 0x56, 0xFF, 0x56, 0x56, 0x56, 0xFF, 0x56, 0x56, 0x56, 0xFF,
        0x56, 0x56, 0x56, 0xFF, 0x51, 0x51, 0x51, 0xFF, 0x49, 0x49, 0x49, 0xFF,
        0x49, 0x49, 0x49, 0xFF, 0xFF, 0xFF, 0xFF, 0x00, 0xFF, 0xFF, 0xFF, 0x00,
        0xFF, 0xFF, 0xFF, 0x00, 0xFF, 0xFF, 0xFF, 0x00, 0xFF, 0xFF, 0xFF, 0x00,
        0xFF, 0xFF, 0xFF, 0x00, 0xFF, 0xFF, 0xFF, 0x00, 0xFF, 0xFF, 0xFF, 0x00,
        0xFF, 0xFF, 0xFF, 0x00, 0xFF, 0xFF, 0xFF, 0x00, 0xFF, 0xFF, 0xFF, 0x00,
        0xFF, 0xFF, 0xFF, 0x00, 0xFF, 0xFF, 0xFF, 0x00, 0xFF, 0xFF, 0xFF, 0x00,
        0xFF, 0xFF, 0xFF, 0x00, 0xFF, 0xFF, 0xFF, 0x00, 0xFF, 0xFF, 0xFF, 0x00,
        0xFF, 0xFF, 0xFF, 0x00, 0xFF, 0xFF, 0xFF, 0x00, 0xFF, 0xFF, 0xFF, 0x00,
        0xFF, 0xFF, 0xFF, 0x00, 0xFF, 0xFF, 0xFF, 0x00, 0xFF, 0xFF, 0xFF, 0x00,
        0xFF, 0xFF, 0xFF, 0x00, 0xFF, 0xFF, 0xFF, 0x00, 0xFF, 0xFF, 0xFF, 0x00,
        0xFF, 0xFF, 0xFF, 0x00, 0xFF, 0xFF, 0xFF, 0x00, 0xFF, 0xFF, 0xFF, 0x00,
        0xFF, 0xFF, 0xFF, 0x00, 0xFF, 0xFF, 0xFF, 0x00, 0xFF, 0xFF, 0xFF, 0x00,
        0xFF, 0xFF, 0xFF, 0x00, 0xFF, 0xFF, 0xFF, 0x00, 0xFF, 0xFF, 0xFF, 0x00,
        0xFF, 0xFF, 0xFF, 0x00, 0xFF, 0xFF, 0xFF, 0x00, 0xFF, 0xFF, 0xFF, 0x00,
        0xFF, 0xFF, 0xFF, 0x00, 0xFF, 0xFF, 0xFF, 0x00, 0xFF, 0xFF, 0xFF, 0x00,
        0xFF, 0xFF, 0xFF, 0x00, 0xFF, 0xFF, 0xFF, 0x00, 0xFF, 0xFF, 0xFF, 0x00,
        0xFF, 0xFF, 0xFF, 0x00, 0xFF, 0xFF, 0xFF, 0x00, 0xFF, 0xFF, 0xFF, 0x00,
        0xFF, 0xFF, 0xFF, 0x00, 0xFF, 0xFF, 0xFF, 0x00, 0xFF, 0xFF, 0xFF, 0x00,
        0x68, 0x68, 0x68, 0xFF, 0x63, 0x63, 0x63, 0xFF, 0x6B, 0x6B, 0x6B, 0xFF,
        0x6D, 0x6D, 0x6D, 0xFF, 0x6A, 0x6A, 0x6A, 0xFF, 0x68, 0x68, 0x68, 0xFF,
        0x67, 0x67, 0x67, 0xFF, 0x67, 0x67, 0x67, 0xFF, 0x68, 0x68, 0x68, 0xFF,
        0x6A, 0x6A, 0x6A, 0xFF, 0x6D, 0x6D, 0x6D, 0xFF, 0x6B, 0x6B, 0x6B, 0xFF,
        0x63, 0x63, 0x63, 0xFF, 0x68, 0x68, 0x68, 0xFF, 0xFF, 0xFF, 0xFF, 0x00,
        0xFF, 0xFF, 0xFF, 0x00, 0xFF, 0xFF, 0xFF, 0x00, 0xFF, 0xFF, 0xFF, 0x00,
        0xFF, 0xFF, 0xFF, 0x00, 0xFF, 0xFF, 0xFF, 0x00, 0xFF, 0xFF, 0xFF, 0x00,
        0xFF, 0xFF, 0xFF, 0x00, 0xFF, 0xFF, 0xFF, 0x00, 0xFF, 0xFF, 0xFF, 0x00,
        0xFF, 0xFF, 0xFF, 0x00, 0xFF, 0xFF, 0xFF, 0x00, 0xFF, 0xFF, 0xFF, 0x00,
        0xFF, 0xFF, 0xFF, 0x00, 0xFF, 0xFF, 0xFF, 0x00, 0xFF, 0xFF, 0xFF, 0x00,
        0xFF, 0xFF, 0xFF, 0x00, 0xFF, 0xFF, 0xFF, 0x00, 0xFF, 0xFF, 0xFF, 0x00,
        0xFF, 0xFF, 0xFF, 0x00, 0xFF, 0xFF, 0xFF, 0x00, 0xFF, 0xFF, 0xFF, 0x00,
        0xFF, 0xFF, 0xFF, 0x00, 0xFF, 0xFF, 0xFF, 0x00, 0xFF, 0xFF, 0xFF, 0x00,
        0xFF, 0xFF, 0xFF, 0x00, 0xFF, 0xFF, 0xFF, 0x00, 0xFF, 0xFF, 0xFF, 0x00,
        0xFF, 0xFF, 0xFF, 0x00, 0xFF, 0xFF, 0xFF, 0x00, 0xFF, 0xFF, 0xFF, 0x00,
        0xFF, 0xFF, 0xFF, 0x00, 0xFF, 0xFF, 0xFF, 0x00, 0xFF, 0xFF, 0xFF, 0x00,
        0xFF, 0xFF, 0xFF, 0x00, 0xFF, 0xFF, 0xFF, 0x00, 0xFF, 0xFF, 0xFF, 0x00,
        0xFF, 0xFF, 0xFF, 0x00, 0xFF, 0xFF, 0xFF, 0x00, 0xFF, 0xFF, 0xFF, 0x00,
        0xFF, 0xFF, 0xFF, 0x00, 0xFF, 0xFF, 0xFF, 0x00, 0xFF, 0xFF, 0xFF, 0x00,
        0xFF, 0xFF, 0xFF, 0x00, 0xFF, 0xFF, 0xFF, 0x00, 0xFF, 0xFF, 0xFF, 0x00,
        0xFF, 0xFF, 0xFF, 0x00, 0xFF, 0xFF, 0xFF, 0x00, 0xFF, 0xFF, 0xFF, 0x00,
        0xFF, 0xFF, 0xFF, 0x00, 0x49, 0x49, 0x49, 0xFF, 0x4A, 0x4A, 0x4A, 0xFF,
        0x52, 0x52, 0x52, 0xFF, 0x57, 0x57, 0x57, 0xFF, 0x57, 0x57, 0x57, 0xFF,
        0x57, 0x57, 0x57, 0xFF, 0x57, 0x57, 0x57, 0xFF, 0x57, 0x57, 0x57, 0xFF,
        0x57, 0x57, 0x57, 0xFF, 0x57, 0x57, 0x57, 0xFF, 0x57, 0x57, 0x57, 0xFF,
        0x52, 0x52, 0x52, 0xFF, 0x4A, 0x4A, 0x4A, 0xFF, 0x49, 0x49, 0x49, 0xFF,
        0xFF, 0xFF, 0xFF, 0x00, 0xFF, 0xFF, 0xFF, 0x00, 0xFF, 0xFF, 0xFF, 0x00,
        0xFF, 0xFF, 0xFF, 0x00, 0xFF, 0xFF, 0xFF, 0x00, 0xFF, 0xFF, 0xFF, 0x00,
        0xFF, 0xFF, 0xFF, 0x00, 0xFF, 0xFF, 0xFF, 0x00, 0xFF, 0xFF, 0xFF, 0x00,
        0xFF, 0xFF, 0xFF, 0x00, 0xFF, 0xFF, 0xFF, 0x00, 0xFF, 0xFF, 0xFF, 0x00,
        0xFF, 0xFF, 0xFF, 0x00, 0xFF, 0xFF, 0xFF, 0x00, 0xFF, 0xFF, 0xFF, 0x00,
        0xFF, 0xFF, 0xFF, 0x00, 0xFF, 0xFF, 0xFF, 0x00, 0xFF, 0xFF, 0xFF, 0x00,
        0xFF, 0xFF, 0xFF, 0x00, 0xFF, 0xFF, 0xFF, 0x00, 0xFF, 0xFF, 0xFF, 0x00,
        0xFF, 0xFF, 0xFF, 0x00, 0xFF, 0xFF, 0xFF, 0x00, 0xFF, 0xFF, 0xFF, 0x00,
        0xFF, 0xFF, 0xFF, 0x00, 0xFF, 0xFF, 0xFF, 0x00, 0xFF, 0xFF, 0xFF, 0x00,
        0xFF, 0xFF, 0xFF, 0x00, 0xFF, 0xFF, 0xFF, 0x00, 0xFF, 0xFF, 0xFF, 0x00,
        0xFF, 0xFF, 0xFF, 0x00, 0xFF, 0xFF, 0xFF, 0x00, 0xFF, 0xFF, 0xFF, 0x00,
        0xFF, 0xFF, 0xFF, 0x00, 0xFF, 0xFF, 0xFF, 0x00, 0xFF, 0xFF, 0xFF, 0x00,
        0xFF, 0xFF, 0xFF, 0x00, 0xFF, 0xFF, 0xFF, 0x00, 0xFF, 0xFF, 0xFF, 0x00,
        0xFF, 0xFF, 0xFF, 0x00, 0xFF, 0xFF, 0xFF, 0x00, 0xFF, 0xFF, 0xFF, 0x00,
        0xFF, 0xFF, 0xFF, 0x00, 0xFF, 0xFF, 0xFF, 0x00, 0xFF, 0xFF, 0xFF, 0x00,
        0xFF, 0xFF, 0xFF, 0x00, 0xFF, 0xFF, 0xFF, 0x00, 0xFF, 0xFF, 0xFF, 0x00,
        0xFF, 0xFF, 0xFF, 0x00, 0xFF, 0xFF, 0xFF, 0x00, 0x69, 0x69, 0x69, 0xFF,
        0x64, 0x64, 0x64, 0xFF, 0x6B, 0x6B, 0x6B, 0xFF, 0x6D, 0x6D, 0x6D, 0xFF,
        0x6B, 0x6B, 0x6B, 0xFF, 0x69, 0x69, 0x69, 0xFF, 0x68, 0x68, 0x68, 0xFF,
        0x68, 0x68, 0x68, 0xFF, 0x69, 0x69, 0x69, 0xFF, 0x6B, 0x6B, 0x6B, 0xFF,
        0x6D, 0x6D, 0x6D, 0xFF, 0x6B, 0x6B, 0x6B, 0xFF, 0x64, 0x64, 0x64, 0xFF,
        0x69, 0x69, 0x69, 0xFF, 0xFF, 0xFF, 0xFF, 0x00, 0xFF, 0xFF, 0xFF, 0x00,
        0xFF, 0xFF, 0xFF, 0x00, 0xFF, 0xFF, 0xFF, 0x00, 0xFF, 0xFF, 0xFF, 0x00,
        0xFF, 0xFF, 0xFF, 0x00, 0xFF, 0xFF, 0xFF, 0x00, 0xFF, 0xFF, 0xFF, 0x00,
        0xFF, 0xFF, 0xFF, 0x00, 0xFF, 0xFF, 0xFF, 0x00, 0xFF, 0xFF, 0xFF, 0x00,
        0xFF, 0xFF, 0xFF, 0x00, 0xFF, 0xFF, 0xFF, 0x00, 0xFF, 0xFF, 0xFF, 0x00,
        0xFF, 0xFF, 0xFF, 0x00, 0xFF, 0xFF, 0xFF, 0x00, 0xFF, 0xFF, 0xFF, 0x00,
        0xFF, 0xFF, 0xFF, 0x00, 0xFF, 0xFF, 0xFF, 0x00, 0xFF, 0xFF, 0xFF, 0x00,
        0xFF, 0xFF, 0xFF, 0x00, 0xFF, 0xFF, 0xFF, 0x00, 0xFF, 0xFF, 0xFF, 0x00,
        0xFF, 0xFF, 0xFF, 0x00, 0xFF, 0xFF, 0xFF, 0x00, 0xFF, 0xFF, 0xFF, 0x00,
        0xFF, 0xFF, 0xFF, 0x00, 0xFF, 0xFF, 0xFF, 0x00, 0xFF, 0xFF, 0xFF, 0x00,
        0xFF, 0xFF, 0xFF, 0x00, 0xFF, 0xFF, 0xFF, 0x00, 0xFF, 0xFF, 0xFF, 0x00,
        0xFF, 0xFF, 0xFF, 0x00, 0xFF, 0xFF, 0xFF, 0x00, 0xFF, 0xFF, 0xFF, 0x00,
        0xFF, 0xFF, 0xFF, 0x00, 0xFF, 0xFF, 0xFF, 0x00, 0xFF, 0xFF, 0xFF, 0x00,
        0xFF, 0xFF, 0xFF, 0x00, 0xFF, 0xFF, 0xFF, 0x00, 0xFF, 0xFF, 0xFF, 0x00,
        0xFF, 0xFF, 0xFF, 0x00, 0xFF, 0xFF, 0xFF, 0x00, 0xFF, 0xFF, 0xFF, 0x00,
        0xFF, 0xFF, 0xFF, 0x00, 0xFF, 0xFF, 0xFF, 0x00, 0xFF, 0xFF, 0xFF, 0x00,
        0xFF, 0xFF, 0xFF, 0x00, 0xFF, 0xFF, 0xFF, 0x00, 0xFF, 0xFF, 0xFF, 0x00,
        0x49, 0x49, 0x49, 0xFF, 0x4A, 0x4A, 0x4A, 0xFF, 0x52, 0x52, 0x52, 0xFF,
        0x57, 0x57, 0x57, 0xFF, 0x57, 0x57, 0x57, 0xFF, 0x57, 0x57, 0x57, 0xFF,
        0x57, 0x57, 0x57, 0xFF, 0x57, 0x57, 0x57, 0xFF, 0x57, 0x57, 0x57, 0xFF,
        0x57, 0x57, 0x57, 0xFF, 0x57, 0x57, 0x57, 0xFF, 0x52, 0x52, 0x52, 0xFF,
        0x4A, 0x4A, 0x4A, 0xFF, 0x49, 0x49, 0x49, 0xFF, 0xFF, 0xFF, 0xFF, 0x00,
        0xFF, 0xFF, 0xFF, 0x00, 0xFF, 0xFF, 0xFF, 0x00, 0xFF, 0xFF, 0xFF, 0x00,
        0xFF, 0xFF, 0xFF, 0x00, 0xFF, 0xFF, 0xFF, 0x00, 0xFF, 0xFF, 0xFF, 0x00,
        0xFF, 0xFF, 0xFF, 0x00, 0xFF, 0xFF, 0xFF, 0x00, 0xFF, 0xFF, 0xFF, 0x00,
        0xFF, 0xFF, 0xFF, 0x00, 0xFF, 0xFF, 0xFF, 0x00, 0xFF, 0xFF, 0xFF, 0x00,
        0xFF, 0xFF, 0xFF, 0x00, 0xFF, 0xFF, 0xFF, 0x00, 0xFF, 0xFF, 0xFF, 0x00,
        0xFF, 0xFF, 0xFF, 0x00, 0xFF, 0xFF, 0xFF, 0x00, 0xFF, 0xFF, 0xFF, 0x00,
        0xFF, 0xFF, 0xFF, 0x00, 0xFF, 0xFF, 0xFF, 0x00, 0xFF, 0xFF, 0xFF, 0x00,
        0xFF, 0xFF, 0xFF, 0x00, 0xFF, 0xFF, 0xFF, 0x00, 0xFF, 0xFF, 0xFF, 0x00,
        0xFF, 0xFF, 0xFF, 0x00, 0xFF, 0xFF, 0xFF, 0x00, 0xFF, 0xFF, 0xFF, 0x00,
        0xFF, 0xFF, 0xFF, 0x00, 0xFF, 0xFF, 0xFF, 0x00, 0xFF, 0xFF, 0xFF, 0x00,
        0xFF, 0xFF, 0xFF, 0x00, 0xFF, 0xFF, 0xFF, 0x00, 0xFF, 0xFF, 0xFF, 0x00,
        0xFF, 0xFF, 0xFF, 0x00, 0xFF, 0xFF, 0xFF, 0x00, 0xFF, 0xFF, 0xFF, 0x00,
        0xFF, 0xFF, 0xFF, 0x00, 0xFF, 0xFF, 0xFF, 0x00, 0xFF, 0xFF, 0xFF, 0x00,
        0xFF, 0xFF, 0xFF, 0x00, 0xFF, 0xFF, 0xFF, 0x00, 0xFF, 0xFF, 0xFF, 0x00,
        0xFF, 0xFF, 0xFF, 0x00, 0xFF, 0xFF, 0xFF, 0x00, 0xFF, 0xFF, 0xFF, 0x00,
        0xFF, 0xFF, 0xFF, 0x00, 0xFF, 0xFF, 0xFF, 0x00, 0xFF, 0xFF, 0xFF, 0x00,
        0xFF, 0xFF, 0xFF, 0x00, 0x69, 0x69, 0x69, 0xFF, 0x64, 0x64, 0x64, 0xFF,
        0x6B, 0x6B, 0x6B, 0xFF, 0x6D, 0x6D, 0x6D, 0xFF, 0x6B, 0x6B, 0x6B, 0xFF,
        0x69, 0x69, 0x69, 0xFF, 0x68, 0x68, 0x68, 0xFF, 0x68, 0x68, 0x68, 0xFF,
        0x69, 0x69, 0x69, 0xFF, 0x6B, 0x6B, 0x6B, 0xFF, 0x6D, 0x6D, 0x6D, 0xFF,
        0x6B, 0x6B, 0x6B, 0xFF, 0x64, 0x64, 0x64, 0xFF, 0x69, 0x69, 0x69, 0xFF,
        0xFF, 0xFF, 0xFF, 0x00, 0xFF, 0xFF, 0xFF, 0x00, 0xFF, 0xFF, 0xFF, 0x00,
        0xFF, 0xFF, 0xFF, 0x00, 0xFF, 0xFF, 0xFF, 0x00, 0xFF, 0xFF, 0xFF, 0x00,
        0xFF, 0xFF, 0xFF, 0x00, 0xFF, 0xFF, 0xFF, 0x00, 0xFF, 0xFF, 0xFF, 0x00,
        0xFF, 0xFF, 0xFF, 0x00, 0xFF, 0xFF, 0xFF, 0x00, 0xFF, 0xFF, 0xFF, 0x00,
        0xFF, 0xFF, 0xFF, 0x00, 0xFF, 0xFF, 0xFF, 0x00, 0xFF, 0xFF, 0xFF, 0x00,
        0xFF, 0xFF, 0xFF, 0x00, 0xFF, 0xFF, 0xFF, 0x00, 0xFF, 0xFF, 0xFF, 0x00,
        0xFF, 0xFF, 0xFF, 0x00, 0xFF, 0xFF, 0xFF, 0x00, 0xFF, 0xFF, 0xFF, 0x00,
        0xFF, 0xFF, 0xFF, 0x00, 0xFF, 0xFF, 0xFF, 0x00, 0xFF, 0xFF, 0xFF, 0x00,
        0xFF, 0xFF, 0xFF, 0x00, 0xFF, 0xFF, 0xFF, 0x00, 0xFF, 0xFF, 0xFF, 0x00,
        0xFF, 0xFF, 0xFF, 0x00, 0xFF, 0xFF, 0xFF, 0x00, 0xFF, 0xFF, 0xFF, 0x00,
        0xFF, 0xFF, 0xFF, 0x00, 0xFF, 0xFF, 0xFF, 0x00, 0xFF, 0xFF, 0xFF, 0x00,
        0xFF, 0xFF, 0xFF, 0x00, 0xFF, 0xFF, 0xFF, 0x00, 0xFF, 0xFF, 0xFF, 0x00,
        0xFF, 0xFF, 0xFF, 0x00, 0xFF, 0xFF, 0xFF, 0x00, 0xFF, 0xFF, 0xFF, 0x00,
        0xFF, 0xFF, 0xFF, 0x00, 0xFF, 0xFF, 0xFF, 0x00, 0xFF, 0xFF, 0xFF, 0x00,
        0xFF, 0xFF, 0xFF, 0x00, 0xFF, 0xFF, 0xFF, 0x00, 0xFF, 0xFF, 0xFF, 0x00,
        0xFF, 0xFF, 0xFF, 0x00, 0xFF, 0xFF, 0xFF, 0x00, 0xFF, 0xFF, 0xFF, 0x00,
        0xFF, 0xFF, 0xFF, 0x00, 0xFF, 0xFF, 0xFF, 0x00, 0x4A, 0x4A, 0x4A, 0xFF,
        0x4B, 0x4B, 0x4B, 0xFF, 0x53, 0x53, 0x53, 0xFF, 0x58, 0x58, 0x58, 0xFF,
        0x58, 0x58, 0x58, 0xFF, 0x58, 0x58, 0x58, 0xFF, 0x58, 0x58, 0x58, 0xFF,
        0x58, 0x58, 0x58, 0xFF, 0x58, 0x58, 0x58, 0xFF, 0x58, 0x58, 0x58, 0xFF,
        0x58, 0x58, 0x58, 0xFF, 0x53, 0x53, 0x53, 0xFF, 0x4B, 0x4B, 0x4B, 0xFF,
        0x4A, 0x4A, 0x4A, 0xFF, 0xFF, 0xFF, 0xFF, 0x00, 0xFF, 0xFF, 0xFF, 0x00,
        0xFF, 0xFF, 0xFF, 0x00, 0xFF, 0xFF, 0xFF, 0x00, 0xFF, 0xFF, 0xFF, 0x00,
        0xFF, 0xFF, 0xFF, 0x00, 0xFF, 0xFF, 0xFF, 0x00, 0xFF, 0xFF, 0xFF, 0x00,
        0xFF, 0xFF, 0xFF, 0x00, 0xFF, 0xFF, 0xFF, 0x00, 0xFF, 0xFF, 0xFF, 0x00,
        0xFF, 0xFF, 0xFF, 0x00, 0xFF, 0xFF, 0xFF, 0x00, 0xFF, 0xFF, 0xFF, 0x00,
        0xFF, 0xFF, 0xFF, 0x00, 0xFF, 0xFF, 0xFF, 0x00, 0xFF, 0xFF, 0xFF, 0x00,
        0xFF, 0xFF, 0xFF, 0x00, 0xFF, 0xFF, 0xFF, 0x00, 0xFF, 0xFF, 0xFF, 0x00,
        0xFF, 0xFF, 0xFF, 0x00, 0xFF, 0xFF, 0xFF, 0x00, 0xFF, 0xFF, 0xFF, 0x00,
        0xFF, 0xFF, 0xFF, 0x00, 0xFF, 0xFF, 0xFF, 0x00, 0xFF, 0xFF, 0xFF, 0x00,
        0xFF, 0xFF, 0xFF, 0x00, 0xFF, 0xFF, 0xFF, 0x00, 0xFF, 0xFF, 0xFF, 0x00,
        0xFF, 0xFF, 0xFF, 0x00, 0xFF, 0xFF, 0xFF, 0x00, 0xFF, 0xFF, 0xFF, 0x00,
        0xFF, 0xFF, 0xFF, 0x00, 0xFF, 0xFF, 0xFF, 0x00, 0xFF, 0xFF, 0xFF, 0x00,
        0xFF, 0xFF, 0xFF, 0x00, 0xFF, 0xFF, 0xFF, 0x00, 0xFF, 0xFF, 0xFF, 0x00,
        0xFF, 0xFF, 0xFF, 0x00, 0xFF, 0xFF, 0xFF, 0x00, 0xFF, 0xFF, 0xFF, 0x00,
        0xFF, 0xFF, 0xFF, 0x00, 0xFF, 0xFF, 0xFF, 0x00, 0xFF, 0xFF, 0xFF, 0x00,
        0xFF, 0xFF, 0xFF, 0x00, 0xFF, 0xFF, 0xFF, 0x00, 0xFF, 0xFF, 0xFF, 0x00,
        0xFF, 0xFF, 0xFF, 0x00, 0xFF, 0xFF, 0xFF, 0x00, 0xFF, 0xFF, 0xFF, 0x00,
        0x69, 0x69, 0x69, 0xFF, 0x65, 0x65, 0x65, 0xFF, 0x6C, 0x6C, 0x6C, 0xFF,
        0x6E, 0x6E, 0x6E, 0xFF, 0x6C, 0x6C, 0x6C, 0xFF, 0x6A, 0x6A, 0x6A, 0xFF,
        0x69, 0x69, 0x69, 0xFF, 0x69, 0x69, 0x69, 0xFF, 0x6A, 0x6A, 0x6A, 0xFF,
        0x6C, 0x6C, 0x6C, 0xFF, 0x6E, 0x6E, 0x6E, 0xFF, 0x6C, 0x6C, 0x6C, 0xFF,
        0x65, 0x65, 0x65, 0xFF, 0x69, 0x69, 0x69, 0xFF, 0xFF, 0xFF, 0xFF, 0x00,
        0xFF, 0xFF, 0xFF, 0x00, 0xFF, 0xFF, 0xFF, 0x00, 0xFF, 0xFF, 0xFF, 0x00,
        0xFF, 0xFF, 0xFF, 0x00, 0xFF, 0xFF, 0xFF, 0x00, 0xFF, 0xFF, 0xFF, 0x00,
        0xFF, 0xFF, 0xFF, 0x00, 0xFF, 0xFF, 0xFF, 0x00, 0xFF, 0xFF, 0xFF, 0x00,
        0xFF, 0xFF, 0xFF, 0x00, 0xFF, 0xFF, 0xFF, 0x00, 0xFF, 0xFF, 0xFF, 0x00,
        0xFF, 0xFF, 0xFF, 0x00, 0xFF, 0xFF, 0xFF, 0x00, 0xFF, 0xFF, 0xFF, 0x00,
        0xFF, 0xFF, 0xFF, 0x00, 0xFF, 0xFF, 0xFF, 0x00, 0xFF, 0xFF, 0xFF, 0x00,
        0xFF, 0xFF, 0xFF, 0x00, 0xFF, 0xFF, 0xFF, 0x00, 0xFF, 0xFF, 0xFF, 0x00,
        0xFF, 0xFF, 0xFF, 0x00, 0xFF, 0xFF, 0xFF, 0x00, 0xFF, 0xFF, 0xFF, 0x00,
        0xFF, 0xFF, 0xFF, 0x00, 0xFF, 0xFF, 0xFF, 0x00, 0xFF, 0xFF, 0xFF, 0x00,
        0xFF, 0xFF, 0xFF, 0x00, 0xFF, 0xFF, 0xFF, 0x00, 0xFF, 0xFF, 0xFF, 0x00,
        0xFF, 0xFF, 0xFF, 0x00, 0xFF, 0xFF, 0xFF, 0x00, 0xFF, 0xFF, 0xFF, 0x00,
        0xFF, 0xFF, 0xFF, 0x00, 0xFF, 0xFF, 0xFF, 0x00, 0xFF, 0xFF, 0xFF, 0x00,
        0xFF, 0xFF, 0xFF, 0x00, 0xFF, 0xFF, 0xFF, 0x00, 0xFF, 0xFF, 0xFF, 0x00,
        0xFF, 0xFF, 0xFF, 0x00, 0xFF, 0xFF, 0xFF, 0x00, 0xFF, 0xFF, 0xFF, 0x00,
        0xFF, 0xFF, 0xFF, 0x00, 0xFF, 0xFF, 0xFF, 0x00, 0xFF, 0xFF, 0xFF, 0x00,
        0xFF, 0xFF, 0xFF, 0x00, 0xFF, 0xFF, 0xFF, 0x00, 0xFF, 0xFF, 0xFF, 0x00,
        0xFF, 0xFF, 0xFF, 0x00, 0x4B, 0x4B, 0x4B, 0xFF, 0x4B, 0x4B, 0x4B, 0xFF,
        0x54, 0x54, 0x54, 0xFF, 0x59, 0x59, 0x59, 0xFF, 0x59, 0x59, 0x59, 0xFF,
        0x59, 0x59, 0x59, 0xFF, 0x59, 0x59, 0x59, 0xFF, 0x59, 0x59, 0x59, 0xFF,
        0x59, 0x59, 0x59, 0xFF, 0x59, 0x59, 0x59, 0xFF, 0x59, 0x59, 0x59, 0xFF,
        0x54, 0x54, 0x54, 0xFF, 0x4B, 0x4B, 0x4B, 0xFF, 0x4B, 0x4B, 0x4B, 0xFF,
        0xFF, 0xFF, 0xFF, 0x00, 0xFF, 0xFF, 0xFF, 0x00, 0xFF, 0xFF, 0xFF, 0x00,
        0xFF, 0xFF, 0xFF, 0x00, 0xFF, 0xFF, 0xFF, 0x00, 0xFF, 0xFF, 0xFF, 0x00,
        0xFF, 0xFF, 0xFF, 0x00, 0xFF, 0xFF, 0xFF, 0x00, 0xFF, 0xFF, 0xFF, 0x00,
        0xFF, 0xFF, 0xFF, 0x00, 0xFF, 0xFF, 0xFF, 0x00, 0xFF, 0xFF, 0xFF, 0x00,
        0xFF, 0xFF, 0xFF, 0x00, 0xFF, 0xFF, 0xFF, 0x00, 0xFF, 0xFF, 0xFF, 0x00,
        0xFF, 0xFF, 0xFF, 0x00, 0xFF, 0xFF, 0xFF, 0x00, 0xFF, 0xFF, 0xFF, 0x00,
        0xFF, 0xFF, 0xFF, 0x00, 0xFF, 0xFF, 0xFF, 0x00, 0xFF, 0xFF, 0xFF, 0x00,
        0xFF, 0xFF, 0xFF, 0x00, 0xFF, 0xFF, 0xFF, 0x00, 0xFF, 0xFF, 0xFF, 0x00,
        0xFF, 0xFF, 0xFF, 0x00, 0xFF, 0xFF, 0xFF, 0x00, 0xFF, 0xFF, 0xFF, 0x00,
        0xFF, 0xFF, 0xFF, 0x00, 0xFF, 0xFF, 0xFF, 0x00, 0xFF, 0xFF, 0xFF, 0x00,
        0xFF, 0xFF, 0xFF, 0x00, 0xFF, 0xFF, 0xFF, 0x00, 0xFF, 0xFF, 0xFF, 0x00,
        0xFF, 0xFF, 0xFF, 0x00, 0xFF, 0xFF, 0xFF, 0x00, 0xFF, 0xFF, 0xFF, 0x00,
        0xFF, 0xFF, 0xFF, 0x00, 0xFF, 0xFF, 0xFF, 0x00, 0xFF, 0xFF, 0xFF, 0x00,
        0xFF, 0xFF, 0xFF, 0x00, 0xFF, 0xFF, 0xFF, 0x00, 0xFF, 0xFF, 0xFF, 0x00,
        0xFF, 0xFF, 0xFF, 0x00, 0xFF, 0xFF, 0xFF, 0x00, 0xFF, 0xFF, 0xFF, 0x00,
        0xFF, 0xFF, 0xFF, 0x00, 0xFF, 0xFF, 0xFF, 0x00, 0xFF, 0xFF, 0xFF, 0x00,
        0xFF, 0xFF, 0xFF, 0x00, 0xFF, 0xFF, 0xFF, 0x00, 0x69, 0x69, 0x69, 0xFF,
        0x66, 0x66, 0x66, 0xFF, 0x6D, 0x6D, 0x6D, 0xFF, 0x6F, 0x6F, 0x6F, 0xFF,
        0x6D, 0x6D, 0x6D, 0xFF, 0x6B, 0x6B, 0x6B, 0xFF, 0x6A, 0x6A, 0x6A, 0xFF,
        0x6A, 0x6A, 0x6A, 0xFF, 0x6B, 0x6B, 0x6B, 0xFF, 0x6D, 0x6D, 0x6D, 0xFF,
        0x6F, 0x6F, 0x6F, 0xFF, 0x6D, 0x6D, 0x6D, 0xFF, 0x66, 0x66, 0x66, 0xFF,
        0x69, 0x69, 0x69, 0xFF, 0xFF, 0xFF, 0xFF, 0x00, 0xFF, 0xFF, 0xFF, 0x00,
        0xFF, 0xFF, 0xFF, 0x00, 0xFF, 0xFF, 0xFF, 0x00, 0xFF, 0xFF, 0xFF, 0x00,
        0xFF, 0xFF, 0xFF, 0x00, 0xFF, 0xFF, 0xFF, 0x00, 0xFF, 0xFF, 0xFF, 0x00,
        0xFF, 0xFF, 0xFF, 0x00, 0xFF, 0xFF, 0xFF, 0x00, 0xFF, 0xFF, 0xFF, 0x00,
        0xFF, 0xFF, 0xFF, 0x00, 0xFF, 0xFF, 0xFF, 0x00, 0xFF, 0xFF, 0xFF, 0x00,
        0xFF, 0xFF, 0xFF, 0x00, 0xFF, 0xFF, 0xFF, 0x00, 0xFF, 0xFF, 0xFF, 0x00,
        0xFF, 0xFF, 0xFF, 0x00, 0xFF, 0xFF, 0xFF, 0x00, 0xFF, 0xFF, 0xFF, 0x00,
        0xFF, 0xFF, 0xFF, 0x00, 0xFF, 0xFF, 0xFF, 0x00, 0xFF, 0xFF, 0xFF, 0x00,
        0xFF, 0xFF, 0xFF, 0x00, 0xFF, 0xFF, 0xFF, 0x00, 0xFF, 0xFF, 0xFF, 0x00,
        0xFF, 0xFF, 0xFF, 0x00, 0xFF, 0xFF, 0xFF, 0x00, 0xFF, 0xFF, 0xFF, 0x00,
        0xFF, 0xFF, 0xFF, 0x00, 0xFF, 0xFF, 0xFF, 0x00, 0xFF, 0xFF, 0xFF, 0x00,
        0xFF, 0xFF, 0xFF, 0x00, 0xFF, 0xFF, 0xFF, 0x00, 0xFF, 0xFF, 0xFF, 0x00,
        0xFF, 0xFF, 0xFF, 0x00, 0xFF, 0xFF, 0xFF, 0x00, 0xFF, 0xFF, 0xFF, 0x00,
        0xFF, 0xFF, 0xFF, 0x00, 0xFF, 0xFF, 0xFF, 0x00, 0xFF, 0xFF, 0xFF, 0x00,
        0xFF, 0xFF, 0xFF, 0x00, 0xFF, 0xFF, 0xFF, 0x00, 0xFF, 0xFF, 0xFF, 0x00,
        0xFF, 0xFF, 0xFF, 0x00, 0xFF, 0xFF, 0xFF, 0x00, 0xFF, 0xFF, 0xFF, 0x00,
        0xFF, 0xFF, 0xFF, 0x00, 0xFF, 0xFF, 0xFF, 0x00, 0xFF, 0xFF, 0xFF, 0x00,
        0x4B, 0x4B, 0x4B, 0xFF, 0x4B, 0x4B, 0x4B, 0xFF, 0x54, 0x54, 0x54, 0xFF,
        0x59, 0x59, 0x59, 0xFF, 0x59, 0x59, 0x59, 0xFF, 0x59, 0x59, 0x59, 0xFF,
        0x59, 0x59, 0x59, 0xFF, 0x59, 0x59, 0x59, 0xFF, 0x59, 0x59, 0x59, 0xFF,
        0x59, 0x59, 0x59, 0xFF, 0x59, 0x59, 0x59, 0xFF, 0x54, 0x54, 0x54, 0xFF,
        0x4B, 0x4B, 0x4B, 0xFF, 0x4B, 0x4B, 0x4B, 0xFF, 0xFF, 0xFF, 0xFF, 0x00,
        0xFF, 0xFF, 0xFF, 0x00, 0xFF, 0xFF, 0xFF, 0x00, 0xFF, 0xFF, 0xFF, 0x00,
        0xFF, 0xFF, 0xFF, 0x00, 0xFF, 0xFF, 0xFF, 0x00, 0xFF, 0xFF, 0xFF, 0x00,
        0xFF, 0xFF, 0xFF, 0x00, 0xFF, 0xFF, 0xFF, 0x00, 0xFF, 0xFF, 0xFF, 0x00,
        0xFF, 0xFF, 0xFF, 0x00, 0xFF, 0xFF, 0xFF, 0x00, 0xFF, 0xFF, 0xFF, 0x00,
        0xFF, 0xFF, 0xFF, 0x00, 0xFF, 0xFF, 0xFF, 0x00, 0xFF, 0xFF, 0xFF, 0x00,
        0xFF, 0xFF, 0xFF, 0x00, 0xFF, 0xFF, 0xFF, 0x00, 0xFF, 0xFF, 0xFF, 0x00,
        0xFF, 0xFF, 0xFF, 0x00, 0xFF, 0xFF, 0xFF, 0x00, 0xFF, 0xFF, 0xFF, 0x00,
        0xFF, 0xFF, 0xFF, 0x00, 0xFF, 0xFF, 0xFF, 0x00, 0xFF, 0xFF, 0xFF, 0x00,
        0xFF, 0xFF, 0xFF, 0x00, 0xFF, 0xFF, 0xFF, 0x00, 0xFF, 0xFF, 0xFF, 0x00,
        0xFF, 0xFF, 0xFF, 0x00, 0xFF, 0xFF, 0xFF, 0x00, 0xFF, 0xFF, 0xFF, 0x00,
        0xFF, 0xFF, 0xFF, 0x00, 0xFF, 0xFF, 0xFF, 0x00, 0xFF, 0xFF, 0xFF, 0x00,
        0xFF, 0xFF, 0xFF, 0x00, 0xFF, 0xFF, 0xFF, 0x00, 0xFF, 0xFF, 0xFF, 0x00,
        0xFF, 0xFF, 0xFF, 0x00, 0xFF, 0xFF, 0xFF, 0x00, 0xFF, 0xFF, 0xFF, 0x00,
        0xFF, 0xFF, 0xFF, 0x00, 0xFF, 0xFF, 0xFF, 0x00, 0xFF, 0xFF, 0xFF, 0x00,
        0xFF, 0xFF, 0xFF, 0x00, 0xFF, 0xFF, 0xFF, 0x00, 0xFF, 0xFF, 0xFF, 0x00,
        0xFF, 0xFF, 0xFF, 0x00, 0xFF, 0xFF, 0xFF, 0x00, 0xFF, 0xFF, 0xFF, 0x00,
        0xFF, 0xFF, 0xFF, 0x00, 0x69, 0x69, 0x69, 0xFF, 0x66, 0x66, 0x66, 0xFF,
        0x6D, 0x6D, 0x6D, 0xFF, 0x6F, 0x6F, 0x6F, 0xFF, 0x6D, 0x6D, 0x6D, 0xFF,
        0x6B, 0x6B, 0x6B, 0xFF, 0x6A, 0x6A, 0x6A, 0xFF, 0x6A, 0x6A, 0x6A, 0xFF,
        0x6B, 0x6B, 0x6B, 0xFF, 0x6D, 0x6D, 0x6D, 0xFF, 0x6F, 0x6F, 0x6F, 0xFF,
        0x6D, 0x6D, 0x6D, 0xFF, 0x66, 0x66, 0x66, 0xFF, 0x69, 0x69, 0x69, 0xFF,
        0xFF, 0xFF, 0xFF, 0x00, 0xFF, 0xFF, 0xFF, 0x00, 0xFF, 0xFF, 0xFF, 0x00,
        0xFF, 0xFF, 0xFF, 0x00, 0xFF, 0xFF, 0xFF, 0x00, 0xFF, 0xFF, 0xFF, 0x00,
        0xFF, 0xFF, 0xFF, 0x00, 0xFF, 0xFF, 0xFF, 0x00, 0xFF, 0xFF, 0xFF, 0x00,
        0xFF, 0xFF, 0xFF, 0x00, 0xFF, 0xFF, 0xFF, 0x00, 0xFF, 0xFF, 0xFF, 0x00,
        0xFF, 0xFF, 0xFF, 0x00, 0xFF, 0xFF, 0xFF, 0x00, 0xFF, 0xFF, 0xFF, 0x00,
        0xFF, 0xFF, 0xFF, 0x00, 0xFF, 0xFF, 0xFF, 0x00, 0xFF, 0xFF, 0xFF, 0x00,
        0xFF, 0xFF, 0xFF, 0x00, 0xFF, 0xFF, 0xFF, 0x00, 0xFF, 0xFF, 0xFF, 0x00,
        0xFF, 0xFF, 0xFF, 0x00, 0xFF, 0xFF, 0xFF, 0x00, 0xFF, 0xFF, 0xFF, 0x00,
        0xFF, 0xFF, 0xFF, 0x00, 0xFF, 0xFF, 0xFF, 0x00, 0xFF, 0xFF, 0xFF, 0x00,
        0xFF, 0xFF, 0xFF, 0x00, 0xFF, 0xFF, 0xFF, 0x00, 0xFF, 0xFF, 0xFF, 0x00,
        0xFF, 0xFF, 0xFF, 0x00, 0xFF, 0xFF, 0xFF, 0x00, 0xFF, 0xFF, 0xFF, 0x00,
        0xFF, 0xFF, 0xFF, 0x00, 0xFF, 0xFF, 0xFF, 0x00, 0xFF, 0xFF, 0xFF, 0x00,
        0xFF, 0xFF, 0xFF, 0x00, 0xFF, 0xFF, 0xFF, 0x00, 0xFF, 0xFF, 0xFF, 0x00,
        0xFF, 0xFF, 0xFF, 0x00, 0xFF, 0xFF, 0xFF, 0x00, 0xFF, 0xFF, 0xFF, 0x00,
        0xFF, 0xFF, 0xFF, 0x00, 0xFF, 0xFF, 0xFF, 0x00, 0xFF, 0xFF, 0xFF, 0x00,
        0xFF, 0xFF, 0xFF, 0x00, 0xFF, 0xFF, 0xFF, 0x00, 0xFF, 0xFF, 0xFF, 0x00,
        0xFF, 0xFF, 0xFF, 0x00, 0xFF, 0xFF, 0xFF, 0x00, 0x4C, 0x4C, 0x4C, 0xFF,
        0x4C, 0x4C, 0x4C, 0xFF, 0x55, 0x55, 0x55, 0xFF, 0x5A, 0x5A, 0x5A, 0xFF,
        0x5A, 0x5A, 0x5A, 0xFF, 0x5A, 0x5A, 0x5A, 0xFF, 0x5A, 0x5A, 0x5A, 0xFF,
        0x5A, 0x5A, 0x5A, 0xFF, 0x5A, 0x5A, 0x5A, 0xFF, 0x5A, 0x5A, 0x5A, 0xFF,
        0x5A, 0x5A, 0x5A, 0xFF, 0x55, 0x55, 0x55, 0xFF, 0x4C, 0x4C, 0x4C, 0xFF,
        0x4C, 0x4C, 0x4C, 0xFF, 0xFF, 0xFF, 0xFF, 0x00, 0xFF, 0xFF, 0xFF, 0x00,
        0xFF, 0xFF, 0xFF, 0x00, 0xFF, 0xFF, 0xFF, 0x00, 0xFF, 0xFF, 0xFF, 0x00,
        0xFF, 0xFF, 0xFF, 0x00, 0xFF, 0xFF, 0xFF, 0x00, 0xFF, 0xFF, 0xFF, 0x00,
        0xFF, 0xFF, 0xFF, 0x00, 0xFF, 0xFF, 0xFF, 0x00, 0xFF, 0xFF, 0xFF, 0x00,
        0xFF, 0xFF, 0xFF, 0x00, 0xFF, 0xFF, 0xFF, 0x00, 0xFF, 0xFF, 0xFF, 0x00,
        0xFF, 0xFF, 0xFF, 0x00, 0xFF, 0xFF, 0xFF, 0x00, 0xFF, 0xFF, 0xFF, 0x00,
        0xFF, 0xFF, 0xFF, 0x00, 0xFF, 0xFF, 0xFF, 0x00, 0xFF, 0xFF, 0xFF, 0x00,
        0xFF, 0xFF, 0xFF, 0x00, 0xFF, 0xFF, 0xFF, 0x00, 0xFF, 0xFF, 0xFF, 0x00,
        0xFF, 0xFF, 0xFF, 0x00, 0xFF, 0xFF, 0xFF, 0x00, 0xFF, 0xFF, 0xFF, 0x00,
        0xFF, 0xFF, 0xFF, 0x00, 0xFF, 0xFF, 0xFF, 0x00, 0xFF, 0xFF, 0xFF, 0x00,
        0xFF, 0xFF, 0xFF, 0x00, 0xFF, 0xFF, 0xFF, 0x00, 0xFF, 0xFF, 0xFF, 0x00,
        0xFF, 0xFF, 0xFF, 0x00, 0xFF, 0xFF, 0xFF, 0x00, 0xFF, 0xFF, 0xFF, 0x00,
        0xFF, 0xFF, 0xFF, 0x00, 0xFF, 0xFF, 0xFF, 0x00, 0xFF, 0xFF, 0xFF, 0x00,
        0xFF, 0xFF, 0xFF, 0x00, 0xFF, 0xFF, 0xFF, 0x00, 0xFF, 0xFF, 0xFF, 0x00,
        0xFF, 0xFF, 0xFF, 0x00, 0xFF, 0xFF, 0xFF, 0x00, 0xFF, 0xFF, 0xFF, 0x00,
        0xFF, 0xFF, 0xFF, 0x00, 0xFF, 0xFF, 0xFF, 0x00, 0xFF, 0xFF, 0xFF, 0x00,
        0xFF, 0xFF, 0xFF, 0x00, 0xFF, 0xFF, 0xFF, 0x00, 0xFF, 0xFF, 0xFF, 0x00,
        0x6A, 0x6A, 0x6A, 0xFF, 0x66, 0x66, 0x66, 0xFF, 0x6E, 0x6E, 0x6E, 0xFF,
        0x70, 0x70, 0x70, 0xFF, 0x6D, 0x6D, 0x6D, 0xFF, 0x6B, 0x6B, 0x6B, 0xFF,
        0x6B, 0x6B, 0x6B, 0xFF, 0x6B, 0x6B, 0x6B, 0xFF, 0x6B, 0x6B, 0x6B, 0xFF,
        0x6D, 0x6D, 0x6D, 0xFF, 0x70, 0x70, 0x70, 0xFF, 0x6E, 0x6E, 0x6E, 0xFF,
        0x66, 0x66, 0x66, 0xFF, 0x6A, 0x6A, 0x6A, 0xFF, 0xFF, 0xFF, 0xFF, 0x00,
        0xFF, 0xFF, 0xFF, 0x00, 0xFF, 0xFF, 0xFF, 0x00, 0xFF, 0xFF, 0xFF, 0x00,
        0xFF, 0xFF, 0xFF, 0x00, 0xFF, 0xFF, 0xFF, 0x00, 0xFF, 0xFF, 0xFF, 0x00,
        0xFF, 0xFF, 0xFF, 0x00, 0xFF, 0xFF, 0xFF, 0x00, 0xFF, 0xFF, 0xFF, 0x00,
        0xFF, 0xFF, 0xFF, 0x00, 0xFF, 0xFF, 0xFF, 0x00, 0xFF, 0xFF, 0xFF, 0x00,
        0xFF, 0xFF, 0xFF, 0x00, 0xFF, 0xFF, 0xFF, 0x00, 0xFF, 0xFF, 0xFF, 0x00,
        0xFF, 0xFF, 0xFF, 0x00, 0xFF, 0xFF, 0xFF, 0x00, 0xFF, 0xFF, 0xFF, 0x00,
        0xFF, 0xFF, 0xFF, 0x00, 0xFF, 0xFF, 0xFF, 0x00, 0xFF, 0xFF, 0xFF, 0x00,
        0xFF, 0xFF, 0xFF, 0x00, 0xFF, 0xFF, 0xFF, 0x00, 0xFF, 0xFF, 0xFF, 0x00,
        0xFF, 0xFF, 0xFF, 0x00, 0xFF, 0xFF, 0xFF, 0x00, 0xFF, 0xFF, 0xFF, 0x00,
        0xFF, 0xFF, 0xFF, 0x00, 0xFF, 0xFF, 0xFF, 0x00, 0xFF, 0xFF, 0xFF, 0x00,
        0xFF, 0xFF, 0xFF, 0x00, 0xFF, 0xFF, 0xFF, 0x00, 0xFF, 0xFF, 0xFF, 0x00,
        0xFF, 0xFF, 0xFF, 0x00, 0xFF, 0xFF, 0xFF, 0x00, 0xFF, 0xFF, 0xFF, 0x00,
        0xFF, 0xFF, 0xFF, 0x00, 0xFF, 0xFF, 0xFF, 0x00, 0xFF, 0xFF, 0xFF, 0x00,
        0xFF, 0xFF, 0xFF, 0x00, 0xFF, 0xFF, 0xFF, 0x00, 0xFF, 0xFF, 0xFF, 0x00,
        0xFF, 0xFF, 0xFF, 0x00, 0xFF, 0xFF, 0xFF, 0x00, 0xFF, 0xFF, 0xFF, 0x00,
        0xFF, 0xFF, 0xFF, 0x00, 0xFF, 0xFF, 0xFF, 0x00, 0xFF, 0xFF, 0xFF, 0x00,
        0xFF, 0xFF, 0xFF, 0x00, 0x4C, 0x4C, 0x4C, 0xFF, 0x4C, 0x4C, 0x4C, 0xFF,
        0x55, 0x55, 0x55, 0xFF, 0x5A, 0x5A, 0x5A, 0xFF, 0x5A, 0x5A, 0x5A, 0xFF,
        0x5A, 0x5A, 0x5A, 0xFF, 0x5A, 0x5A, 0x5A, 0xFF, 0x5A, 0x5A, 0x5A, 0xFF,
        0x5A, 0x5A, 0x5A, 0xFF, 0x5A, 0x5A, 0x5A, 0xFF, 0x5A, 0x5A, 0x5A, 0xFF,
        0x55, 0x55, 0x55, 0xFF, 0x4C, 0x4C, 0x4C, 0xFF, 0x4C, 0x4C, 0x4C, 0xFF,
        0xFF, 0xFF, 0xFF, 0x00, 0xFF, 0xFF, 0xFF, 0x00, 0xFF, 0xFF, 0xFF, 0x00,
        0xFF, 0xFF, 0xFF, 0x00, 0xFF, 0xFF, 0xFF, 0x00, 0xFF, 0xFF, 0xFF, 0x00,
        0xFF, 0xFF, 0xFF, 0x00, 0xFF, 0xFF, 0xFF, 0x00, 0xFF, 0xFF, 0xFF, 0x00,
        0xFF, 0xFF, 0xFF, 0x00, 0xFF, 0xFF, 0xFF, 0x00, 0xFF, 0xFF, 0xFF, 0x00,
        0xFF, 0xFF, 0xFF, 0x00, 0xFF, 0xFF, 0xFF, 0x00, 0xFF, 0xFF, 0xFF, 0x00,
        0xFF, 0xFF, 0xFF, 0x00, 0xFF, 0xFF, 0xFF, 0x00, 0xFF, 0xFF, 0xFF, 0x00,
        0xFF, 0xFF, 0xFF, 0x00, 0xFF, 0xFF, 0xFF, 0x00, 0xFF, 0xFF, 0xFF, 0x00,
        0xFF, 0xFF, 0xFF, 0x00, 0xFF, 0xFF, 0xFF, 0x00, 0xFF, 0xFF, 0xFF, 0x00,
        0xFF, 0xFF, 0xFF, 0x00, 0xFF, 0xFF, 0xFF, 0x00, 0xFF, 0xFF, 0xFF, 0x00,
        0xFF, 0xFF, 0xFF, 0x00, 0xFF, 0xFF, 0xFF, 0x00, 0xFF, 0xFF, 0xFF, 0x00,
        0xFF, 0xFF, 0xFF, 0x00, 0xFF, 0xFF, 0xFF, 0x00, 0xFF, 0xFF, 0xFF, 0x00,
        0xFF, 0xFF, 0xFF, 0x00, 0xFF, 0xFF, 0xFF, 0x00, 0xFF, 0xFF, 0xFF, 0x00,
        0xFF, 0xFF, 0xFF, 0x00, 0xFF, 0xFF, 0xFF, 0x00, 0xFF, 0xFF, 0xFF, 0x00,
        0xFF, 0xFF, 0xFF, 0x00, 0xFF, 0xFF, 0xFF, 0x00, 0xFF, 0xFF, 0xFF, 0x00,
        0xFF, 0xFF, 0xFF, 0x00, 0xFF, 0xFF, 0xFF, 0x00, 0xFF, 0xFF, 0xFF, 0x00,
        0xFF, 0xFF, 0xFF, 0x00, 0xFF, 0xFF, 0xFF, 0x00, 0xFF, 0xFF, 0xFF, 0x00,
        0xFF, 0xFF, 0xFF, 0x00, 0xFF, 0xFF, 0xFF, 0x00, 0x6A, 0x6A, 0x6A, 0xFF,
        0x66, 0x66, 0x66, 0xFF, 0x6E, 0x6E, 0x6E, 0xFF, 0x70, 0x70, 0x70, 0xFF,
        0x6D, 0x6D, 0x6D, 0xFF, 0x6B, 0x6B, 0x6B, 0xFF, 0x6B, 0x6B, 0x6B, 0xFF,
        0x6B, 0x6B, 0x6B, 0xFF, 0x6B, 0x6B, 0x6B, 0xFF, 0x6D, 0x6D, 0x6D, 0xFF,
        0x70, 0x70, 0x70, 0xFF, 0x6E, 0x6E, 0x6E, 0xFF, 0x66, 0x66, 0x66, 0xFF,
        0x6A, 0x6A, 0x6A, 0xFF, 0xFF, 0xFF, 0xFF, 0x00, 0xFF, 0xFF, 0xFF, 0x00,
        0xFF, 0xFF, 0xFF, 0x00, 0xFF, 0xFF, 0xFF, 0x00, 0xFF, 0xFF, 0xFF, 0x00,
        0xFF, 0xFF, 0xFF, 0x00, 0xFF, 0xFF, 0xFF, 0x00, 0xFF, 0xFF, 0xFF, 0x00,
        0xFF, 0xFF, 0xFF, 0x00, 0xFF, 0xFF, 0xFF, 0x00, 0xFF, 0xFF, 0xFF, 0x00,
        0xFF, 0xFF, 0xFF, 0x00, 0xFF, 0xFF, 0xFF, 0x00, 0xFF, 0xFF, 0xFF, 0x00,
        0xFF, 0xFF, 0xFF, 0x00, 0xFF, 0xFF, 0xFF, 0x00, 0xFF, 0xFF, 0xFF, 0x00,
        0xFF, 0xFF, 0xFF, 0x00, 0xFF, 0xFF, 0xFF, 0x00, 0xFF, 0xFF, 0xFF, 0x00,
        0xFF, 0xFF, 0xFF, 0x00, 0xFF, 0xFF, 0xFF, 0x00, 0xFF, 0xFF, 0xFF, 0x00,
        0xFF, 0xFF, 0xFF, 0x00, 0xFF, 0xFF, 0xFF, 0x00, 0xFF, 0xFF, 0xFF, 0x00,
        0xFF, 0xFF, 0xFF, 0x00, 0xFF, 0xFF, 0xFF, 0x00, 0xFF, 0xFF, 0xFF, 0x00,
        0xFF, 0xFF, 0xFF, 0x00, 0xFF, 0xFF, 0xFF, 0x00, 0xFF, 0xFF, 0xFF, 0x00,
        0xFF, 0xFF, 0xFF, 0x00, 0xFF, 0xFF, 0xFF, 0x00, 0xFF, 0xFF, 0xFF, 0x00,
        0xFF, 0xFF, 0xFF, 0x00, 0xFF, 0xFF, 0xFF, 0x00, 0xFF, 0xFF, 0xFF, 0x00,
        0xFF, 0xFF, 0xFF, 0x00, 0xFF, 0xFF, 0xFF, 0x00, 0xFF, 0xFF, 0xFF, 0x00,
        0xFF, 0xFF, 0xFF, 0x00, 0xFF, 0xFF, 0xFF, 0x00, 0xFF, 0xFF, 0xFF, 0x00,
        0xFF, 0xFF, 0xFF, 0x00, 0xFF, 0xFF, 0xFF, 0x00, 0xFF, 0xFF, 0xFF, 0x00,
        0xFF, 0xFF, 0xFF, 0x00, 0xFF, 0xFF, 0xFF, 0x00, 0xFF, 0xFF, 0xFF, 0x00,
        0x4D, 0x4D, 0x4D, 0xFF, 0x4D, 0x4D, 0x4D, 0xFF, 0x56, 0x56, 0x56, 0xFF,
        0x5B, 0x5B, 0x5B, 0xFF, 0x5B, 0x5B, 0x5B, 0xFF, 0x5B, 0x5B, 0x5B, 0xFF,
        0x5B, 0x5B, 0x5B, 0xFF, 0x5B, 0x5B, 0x5B, 0xFF, 0x5B, 0x5B, 0x5B, 0xFF,
        0x5B, 0x5B, 0x5B, 0xFF, 0x5B, 0x5B, 0x5B, 0xFF, 0x56, 0x56, 0x56, 0xFF,
        0x4D, 0x4D, 0x4D, 0xFF, 0x4D, 0x4D, 0x4D, 0xFF, 0xFF, 0xFF, 0xFF, 0x00,
        0xFF, 0xFF, 0xFF, 0x00, 0xFF, 0xFF, 0xFF, 0x00, 0xFF, 0xFF, 0xFF, 0x00,
        0xFF, 0xFF, 0xFF, 0x00, 0xFF, 0xFF, 0xFF, 0x00, 0xFF, 0xFF, 0xFF, 0x00,
        0xFF, 0xFF, 0xFF, 0x00, 0xFF, 0xFF, 0xFF, 0x00, 0xFF, 0xFF, 0xFF, 0x00,
        0xFF, 0xFF, 0xFF, 0x00, 0xFF, 0xFF, 0xFF, 0x00, 0xFF, 0xFF, 0xFF, 0x00,
        0xFF, 0xFF, 0xFF, 0x00, 0xFF, 0xFF, 0xFF, 0x00, 0xFF, 0xFF, 0xFF, 0x00,
        0xFF, 0xFF, 0xFF, 0x00, 0xFF, 0xFF, 0xFF, 0x00, 0xFF, 0xFF, 0xFF, 0x00,
        0xFF, 0xFF, 0xFF, 0x00, 0xFF, 0xFF, 0xFF, 0x00, 0xFF, 0xFF, 0xFF, 0x00,
        0xFF, 0xFF, 0xFF, 0x00, 0xFF, 0xFF, 0xFF, 0x00, 0xFF, 0xFF, 0xFF, 0x00,
        0xFF, 0xFF, 0xFF, 0x00, 0xFF, 0xFF, 0xFF, 0x00, 0xFF, 0xFF, 0xFF, 0x00,
        0xFF, 0xFF, 0xFF, 0x00, 0xFF, 0xFF, 0xFF, 0x00, 0xFF, 0xFF, 0xFF, 0x00,
        0xFF, 0xFF, 0xFF, 0x00, 0xFF, 0xFF, 0xFF, 0x00, 0xFF, 0xFF, 0xFF, 0x00,
        0xFF, 0xFF, 0xFF, 0x00, 0xFF, 0xFF, 0xFF, 0x00, 0xFF, 0xFF, 0xFF, 0x00,
        0xFF, 0xFF, 0xFF, 0x00, 0xFF, 0xFF, 0xFF, 0x00, 0xFF, 0xFF, 0xFF, 0x00,
        0xFF, 0xFF, 0xFF, 0x00, 0xFF, 0xFF, 0xFF, 0x00, 0xFF, 0xFF, 0xFF, 0x00,
        0xFF, 0xFF, 0xFF, 0x00, 0xFF, 0xFF, 0xFF, 0x00, 0xFF, 0xFF, 0xFF, 0x00,
        0xFF, 0xFF, 0xFF, 0x00, 0xFF, 0xFF, 0xFF, 0x00, 0xFF, 0xFF, 0xFF, 0x00,
        0xFF, 0xFF, 0xFF, 0x00, 0x6B, 0x6B, 0x6B, 0xFF, 0x66, 0x66, 0x66, 0xFF,
        0x6F, 0x6F, 0x6F, 0xFF, 0x71, 0x71, 0x71, 0xFF, 0x6E, 0x6E, 0x6E, 0xFF,
        0x6C, 0x6C, 0x6C, 0xFF, 0x6C, 0x6C, 0x6C, 0xFF, 0x6C, 0x6C, 0x6C, 0xFF,
        0x6C, 0x6C, 0x6C, 0xFF, 0x6E, 0x6E, 0x6E, 0xFF, 0x71, 0x71, 0x71, 0xFF,
        0x6F, 0x6F, 0x6F, 0xFF, 0x66, 0x66, 0x66, 0xFF, 0x6B, 0x6B, 0x6B, 0xFF,
        0xFF, 0xFF, 0xFF, 0x00, 0xFF, 0xFF, 0xFF, 0x00, 0xFF, 0xFF, 0xFF, 0x00,
        0xFF, 0xFF, 0xFF, 0x00, 0xFF, 0xFF, 0xFF, 0x00, 0xFF, 0xFF, 0xFF, 0x00,
        0xFF, 0xFF, 0xFF, 0x00, 0xFF, 0xFF, 0xFF, 0x00, 0xFF, 0xFF, 0xFF, 0x00,
        0xFF, 0xFF, 0xFF, 0x00, 0xFF, 0xFF, 0xFF, 0x00, 0xFF, 0xFF, 0xFF, 0x00,
        0xFF, 0xFF, 0xFF, 0x00, 0xFF, 0xFF, 0xFF, 0x00, 0xFF, 0xFF, 0xFF, 0x00,
        0xFF, 0xFF, 0xFF, 0x00, 0xFF, 0xFF, 0xFF, 0x00, 0xFF, 0xFF, 0xFF, 0x00,
        0xFF, 0xFF, 0xFF, 0x00, 0xFF, 0xFF, 0xFF, 0x00, 0xFF, 0xFF, 0xFF, 0x00,
        0xFF, 0xFF, 0xFF, 0x00, 0xFF, 0xFF, 0xFF, 0x00, 0xFF, 0xFF, 0xFF, 0x00,
        0xFF, 0xFF, 0xFF, 0x00, 0xFF, 0xFF, 0xFF, 0x00, 0xFF, 0xFF, 0xFF, 0x00,
        0xFF, 0xFF, 0xFF, 0x00, 0xFF, 0xFF, 0xFF, 0x00, 0xFF, 0xFF, 0xFF, 0x00,
        0xFF, 0xFF, 0xFF, 0x00, 0xFF, 0xFF, 0xFF, 0x00, 0xFF, 0xFF, 0xFF, 0x00,
        0xFF, 0xFF, 0xFF, 0x00, 0xFF, 0xFF, 0xFF, 0x00, 0xFF, 0xFF, 0xFF, 0x00,
        0xFF, 0xFF, 0xFF, 0x00, 0xFF, 0xFF, 0xFF, 0x00, 0xFF, 0xFF, 0xFF, 0x00,
        0xFF, 0xFF, 0xFF, 0x00, 0xFF, 0xFF, 0xFF, 0x00, 0xFF, 0xFF, 0xFF, 0x00,
        0xFF, 0xFF, 0xFF, 0x00, 0xFF, 0xFF, 0xFF, 0x00, 0xFF, 0xFF, 0xFF, 0x00,
        0xFF, 0xFF, 0xFF, 0x00, 0xFF, 0xFF, 0xFF, 0x00, 0xFF, 0xFF, 0xFF, 0x00,
        0xFF, 0xFF, 0xFF, 0x00, 0xFF, 0xFF, 0xFF, 0x00, 0x4D, 0x4D, 0x4D, 0xFF,
        0x4D, 0x4D, 0x4D, 0xFF, 0x56, 0x56, 0x56, 0xFF, 0x5B, 0x5B, 0x5B, 0xFF,
        0x5B, 0x5B, 0x5B, 0xFF, 0x5B, 0x5B, 0x5B, 0xFF, 0x5B, 0x5B, 0x5B, 0xFF,
        0x5B, 0x5B, 0x5B, 0xFF, 0x5B, 0x5B, 0x5B, 0xFF, 0x5B, 0x5B, 0x5B, 0xFF,
        0x5B, 0x5B, 0x5B, 0xFF, 0x56, 0x56, 0x56, 0xFF, 0x4D, 0x4D, 0x4D, 0xFF,
        0x4D, 0x4D, 0x4D, 0xFF, 0xFF, 0xFF, 0xFF, 0x00, 0xFF, 0xFF, 0xFF, 0x00,
        0xFF, 0xFF, 0xFF, 0x00, 0xFF, 0xFF, 0xFF, 0x00, 0xFF, 0xFF, 0xFF, 0x00,
        0xFF, 0xFF, 0xFF, 0x00, 0xFF, 0xFF, 0xFF, 0x00, 0xFF, 0xFF, 0xFF, 0x00,
        0xFF, 0xFF, 0xFF, 0x00, 0xFF, 0xFF, 0xFF, 0x00, 0xFF, 0xFF, 0xFF, 0x00,
        0xFF, 0xFF, 0xFF, 0x00, 0xFF, 0xFF, 0xFF, 0x00, 0xFF, 0xFF, 0xFF, 0x00,
        0xFF, 0xFF, 0xFF, 0x00, 0xFF, 0xFF, 0xFF, 0x00, 0xFF, 0xFF, 0xFF, 0x00,
        0xFF, 0xFF, 0xFF, 0x00, 0xFF, 0xFF, 0xFF, 0x00, 0xFF, 0xFF, 0xFF, 0x00,
        0xFF, 0xFF, 0xFF, 0x00, 0xFF, 0xFF, 0xFF, 0x00, 0xFF, 0xFF, 0xFF, 0x00,
        0xFF, 0xFF, 0xFF, 0x00, 0xFF, 0xFF, 0xFF, 0x00, 0xFF, 0xFF, 0xFF, 0x00,
        0xFF, 0xFF, 0xFF, 0x00, 0xFF, 0xFF, 0xFF, 0x00, 0xFF, 0xFF, 0xFF, 0x00,
        0xFF, 0xFF, 0xFF, 0x00, 0xFF, 0xFF, 0xFF, 0x00, 0xFF, 0xFF, 0xFF, 0x00,
        0xFF, 0xFF, 0xFF, 0x00, 0xFF, 0xFF, 0xFF, 0x00, 0xFF, 0xFF, 0xFF, 0x00,
        0xFF, 0xFF, 0xFF, 0x00, 0xFF, 0xFF, 0xFF, 0x00, 0xFF, 0xFF, 0xFF, 0x00,
        0xFF, 0xFF, 0xFF, 0x00, 0xFF, 0xFF, 0xFF, 0x00, 0xFF, 0xFF, 0xFF, 0x00,
        0xFF, 0xFF, 0xFF, 0x00, 0xFF, 0xFF, 0xFF, 0x00, 0xFF, 0xFF, 0xFF, 0x00,
        0xFF, 0xFF, 0xFF, 0x00, 0xFF, 0xFF, 0xFF, 0x00, 0xFF, 0xFF, 0xFF, 0x00,
        0xFF, 0xFF, 0xFF, 0x00, 0xFF, 0xFF, 0xFF, 0x00, 0xFF, 0xFF, 0xFF, 0x00,
        0x6B, 0x6B, 0x6B, 0xFF, 0x66, 0x66, 0x66, 0xFF, 0x6F, 0x6F, 0x6F, 0xFF,
        0x71, 0x71, 0x71, 0xFF, 0x6E, 0x6E, 0x6E, 0xFF, 0x6C, 0x6C, 0x6C, 0xFF,
        0x6C, 0x6C, 0x6C, 0xFF, 0x6C, 0x6C, 0x6C, 0xFF, 0x6C, 0x6C, 0x6C, 0xFF,
        0x6E, 0x6E, 0x6E, 0xFF, 0x71, 0x71, 0x71, 0xFF, 0x6F, 0x6F, 0x6F, 0xFF,
        0x66, 0x66, 0x66, 0xFF, 0x6B, 0x6B, 0x6B, 0xFF, 0xFF, 0xFF, 0xFF, 0x00,
        0xFF, 0xFF, 0xFF, 0x00, 0xFF, 0xFF, 0xFF, 0x00, 0xFF, 0xFF, 0xFF, 0x00,
        0xFF, 0xFF, 0xFF, 0x00, 0xFF, 0xFF, 0xFF, 0x00, 0xFF, 0xFF, 0xFF, 0x00,
        0xFF, 0xFF, 0xFF, 0x00, 0xFF, 0xFF, 0xFF, 0x00, 0xFF, 0xFF, 0xFF, 0x00,
        0xFF, 0xFF, 0xFF, 0x00, 0xFF, 0xFF, 0xFF, 0x00, 0xFF, 0xFF, 0xFF, 0x00,
        0xFF, 0xFF, 0xFF, 0x00, 0xFF, 0xFF, 0xFF, 0x00, 0xFF, 0xFF, 0xFF, 0x00,
        0xFF, 0xFF, 0xFF, 0x00, 0xFF, 0xFF, 0xFF, 0x00, 0xFF, 0xFF, 0xFF, 0x00,
        0xFF, 0xFF, 0xFF, 0x00, 0xFF, 0xFF, 0xFF, 0x00, 0xFF, 0xFF, 0xFF, 0x00,
        0xFF, 0xFF, 0xFF, 0x00, 0xFF, 0xFF, 0xFF, 0x00, 0xFF, 0xFF, 0xFF, 0x00,
        0xFF, 0xFF, 0xFF, 0x00, 0xFF, 0xFF, 0xFF, 0x00, 0xFF, 0xFF, 0xFF, 0x00,
        0xFF, 0xFF, 0xFF, 0x00, 0xFF, 0xFF, 0xFF, 0x00, 0xFF, 0xFF, 0xFF, 0x00,
        0xFF, 0xFF, 0xFF, 0x00, 0xFF, 0xFF, 0xFF, 0x00, 0xFF, 0xFF, 0xFF, 0x00,
        0xFF, 0xFF, 0xFF, 0x00, 0xFF, 0xFF, 0xFF, 0x00, 0xFF, 0xFF, 0xFF, 0x00,
        0xFF, 0xFF, 0xFF, 0x00, 0xFF, 0xFF, 0xFF, 0x00, 0xFF, 0xFF, 0xFF, 0x00,
        0xFF, 0xFF, 0xFF, 0x00, 0xFF, 0xFF, 0xFF, 0x00, 0xFF, 0xFF, 0xFF, 0x00,
        0xFF, 0xFF, 0xFF, 0x00, 0xFF, 0xFF, 0xFF, 0x00, 0xFF, 0xFF, 0xFF, 0x00,
        0xFF, 0xFF, 0xFF, 0x00, 0xFF, 0xFF, 0xFF, 0x00, 0xFF, 0xFF, 0xFF, 0x00,
        0xFF, 0xFF, 0xFF, 0x00, 0x4D, 0x4D, 0x4D, 0xFF, 0x4D, 0x4D, 0x4D, 0xFF,
        0x56, 0x56, 0x56, 0xFF, 0x5B, 0x5B, 0x5B, 0xFF, 0x5B, 0x5B, 0x5B, 0xFF,
        0x5B, 0x5B, 0x5B, 0xFF, 0x5B, 0x5B, 0x5B, 0xFF, 0x5B, 0x5B, 0x5B, 0xFF,
        0x5B, 0x5B, 0x5B, 0xFF, 0x5B, 0x5B, 0x5B, 0xFF, 0x5B, 0x5B, 0x5B, 0xFF,
        0x56, 0x56, 0x56, 0xFF, 0x4D, 0x4D, 0x4D, 0xFF, 0x4D, 0x4D, 0x4D, 0xFF,
        0xFF, 0xFF, 0xFF, 0x00, 0xFF, 0xFF, 0xFF, 0x00, 0xFF, 0xFF, 0xFF, 0x00,
        0xFF, 0xFF, 0xFF, 0x00, 0xFF, 0xFF, 0xFF, 0x00, 0xFF, 0xFF, 0xFF, 0x00,
        0xFF, 0xFF, 0xFF, 0x00, 0xFF, 0xFF, 0xFF, 0x00, 0xFF, 0xFF, 0xFF, 0x00,
        0xFF, 0xFF, 0xFF, 0x00, 0xFF, 0xFF, 0xFF, 0x00, 0xFF, 0xFF, 0xFF, 0x00,
        0xFF, 0xFF, 0xFF, 0x00, 0xFF, 0xFF, 0xFF, 0x00, 0xFF, 0xFF, 0xFF, 0x00,
        0xFF, 0xFF, 0xFF, 0x00, 0xFF, 0xFF, 0xFF, 0x00, 0xFF, 0xFF, 0xFF, 0x00,
        0xFF, 0xFF, 0xFF, 0x00, 0xFF, 0xFF, 0xFF, 0x00, 0xFF, 0xFF, 0xFF, 0x00,
        0xFF, 0xFF, 0xFF, 0x00, 0xFF, 0xFF, 0xFF, 0x00, 0xFF, 0xFF, 0xFF, 0x00,
        0xFF, 0xFF, 0xFF, 0x00, 0xFF, 0xFF, 0xFF, 0x00, 0xFF, 0xFF, 0xFF, 0x00,
        0xFF, 0xFF, 0xFF, 0x00, 0xFF, 0xFF, 0xFF, 0x00, 0xFF, 0xFF, 0xFF, 0x00,
        0xFF, 0xFF, 0xFF, 0x00, 0xFF, 0xFF, 0xFF, 0x00, 0xFF, 0xFF, 0xFF, 0x00,
        0xFF, 0xFF, 0xFF, 0x00, 0xFF, 0xFF, 0xFF, 0x00, 0xFF, 0xFF, 0xFF, 0x00,
        0xFF, 0xFF, 0xFF, 0x00, 0xFF, 0xFF, 0xFF, 0x00, 0xFF, 0xFF, 0xFF, 0x00,
        0xFF, 0xFF, 0xFF, 0x00, 0xFF, 0xFF, 0xFF, 0x00, 0xFF, 0xFF, 0xFF, 0x00,
        0xFF, 0xFF, 0xFF, 0x00, 0xFF, 0xFF, 0xFF, 0x00, 0xFF, 0xFF, 0xFF, 0x00,
        0xFF, 0xFF, 0xFF, 0x00, 0xFF, 0xFF, 0xFF, 0x00, 0xFF, 0xFF, 0xFF, 0x00,
        0xFF, 0xFF, 0xFF, 0x00, 0xFF, 0xFF, 0xFF, 0x00, 0x6B, 0x6B, 0x6B, 0xFF,
        0x66, 0x66, 0x66, 0xFF, 0x6F, 0x6F, 0x6F, 0xFF, 0x71, 0x71, 0x71, 0xFF,
        0x6E, 0x6E, 0x6E, 0xFF, 0x6C, 0x6C, 0x6C, 0xFF, 0x6C, 0x6C, 0x6C, 0xFF,
        0x6C, 0x6C, 0x6C, 0xFF, 0x6C, 0x6C, 0x6C, 0xFF, 0x6E, 0x6E, 0x6E, 0xFF,
        0x71, 0x71, 0x71, 0xFF, 0x6F, 0x6F, 0x6F, 0xFF, 0x66, 0x66, 0x66, 0xFF,
        0x6B, 0x6B, 0x6B, 0xFF, 0xFF, 0xFF, 0xFF, 0x00, 0xFF, 0xFF, 0xFF, 0x00,
        0xFF, 0xFF, 0xFF, 0x00, 0xFF, 0xFF, 0xFF, 0x00, 0xFF, 0xFF, 0xFF, 0x00,
        0xFF, 0xFF, 0xFF, 0x00, 0xFF, 0xFF, 0xFF, 0x00, 0xFF, 0xFF, 0xFF, 0x00,
        0xFF, 0xFF, 0xFF, 0x00, 0xFF, 0xFF, 0xFF, 0x00, 0xFF, 0xFF, 0xFF, 0x00,
        0xFF, 0xFF, 0xFF, 0x00, 0xFF, 0xFF, 0xFF, 0x00, 0xFF, 0xFF, 0xFF, 0x00,
        0xFF, 0xFF, 0xFF, 0x00, 0xFF, 0xFF, 0xFF, 0x00, 0xFF, 0xFF, 0xFF, 0x00,
        0xFF, 0xFF, 0xFF, 0x00, 0xFF, 0xFF, 0xFF, 0x00, 0xFF, 0xFF, 0xFF, 0x00,
        0xFF, 0xFF, 0xFF, 0x00, 0xFF, 0xFF, 0xFF, 0x00, 0xFF, 0xFF, 0xFF, 0x00,
        0xFF, 0xFF, 0xFF, 0x00, 0xFF, 0xFF, 0xFF, 0x00, 0xFF, 0xFF, 0xFF, 0x00,
        0xFF, 0xFF, 0xFF, 0x00, 0xFF, 0xFF, 0xFF, 0x00, 0xFF, 0xFF, 0xFF, 0x00,
        0xFF, 0xFF, 0xFF, 0x00, 0xFF, 0xFF, 0xFF, 0x00, 0xFF, 0xFF, 0xFF, 0x00,
        0xFF, 0xFF, 0xFF, 0x00, 0xFF, 0xFF, 0xFF, 0x00, 0xFF, 0xFF, 0xFF, 0x00,
        0xFF, 0xFF, 0xFF, 0x00, 0xFF, 0xFF, 0xFF, 0x00, 0xFF, 0xFF, 0xFF, 0x00,
        0xFF, 0xFF, 0xFF, 0x00, 0xFF, 0xFF, 0xFF, 0x00, 0xFF, 0xFF, 0xFF, 0x00,
        0xFF, 0xFF, 0xFF, 0x00, 0xFF, 0xFF, 0xFF, 0x00, 0xFF, 0xFF, 0xFF, 0x00,
        0xFF, 0xFF, 0xFF, 0x00, 0xFF, 0xFF, 0xFF, 0x00, 0xFF, 0xFF, 0xFF, 0x00,
        0xFF, 0xFF, 0xFF, 0x00, 0xFF, 0xFF, 0xFF, 0x00, 0xFF, 0xFF, 0xFF, 0x00,
        0x4E, 0x4E, 0x4E, 0xFF, 0x4E, 0x4E, 0x4E, 0xFF, 0x57, 0x57, 0x57, 0xFF,
        0x5C, 0x5C, 0x5C, 0xFF, 0x5C, 0x5C, 0x5C, 0xFF, 0x5C, 0x5C, 0x5C, 0xFF,
        0x5C, 0x5C, 0x5C, 0xFF, 0x5C, 0x5C, 0x5C, 0xFF, 0x5C, 0x5C, 0x5C, 0xFF,
        0x5C, 0x5C, 0x5C, 0xFF, 0x5C, 0x5C, 0x5C, 0xFF, 0x57, 0x57, 0x57, 0xFF,
        0x4E, 0x4E, 0x4E, 0xFF, 0x4E, 0x4E, 0x4E, 0xFF, 0xFF, 0xFF, 0xFF, 0x00,
        0xFF, 0xFF, 0xFF, 0x00, 0xFF, 0xFF, 0xFF, 0x00, 0xFF, 0xFF, 0xFF, 0x00,
        0xFF, 0xFF, 0xFF, 0x00, 0xFF, 0xFF, 0xFF, 0x00, 0xFF, 0xFF, 0xFF, 0x00,
        0xFF, 0xFF, 0xFF, 0x00, 0xFF, 0xFF, 0xFF, 0x00, 0xFF, 0xFF, 0xFF, 0x00,
        0xFF, 0xFF, 0xFF, 0x00, 0xFF, 0xFF, 0xFF, 0x00, 0xFF, 0xFF, 0xFF, 0x00,
        0xFF, 0xFF, 0xFF, 0x00, 0xFF, 0xFF, 0xFF, 0x00, 0xFF, 0xFF, 0xFF, 0x00,
        0xFF, 0xFF, 0xFF, 0x00, 0xFF, 0xFF, 0xFF, 0x00, 0xFF, 0xFF, 0xFF, 0x00,
        0xFF, 0xFF, 0xFF, 0x00, 0xFF, 0xFF, 0xFF, 0x00, 0xFF, 0xFF, 0xFF, 0x00,
        0xFF, 0xFF, 0xFF, 0x00, 0xFF, 0xFF, 0xFF, 0x00, 0xFF, 0xFF, 0xFF, 0x00,
        0xFF, 0xFF, 0xFF, 0x00, 0xFF, 0xFF, 0xFF, 0x00, 0xFF, 0xFF, 0xFF, 0x00,
        0xFF, 0xFF, 0xFF, 0x00, 0xFF, 0xFF, 0xFF, 0x00, 0xFF, 0xFF, 0xFF, 0x00,
        0xFF, 0xFF, 0xFF, 0x00, 0xFF, 0xFF, 0xFF, 0x00, 0xFF, 0xFF, 0xFF, 0x00,
        0xFF, 0xFF, 0xFF, 0x00, 0xFF, 0xFF, 0xFF, 0x00, 0xFF, 0xFF, 0xFF, 0x00,
        0xFF, 0xFF, 0xFF, 0x00, 0xFF, 0xFF, 0xFF, 0x00, 0xFF, 0xFF, 0xFF, 0x00,
        0xFF, 0xFF, 0xFF, 0x00, 0xFF, 0xFF, 0xFF, 0x00, 0xFF, 0xFF, 0xFF, 0x00,
        0xFF, 0xFF, 0xFF, 0x00, 0xFF, 0xFF, 0xFF, 0x00, 0xFF, 0xFF, 0xFF, 0x00,
        0xFF, 0xFF, 0xFF, 0x00, 0xFF, 0xFF, 0xFF, 0x00, 0xFF, 0xFF, 0xFF, 0x00,
        0xFF, 0xFF, 0xFF, 0x00, 0x6C, 0x6C, 0x6C, 0xFF, 0x67, 0x67, 0x67, 0xFF,
        0x70, 0x70, 0x70, 0xFF, 0x72, 0x72, 0x72, 0xFF, 0x6F, 0x6F, 0x6F, 0xFF,
        0x6D, 0x6D, 0x6D, 0xFF, 0x6D, 0x6D, 0x6D, 0xFF, 0x6D, 0x6D, 0x6D, 0xFF,
        0x6D, 0x6D, 0x6D, 0xFF, 0x6F, 0x6F, 0x6F, 0xFF, 0x72, 0x72, 0x72, 0xFF,
        0x70, 0x70, 0x70, 0xFF, 0x67, 0x67, 0x67, 0xFF, 0x6C, 0x6C, 0x6C, 0xFF,
        0xFF, 0xFF, 0xFF, 0x00, 0xFF, 0xFF, 0xFF, 0x00, 0xFF, 0xFF, 0xFF, 0x00,
        0xFF, 0xFF, 0xFF, 0x00, 0xFF, 0xFF, 0xFF, 0x00, 0xFF, 0xFF, 0xFF, 0x00,
        0xFF, 0xFF, 0xFF, 0x00, 0xFF, 0xFF, 0xFF, 0x00, 0xFF, 0xFF, 0xFF, 0x00,
        0xFF, 0xFF, 0xFF, 0x00, 0xFF, 0xFF, 0xFF, 0x00, 0xFF, 0xFF, 0xFF, 0x00,
        0xFF, 0xFF, 0xFF, 0x00, 0xFF, 0xFF, 0xFF, 0x00, 0xFF, 0xFF, 0xFF, 0x00,
        0xFF, 0xFF, 0xFF, 0x00, 0xFF, 0xFF, 0xFF, 0x00, 0xFF, 0xFF, 0xFF, 0x00,
        0xFF, 0xFF, 0xFF, 0x00, 0xFF, 0xFF, 0xFF, 0x00, 0xFF, 0xFF, 0xFF, 0x00,
        0xFF, 0xFF, 0xFF, 0x00, 0xFF, 0xFF, 0xFF, 0x00, 0xFF, 0xFF, 0xFF, 0x00,
        0xFF, 0xFF, 0xFF, 0x00, 0xFF, 0xFF, 0xFF, 0x00, 0xFF, 0xFF, 0xFF, 0x00,
        0xFF, 0xFF, 0xFF, 0x00, 0xFF, 0xFF, 0xFF, 0x00, 0xFF, 0xFF, 0xFF, 0x00,
        0xFF, 0xFF, 0xFF, 0x00, 0xFF, 0xFF, 0xFF, 0x00, 0xFF, 0xFF, 0xFF, 0x00,
        0xFF, 0xFF, 0xFF, 0x00, 0xFF, 0xFF, 0xFF, 0x00, 0xFF, 0xFF, 0xFF, 0x00,
        0xFF, 0xFF, 0xFF, 0x00, 0xFF, 0xFF, 0xFF, 0x00, 0xFF, 0xFF, 0xFF, 0x00,
        0xFF, 0xFF, 0xFF, 0x00, 0xFF, 0xFF, 0xFF, 0x00, 0xFF, 0xFF, 0xFF, 0x00,
        0xFF, 0xFF, 0xFF, 0x00, 0xFF, 0xFF, 0xFF, 0x00, 0xFF, 0xFF, 0xFF, 0x00,
        0xFF, 0xFF, 0xFF, 0x00, 0xFF, 0xFF, 0xFF, 0x00, 0xFF, 0xFF, 0xFF, 0x00,
        0xFF, 0xFF, 0xFF, 0x00, 0xFF, 0xFF, 0xFF, 0x00, 0x4E, 0x4E, 0x4E, 0xFF,
        0x4E, 0x4E, 0x4E, 0xFF, 0x57, 0x57, 0x57, 0xFF, 0x5C, 0x5C, 0x5C, 0xFF,
        0x5C, 0x5C, 0x5C, 0xFF, 0x5C, 0x5C, 0x5C, 0xFF, 0x5C, 0x5C, 0x5C, 0xFF,
        0x5C, 0x5C, 0x5C, 0xFF, 0x5C, 0x5C, 0x5C, 0xFF, 0x5C, 0x5C, 0x5C, 0xFF,
        0x5C, 0x5C, 0x5C, 0xFF, 0x57, 0x57, 0x57, 0xFF, 0x4E, 0x4E, 0x4E, 0xFF,
        0x4E, 0x4E, 0x4E, 0xFF, 0xFF, 0xFF, 0xFF, 0x00, 0xFF, 0xFF, 0xFF, 0x00,
        0xFF, 0xFF, 0xFF, 0x00, 0xFF, 0xFF, 0xFF, 0x00, 0xFF, 0xFF, 0xFF, 0x00,
        0xFF, 0xFF, 0xFF, 0x00, 0xFF, 0xFF, 0xFF, 0x00, 0xFF, 0xFF, 0xFF, 0x00,
        0xFF, 0xFF, 0xFF, 0x00, 0xFF, 0xFF, 0xFF, 0x00, 0xFF, 0xFF, 0xFF, 0x00,
        0xFF, 0xFF, 0xFF, 0x00, 0xFF, 0xFF, 0xFF, 0x00, 0xFF, 0xFF, 0xFF, 0x00,
        0xFF, 0xFF, 0xFF, 0x00, 0xFF, 0xFF, 0xFF, 0x00, 0xFF, 0xFF, 0xFF, 0x00,
        0xFF, 0xFF, 0xFF, 0x00, 0xFF, 0xFF, 0xFF, 0x00, 0xFF, 0xFF, 0xFF, 0x00,
        0xFF, 0xFF, 0xFF, 0x00, 0xFF, 0xFF, 0xFF, 0x00, 0xFF, 0xFF, 0xFF, 0x00,
        0xFF, 0xFF, 0xFF, 0x00, 0xFF, 0xFF, 0xFF, 0x00, 0xFF, 0xFF, 0xFF, 0x00,
        0xFF, 0xFF, 0xFF, 0x00, 0xFF, 0xFF, 0xFF, 0x00, 0xFF, 0xFF, 0xFF, 0x00,
        0xFF, 0xFF, 0xFF, 0x00, 0xFF, 0xFF, 0xFF, 0x00, 0xFF, 0xFF, 0xFF, 0x00,
        0xFF, 0xFF, 0xFF, 0x00, 0xFF, 0xFF, 0xFF, 0x00, 0xFF, 0xFF, 0xFF, 0x00,
        0xFF, 0xFF, 0xFF, 0x00, 0xFF, 0xFF, 0xFF, 0x00, 0xFF, 0xFF, 0xFF, 0x00,
        0xFF, 0xFF, 0xFF, 0x00, 0xFF, 0xFF, 0xFF, 0x00, 0xFF, 0xFF, 0xFF, 0x00,
        0xFF, 0xFF, 0xFF, 0x00, 0xFF, 0xFF, 0xFF, 0x00, 0xFF, 0xFF, 0xFF, 0x00,
        0xFF, 0xFF, 0xFF, 0x00, 0xFF, 0xFF, 0xFF, 0x00, 0xFF, 0xFF, 0xFF, 0x00,
        0xFF, 0xFF, 0xFF, 0x00, 0xFF, 0xFF, 0xFF, 0x00, 0xFF, 0xFF, 0xFF, 0x00,
        0x6C, 0x6C, 0x6C, 0xFF, 0x67, 0x67, 0x67, 0xFF, 0x70, 0x70, 0x70, 0xFF,
        0x72, 0x72, 0x72, 0xFF, 0x6F, 0x6F, 0x6F, 0xFF, 0x6D, 0x6D, 0x6D, 0xFF,
        0x6D, 0x6D, 0x6D, 0xFF, 0x6D, 0x6D, 0x6D, 0xFF, 0x6D, 0x6D, 0x6D, 0xFF,
        0x6F, 0x6F, 0x6F, 0xFF, 0x72, 0x72, 0x72, 0xFF, 0x70, 0x70, 0x70, 0xFF,
        0x67, 0x67, 0x67, 0xFF, 0x6C, 0x6C, 0x6C, 0xFF, 0xFF, 0xFF, 0xFF, 0x00,
        0xFF, 0xFF, 0xFF, 0x00, 0xFF, 0xFF, 0xFF, 0x00, 0xFF, 0xFF, 0xFF, 0x00,
        0xFF, 0xFF, 0xFF, 0x00, 0xFF, 0xFF, 0xFF, 0x00, 0xFF, 0xFF, 0xFF, 0x00,
        0xFF, 0xFF, 0xFF, 0x00, 0xFF, 0xFF, 0xFF, 0x00, 0xFF, 0xFF, 0xFF, 0x00,
        0xFF, 0xFF, 0xFF, 0x00, 0xFF, 0xFF, 0xFF, 0x00, 0xFF, 0xFF, 0xFF, 0x00,
        0xFF, 0xFF, 0xFF, 0x00, 0xFF, 0xFF, 0xFF, 0x00, 0xFF, 0xFF, 0xFF, 0x00,
        0xFF, 0xFF, 0xFF, 0x00, 0xFF, 0xFF, 0xFF, 0x00, 0xFF, 0xFF, 0xFF, 0x00,
        0xFF, 0xFF, 0xFF, 0x00, 0xFF, 0xFF, 0xFF, 0x00, 0xFF, 0xFF, 0xFF, 0x00,
        0xFF, 0xFF, 0xFF, 0x00, 0xFF, 0xFF, 0xFF, 0x00, 0xFF, 0xFF, 0xFF, 0x00,
        0xFF, 0xFF, 0xFF, 0x00, 0xFF, 0xFF, 0xFF, 0x00, 0xFF, 0xFF, 0xFF, 0x00,
        0xFF, 0xFF, 0xFF, 0x00, 0xFF, 0xFF, 0xFF, 0x00, 0xFF, 0xFF, 0xFF, 0x00,
        0xFF, 0xFF, 0xFF, 0x00, 0xFF, 0xFF, 0xFF, 0x00, 0xFF, 0xFF, 0xFF, 0x00,
        0xFF, 0xFF, 0xFF, 0x00, 0xFF, 0xFF, 0xFF, 0x00, 0xFF, 0xFF, 0xFF, 0x00,
        0xFF, 0xFF, 0xFF, 0x00, 0xFF, 0xFF, 0xFF, 0x00, 0xFF, 0xFF, 0xFF, 0x00,
        0xFF, 0xFF, 0xFF, 0x00, 0xFF, 0xFF, 0xFF, 0x00, 0xFF, 0xFF, 0xFF, 0x00,
        0xFF, 0xFF, 0xFF, 0x00, 0xFF, 0xFF, 0xFF, 0x00, 0xFF, 0xFF, 0xFF, 0x00,
        0xFF, 0xFF, 0xFF, 0x00, 0xFF, 0xFF, 0xFF, 0x00, 0xFF, 0xFF, 0xFF, 0x00,
        0xFF, 0xFF, 0xFF, 0x00, 0x4E, 0x4E, 0x4E, 0xFF, 0x4E, 0x4E, 0x4E, 0xFF,
        0x57, 0x57, 0x57, 0xFF, 0x5C, 0x5C, 0x5C, 0xFF, 0x5C, 0x5C, 0x5C, 0xFF,
        0x5C, 0x5C, 0x5C, 0xFF, 0x5C, 0x5C, 0x5C, 0xFF, 0x5C, 0x5C, 0x5C, 0xFF,
        0x5C, 0x5C, 0x5C, 0xFF, 0x5C, 0x5C, 0x5C, 0xFF, 0x5C, 0x5C, 0x5C, 0xFF,
        0x57, 0x57, 0x57, 0xFF, 0x4E, 0x4E, 0x4E, 0xFF, 0x4E, 0x4E, 0x4E, 0xFF,
        0xFF, 0xFF, 0xFF, 0x00, 0xFF, 0xFF, 0xFF, 0x00, 0xFF, 0xFF, 0xFF, 0x00,
        0xFF, 0xFF, 0xFF, 0x00, 0xFF, 0xFF, 0xFF, 0x00, 0xFF, 0xFF, 0xFF, 0x00,
        0xFF, 0xFF, 0xFF, 0x00, 0xFF, 0xFF, 0xFF, 0x00, 0xFF, 0xFF, 0xFF, 0x00,
        0xFF, 0xFF, 0xFF, 0x00, 0xFF, 0xFF, 0xFF, 0x00, 0xFF, 0xFF, 0xFF, 0x00,
        0xFF, 0xFF, 0xFF, 0x00, 0xFF, 0xFF, 0xFF, 0x00, 0xFF, 0xFF, 0xFF, 0x00,
        0xFF, 0xFF, 0xFF, 0x00, 0xFF, 0xFF, 0xFF, 0x00, 0xFF, 0xFF, 0xFF, 0x00,
        0xFF, 0xFF, 0xFF, 0x00, 0xFF, 0xFF, 0xFF, 0x00, 0xFF, 0xFF, 0xFF, 0x00,
        0xFF, 0xFF, 0xFF, 0x00, 0xFF, 0xFF, 0xFF, 0x00, 0xFF, 0xFF, 0xFF, 0x00,
        0xFF, 0xFF, 0xFF, 0x00, 0xFF, 0xFF, 0xFF, 0x00, 0xFF, 0xFF, 0xFF, 0x00,
        0xFF, 0xFF, 0xFF, 0x00, 0xFF, 0xFF, 0xFF, 0x00, 0xFF, 0xFF, 0xFF, 0x00,
        0xFF, 0xFF, 0xFF, 0x00, 0xFF, 0xFF, 0xFF, 0x00, 0xFF, 0xFF, 0xFF, 0x00,
        0xFF, 0xFF, 0xFF, 0x00, 0xFF, 0xFF, 0xFF, 0x00, 0xFF, 0xFF, 0xFF, 0x00,
        0xFF, 0xFF, 0xFF, 0x00, 0xFF, 0xFF, 0xFF, 0x00, 0xFF, 0xFF, 0xFF, 0x00,
        0xFF, 0xFF, 0xFF, 0x00, 0xFF, 0xFF, 0xFF, 0x00, 0xFF, 0xFF, 0xFF, 0x00,
        0xFF, 0xFF, 0xFF, 0x00, 0xFF, 0xFF, 0xFF, 0x00, 0xFF, 0xFF, 0xFF, 0x00,
        0xFF, 0xFF, 0xFF, 0x00, 0xFF, 0xFF, 0xFF, 0x00, 0xFF, 0xFF, 0xFF, 0x00,
        0xFF, 0xFF, 0xFF, 0x00, 0xFF, 0xFF, 0xFF, 0x00, 0x6C, 0x6C, 0x6C, 0xFF,
        0x67, 0x67, 0x67, 0xFF, 0x70, 0x70, 0x70, 0xFF, 0x72, 0x72, 0x72, 0xFF,
        0x6F, 0x6F, 0x6F, 0xFF, 0x6D, 0x6D, 0x6D, 0xFF, 0x6D, 0x6D, 0x6D, 0xFF,
        0x6D, 0x6D, 0x6D, 0xFF, 0x6D, 0x6D, 0x6D, 0xFF, 0x6F, 0x6F, 0x6F, 0xFF,
        0x72, 0x72, 0x72, 0xFF, 0x70, 0x70, 0x70, 0xFF, 0x67, 0x67, 0x67, 0xFF,
        0x6C, 0x6C, 0x6C, 0xFF, 0xFF, 0xFF, 0xFF, 0x00, 0xFF, 0xFF, 0xFF, 0x00,
        0xFF, 0xFF, 0xFF, 0x00, 0xFF, 0xFF, 0xFF, 0x00, 0xFF, 0xFF, 0xFF, 0x00,
        0xFF, 0xFF, 0xFF, 0x00, 0xFF, 0xFF, 0xFF, 0x00, 0xFF, 0xFF, 0xFF, 0x00,
        0xFF, 0xFF, 0xFF, 0x00, 0xFF, 0xFF, 0xFF, 0x00, 0xFF, 0xFF, 0xFF, 0x00,
        0xFF, 0xFF, 0xFF, 0x00, 0xFF, 0xFF, 0xFF, 0x00, 0xFF, 0xFF, 0xFF, 0x00,
        0xFF, 0xFF, 0xFF, 0x00, 0xFF, 0xFF, 0xFF, 0x00, 0xFF, 0xFF, 0xFF, 0x00,
        0xFF, 0xFF, 0xFF, 0x00, 0xFF, 0xFF, 0xFF, 0x00, 0xFF, 0xFF, 0xFF, 0x00,
        0xFF, 0xFF, 0xFF, 0x00, 0xFF, 0xFF, 0xFF, 0x00, 0xFF, 0xFF, 0xFF, 0x00,
        0xFF, 0xFF, 0xFF, 0x00, 0xFF, 0xFF, 0xFF, 0x00, 0xFF, 0xFF, 0xFF, 0x00,
        0xFF, 0xFF, 0xFF, 0x00, 0xFF, 0xFF, 0xFF, 0x00, 0xFF, 0xFF, 0xFF, 0x00,
        0xFF, 0xFF, 0xFF, 0x00, 0xFF, 0xFF, 0xFF, 0x00, 0xFF, 0xFF, 0xFF, 0x00,
        0xFF, 0xFF, 0xFF, 0x00, 0xFF, 0xFF, 0xFF, 0x00, 0xFF, 0xFF, 0xFF, 0x00,
        0xFF, 0xFF, 0xFF, 0x00, 0xFF, 0xFF, 0xFF, 0x00, 0xFF, 0xFF, 0xFF, 0x00,
        0xFF, 0xFF, 0xFF, 0x00, 0xFF, 0xFF, 0xFF, 0x00, 0xFF, 0xFF, 0xFF, 0x00,
        0xFF, 0xFF, 0xFF, 0x00, 0xFF, 0xFF, 0xFF, 0x00, 0xFF, 0xFF, 0xFF, 0x00,
        0xFF, 0xFF, 0xFF, 0x00, 0xFF, 0xFF, 0xFF, 0x00, 0xFF, 0xFF, 0xFF, 0x00,
        0xFF, 0xFF, 0xFF, 0x00, 0xFF, 0xFF, 0xFF, 0x00, 0xFF, 0xFF, 0xFF, 0x00,
        0x4E, 0x4E, 0x4E, 0xFF, 0x4E, 0x4E, 0x4E, 0xFF, 0x57, 0x57, 0x57, 0xFF,
        0x5C, 0x5C, 0x5C, 0xFF, 0x5C, 0x5C, 0x5C, 0xFF, 0x5C, 0x5C, 0x5C, 0xFF,
        0x5C, 0x5C, 0x5C, 0xFF, 0x5C, 0x5C, 0x5C, 0xFF, 0x5C, 0x5C, 0x5C, 0xFF,
        0x5C, 0x5C, 0x5C, 0xFF, 0x5C, 0x5C, 0x5C, 0xFF, 0x57, 0x57, 0x57, 0xFF,
        0x4E, 0x4E, 0x4E, 0xFF, 0x4E, 0x4E, 0x4E, 0xFF, 0xFF, 0xFF, 0xFF, 0x00,
        0xFF, 0xFF, 0xFF, 0x00, 0xFF, 0xFF, 0xFF, 0x00, 0xFF, 0xFF, 0xFF, 0x00,
        0xFF, 0xFF, 0xFF, 0x00, 0xFF, 0xFF, 0xFF, 0x00, 0xFF, 0xFF, 0xFF, 0x00,
        0xFF, 0xFF, 0xFF, 0x00, 0xFF, 0xFF, 0xFF, 0x00, 0xFF, 0xFF, 0xFF, 0x00,
        0xFF, 0xFF, 0xFF, 0x00, 0xFF, 0xFF, 0xFF, 0x00, 0xFF, 0xFF, 0xFF, 0x00,
        0xFF, 0xFF, 0xFF, 0x00, 0xFF, 0xFF, 0xFF, 0x00, 0xFF, 0xFF, 0xFF, 0x00,
        0xFF, 0xFF, 0xFF, 0x00, 0xFF, 0xFF, 0xFF, 0x00, 0xFF, 0xFF, 0xFF, 0x00,
        0xFF, 0xFF, 0xFF, 0x00, 0xFF, 0xFF, 0xFF, 0x00, 0xFF, 0xFF, 0xFF, 0x00,
        0xFF, 0xFF, 0xFF, 0x00, 0xFF, 0xFF, 0xFF, 0x00, 0xFF, 0xFF, 0xFF, 0x00,
        0xFF, 0xFF, 0xFF, 0x00, 0xFF, 0xFF, 0xFF, 0x00, 0xFF, 0xFF, 0xFF, 0x00,
        0xFF, 0xFF, 0xFF, 0x00, 0xFF, 0xFF, 0xFF, 0x00, 0xFF, 0xFF, 0xFF, 0x00,
        0xFF, 0xFF, 0xFF, 0x00, 0xFF, 0xFF, 0xFF, 0x00, 0xFF, 0xFF, 0xFF, 0x00,
        0xFF, 0xFF, 0xFF, 0x00, 0xFF, 0xFF, 0xFF, 0x00, 0xFF, 0xFF, 0xFF, 0x00,
        0xFF, 0xFF, 0xFF, 0x00, 0xFF, 0xFF, 0xFF, 0x00, 0xFF, 0xFF, 0xFF, 0x00,
        0xFF, 0xFF, 0xFF, 0x00, 0xFF, 0xFF, 0xFF, 0x00, 0xFF, 0xFF, 0xFF, 0x00,
        0xFF, 0xFF, 0xFF, 0x00, 0xFF, 0xFF, 0xFF, 0x00, 0xFF, 0xFF, 0xFF, 0x00,
        0xFF, 0xFF, 0xFF, 0x00, 0xFF, 0xFF, 0xFF, 0x00, 0xFF, 0xFF, 0xFF, 0x00,
        0xFF, 0xFF, 0xFF, 0x00, 0x6C, 0x6C, 0x6C, 0xFF, 0x67, 0x67, 0x67, 0xFF,
        0x70, 0x70, 0x70, 0xFF, 0x72, 0x72, 0x72, 0xFF, 0x6F, 0x6F, 0x6F, 0xFF,
        0x6D, 0x6D, 0x6D, 0xFF, 0x6D, 0x6D, 0x6D, 0xFF, 0x6D, 0x6D, 0x6D, 0xFF,
        0x6D, 0x6D, 0x6D, 0xFF, 0x6F, 0x6F, 0x6F, 0xFF, 0x72, 0x72, 0x72, 0xFF,
        0x70, 0x70, 0x70, 0xFF, 0x67, 0x67, 0x67, 0xFF, 0x6C, 0x6C, 0x6C, 0xFF,
        0xFF, 0xFF, 0xFF, 0x00, 0xFF, 0xFF, 0xFF, 0x00, 0xFF, 0xFF, 0xFF, 0x00,
        0xFF, 0xFF, 0xFF, 0x00, 0xFF, 0xFF, 0xFF, 0x00, 0xFF, 0xFF, 0xFF, 0x00,
        0xFF, 0xFF, 0xFF, 0x00, 0xFF, 0xFF, 0xFF, 0x00, 0xFF, 0xFF, 0xFF, 0x00,
        0xFF, 0xFF, 0xFF, 0x00, 0xFF, 0xFF, 0xFF, 0x00, 0xFF, 0xFF, 0xFF, 0x00,
        0xFF, 0xFF, 0xFF, 0x00, 0xFF, 0xFF, 0xFF, 0x00, 0xFF, 0xFF, 0xFF, 0x00,
        0xFF, 0xFF, 0xFF, 0x00, 0xFF, 0xFF, 0xFF, 0x00, 0xFF, 0xFF, 0xFF, 0x00,
        0xFF, 0xFF, 0xFF, 0x00, 0xFF, 0xFF, 0xFF, 0x00, 0xFF, 0xFF, 0xFF, 0x00,
        0xFF, 0xFF, 0xFF, 0x00, 0xFF, 0xFF, 0xFF, 0x00, 0xFF, 0xFF, 0xFF, 0x00,
        0xFF, 0xFF, 0xFF, 0x00, 0xFF, 0xFF, 0xFF, 0x00, 0xFF, 0xFF, 0xFF, 0x00,
        0xFF, 0xFF, 0xFF, 0x00, 0xFF, 0xFF, 0xFF, 0x00, 0xFF, 0xFF, 0xFF, 0x00,
        0xFF, 0xFF, 0xFF, 0x00, 0xFF, 0xFF, 0xFF, 0x00, 0xFF, 0xFF, 0xFF, 0x00,
        0xFF, 0xFF, 0xFF, 0x00, 0xFF, 0xFF, 0xFF, 0x00, 0xFF, 0xFF, 0xFF, 0x00,
        0xFF, 0xFF, 0xFF, 0x00, 0xFF, 0xFF, 0xFF, 0x00, 0xFF, 0xFF, 0xFF, 0x00,
        0xFF, 0xFF, 0xFF, 0x00, 0xFF, 0xFF, 0xFF, 0x00, 0xFF, 0xFF, 0xFF, 0x00,
        0xFF, 0xFF, 0xFF, 0x00, 0xFF, 0xFF, 0xFF, 0x00, 0xFF, 0xFF, 0xFF, 0x00,
        0xFF, 0xFF, 0xFF, 0x00, 0xFF, 0xFF, 0xFF, 0x00, 0xFF, 0xFF, 0xFF, 0x00,
        0xFF, 0xFF, 0xFF, 0x00, 0xFF, 0xFF, 0xFF, 0x00, 0x4E, 0x4E, 0x4E, 0xFF,
        0x4F, 0x4F, 0x4F, 0xFF, 0x58, 0x58, 0x58, 0xFF, 0x5D, 0x5D, 0x5D, 0xFF,
        0x5D, 0x5D, 0x5D, 0xFF, 0x5D, 0x5D, 0x5D, 0xFF, 0x5D, 0x5D, 0x5D, 0xFF,
        0x5D, 0x5D, 0x5D, 0xFF, 0x5D, 0x5D, 0x5D, 0xFF, 0x5D, 0x5D, 0x5D, 0xFF,
        0x5D, 0x5D, 0x5D, 0xFF, 0x58, 0x58, 0x58, 0xFF, 0x4F, 0x4F, 0x4F, 0xFF,
        0x4E, 0x4E, 0x4E, 0xFF, 0xFF, 0xFF, 0xFF, 0x00, 0xFF, 0xFF, 0xFF, 0x00,
        0xFF, 0xFF, 0xFF, 0x00, 0xFF, 0xFF, 0xFF, 0x00, 0xFF, 0xFF, 0xFF, 0x00,
        0xFF, 0xFF, 0xFF, 0x00, 0xFF, 0xFF, 0xFF, 0x00, 0xFF, 0xFF, 0xFF, 0x00,
        0xFF, 0xFF, 0xFF, 0x00, 0xFF, 0xFF, 0xFF, 0x00, 0xFF, 0xFF, 0xFF, 0x00,
        0xFF, 0xFF, 0xFF, 0x00, 0xFF, 0xFF, 0xFF, 0x00, 0xFF, 0xFF, 0xFF, 0x00,
        0xFF, 0xFF, 0xFF, 0x00, 0xFF, 0xFF, 0xFF, 0x00, 0xFF, 0xFF, 0xFF, 0x00,
        0xFF, 0xFF, 0xFF, 0x00, 0xFF, 0xFF, 0xFF, 0x00, 0xFF, 0xFF, 0xFF, 0x00,
        0xFF, 0xFF, 0xFF, 0x00, 0xFF, 0xFF, 0xFF, 0x00, 0xFF, 0xFF, 0xFF, 0x00,
        0xFF, 0xFF, 0xFF, 0x00, 0xFF, 0xFF, 0xFF, 0x00, 0xFF, 0xFF, 0xFF, 0x00,
        0xFF, 0xFF, 0xFF, 0x00, 0xFF, 0xFF, 0xFF, 0x00, 0xFF, 0xFF, 0xFF, 0x00,
        0xFF, 0xFF, 0xFF, 0x00, 0xFF, 0xFF, 0xFF, 0x00, 0xFF, 0xFF, 0xFF, 0x00,
        0xFF, 0xFF, 0xFF, 0x00, 0xFF, 0xFF, 0xFF, 0x00, 0xFF, 0xFF, 0xFF, 0x00,
        0xFF, 0xFF, 0xFF, 0x00, 0xFF, 0xFF, 0xFF, 0x00, 0xFF, 0xFF, 0xFF, 0x00,
        0xFF, 0xFF, 0xFF, 0x00, 0xFF, 0xFF, 0xFF, 0x00, 0xFF, 0xFF, 0xFF, 0x00,
        0xFF, 0xFF, 0xFF, 0x00, 0xFF, 0xFF, 0xFF, 0x00, 0xFF, 0xFF, 0xFF, 0x00,
        0xFF, 0xFF, 0xFF, 0x00, 0xFF, 0xFF, 0xFF, 0x00, 0xFF, 0xFF, 0xFF, 0x00,
        0xFF, 0xFF, 0xFF, 0x00, 0xFF, 0xFF, 0xFF, 0x00, 0xFF, 0xFF, 0xFF, 0x00,
        0x6D, 0x6D, 0x6D, 0xFF, 0x68, 0x68, 0x68, 0xFF, 0x70, 0x70, 0x70, 0xFF,
        0x73, 0x73, 0x73, 0xFF, 0x70, 0x70, 0x70, 0xFF, 0x6E, 0x6E, 0x6E, 0xFF,
        0x6E, 0x6E, 0x6E, 0xFF, 0x6E, 0x6E, 0x6E, 0xFF, 0x6E, 0x6E, 0x6E, 0xFF,
        0x70, 0x70, 0x70, 0xFF, 0x73, 0x73, 0x73, 0xFF, 0x70, 0x70, 0x70, 0xFF,
        0x68, 0x68, 0x68, 0xFF, 0x6D, 0x6D, 0x6D, 0xFF, 0xFF, 0xFF, 0xFF, 0x00,
        0xFF, 0xFF, 0xFF, 0x00, 0xFF, 0xFF, 0xFF, 0x00, 0xFF, 0xFF, 0xFF, 0x00,
        0xFF, 0xFF, 0xFF, 0x00, 0xFF, 0xFF, 0xFF, 0x00, 0xFF, 0xFF, 0xFF, 0x00,
        0xFF, 0xFF, 0xFF, 0x00, 0xFF, 0xFF, 0xFF, 0x00, 0xFF, 0xFF, 0xFF, 0x00,
        0xFF, 0xFF, 0xFF, 0x00, 0xFF, 0xFF, 0xFF, 0x00, 0xFF, 0xFF, 0xFF, 0x00,
        0xFF, 0xFF, 0xFF, 0x00, 0xFF, 0xFF, 0xFF, 0x00, 0xFF, 0xFF, 0xFF, 0x00,
        0xFF, 0xFF, 0xFF, 0x00, 0xFF, 0xFF, 0xFF, 0x00, 0xFF, 0xFF, 0xFF, 0x00,
        0xFF, 0xFF, 0xFF, 0x00, 0xFF, 0xFF, 0xFF, 0x00, 0xFF, 0xFF, 0xFF, 0x00,
        0xFF, 0xFF, 0xFF, 0x00, 0xFF, 0xFF, 0xFF, 0x00, 0xFF, 0xFF, 0xFF, 0x00,
        0xFF, 0xFF, 0xFF, 0x00, 0xFF, 0xFF, 0xFF, 0x00, 0xFF, 0xFF, 0xFF, 0x00,
        0xFF, 0xFF, 0xFF, 0x00, 0xFF, 0xFF, 0xFF, 0x00, 0xFF, 0xFF, 0xFF, 0x00,
        0xFF, 0xFF, 0xFF, 0x00, 0xFF, 0xFF, 0xFF, 0x00, 0xFF, 0xFF, 0xFF, 0x00,
        0xFF, 0xFF, 0xFF, 0x00, 0xFF, 0xFF, 0xFF, 0x00, 0xFF, 0xFF, 0xFF, 0x00,
        0xFF, 0xFF, 0xFF, 0x00, 0xFF, 0xFF, 0xFF, 0x00, 0xFF, 0xFF, 0xFF, 0x00,
        0xFF, 0xFF, 0xFF, 0x00, 0xFF, 0xFF, 0xFF, 0x00, 0xFF, 0xFF, 0xFF, 0x00,
        0xFF, 0xFF, 0xFF, 0x00, 0xFF, 0xFF, 0xFF, 0x00, 0xFF, 0xFF, 0xFF, 0x00,
        0xFF, 0xFF, 0xFF, 0x00, 0xFF, 0xFF, 0xFF, 0x00, 0xFF, 0xFF, 0xFF, 0x00,
        0xFF, 0xFF, 0xFF, 0x00, 0x4E, 0x4E, 0x4E, 0xFF, 0x4F, 0x4F, 0x4F, 0xFF,
        0x58, 0x58, 0x58, 0xFF, 0x5D, 0x5D, 0x5D, 0xFF, 0x5D, 0x5D, 0x5D, 0xFF,
        0x5D, 0x5D, 0x5D, 0xFF, 0x5D, 0x5D, 0x5D, 0xFF, 0x5D, 0x5D, 0x5D, 0xFF,
        0x5D, 0x5D, 0x5D, 0xFF, 0x5D, 0x5D, 0x5D, 0xFF, 0x5D, 0x5D, 0x5D, 0xFF,
        0x58, 0x58, 0x58, 0xFF, 0x4F, 0x4F, 0x4F, 0xFF, 0x4E, 0x4E, 0x4E, 0xFF,
        0xFF, 0xFF, 0xFF, 0x00, 0xFF, 0xFF, 0xFF, 0x00, 0xFF, 0xFF, 0xFF, 0x00,
        0xFF, 0xFF, 0xFF, 0x00, 0xFF, 0xFF, 0xFF, 0x00, 0xFF, 0xFF, 0xFF, 0x00,
        0xFF, 0xFF, 0xFF, 0x00, 0xFF, 0xFF, 0xFF, 0x00, 0xFF, 0xFF, 0xFF, 0x00,
        0xFF, 0xFF, 0xFF, 0x00, 0xFF, 0xFF, 0xFF, 0x00, 0xFF, 0xFF, 0xFF, 0x00,
        0xFF, 0xFF, 0xFF, 0x00, 0xFF, 0xFF, 0xFF, 0x00, 0xFF, 0xFF, 0xFF, 0x00,
        0xFF, 0xFF, 0xFF, 0x00, 0xFF, 0xFF, 0xFF, 0x00, 0xFF, 0xFF, 0xFF, 0x00,
        0xFF, 0xFF, 0xFF, 0x00, 0xFF, 0xFF, 0xFF, 0x00, 0xFF, 0xFF, 0xFF, 0x00,
        0xFF, 0xFF, 0xFF, 0x00, 0xFF, 0xFF, 0xFF, 0x00, 0xFF, 0xFF, 0xFF, 0x00,
        0xFF, 0xFF, 0xFF, 0x00, 0xFF, 0xFF, 0xFF, 0x00, 0xFF, 0xFF, 0xFF, 0x00,
        0xFF, 0xFF, 0xFF, 0x00, 0xFF, 0xFF, 0xFF, 0x00, 0xFF, 0xFF, 0xFF, 0x00,
        0xFF, 0xFF, 0xFF, 0x00, 0xFF, 0xFF, 0xFF, 0x00, 0xFF, 0xFF, 0xFF, 0x00,
        0xFF, 0xFF, 0xFF, 0x00, 0xFF, 0xFF, 0xFF, 0x00, 0xFF, 0xFF, 0xFF, 0x00,
        0xFF, 0xFF, 0xFF, 0x00, 0xFF, 0xFF, 0xFF, 0x00, 0xFF, 0xFF, 0xFF, 0x00,
        0xFF, 0xFF, 0xFF, 0x00, 0xFF, 0xFF, 0xFF, 0x00, 0xFF, 0xFF, 0xFF, 0x00,
        0xFF, 0xFF, 0xFF, 0x00, 0xFF, 0xFF, 0xFF, 0x00, 0xFF, 0xFF, 0xFF, 0x00,
        0xFF, 0xFF, 0xFF, 0x00, 0xFF, 0xFF, 0xFF, 0x00, 0xFF, 0xFF, 0xFF, 0x00,
        0xFF, 0xFF, 0xFF, 0x00, 0xFF, 0xFF, 0xFF, 0x00, 0x6D, 0x6D, 0x6D, 0xFF,
        0x68, 0x68, 0x68, 0xFF, 0x70, 0x70, 0x70, 0xFF, 0x73, 0x73, 0x73, 0xFF,
        0x70, 0x70, 0x70, 0xFF, 0x6E, 0x6E, 0x6E, 0xFF, 0x6E, 0x6E, 0x6E, 0xFF,
        0x6E, 0x6E, 0x6E, 0xFF, 0x6E, 0x6E, 0x6E, 0xFF, 0x70, 0x70, 0x70, 0xFF,
        0x73, 0x73, 0x73, 0xFF, 0x70, 0x70, 0x70, 0xFF, 0x68, 0x68, 0x68, 0xFF,
        0x6D, 0x6D, 0x6D, 0xFF, 0xFF, 0xFF, 0xFF, 0x00, 0xFF, 0xFF, 0xFF, 0x00,
        0xFF, 0xFF, 0xFF, 0x00, 0xFF, 0xFF, 0xFF, 0x00, 0xFF, 0xFF, 0xFF, 0x00,
        0xFF, 0xFF, 0xFF, 0x00, 0xFF, 0xFF, 0xFF, 0x00, 0xFF, 0xFF, 0xFF, 0x00,
        0xFF, 0xFF, 0xFF, 0x00, 0xFF, 0xFF, 0xFF, 0x00, 0xFF, 0xFF, 0xFF, 0x00,
        0xFF, 0xFF, 0xFF, 0x00, 0xFF, 0xFF, 0xFF, 0x00, 0xFF, 0xFF, 0xFF, 0x00,
        0xFF, 0xFF, 0xFF, 0x00, 0xFF, 0xFF, 0xFF, 0x00, 0xFF, 0xFF, 0xFF, 0x00,
        0xFF, 0xFF, 0xFF, 0x00, 0xFF, 0xFF, 0xFF, 0x00, 0xFF, 0xFF, 0xFF, 0x00,
        0xFF, 0xFF, 0xFF, 0x00, 0xFF, 0xFF, 0xFF, 0x00, 0xFF, 0xFF, 0xFF, 0x00,
        0xFF, 0xFF, 0xFF, 0x00, 0xFF, 0xFF, 0xFF, 0x00, 0xFF, 0xFF, 0xFF, 0x00,
        0xFF, 0xFF, 0xFF, 0x00, 0xFF, 0xFF, 0xFF, 0x00, 0xFF, 0xFF, 0xFF, 0x00,
        0xFF, 0xFF, 0xFF, 0x00, 0xFF, 0xFF, 0xFF, 0x00, 0xFF, 0xFF, 0xFF, 0x00,
        0xFF, 0xFF, 0xFF, 0x00, 0xFF, 0xFF, 0xFF, 0x00, 0xFF, 0xFF, 0xFF, 0x00,
        0xFF, 0xFF, 0xFF, 0x00, 0xFF, 0xFF, 0xFF, 0x00, 0xFF, 0xFF, 0xFF, 0x00,
        0xFF, 0xFF, 0xFF, 0x00, 0xFF, 0xFF, 0xFF, 0x00, 0xFF, 0xFF, 0xFF, 0x00,
        0xFF, 0xFF, 0xFF, 0x00, 0xFF, 0xFF, 0xFF, 0x00, 0xFF, 0xFF, 0xFF, 0x00,
        0xFF, 0xFF, 0xFF, 0x00, 0xFF, 0xFF, 0xFF, 0x00, 0xFF, 0xFF, 0xFF, 0x00,
        0xFF, 0xFF, 0xFF, 0x00, 0xFF, 0xFF, 0xFF, 0x00, 0xFF, 0xFF, 0xFF, 0x00,
        0x4E, 0x4E, 0x4E, 0xFF, 0x4F, 0x4F, 0x4F, 0xFF, 0x58, 0x58, 0x58, 0xFF,
        0x5D, 0x5D, 0x5D, 0xFF, 0x5D, 0x5D, 0x5D, 0xFF, 0x5D, 0x5D, 0x5D, 0xFF,
        0x5D, 0x5D, 0x5D, 0xFF, 0x5D, 0x5D, 0x5D, 0xFF, 0x5D, 0x5D, 0x5D, 0xFF,
        0x5D, 0x5D, 0x5D, 0xFF, 0x5D, 0x5D, 0x5D, 0xFF, 0x58, 0x58, 0x58, 0xFF,
        0x4F, 0x4F, 0x4F, 0xFF, 0x4E, 0x4E, 0x4E, 0xFF, 0xFF, 0xFF, 0xFF, 0x00,
        0xFF, 0xFF, 0xFF, 0x00, 0xFF, 0xFF, 0xFF, 0x00, 0xFF, 0xFF, 0xFF, 0x00,
        0xFF, 0xFF, 0xFF, 0x00, 0xFF, 0xFF, 0xFF, 0x00, 0xFF, 0xFF, 0xFF, 0x00,
        0xFF, 0xFF, 0xFF, 0x00, 0xFF, 0xFF, 0xFF, 0x00, 0xFF, 0xFF, 0xFF, 0x00,
        0xFF, 0xFF, 0xFF, 0x00, 0xFF, 0xFF, 0xFF, 0x00, 0xFF, 0xFF, 0xFF, 0x00,
        0xFF, 0xFF, 0xFF, 0x00, 0xFF, 0xFF, 0xFF, 0x00, 0xFF, 0xFF, 0xFF, 0x00,
        0xFF, 0xFF, 0xFF, 0x00, 0xFF, 0xFF, 0xFF, 0x00, 0xFF, 0xFF, 0xFF, 0x00,
        0xFF, 0xFF, 0xFF, 0x00, 0xFF, 0xFF, 0xFF, 0x00, 0xFF, 0xFF, 0xFF, 0x00,
        0xFF, 0xFF, 0xFF, 0x00, 0xFF, 0xFF, 0xFF, 0x00, 0xFF, 0xFF, 0xFF, 0x00,
        0xFF, 0xFF, 0xFF, 0x00, 0xFF, 0xFF, 0xFF, 0x00, 0xFF, 0xFF, 0xFF, 0x00,
        0xFF, 0xFF, 0xFF, 0x00, 0xFF, 0xFF, 0xFF, 0x00, 0xFF, 0xFF, 0xFF, 0x00,
        0xFF, 0xFF, 0xFF, 0x00, 0xFF, 0xFF, 0xFF, 0x00, 0xFF, 0xFF, 0xFF, 0x00,
        0xFF, 0xFF, 0xFF, 0x00, 0xFF, 0xFF, 0xFF, 0x00, 0xFF, 0xFF, 0xFF, 0x00,
        0xFF, 0xFF, 0xFF, 0x00, 0xFF, 0xFF, 0xFF, 0x00, 0xFF, 0xFF, 0xFF, 0x00,
        0xFF, 0xFF, 0xFF, 0x00, 0xFF, 0xFF, 0xFF, 0x00, 0xFF, 0xFF, 0xFF, 0x00,
        0xFF, 0xFF, 0xFF, 0x00, 0xFF, 0xFF, 0xFF, 0x00, 0xFF, 0xFF, 0xFF, 0x00,
        0xFF, 0xFF, 0xFF, 0x00, 0xFF, 0xFF, 0xFF, 0x00, 0xFF, 0xFF, 0xFF, 0x00,
        0xFF, 0xFF, 0xFF, 0x00, 0x6D, 0x6D, 0x6D, 0xFF, 0x68, 0x68, 0x68, 0xFF,
        0x70, 0x70, 0x70, 0xFF, 0x73, 0x73, 0x73, 0xFF, 0x70, 0x70, 0x70, 0xFF,
        0x6E, 0x6E, 0x6E, 0xFF, 0x6E, 0x6E, 0x6E, 0xFF, 0x6E, 0x6E, 0x6E, 0xFF,
        0x6E, 0x6E, 0x6E, 0xFF, 0x70, 0x70, 0x70, 0xFF, 0x73, 0x73, 0x73, 0xFF,
        0x70, 0x70, 0x70, 0xFF, 0x68, 0x68, 0x68, 0xFF, 0x6D, 0x6D, 0x6D, 0xFF,
        0xFF, 0xFF, 0xFF, 0x00, 0xFF, 0xFF, 0xFF, 0x00, 0xFF, 0xFF, 0xFF, 0x00,
        0xFF, 0xFF, 0xFF, 0x00, 0xFF, 0xFF, 0xFF, 0x00, 0xFF, 0xFF, 0xFF, 0x00,
        0xFF, 0xFF, 0xFF, 0x00, 0xFF, 0xFF, 0xFF, 0x00, 0xFF, 0xFF, 0xFF, 0x00,
        0xFF, 0xFF, 0xFF, 0x00, 0xFF, 0xFF, 0xFF, 0x00, 0xFF, 0xFF, 0xFF, 0x00,
        0xFF, 0xFF, 0xFF, 0x00, 0xFF, 0xFF, 0xFF, 0x00, 0xFF, 0xFF, 0xFF, 0x00,
        0xFF, 0xFF, 0xFF, 0x00, 0xFF, 0xFF, 0xFF, 0x00, 0xFF, 0xFF, 0xFF, 0x00,
        0xFF, 0xFF, 0xFF, 0x00, 0xFF, 0xFF, 0xFF, 0x00, 0xFF, 0xFF, 0xFF, 0x00,
        0xFF, 0xFF, 0xFF, 0x00, 0xFF, 0xFF, 0xFF, 0x00, 0xFF, 0xFF, 0xFF, 0x00,
        0xFF, 0xFF, 0xFF, 0x00, 0xFF, 0xFF, 0xFF, 0x00, 0xFF, 0xFF, 0xFF, 0x00,
        0xFF, 0xFF, 0xFF, 0x00, 0xFF, 0xFF, 0xFF, 0x00, 0xFF, 0xFF, 0xFF, 0x00,
        0xFF, 0xFF, 0xFF, 0x00, 0xFF, 0xFF, 0xFF, 0x00, 0xFF, 0xFF, 0xFF, 0x00,
        0xFF, 0xFF, 0xFF, 0x00, 0xFF, 0xFF, 0xFF, 0x00, 0xFF, 0xFF, 0xFF, 0x00,
        0xFF, 0xFF, 0xFF, 0x00, 0xFF, 0xFF, 0xFF, 0x00, 0xFF, 0xFF, 0xFF, 0x00,
        0xFF, 0xFF, 0xFF, 0x00, 0xFF, 0xFF, 0xFF, 0x00, 0xFF, 0xFF, 0xFF, 0x00,
        0xFF, 0xFF, 0xFF, 0x00, 0xFF, 0xFF, 0xFF, 0x00, 0xFF, 0xFF, 0xFF, 0x00,
        0xFF, 0xFF, 0xFF, 0x00, 0xFF, 0xFF, 0xFF, 0x00, 0xFF, 0xFF, 0xFF, 0x00,
        0xFF, 0xFF, 0xFF, 0x00, 0xFF, 0xFF, 0xFF, 0x00, 0x4E, 0x4E, 0x4E, 0xFF,
        0x4F, 0x4F, 0x4F, 0xFF, 0x58, 0x58, 0x58, 0xFF, 0x5D, 0x5D, 0x5D, 0xFF,
        0x5D, 0x5D, 0x5D, 0xFF, 0x5D, 0x5D, 0x5D, 0xFF, 0x5D, 0x5D, 0x5D, 0xFF,
        0x5D, 0x5D, 0x5D, 0xFF, 0x5D, 0x5D, 0x5D, 0xFF, 0x5D, 0x5D, 0x5D, 0xFF,
        0x5D, 0x5D, 0x5D, 0xFF, 0x58, 0x58, 0x58, 0xFF, 0x4F, 0x4F, 0x4F, 0xFF,
        0x4E, 0x4E, 0x4E, 0xFF, 0xFF, 0xFF, 0xFF, 0x00, 0xFF, 0xFF, 0xFF, 0x00,
        0xFF, 0xFF, 0xFF, 0x00, 0xFF, 0xFF, 0xFF, 0x00, 0xFF, 0xFF, 0xFF, 0x00,
        0xFF, 0xFF, 0xFF, 0x00, 0xFF, 0xFF, 0xFF, 0x00, 0xFF, 0xFF, 0xFF, 0x00,
        0xFF, 0xFF, 0xFF, 0x00, 0xFF, 0xFF, 0xFF, 0x00, 0xFF, 0xFF, 0xFF, 0x00,
        0xFF, 0xFF, 0xFF, 0x00, 0xFF, 0xFF, 0xFF, 0x00, 0xFF, 0xFF, 0xFF, 0x00,
        0xFF, 0xFF, 0xFF, 0x00, 0xFF, 0xFF, 0xFF, 0x00, 0xFF, 0xFF, 0xFF, 0x00,
        0xFF, 0xFF, 0xFF, 0x00, 0xFF, 0xFF, 0xFF, 0x00, 0xFF, 0xFF, 0xFF, 0x00,
        0xFF, 0xFF, 0xFF, 0x00, 0xFF, 0xFF, 0xFF, 0x00, 0xFF, 0xFF, 0xFF, 0x00,
        0xFF, 0xFF, 0xFF, 0x00, 0xFF, 0xFF, 0xFF, 0x00, 0xFF, 0xFF, 0xFF, 0x00,
        0xFF, 0xFF, 0xFF, 0x00, 0xFF, 0xFF, 0xFF, 0x00, 0xFF, 0xFF, 0xFF, 0x00,
        0xFF, 0xFF, 0xFF, 0x00, 0xFF, 0xFF, 0xFF, 0x00, 0xFF, 0xFF, 0xFF, 0x00,
        0xFF, 0xFF, 0xFF, 0x00, 0xFF, 0xFF, 0xFF, 0x00, 0xFF, 0xFF, 0xFF, 0x00,
        0xFF, 0xFF, 0xFF, 0x00, 0xFF, 0xFF, 0xFF, 0x00, 0xFF, 0xFF, 0xFF, 0x00,
        0xFF, 0xFF, 0xFF, 0x00, 0xFF, 0xFF, 0xFF, 0x00, 0xFF, 0xFF, 0xFF, 0x00,
        0xFF, 0xFF, 0xFF, 0x00, 0xFF, 0xFF, 0xFF, 0x00, 0xFF, 0xFF, 0xFF, 0x00,
        0xFF, 0xFF, 0xFF, 0x00, 0xFF, 0xFF, 0xFF, 0x00, 0xFF, 0xFF, 0xFF, 0x00,
        0xFF, 0xFF, 0xFF, 0x00, 0xFF, 0xFF, 0xFF, 0x00, 0xFF, 0xFF, 0xFF, 0x00,
        0x6D, 0x6D, 0x6D, 0xFF, 0x68, 0x68, 0x68, 0xFF, 0x70, 0x70, 0x70, 0xFF,
        0x73, 0x73, 0x73, 0xFF, 0x70, 0x70, 0x70, 0xFF, 0x6E, 0x6E, 0x6E, 0xFF,
        0x6E, 0x6E, 0x6E, 0xFF, 0x6E, 0x6E, 0x6E, 0xFF, 0x6E, 0x6E, 0x6E, 0xFF,
        0x70, 0x70, 0x70, 0xFF, 0x73, 0x73, 0x73, 0xFF, 0x70, 0x70, 0x70, 0xFF,
        0x68, 0x68, 0x68, 0xFF, 0x6D, 0x6D, 0x6D, 0xFF, 0xFF, 0xFF, 0xFF, 0x00,
        0xFF, 0xFF, 0xFF, 0x00, 0xFF, 0xFF, 0xFF, 0x00, 0xFF, 0xFF, 0xFF, 0x00,
        0xFF, 0xFF, 0xFF, 0x00, 0xFF, 0xFF, 0xFF, 0x00, 0xFF, 0xFF, 0xFF, 0x00,
        0xFF, 0xFF, 0xFF, 0x00, 0xFF, 0xFF, 0xFF, 0x00, 0xFF, 0xFF, 0xFF, 0x00,
        0xFF, 0xFF, 0xFF, 0x00, 0xFF, 0xFF, 0xFF, 0x00, 0xFF, 0xFF, 0xFF, 0x00,
        0xFF, 0xFF, 0xFF, 0x00, 0xFF, 0xFF, 0xFF, 0x00, 0xFF, 0xFF, 0xFF, 0x00,
        0xFF, 0xFF, 0xFF, 0x00, 0xFF, 0xFF, 0xFF, 0x00, 0xFF, 0xFF, 0xFF, 0x00,
        0xFF, 0xFF, 0xFF, 0x00, 0xFF, 0xFF, 0xFF, 0x00, 0xFF, 0xFF, 0xFF, 0x00,
        0xFF, 0xFF, 0xFF, 0x00, 0xFF, 0xFF, 0xFF, 0x00, 0xFF, 0xFF, 0xFF, 0x00,
        0xFF, 0xFF, 0xFF, 0x00, 0xFF, 0xFF, 0xFF, 0x00, 0xFF, 0xFF, 0xFF, 0x00,
        0xFF, 0xFF, 0xFF, 0x00, 0xFF, 0xFF, 0xFF, 0x00, 0xFF, 0xFF, 0xFF, 0x00,
        0xFF, 0xFF, 0xFF, 0x00, 0xFF, 0xFF, 0xFF, 0x00, 0xFF, 0xFF, 0xFF, 0x00,
        0xFF, 0xFF, 0xFF, 0x00, 0xFF, 0xFF, 0xFF, 0x00, 0xFF, 0xFF, 0xFF, 0x00,
        0xFF, 0xFF, 0xFF, 0x00, 0xFF, 0xFF, 0xFF, 0x00, 0xFF, 0xFF, 0xFF, 0x00,
        0xFF, 0xFF, 0xFF, 0x00, 0xFF, 0xFF, 0xFF, 0x00, 0xFF, 0xFF, 0xFF, 0x00,
        0xFF, 0xFF, 0xFF, 0x00, 0xFF, 0xFF, 0xFF, 0x00, 0xFF, 0xFF, 0xFF, 0x00,
        0xFF, 0xFF, 0xFF, 0x00, 0xFF, 0xFF, 0xFF, 0x00, 0xFF, 0xFF, 0xFF, 0x00,
        0xFF, 0xFF, 0xFF, 0x00, 0x4E, 0x4E, 0x4E, 0xFF, 0x4F, 0x4F, 0x4F, 0xFF,
        0x58, 0x58, 0x58, 0xFF, 0x5D, 0x5D, 0x5D, 0xFF, 0x5D, 0x5D, 0x5D, 0xFF,
        0x5D, 0x5D, 0x5D, 0xFF, 0x5D, 0x5D, 0x5D, 0xFF, 0x5D, 0x5D, 0x5D, 0xFF,
        0x5D, 0x5D, 0x5D, 0xFF, 0x5D, 0x5D, 0x5D, 0xFF, 0x5D, 0x5D, 0x5D, 0xFF,
        0x58, 0x58, 0x58, 0xFF, 0x4F, 0x4F, 0x4F, 0xFF, 0x4E, 0x4E, 0x4E, 0xFF,
        0xFF, 0xFF, 0xFF, 0x00, 0xFF, 0xFF, 0xFF, 0x00, 0xFF, 0xFF, 0xFF, 0x00,
        0xFF, 0xFF, 0xFF, 0x00, 0xFF, 0xFF, 0xFF, 0x00, 0xFF, 0xFF, 0xFF, 0x00,
        0xFF, 0xFF, 0xFF, 0x00, 0xFF, 0xFF, 0xFF, 0x00, 0xFF, 0xFF, 0xFF, 0x00,
        0xFF, 0xFF, 0xFF, 0x00, 0xFF, 0xFF, 0xFF, 0x00, 0xFF, 0xFF, 0xFF, 0x00,
        0xFF, 0xFF, 0xFF, 0x00, 0xFF, 0xFF, 0xFF, 0x00, 0xFF, 0xFF, 0xFF, 0x00,
        0xFF, 0xFF, 0xFF, 0x00, 0xFF, 0xFF, 0xFF, 0x00, 0xFF, 0xFF, 0xFF, 0x00,
        0xFF, 0xFF, 0xFF, 0x00, 0xFF, 0xFF, 0xFF, 0x00, 0xFF, 0xFF, 0xFF, 0x00,
        0xFF, 0xFF, 0xFF, 0x00, 0xFF, 0xFF, 0xFF, 0x00, 0xFF, 0xFF, 0xFF, 0x00,
        0xFF, 0xFF, 0xFF, 0x00, 0xFF, 0xFF, 0xFF, 0x00, 0xFF, 0xFF, 0xFF, 0x00,
        0xFF, 0xFF, 0xFF, 0x00, 0xFF, 0xFF, 0xFF, 0x00, 0xFF, 0xFF, 0xFF, 0x00,
        0xFF, 0xFF, 0xFF, 0x00, 0xFF, 0xFF, 0xFF, 0x00, 0xFF, 0xFF, 0xFF, 0x00,
        0xFF, 0xFF, 0xFF, 0x00, 0xFF, 0xFF, 0xFF, 0x00, 0xFF, 0xFF, 0xFF, 0x00,
        0xFF, 0xFF, 0xFF, 0x00, 0xFF, 0xFF, 0xFF, 0x00, 0xFF, 0xFF, 0xFF, 0x00,
        0xFF, 0xFF, 0xFF, 0x00, 0xFF, 0xFF, 0xFF, 0x00, 0xFF, 0xFF, 0xFF, 0x00,
        0xFF, 0xFF, 0xFF, 0x00, 0xFF, 0xFF, 0xFF, 0x00, 0xFF, 0xFF, 0xFF, 0x00,
        0xFF, 0xFF, 0xFF, 0x00, 0xFF, 0xFF, 0xFF, 0x00, 0xFF, 0xFF, 0xFF, 0x00,
        0xFF, 0xFF, 0xFF, 0x00, 0xFF, 0xFF, 0xFF, 0x00, 0x6D, 0x6D, 0x6D, 0xFF,
        0x68, 0x68, 0x68, 0xFF, 0x70, 0x70, 0x70, 0xFF, 0x73, 0x73, 0x73, 0xFF,
        0x70, 0x70, 0x70, 0xFF, 0x6E, 0x6E, 0x6E, 0xFF, 0x6E, 0x6E, 0x6E, 0xFF,
        0x6E, 0x6E, 0x6E, 0xFF, 0x6E, 0x6E, 0x6E, 0xFF, 0x70, 0x70, 0x70, 0xFF,
        0x73, 0x73, 0x73, 0xFF, 0x70, 0x70, 0x70, 0xFF, 0x68, 0x68, 0x68, 0xFF,
        0x6D, 0x6D, 0x6D, 0xFF, 0xFF, 0xFF, 0xFF, 0x00, 0xFF, 0xFF, 0xFF, 0x00,
        0xFF, 0xFF, 0xFF, 0x00, 0xFF, 0xFF, 0xFF, 0x00, 0xFF, 0xFF, 0xFF, 0x00,
        0xFF, 0xFF, 0xFF, 0x00, 0xFF, 0xFF, 0xFF, 0x00, 0xFF, 0xFF, 0xFF, 0x00,
        0xFF, 0xFF, 0xFF, 0x00, 0xFF, 0xFF, 0xFF, 0x00, 0xFF, 0xFF, 0xFF, 0x00,
        0xFF, 0xFF, 0xFF, 0x00, 0xFF, 0xFF, 0xFF, 0x00, 0xFF, 0xFF, 0xFF, 0x00,
        0xFF, 0xFF, 0xFF, 0x00, 0xFF, 0xFF, 0xFF, 0x00, 0xFF, 0xFF, 0xFF, 0x00,
        0xFF, 0xFF, 0xFF, 0x00, 0xFF, 0xFF, 0xFF, 0x00, 0xFF, 0xFF, 0xFF, 0x00,
        0xFF, 0xFF, 0xFF, 0x00, 0xFF, 0xFF, 0xFF, 0x00, 0xFF, 0xFF, 0xFF, 0x00,
        0xFF, 0xFF, 0xFF, 0x00, 0xFF, 0xFF, 0xFF, 0x00, 0xFF, 0xFF, 0xFF, 0x00,
        0xFF, 0xFF, 0xFF, 0x00, 0xFF, 0xFF, 0xFF, 0x00, 0xFF, 0xFF, 0xFF, 0x00,
        0xFF, 0xFF, 0xFF, 0x00, 0xFF, 0xFF, 0xFF, 0x00, 0xFF, 0xFF, 0xFF, 0x00,
        0xFF, 0xFF, 0xFF, 0x00, 0xFF, 0xFF, 0xFF, 0x00, 0xFF, 0xFF, 0xFF, 0x00,
        0xFF, 0xFF, 0xFF, 0x00, 0xFF, 0xFF, 0xFF, 0x00, 0xFF, 0xFF, 0xFF, 0x00,
        0xFF, 0xFF, 0xFF, 0x00, 0xFF, 0xFF, 0xFF, 0x00, 0xFF, 0xFF, 0xFF, 0x00,
        0xFF, 0xFF, 0xFF, 0x00, 0xFF, 0xFF, 0xFF, 0x00, 0xFF, 0xFF, 0xFF, 0x00,
        0xFF, 0xFF, 0xFF, 0x00, 0xFF, 0xFF, 0xFF, 0x00, 0xFF, 0xFF, 0xFF, 0x00,
        0xFF, 0xFF, 0xFF, 0x00, 0xFF, 0xFF, 0xFF, 0x00, 0xFF, 0xFF, 0xFF, 0x00,
        0x4F, 0x4F, 0x4F, 0xFF, 0x50, 0x50, 0x50, 0xFF, 0x59, 0x59, 0x59, 0xFF,
        0x5E, 0x5E, 0x5E, 0xFF, 0x5E, 0x5E, 0x5E, 0xFF, 0x5E, 0x5E, 0x5E, 0xFF,
        0x5E, 0x5E, 0x5E, 0xFF, 0x5E, 0x5E, 0x5E, 0xFF, 0x5E, 0x5E, 0x5E, 0xFF,
        0x5E, 0x5E, 0x5E, 0xFF, 0x5E, 0x5E, 0x5E, 0xFF, 0x59, 0x59, 0x59, 0xFF,
        0x50, 0x50, 0x50, 0xFF, 0x4F, 0x4F, 0x4F, 0xFF, 0xFF, 0xFF, 0xFF, 0x00,
        0xFF, 0xFF, 0xFF, 0x00, 0xFF, 0xFF, 0xFF, 0x00, 0xFF, 0xFF, 0xFF, 0x00,
        0xFF, 0xFF, 0xFF, 0x00, 0xFF, 0xFF, 0xFF, 0x00, 0xFF, 0xFF, 0xFF, 0x00,
        0xFF, 0xFF, 0xFF, 0x00, 0xFF, 0xFF, 0xFF, 0x00, 0xFF, 0xFF, 0xFF, 0x00,
        0xFF, 0xFF, 0xFF, 0x00, 0xFF, 0xFF, 0xFF, 0x00, 0xFF, 0xFF, 0xFF, 0x00,
        0xFF, 0xFF, 0xFF, 0x00, 0xFF, 0xFF, 0xFF, 0x00, 0xFF, 0xFF, 0xFF, 0x00,
        0xFF, 0xFF, 0xFF, 0x00, 0xFF, 0xFF, 0xFF, 0x00, 0xFF, 0xFF, 0xFF, 0x00,
        0xFF, 0xFF, 0xFF, 0x00, 0xFF, 0xFF, 0xFF, 0x00, 0xFF, 0xFF, 0xFF, 0x00,
        0xFF, 0xFF, 0xFF, 0x00, 0xFF, 0xFF, 0xFF, 0x00, 0xFF, 0xFF, 0xFF, 0x00,
        0xFF, 0xFF, 0xFF, 0x00, 0xFF, 0xFF, 0xFF, 0x00, 0xFF, 0xFF, 0xFF, 0x00,
        0xFF, 0xFF, 0xFF, 0x00, 0xFF, 0xFF, 0xFF, 0x00, 0xFF, 0xFF, 0xFF, 0x00,
        0xFF, 0xFF, 0xFF, 0x00, 0xFF, 0xFF, 0xFF, 0x00, 0xFF, 0xFF, 0xFF, 0x00,
        0xFF, 0xFF, 0xFF, 0x00, 0xFF, 0xFF, 0xFF, 0x00, 0xFF, 0xFF, 0xFF, 0x00,
        0xFF, 0xFF, 0xFF, 0x00, 0xFF, 0xFF, 0xFF, 0x00, 0xFF, 0xFF, 0xFF, 0x00,
        0xFF, 0xFF, 0xFF, 0x00, 0xFF, 0xFF, 0xFF, 0x00, 0xFF, 0xFF, 0xFF, 0x00,
        0xFF, 0xFF, 0xFF, 0x00, 0xFF, 0xFF, 0xFF, 0x00, 0xFF, 0xFF, 0xFF, 0x00,
        0xFF, 0xFF, 0xFF, 0x00, 0xFF, 0xFF, 0xFF, 0x00, 0xFF, 0xFF, 0xFF, 0x00,
        0xFF, 0xFF, 0xFF, 0x00, 0x6D, 0x6D, 0x6D, 0xFF, 0x69, 0x69, 0x69, 0xFF,
        0x70, 0x70, 0x70, 0xFF, 0x74, 0x74, 0x74, 0xFF, 0x71, 0x71, 0x71, 0xFF,
        0x70, 0x70, 0x70, 0xFF, 0x6E, 0x6E, 0x6E, 0xFF, 0x6E, 0x6E, 0x6E, 0xFF,
        0x70, 0x70, 0x70, 0xFF, 0x71, 0x71, 0x71, 0xFF, 0x74, 0x74, 0x74, 0xFF,
        0x70, 0x70, 0x70, 0xFF, 0x69, 0x69, 0x69, 0xFF, 0x6D, 0x6D, 0x6D, 0xFF,
        0xFF, 0xFF, 0xFF, 0x00, 0xFF, 0xFF, 0xFF, 0x00, 0xFF, 0xFF, 0xFF, 0x00,
        0xFF, 0xFF, 0xFF, 0x00, 0xFF, 0xFF, 0xFF, 0x00, 0xFF, 0xFF, 0xFF, 0x00,
        0xFF, 0xFF, 0xFF, 0x00, 0xFF, 0xFF, 0xFF, 0x00, 0xFF, 0xFF, 0xFF, 0x00,
        0xFF, 0xFF, 0xFF, 0x00, 0xFF, 0xFF, 0xFF, 0x00, 0xFF, 0xFF, 0xFF, 0x00,
        0xFF, 0xFF, 0xFF, 0x00, 0xFF, 0xFF, 0xFF, 0x00, 0xFF, 0xFF, 0xFF, 0x00,
        0xFF, 0xFF, 0xFF, 0x00, 0xFF, 0xFF, 0xFF, 0x00, 0xFF, 0xFF, 0xFF, 0x00,
        0xFF, 0xFF, 0xFF, 0x00, 0xFF, 0xFF, 0xFF, 0x00, 0xFF, 0xFF, 0xFF, 0x00,
        0xFF, 0xFF, 0xFF, 0x00, 0xFF, 0xFF, 0xFF, 0x00, 0xFF, 0xFF, 0xFF, 0x00,
        0xFF, 0xFF, 0xFF, 0x00, 0xFF, 0xFF, 0xFF, 0x00, 0xFF, 0xFF, 0xFF, 0x00,
        0xFF, 0xFF, 0xFF, 0x00, 0xFF, 0xFF, 0xFF, 0x00, 0xFF, 0xFF, 0xFF, 0x00,
        0xFF, 0xFF, 0xFF, 0x00, 0xFF, 0xFF, 0xFF, 0x00, 0xFF, 0xFF, 0xFF, 0x00,
        0xFF, 0xFF, 0xFF, 0x00, 0xFF, 0xFF, 0xFF, 0x00, 0xFF, 0xFF, 0xFF, 0x00,
        0xFF, 0xFF, 0xFF, 0x00, 0xFF, 0xFF, 0xFF, 0x00, 0xFF, 0xFF, 0xFF, 0x00,
        0xFF, 0xFF, 0xFF, 0x00, 0xFF, 0xFF, 0xFF, 0x00, 0xFF, 0xFF, 0xFF, 0x00,
        0xFF, 0xFF, 0xFF, 0x00, 0xFF, 0xFF, 0xFF, 0x00, 0xFF, 0xFF, 0xFF, 0x00,
        0xFF, 0xFF, 0xFF, 0x00, 0xFF, 0xFF, 0xFF, 0x00, 0xFF, 0xFF, 0xFF, 0x00,
        0xFF, 0xFF, 0xFF, 0x00, 0xFF, 0xFF, 0xFF, 0x00, 0x4F, 0x4F, 0x4F, 0xFF,
        0x50, 0x50, 0x50, 0xFF, 0x59, 0x59, 0x59, 0xFF, 0x5E, 0x5E, 0x5E, 0xFF,
        0x5E, 0x5E, 0x5E, 0xFF, 0x5E, 0x5E, 0x5E, 0xFF, 0x5E, 0x5E, 0x5E, 0xFF,
        0x5E, 0x5E, 0x5E, 0xFF, 0x5E, 0x5E, 0x5E, 0xFF, 0x5E, 0x5E, 0x5E, 0xFF,
        0x5E, 0x5E, 0x5E, 0xFF, 0x59, 0x59, 0x59, 0xFF, 0x50, 0x50, 0x50, 0xFF,
        0x4F, 0x4F, 0x4F, 0xFF, 0xFF, 0xFF, 0xFF, 0x00, 0xFF, 0xFF, 0xFF, 0x00,
        0xFF, 0xFF, 0xFF, 0x00, 0xFF, 0xFF, 0xFF, 0x00, 0xFF, 0xFF, 0xFF, 0x00,
        0xFF, 0xFF, 0xFF, 0x00, 0xFF, 0xFF, 0xFF, 0x00, 0xFF, 0xFF, 0xFF, 0x00,
        0xFF, 0xFF, 0xFF, 0x00, 0xFF, 0xFF, 0xFF, 0x00, 0xFF, 0xFF, 0xFF, 0x00,
        0xFF, 0xFF, 0xFF, 0x00, 0xFF, 0xFF, 0xFF, 0x00, 0xFF, 0xFF, 0xFF, 0x00,
        0xFF, 0xFF, 0xFF, 0x00, 0xFF, 0xFF, 0xFF, 0x00, 0xFF, 0xFF, 0xFF, 0x00,
        0xFF, 0xFF, 0xFF, 0x00, 0xFF, 0xFF, 0xFF, 0x00, 0xFF, 0xFF, 0xFF, 0x00,
        0xFF, 0xFF, 0xFF, 0x00, 0xFF, 0xFF, 0xFF, 0x00, 0xFF, 0xFF, 0xFF, 0x00,
        0xFF, 0xFF, 0xFF, 0x00, 0xFF, 0xFF, 0xFF, 0x00, 0xFF, 0xFF, 0xFF, 0x00,
        0xFF, 0xFF, 0xFF, 0x00, 0xFF, 0xFF, 0xFF, 0x00, 0xFF, 0xFF, 0xFF, 0x00,
        0xFF, 0xFF, 0xFF, 0x00, 0xFF, 0xFF, 0xFF, 0x00, 0xFF, 0xFF, 0xFF, 0x00,
        0xFF, 0xFF, 0xFF, 0x00, 0xFF, 0xFF, 0xFF, 0x00, 0xFF, 0xFF, 0xFF, 0x00,
        0xFF, 0xFF, 0xFF, 0x00, 0xFF, 0xFF, 0xFF, 0x00, 0xFF, 0xFF, 0xFF, 0x00,
        0xFF, 0xFF, 0xFF, 0x00, 0xFF, 0xFF, 0xFF, 0x00, 0xFF, 0xFF, 0xFF, 0x00,
        0xFF, 0xFF, 0xFF, 0x00, 0xFF, 0xFF, 0xFF, 0x00, 0xFF, 0xFF, 0xFF, 0x00,
        0xFF, 0xFF, 0xFF, 0x00, 0xFF, 0xFF, 0xFF, 0x00, 0xFF, 0xFF, 0xFF, 0x00,
        0xFF, 0xFF, 0xFF, 0x00, 0xFF, 0xFF, 0xFF, 0x00, 0xFF, 0xFF, 0xFF, 0x00,
        0x6D, 0x6D, 0x6D, 0xFF, 0x69, 0x69, 0x69, 0xFF, 0x71, 0x71, 0x71, 0xFF,
        0x74, 0x74, 0x74, 0xFF, 0x72, 0x72, 0x72, 0xFF, 0x70, 0x70, 0x70, 0xFF,
        0x6E, 0x6E, 0x6E, 0xFF, 0x6E, 0x6E, 0x6E, 0xFF, 0x70, 0x70, 0x70, 0xFF,
        0x72, 0x72, 0x72, 0xFF, 0x74, 0x74, 0x74, 0xFF, 0x71, 0x71, 0x71, 0xFF,
        0x69, 0x69, 0x69, 0xFF, 0x6D, 0x6D, 0x6D, 0xFF, 0xFF, 0xFF, 0xFF, 0x00,
        0xFF, 0xFF, 0xFF, 0x00, 0xFF, 0xFF, 0xFF, 0x00, 0xFF, 0xFF, 0xFF, 0x00,
        0xFF, 0xFF, 0xFF, 0x00, 0xFF, 0xFF, 0xFF, 0x00, 0xFF, 0xFF, 0xFF, 0x00,
        0xFF, 0xFF, 0xFF, 0x00, 0xFF, 0xFF, 0xFF, 0x00, 0xFF, 0xFF, 0xFF, 0x00,
        0xFF, 0xFF, 0xFF, 0x00, 0xFF, 0xFF, 0xFF, 0x00, 0xFF, 0xFF, 0xFF, 0x00,
        0xFF, 0xFF, 0xFF, 0x00, 0xFF, 0xFF, 0xFF, 0x00, 0xFF, 0xFF, 0xFF, 0x00,
        0xFF, 0xFF, 0xFF, 0x00, 0xFF, 0xFF, 0xFF, 0x00, 0xFF, 0xFF, 0xFF, 0x00,
        0xFF, 0xFF, 0xFF, 0x00, 0xFF, 0xFF, 0xFF, 0x00, 0xFF, 0xFF, 0xFF, 0x00,
        0xFF, 0xFF, 0xFF, 0x00, 0xFF, 0xFF, 0xFF, 0x00, 0xFF, 0xFF, 0xFF, 0x00,
        0xFF, 0xFF, 0xFF, 0x00, 0xFF, 0xFF, 0xFF, 0x00, 0xFF, 0xFF, 0xFF, 0x00,
        0xFF, 0xFF, 0xFF, 0x00, 0xFF, 0xFF, 0xFF, 0x00, 0xFF, 0xFF, 0xFF, 0x00,
        0xFF, 0xFF, 0xFF, 0x00, 0xFF, 0xFF, 0xFF, 0x00, 0xFF, 0xFF, 0xFF, 0x00,
        0xFF, 0xFF, 0xFF, 0x00, 0xFF, 0xFF, 0xFF, 0x00, 0xFF, 0xFF, 0xFF, 0x00,
        0xFF, 0xFF, 0xFF, 0x00, 0xFF, 0xFF, 0xFF, 0x00, 0xFF, 0xFF, 0xFF, 0x00,
        0xFF, 0xFF, 0xFF, 0x00, 0xFF, 0xFF, 0xFF, 0x00, 0xFF, 0xFF, 0xFF, 0x00,
        0xFF, 0xFF, 0xFF, 0x00, 0xFF, 0xFF, 0xFF, 0x00, 0xFF, 0xFF, 0xFF, 0x00,
        0xFF, 0xFF, 0xFF, 0x00, 0xFF, 0xFF, 0xFF, 0x00, 0xFF, 0xFF, 0xFF, 0x00,
        0xFF, 0xFF, 0xFF, 0x00, 0x4F, 0x4F, 0x4F, 0xFF, 0x50, 0x50, 0x50, 0xFF,
        0x59, 0x59, 0x59, 0xFF, 0x5E, 0x5E, 0x5E, 0xFF, 0x5E, 0x5E, 0x5E, 0xFF,
        0x5E, 0x5E, 0x5E, 0xFF, 0x5E, 0x5E, 0x5E, 0xFF, 0x5E, 0x5E, 0x5E, 0xFF,
        0x5E, 0x5E, 0x5E, 0xFF, 0x5E, 0x5E, 0x5E, 0xFF, 0x5E, 0x5E, 0x5E, 0xFF,
        0x59, 0x59, 0x59, 0xFF, 0x50, 0x50, 0x50, 0xFF, 0x4F, 0x4F, 0x4F, 0xFF,
        0xFF, 0xFF, 0xFF, 0x00, 0xFF, 0xFF, 0xFF, 0x00, 0xFF, 0xFF, 0xFF, 0x00,
        0xFF, 0xFF, 0xFF, 0x00, 0xFF, 0xFF, 0xFF, 0x00, 0xFF, 0xFF, 0xFF, 0x00,
        0xFF, 0xFF, 0xFF, 0x00, 0xFF, 0xFF, 0xFF, 0x00, 0xFF, 0xFF, 0xFF, 0x00,
        0xFF, 0xFF, 0xFF, 0x00, 0xFF, 0xFF, 0xFF, 0x00, 0xFF, 0xFF, 0xFF, 0x00,
        0xFF, 0xFF, 0xFF, 0x00, 0xFF, 0xFF, 0xFF, 0x00, 0xFF, 0xFF, 0xFF, 0x00,
        0xFF, 0xFF, 0xFF, 0x00, 0xFF, 0xFF, 0xFF, 0x00, 0xFF, 0xFF, 0xFF, 0x00,
        0xFF, 0xFF, 0xFF, 0x00, 0xFF, 0xFF, 0xFF, 0x00, 0xFF, 0xFF, 0xFF, 0x00,
        0xFF, 0xFF, 0xFF, 0x00, 0xFF, 0xFF, 0xFF, 0x00, 0xFF, 0xFF, 0xFF, 0x00,
        0xFF, 0xFF, 0xFF, 0x00, 0xFF, 0xFF, 0xFF, 0x00, 0xFF, 0xFF, 0xFF, 0x00,
        0xFF, 0xFF, 0xFF, 0x00, 0xFF, 0xFF, 0xFF, 0x00, 0xFF, 0xFF, 0xFF, 0x00,
        0xFF, 0xFF, 0xFF, 0x00, 0xFF, 0xFF, 0xFF, 0x00, 0xFF, 0xFF, 0xFF, 0x00,
        0xFF, 0xFF, 0xFF, 0x00, 0xFF, 0xFF, 0xFF, 0x00, 0xFF, 0xFF, 0xFF, 0x00,
        0xFF, 0xFF, 0xFF, 0x00, 0xFF, 0xFF, 0xFF, 0x00, 0xFF, 0xFF, 0xFF, 0x00,
        0xFF, 0xFF, 0xFF, 0x00, 0xFF, 0xFF, 0xFF, 0x00, 0xFF, 0xFF, 0xFF, 0x00,
        0xFF, 0xFF, 0xFF, 0x00, 0xFF, 0xFF, 0xFF, 0x00, 0xFF, 0xFF, 0xFF, 0x00,
        0xFF, 0xFF, 0xFF, 0x00, 0xFF, 0xFF, 0xFF, 0x00, 0xFF, 0xFF, 0xFF, 0x00,
        0xFF, 0xFF, 0xFF, 0x00, 0xFF, 0xFF, 0xFF, 0x00, 0x6E, 0x6E, 0x6E, 0xFF,
        0x69, 0x69, 0x69, 0xFF, 0x71, 0x71, 0x71, 0xFF, 0x74, 0x74, 0x74, 0xFF,
        0x72, 0x72, 0x72, 0xFF, 0x70, 0x70, 0x70, 0xFF, 0x6F, 0x6F, 0x6F, 0xFF,
        0x6F, 0x6F, 0x6F, 0xFF, 0x70, 0x70, 0x70, 0xFF, 0x72, 0x72, 0x72, 0xFF,
        0x74, 0x74, 0x74, 0xFF, 0x71, 0x71, 0x71, 0xFF, 0x69, 0x69, 0x69, 0xFF,
        0x6E, 0x6E, 0x6E, 0xFF, 0xFF, 0xFF, 0xFF, 0x00, 0xFF, 0xFF, 0xFF, 0x00,
        0xFF, 0xFF, 0xFF, 0x00, 0xFF, 0xFF, 0xFF, 0x00, 0xFF, 0xFF, 0xFF, 0x00,
        0xFF, 0xFF, 0xFF, 0x00, 0xFF, 0xFF, 0xFF, 0x00, 0xFF, 0xFF, 0xFF, 0x00,
        0xFF, 0xFF, 0xFF, 0x00, 0xFF, 0xFF, 0xFF, 0x00, 0xFF, 0xFF, 0xFF, 0x00,
        0xFF, 0xFF, 0xFF, 0x00, 0xFF, 0xFF, 0xFF, 0x00, 0xFF, 0xFF, 0xFF, 0x00,
        0xFF, 0xFF, 0xFF, 0x00, 0xFF, 0xFF, 0xFF, 0x00, 0xFF, 0xFF, 0xFF, 0x00,
        0xFF, 0xFF, 0xFF, 0x00, 0xFF, 0xFF, 0xFF, 0x00, 0xFF, 0xFF, 0xFF, 0x00,
        0xFF, 0xFF, 0xFF, 0x00, 0xFF, 0xFF, 0xFF, 0x00, 0xFF, 0xFF, 0xFF, 0x00,
        0xFF, 0xFF, 0xFF, 0x00, 0xFF, 0xFF, 0xFF, 0x00, 0xFF, 0xFF, 0xFF, 0x00,
        0xFF, 0xFF, 0xFF, 0x00, 0xFF, 0xFF, 0xFF, 0x00, 0xFF, 0xFF, 0xFF, 0x00,
        0xFF, 0xFF, 0xFF, 0x00, 0xFF, 0xFF, 0xFF, 0x00, 0xFF, 0xFF, 0xFF, 0x00,
        0xFF, 0xFF, 0xFF, 0x00, 0xFF, 0xFF, 0xFF, 0x00, 0xFF, 0xFF, 0xFF, 0x00,
        0xFF, 0xFF, 0xFF, 0x00, 0xFF, 0xFF, 0xFF, 0x00, 0xFF, 0xFF, 0xFF, 0x00,
        0xFF, 0xFF, 0xFF, 0x00, 0xFF, 0xFF, 0xFF, 0x00, 0xFF, 0xFF, 0xFF, 0x00,
        0xFF, 0xFF, 0xFF, 0x00, 0xFF, 0xFF, 0xFF, 0x00, 0xFF, 0xFF, 0xFF, 0x00,
        0xFF, 0xFF, 0xFF, 0x00, 0xFF, 0xFF, 0xFF, 0x00, 0xFF, 0xFF, 0xFF, 0x00,
        0xFF, 0xFF, 0xFF, 0x00, 0xFF, 0xFF, 0xFF, 0x00, 0xFF, 0xFF, 0xFF, 0x00,
        0x4F, 0x4F, 0x4F, 0xFF, 0x50, 0x50, 0x50, 0xFF, 0x59, 0x59, 0x59, 0xFF,
        0x5E, 0x5E, 0x5E, 0xFF, 0x5E, 0x5E, 0x5E, 0xFF, 0x5E, 0x5E, 0x5E, 0xFF,
        0x5E, 0x5E, 0x5E, 0xFF, 0x5E, 0x5E, 0x5E, 0xFF, 0x5E, 0x5E, 0x5E, 0xFF,
        0x5E, 0x5E, 0x5E, 0xFF, 0x5E, 0x5E, 0x5E, 0xFF, 0x59, 0x59, 0x59, 0xFF,
        0x50, 0x50, 0x50, 0xFF, 0x4F, 0x4F, 0x4F, 0xFF, 0xFF, 0xFF, 0xFF, 0x00,
        0xFF, 0xFF, 0xFF, 0x00, 0xFF, 0xFF, 0xFF, 0x00, 0xFF, 0xFF, 0xFF, 0x00,
        0xFF, 0xFF, 0xFF, 0x00, 0xFF, 0xFF, 0xFF, 0x00, 0xFF, 0xFF, 0xFF, 0x00,
        0xFF, 0xFF, 0xFF, 0x00, 0xFF, 0xFF, 0xFF, 0x00, 0xFF, 0xFF, 0xFF, 0x00,
        0xFF, 0xFF, 0xFF, 0x00, 0xFF, 0xFF, 0xFF, 0x00, 0xFF, 0xFF, 0xFF, 0x00,
        0xFF, 0xFF, 0xFF, 0x00, 0xFF, 0xFF, 0xFF, 0x00, 0xFF, 0xFF, 0xFF, 0x00,
        0xFF, 0xFF, 0xFF, 0x00, 0xFF, 0xFF, 0xFF, 0x00, 0xFF, 0xFF, 0xFF, 0x00,
        0xFF, 0xFF, 0xFF, 0x00, 0xFF, 0xFF, 0xFF, 0x00, 0xFF, 0xFF, 0xFF, 0x00,
        0xFF, 0xFF, 0xFF, 0x00, 0xFF, 0xFF, 0xFF, 0x00, 0xFF, 0xFF, 0xFF, 0x00,
        0xFF, 0xFF, 0xFF, 0x00, 0xFF, 0xFF, 0xFF, 0x00, 0xFF, 0xFF, 0xFF, 0x00,
        0xFF, 0xFF, 0xFF, 0x00, 0xFF, 0xFF, 0xFF, 0x00, 0xFF, 0xFF, 0xFF, 0x00,
        0xFF, 0xFF, 0xFF, 0x00, 0xFF, 0xFF, 0xFF, 0x00, 0xFF, 0xFF, 0xFF, 0x00,
        0xFF, 0xFF, 0xFF, 0x00, 0xFF, 0xFF, 0xFF, 0x00, 0xFF, 0xFF, 0xFF, 0x00,
        0xFF, 0xFF, 0xFF, 0x00, 0xFF, 0xFF, 0xFF, 0x00, 0xFF, 0xFF, 0xFF, 0x00,
        0xFF, 0xFF, 0xFF, 0x00, 0xFF, 0xFF, 0xFF, 0x00, 0xFF, 0xFF, 0xFF, 0x00,
        0xFF, 0xFF, 0xFF, 0x00, 0xFF, 0xFF, 0xFF, 0x00, 0xFF, 0xFF, 0xFF, 0x00,
        0xFF, 0xFF, 0xFF, 0x00, 0xFF, 0xFF, 0xFF, 0x00, 0xFF, 0xFF, 0xFF, 0x00,
        0xFF, 0xFF, 0xFF, 0x00, 0x6E, 0x6E, 0x6E, 0xFF, 0x6A, 0x6A, 0x6A, 0xFF,
        0x72, 0x72, 0x72, 0xFF, 0x75, 0x75, 0x75, 0xFF, 0x72, 0x72, 0x72, 0xFF,
        0x70, 0x70, 0x70, 0xFF, 0x6F, 0x6F, 0x6F, 0xFF, 0x6F, 0x6F, 0x6F, 0xFF,
        0x70, 0x70, 0x70, 0xFF, 0x72, 0x72, 0x72, 0xFF, 0x75, 0x75, 0x75, 0xFF,
        0x72, 0x72, 0x72, 0xFF, 0x6A, 0x6A, 0x6A, 0xFF, 0x6E, 0x6E, 0x6E, 0xFF,
        0xFF, 0xFF, 0xFF, 0x00, 0xFF, 0xFF, 0xFF, 0x00, 0xFF, 0xFF, 0xFF, 0x00,
        0xFF, 0xFF, 0xFF, 0x00, 0xFF, 0xFF, 0xFF, 0x00, 0xFF, 0xFF, 0xFF, 0x00,
        0xFF, 0xFF, 0xFF, 0x00, 0xFF, 0xFF, 0xFF, 0x00, 0xFF, 0xFF, 0xFF, 0x00,
        0xFF, 0xFF, 0xFF, 0x00, 0xFF, 0xFF, 0xFF, 0x00, 0xFF, 0xFF, 0xFF, 0x00,
        0xFF, 0xFF, 0xFF, 0x00, 0xFF, 0xFF, 0xFF, 0x00, 0xFF, 0xFF, 0xFF, 0x00,
        0xFF, 0xFF, 0xFF, 0x00, 0xFF, 0xFF, 0xFF, 0x00, 0xFF, 0xFF, 0xFF, 0x00,
        0xFF, 0xFF, 0xFF, 0x00, 0xFF, 0xFF, 0xFF, 0x00, 0xFF, 0xFF, 0xFF, 0x00,
        0xFF, 0xFF, 0xFF, 0x00, 0xFF, 0xFF, 0xFF, 0x00, 0xFF, 0xFF, 0xFF, 0x00,
        0xFF, 0xFF, 0xFF, 0x00, 0xFF, 0xFF, 0xFF, 0x00, 0xFF, 0xFF, 0xFF, 0x00,
        0xFF, 0xFF, 0xFF, 0x00, 0xFF, 0xFF, 0xFF, 0x00, 0xFF, 0xFF, 0xFF, 0x00,
        0xFF, 0xFF, 0xFF, 0x00, 0xFF, 0xFF, 0xFF, 0x00, 0xFF, 0xFF, 0xFF, 0x00,
        0xFF, 0xFF, 0xFF, 0x00, 0xFF, 0xFF, 0xFF, 0x00, 0xFF, 0xFF, 0xFF, 0x00,
        0xFF, 0xFF, 0xFF, 0x00, 0xFF, 0xFF, 0xFF, 0x00, 0xFF, 0xFF, 0xFF, 0x00,
        0xFF, 0xFF, 0xFF, 0x00, 0xFF, 0xFF, 0xFF, 0x00, 0xFF, 0xFF, 0xFF, 0x00,
        0xFF, 0xFF, 0xFF, 0x00, 0xFF, 0xFF, 0xFF, 0x00, 0xFF, 0xFF, 0xFF, 0x00,
        0xFF, 0xFF, 0xFF, 0x00, 0xFF, 0xFF, 0xFF, 0x00, 0xFF, 0xFF, 0xFF, 0x00,
        0xFF, 0xFF, 0xFF, 0x00, 0xFF, 0xFF, 0xFF, 0x00, 0x4F, 0x4F, 0x4F, 0xFF,
        0x50, 0x50, 0x50, 0xFF, 0x59, 0x59, 0x59, 0xFF, 0x5E, 0x5E, 0x5E, 0xFF,
        0x5E, 0x5E, 0x5E, 0xFF, 0x5E, 0x5E, 0x5E, 0xFF, 0x5E, 0x5E, 0x5E, 0xFF,
        0x5E, 0x5E, 0x5E, 0xFF, 0x5E, 0x5E, 0x5E, 0xFF, 0x5E, 0x5E, 0x5E, 0xFF,
        0x5E, 0x5E, 0x5E, 0xFF, 0x59, 0x59, 0x59, 0xFF, 0x50, 0x50, 0x50, 0xFF,
        0x4F, 0x4F, 0x4F, 0xFF, 0xFF, 0xFF, 0xFF, 0x00, 0xFF, 0xFF, 0xFF, 0x00,
        0xFF, 0xFF, 0xFF, 0x00, 0xFF, 0xFF, 0xFF, 0x00, 0xFF, 0xFF, 0xFF, 0x00,
        0xFF, 0xFF, 0xFF, 0x00, 0xFF, 0xFF, 0xFF, 0x00, 0xFF, 0xFF, 0xFF, 0x00,
        0xFF, 0xFF, 0xFF, 0x00, 0xFF, 0xFF, 0xFF, 0x00, 0xFF, 0xFF, 0xFF, 0x00,
        0xFF, 0xFF, 0xFF, 0x00, 0xFF, 0xFF, 0xFF, 0x00, 0xFF, 0xFF, 0xFF, 0x00,
        0xFF, 0xFF, 0xFF, 0x00, 0xFF, 0xFF, 0xFF, 0x00, 0xFF, 0xFF, 0xFF, 0x00,
        0xFF, 0xFF, 0xFF, 0x00, 0xFF, 0xFF, 0xFF, 0x00, 0xFF, 0xFF, 0xFF, 0x00,
        0xFF, 0xFF, 0xFF, 0x00, 0xFF, 0xFF, 0xFF, 0x00, 0xFF, 0xFF, 0xFF, 0x00,
        0xFF, 0xFF, 0xFF, 0x00, 0xFF, 0xFF, 0xFF, 0x00, 0xFF, 0xFF, 0xFF, 0x00,
        0xFF, 0xFF, 0xFF, 0x00, 0xFF, 0xFF, 0xFF, 0x00, 0xFF, 0xFF, 0xFF, 0x00,
        0xFF, 0xFF, 0xFF, 0x00, 0xFF, 0xFF, 0xFF, 0x00, 0xFF, 0xFF, 0xFF, 0x00,
        0xFF, 0xFF, 0xFF, 0x00, 0xFF, 0xFF, 0xFF, 0x00, 0xFF, 0xFF, 0xFF, 0x00,
        0xFF, 0xFF, 0xFF, 0x00, 0xFF, 0xFF, 0xFF, 0x00, 0xFF, 0xFF, 0xFF, 0x00,
        0xFF, 0xFF, 0xFF, 0x00, 0xFF, 0xFF, 0xFF, 0x00, 0xFF, 0xFF, 0xFF, 0x00,
        0xFF, 0xFF, 0xFF, 0x00, 0xFF, 0xFF, 0xFF, 0x00, 0xFF, 0xFF, 0xFF, 0x00,
        0xFF, 0xFF, 0xFF, 0x00, 0xFF, 0xFF, 0xFF, 0x00, 0xFF, 0xFF, 0xFF, 0x00,
        0xFF, 0xFF, 0xFF, 0x00, 0xFF, 0xFF, 0xFF, 0x00, 0xFF, 0xFF, 0xFF, 0x00,
        0x6E, 0x6E, 0x6E, 0xFF, 0x6B, 0x6B, 0x6B, 0xFF, 0x72, 0x72, 0x72, 0xFF,
        0x75, 0x75, 0x75, 0xFF, 0x73, 0x73, 0x73, 0xFF, 0x71, 0x71, 0x71, 0xFF,
        0x70, 0x70, 0x70, 0xFF, 0x70, 0x70, 0x70, 0xFF, 0x71, 0x71, 0x71, 0xFF,
        0x73, 0x73, 0x73, 0xFF, 0x75, 0x75, 0x75, 0xFF, 0x72, 0x72, 0x72, 0xFF,
        0x6B, 0x6B, 0x6B, 0xFF, 0x6E, 0x6E, 0x6E, 0xFF, 0xFF, 0xFF, 0xFF, 0x00,
        0xFF, 0xFF, 0xFF, 0x00, 0xFF, 0xFF, 0xFF, 0x00, 0xFF, 0xFF, 0xFF, 0x00,
        0xFF, 0xFF, 0xFF, 0x00, 0xFF, 0xFF, 0xFF, 0x00, 0xFF, 0xFF, 0xFF, 0x00,
        0xFF, 0xFF, 0xFF, 0x00, 0xFF, 0xFF, 0xFF, 0x00, 0xFF, 0xFF, 0xFF, 0x00,
        0xFF, 0xFF, 0xFF, 0x00, 0xFF, 0xFF, 0xFF, 0x00, 0xFF, 0xFF, 0xFF, 0x00,
        0xFF, 0xFF, 0xFF, 0x00, 0xFF, 0xFF, 0xFF, 0x00, 0xFF, 0xFF, 0xFF, 0x00,
        0xFF, 0xFF, 0xFF, 0x00, 0xFF, 0xFF, 0xFF, 0x00, 0xFF, 0xFF, 0xFF, 0x00,
        0xFF, 0xFF, 0xFF, 0x00, 0xFF, 0xFF, 0xFF, 0x00, 0xFF, 0xFF, 0xFF, 0x00,
        0xFF, 0xFF, 0xFF, 0x00, 0xFF, 0xFF, 0xFF, 0x00, 0xFF, 0xFF, 0xFF, 0x00,
        0xFF, 0xFF, 0xFF, 0x00, 0xFF, 0xFF, 0xFF, 0x00, 0xFF, 0xFF, 0xFF, 0x00,
        0xFF, 0xFF, 0xFF, 0x00, 0xFF, 0xFF, 0xFF, 0x00, 0xFF, 0xFF, 0xFF, 0x00,
        0xFF, 0xFF, 0xFF, 0x00, 0xFF, 0xFF, 0xFF, 0x00, 0xFF, 0xFF, 0xFF, 0x00,
        0xFF, 0xFF, 0xFF, 0x00, 0xFF, 0xFF, 0xFF, 0x00, 0xFF, 0xFF, 0xFF, 0x00,
        0xFF, 0xFF, 0xFF, 0x00, 0xFF, 0xFF, 0xFF, 0x00, 0xFF, 0xFF, 0xFF, 0x00,
        0xFF, 0xFF, 0xFF, 0x00, 0xFF, 0xFF, 0xFF, 0x00, 0xFF, 0xFF, 0xFF, 0x00,
        0xFF, 0xFF, 0xFF, 0x00, 0xFF, 0xFF, 0xFF, 0x00, 0xFF, 0xFF, 0xFF, 0x00,
        0xFF, 0xFF, 0xFF, 0x00, 0xFF, 0xFF, 0xFF, 0x00, 0xFF, 0xFF, 0xFF, 0x00,
        0xFF, 0xFF, 0xFF, 0x00, 0x50, 0x50, 0x50, 0xFF, 0x50, 0x50, 0x50, 0xFF,
        0x59, 0x59, 0x59, 0xFF, 0x5E, 0x5E, 0x5E, 0xFF, 0x5E, 0x5E, 0x5E, 0xFF,
        0x5E, 0x5E, 0x5E, 0xFF, 0x5E, 0x5E, 0x5E, 0xFF, 0x5E, 0x5E, 0x5E, 0xFF,
        0x5E, 0x5E, 0x5E, 0xFF, 0x5E, 0x5E, 0x5E, 0xFF, 0x5E, 0x5E, 0x5E, 0xFF,
        0x59, 0x59, 0x59, 0xFF, 0x50, 0x50, 0x50, 0xFF, 0x50, 0x50, 0x50, 0xFF,
        0xFF, 0xFF, 0xFF, 0x00, 0xFF, 0xFF, 0xFF, 0x00, 0xFF, 0xFF, 0xFF, 0x00,
        0xFF, 0xFF, 0xFF, 0x00, 0xFF, 0xFF, 0xFF, 0x00, 0xFF, 0xFF, 0xFF, 0x00,
        0xFF, 0xFF, 0xFF, 0x00, 0xFF, 0xFF, 0xFF, 0x00, 0xFF, 0xFF, 0xFF, 0x00,
        0xFF, 0xFF, 0xFF, 0x00, 0xFF, 0xFF, 0xFF, 0x00, 0xFF, 0xFF, 0xFF, 0x00,
        0xFF, 0xFF, 0xFF, 0x00, 0xFF, 0xFF, 0xFF, 0x00, 0xFF, 0xFF, 0xFF, 0x00,
        0xFF, 0xFF, 0xFF, 0x00, 0xFF, 0xFF, 0xFF, 0x00, 0xFF, 0xFF, 0xFF, 0x00,
        0xFF, 0xFF, 0xFF, 0x00, 0xFF, 0xFF, 0xFF, 0x00, 0xFF, 0xFF, 0xFF, 0x00,
        0xFF, 0xFF, 0xFF, 0x00, 0xFF, 0xFF, 0xFF, 0x00, 0xFF, 0xFF, 0xFF, 0x00,
        0xFF, 0xFF, 0xFF, 0x00, 0xFF, 0xFF, 0xFF, 0x00, 0xFF, 0xFF, 0xFF, 0x00,
        0xFF, 0xFF, 0xFF, 0x00, 0xFF, 0xFF, 0xFF, 0x00, 0xFF, 0xFF, 0xFF, 0x00,
        0xFF, 0xFF, 0xFF, 0x00, 0xFF, 0xFF, 0xFF, 0x00, 0xFF, 0xFF, 0xFF, 0x00,
        0xFF, 0xFF, 0xFF, 0x00, 0xFF, 0xFF, 0xFF, 0x00, 0xFF, 0xFF, 0xFF, 0x00,
        0xFF, 0xFF, 0xFF, 0x00, 0xFF, 0xFF, 0xFF, 0x00, 0xFF, 0xFF, 0xFF, 0x00,
        0xFF, 0xFF, 0xFF, 0x00, 0xFF, 0xFF, 0xFF, 0x00, 0xFF, 0xFF, 0xFF, 0x00,
        0xFF, 0xFF, 0xFF, 0x00, 0xFF, 0xFF, 0xFF, 0x00, 0xFF, 0xFF, 0xFF, 0x00,
        0xFF, 0xFF, 0xFF, 0x00, 0xFF, 0xFF, 0xFF, 0x00, 0xFF, 0xFF, 0xFF, 0x00,
        0xFF, 0xFF, 0xFF, 0x00, 0xFF, 0xFF, 0xFF, 0x00, 0x70, 0x70, 0x70, 0xFF,
        0x6B, 0x6B, 0x6B, 0xFF, 0x73, 0x73, 0x73, 0xFF, 0x77, 0x77, 0x77, 0xFF,
        0x74, 0x74, 0x74, 0xFF, 0x72, 0x72, 0x72, 0xFF, 0x71, 0x71, 0x71, 0xFF,
        0x71, 0x71, 0x71, 0xFF, 0x72, 0x72, 0x72, 0xFF, 0x74, 0x74, 0x74, 0xFF,
        0x77, 0x77, 0x77, 0xFF, 0x73, 0x73, 0x73, 0xFF, 0x6B, 0x6B, 0x6B, 0xFF,
        0x70, 0x70, 0x70, 0xFF, 0xFF, 0xFF, 0xFF, 0x00, 0xFF, 0xFF, 0xFF, 0x00,
        0xFF, 0xFF, 0xFF, 0x00, 0xFF, 0xFF, 0xFF, 0x00, 0xFF, 0xFF, 0xFF, 0x00,
        0xFF, 0xFF, 0xFF, 0x00, 0xFF, 0xFF, 0xFF, 0x00, 0xFF, 0xFF, 0xFF, 0x00,
        0xFF, 0xFF, 0xFF, 0x00, 0xFF, 0xFF, 0xFF, 0x00, 0xFF, 0xFF, 0xFF, 0x00,
        0xFF, 0xFF, 0xFF, 0x00, 0xFF, 0xFF, 0xFF, 0x00, 0xFF, 0xFF, 0xFF, 0x00,
        0xFF, 0xFF, 0xFF, 0x00, 0xFF, 0xFF, 0xFF, 0x00, 0xFF, 0xFF, 0xFF, 0x00,
        0xFF, 0xFF, 0xFF, 0x00, 0xFF, 0xFF, 0xFF, 0x00, 0xFF, 0xFF, 0xFF, 0x00,
        0xFF, 0xFF, 0xFF, 0x00, 0xFF, 0xFF, 0xFF, 0x00, 0xFF, 0xFF, 0xFF, 0x00,
        0xFF, 0xFF, 0xFF, 0x00, 0xFF, 0xFF, 0xFF, 0x00, 0xFF, 0xFF, 0xFF, 0x00,
        0xFF, 0xFF, 0xFF, 0x00, 0xFF, 0xFF, 0xFF, 0x00, 0xFF, 0xFF, 0xFF, 0x00,
        0xFF, 0xFF, 0xFF, 0x00, 0xFF, 0xFF, 0xFF, 0x00, 0xFF, 0xFF, 0xFF, 0x00,
        0xFF, 0xFF, 0xFF, 0x00, 0xFF, 0xFF, 0xFF, 0x00, 0xFF, 0xFF, 0xFF, 0x00,
        0xFF, 0xFF, 0xFF, 0x00, 0xFF, 0xFF, 0xFF, 0x00, 0xFF, 0xFF, 0xFF, 0x00,
        0xFF, 0xFF, 0xFF, 0x00, 0xFF, 0xFF, 0xFF, 0x00, 0xFF, 0xFF, 0xFF, 0x00,
        0xFF, 0xFF, 0xFF, 0x00, 0xFF, 0xFF, 0xFF, 0x00, 0xFF, 0xFF, 0xFF, 0x00,
        0xFF, 0xFF, 0xFF, 0x00, 0xFF, 0xFF, 0xFF, 0x00, 0xFF, 0xFF, 0xFF, 0x00,
        0xFF, 0xFF, 0xFF, 0x00, 0xFF, 0xFF, 0xFF, 0x00, 0xFF, 0xFF, 0xFF, 0x00,
        0x50, 0x50, 0x50, 0xFF, 0x51, 0x51, 0x51, 0xFF, 0x5A, 0x5A, 0x5A, 0xFF,
        0x5E, 0x5E, 0x5E, 0xFF, 0x5E, 0x5E, 0x5E, 0xFF, 0x5E, 0x5E, 0x5E, 0xFF,
        0x5E, 0x5E, 0x5E, 0xFF, 0x5E, 0x5E, 0x5E, 0xFF, 0x5E, 0x5E, 0x5E, 0xFF,
        0x5E, 0x5E, 0x5E, 0xFF, 0x5E, 0x5E, 0x5E, 0xFF, 0x5A, 0x5A, 0x5A, 0xFF,
        0x51, 0x51, 0x51, 0xFF, 0x50, 0x50, 0x50, 0xFF, 0xFF, 0xFF, 0xFF, 0x00,
        0xFF, 0xFF, 0xFF, 0x00, 0xFF, 0xFF, 0xFF, 0x00, 0xFF, 0xFF, 0xFF, 0x00,
        0xFF, 0xFF, 0xFF, 0x00, 0xFF, 0xFF, 0xFF, 0x00, 0xFF, 0xFF, 0xFF, 0x00,
        0xFF, 0xFF, 0xFF, 0x00, 0xFF, 0xFF, 0xFF, 0x00, 0xFF, 0xFF, 0xFF, 0x00,
        0xFF, 0xFF, 0xFF, 0x00, 0xFF, 0xFF, 0xFF, 0x00, 0xFF, 0xFF, 0xFF, 0x00,
        0xFF, 0xFF, 0xFF, 0x00, 0xFF, 0xFF, 0xFF, 0x00, 0xFF, 0xFF, 0xFF, 0x00,
        0xFF, 0xFF, 0xFF, 0x00, 0xFF, 0xFF, 0xFF, 0x00, 0xFF, 0xFF, 0xFF, 0x00,
        0xFF, 0xFF, 0xFF, 0x00, 0xFF, 0xFF, 0xFF, 0x00, 0xFF, 0xFF, 0xFF, 0x00,
        0xFF, 0xFF, 0xFF, 0x00, 0xFF, 0xFF, 0xFF, 0x00, 0xFF, 0xFF, 0xFF, 0x00,
        0xFF, 0xFF, 0xFF, 0x00, 0xFF, 0xFF, 0xFF, 0x00, 0xFF, 0xFF, 0xFF, 0x00,
        0xFF, 0xFF, 0xFF, 0x00, 0xFF, 0xFF, 0xFF, 0x00, 0xFF, 0xFF, 0xFF, 0x00,
        0xFF, 0xFF, 0xFF, 0x00, 0xFF, 0xFF, 0xFF, 0x00, 0xFF, 0xFF, 0xFF, 0x00,
        0xFF, 0xFF, 0xFF, 0x00, 0xFF, 0xFF, 0xFF, 0x00, 0xFF, 0xFF, 0xFF, 0x00,
        0xFF, 0xFF, 0xFF, 0x00, 0xFF, 0xFF, 0xFF, 0x00, 0xFF, 0xFF, 0xFF, 0x00,
        0xFF, 0xFF, 0xFF, 0x00, 0xFF, 0xFF, 0xFF, 0x00, 0xFF, 0xFF, 0xFF, 0x00,
        0xFF, 0xFF, 0xFF, 0x00, 0xFF, 0xFF, 0xFF, 0x00, 0xFF, 0xFF, 0xFF, 0x00,
        0xFF, 0xFF, 0xFF, 0x00, 0xFF, 0xFF, 0xFF, 0x00, 0xFF, 0xFF, 0xFF, 0x00,
        0xFF, 0xFF, 0xFF, 0x00, 0x72, 0x72, 0x72, 0xFF, 0x6D, 0x6D, 0x6D, 0xFF,
        0x76, 0x76, 0x76, 0xFF, 0x78, 0x78, 0x78, 0xFF, 0x75, 0x75, 0x75, 0xFF,
        0x73, 0x73, 0x73, 0xFF, 0x73, 0x73, 0x73, 0xFF, 0x73, 0x73, 0x73, 0xFF,
        0x73, 0x73, 0x73, 0xFF, 0x75, 0x75, 0x75, 0xFF, 0x78, 0x78, 0x78, 0xFF,
        0x77, 0x77, 0x77, 0xFF, 0x6E, 0x6E, 0x6E, 0xFF, 0x72, 0x72, 0x72, 0xFF,
        0xFF, 0xFF, 0xFF, 0x00, 0xFF, 0xFF, 0xFF, 0x00, 0xFF, 0xFF, 0xFF, 0x00,
        0xFF, 0xFF, 0xFF, 0x00, 0xFF, 0xFF, 0xFF, 0x00, 0xFF, 0xFF, 0xFF, 0x00,
        0xFF, 0xFF, 0xFF, 0x00, 0xFF, 0xFF, 0xFF, 0x00, 0xFF, 0xFF, 0xFF, 0x00,
        0xFF, 0xFF, 0xFF, 0x00, 0xFF, 0xFF, 0xFF, 0x00, 0xFF, 0xFF, 0xFF, 0x00,
        0xFF, 0xFF, 0xFF, 0x00, 0xFF, 0xFF, 0xFF, 0x00, 0xFF, 0xFF, 0xFF, 0x00,
        0xFF, 0xFF, 0xFF, 0x00, 0xFF, 0xFF, 0xFF, 0x00, 0xFF, 0xFF, 0xFF, 0x00,
        0xFF, 0xFF, 0xFF, 0x00, 0xFF, 0xFF, 0xFF, 0x00, 0xFF, 0xFF, 0xFF, 0x00,
        0xFF, 0xFF, 0xFF, 0x00, 0xFF, 0xFF, 0xFF, 0x00, 0xFF, 0xFF, 0xFF, 0x00,
        0xFF, 0xFF, 0xFF, 0x00, 0xFF, 0xFF, 0xFF, 0x00, 0xFF, 0xFF, 0xFF, 0x00,
        0xFF, 0xFF, 0xFF, 0x00, 0xFF, 0xFF, 0xFF, 0x00, 0xFF, 0xFF, 0xFF, 0x00,
        0xFF, 0xFF, 0xFF, 0x00, 0xFF, 0xFF, 0xFF, 0x00, 0xFF, 0xFF, 0xFF, 0x00,
        0xFF, 0xFF, 0xFF, 0x00, 0xFF, 0xFF, 0xFF, 0x00, 0xFF, 0xFF, 0xFF, 0x00,
        0xFF, 0xFF, 0xFF, 0x00, 0xFF, 0xFF, 0xFF, 0x00, 0xFF, 0xFF, 0xFF, 0x00,
        0xFF, 0xFF, 0xFF, 0x00, 0xFF, 0xFF, 0xFF, 0x00, 0xFF, 0xFF, 0xFF, 0x00,
        0xFF, 0xFF, 0xFF, 0x00, 0xFF, 0xFF, 0xFF, 0x00, 0xFF, 0xFF, 0xFF, 0x00,
        0xFF, 0xFF, 0xFF, 0x00, 0xFF, 0xFF, 0xFF, 0x00, 0xFF, 0xFF, 0xFF, 0x00,
        0xFF, 0xFF, 0xFF, 0x00, 0xFF, 0xFF, 0xFF, 0x00, 0x53, 0x53, 0x53, 0xFF,
        0x53, 0x53, 0x53, 0xFF, 0x5B, 0x5B, 0x5B, 0xFF, 0x5F, 0x5F, 0x5F, 0xFF,
        0x5E, 0x5E, 0x5E, 0xFF, 0x5E, 0x5E, 0x5E, 0xFF, 0x5E, 0x5E, 0x5E, 0xFF,
        0x5E, 0x5E, 0x5E, 0xFF, 0x5E, 0x5E, 0x5E, 0xFF, 0x5E, 0x5E, 0x5E, 0xFF,
        0x5F, 0x5F, 0x5F, 0xFF, 0x5B, 0x5B, 0x5B, 0xFF, 0x53, 0x53, 0x53, 0xFF,
        0x53, 0x53, 0x53, 0xFF, 0xFF, 0xFF, 0xFF, 0x00, 0xFF, 0xFF, 0xFF, 0x00,
        0xFF, 0xFF, 0xFF, 0x00, 0xFF, 0xFF, 0xFF, 0x00, 0xFF, 0xFF, 0xFF, 0x00,
        0xFF, 0xFF, 0xFF, 0x00, 0xFF, 0xFF, 0xFF, 0x00, 0xFF, 0xFF, 0xFF, 0x00,
        0xFF, 0xFF, 0xFF, 0x00, 0xFF, 0xFF, 0xFF, 0x00, 0xFF, 0xFF, 0xFF, 0x00,
        0xFF, 0xFF, 0xFF, 0x00, 0xFF, 0xFF, 0xFF, 0x00, 0xFF, 0xFF, 0xFF, 0x00,
        0xFF, 0xFF, 0xFF, 0x00, 0xFF, 0xFF, 0xFF, 0x00, 0xFF, 0xFF, 0xFF, 0x00,
        0xFF, 0xFF, 0xFF, 0x00, 0xFF, 0xFF, 0xFF, 0x00, 0xFF, 0xFF, 0xFF, 0x00,
        0xFF, 0xFF, 0xFF, 0x00, 0xFF, 0xFF, 0xFF, 0x00, 0xFF, 0xFF, 0xFF, 0x00,
        0xFF, 0xFF, 0xFF, 0x00, 0xFF, 0xFF, 0xFF, 0x00, 0xFF, 0xFF, 0xFF, 0x00,
        0xFF, 0xFF, 0xFF, 0x00, 0xFF, 0xFF, 0xFF, 0x00, 0xFF, 0xFF, 0xFF, 0x00,
        0xFF, 0xFF, 0xFF, 0x00, 0xFF, 0xFF, 0xFF, 0x00, 0xFF, 0xFF, 0xFF, 0x00,
        0xFF, 0xFF, 0xFF, 0x00, 0xFF, 0xFF, 0xFF, 0x00, 0xFF, 0xFF, 0xFF, 0x00,
        0xFF, 0xFF, 0xFF, 0x00, 0xFF, 0xFF, 0xFF, 0x00, 0xFF, 0xFF, 0xFF, 0x00,
        0xFF, 0xFF, 0xFF, 0x00, 0xFF, 0xFF, 0xFF, 0x00, 0xFF, 0xFF, 0xFF, 0x00,
        0xFF, 0xFF, 0xFF, 0x00, 0xFF, 0xFF, 0xFF, 0x00, 0xFF, 0xFF, 0xFF, 0x00,
        0xFF, 0xFF, 0xFF, 0x00, 0xFF, 0xFF, 0xFF, 0x00, 0xFF, 0xFF, 0xFF, 0x00,
        0xFF, 0xFF, 0xFF, 0x00, 0xFF, 0xFF, 0xFF, 0x00, 0xFF, 0xFF, 0xFF, 0x00,
        0x75, 0x75, 0x75, 0xFF, 0x72, 0x72, 0x72, 0xFF, 0x79, 0x79, 0x79, 0xFF,
        0x7B, 0x7B, 0x7B, 0xFF, 0x77, 0x77, 0x77, 0xFF, 0x75, 0x75, 0x75, 0xFF,
        0x75, 0x75, 0x75, 0xFF, 0x75, 0x75, 0x75, 0xFF, 0x75, 0x75, 0x75, 0xFF,
        0x77, 0x77, 0x77, 0xFF, 0x7B, 0x7B, 0x7B, 0xFF, 0x79, 0x79, 0x79, 0xFF,
        0x72, 0x72, 0x72, 0xFF, 0x75, 0x75, 0x75, 0xFF, 0xFF, 0xFF, 0xFF, 0x00,
        0xFF, 0xFF, 0xFF, 0x00, 0xFF, 0xFF, 0xFF, 0x00, 0xFF, 0xFF, 0xFF, 0x00,
        0xFF, 0xFF, 0xFF, 0x00, 0xFF, 0xFF, 0xFF, 0x00, 0xFF, 0xFF, 0xFF, 0x00,
        0xFF, 0xFF, 0xFF, 0x00, 0xFF, 0xFF, 0xFF, 0x00, 0xFF, 0xFF, 0xFF, 0x00,
        0xFF, 0xFF, 0xFF, 0x00, 0xFF, 0xFF, 0xFF, 0x00, 0xFF, 0xFF, 0xFF, 0x00,
        0xFF, 0xFF, 0xFF, 0x00, 0xFF, 0xFF, 0xFF, 0x00, 0xFF, 0xFF, 0xFF, 0x00,
        0xFF, 0xFF, 0xFF, 0x00, 0xFF, 0xFF, 0xFF, 0x00, 0xFF, 0xFF, 0xFF, 0x00,
        0xFF, 0xFF, 0xFF, 0x00, 0xFF, 0xFF, 0xFF, 0x00, 0xFF, 0xFF, 0xFF, 0x00,
        0xFF, 0xFF, 0xFF, 0x00, 0xFF, 0xFF, 0xFF, 0x00, 0xFF, 0xFF, 0xFF, 0x00,
        0xFF, 0xFF, 0xFF, 0x00, 0xFF, 0xFF, 0xFF, 0x00, 0xFF, 0xFF, 0xFF, 0x00,
        0xFF, 0xFF, 0xFF, 0x00, 0xFF, 0xFF, 0xFF, 0x00, 0xFF, 0xFF, 0xFF, 0x00,
        0xFF, 0xFF, 0xFF, 0x00, 0xFF, 0xFF, 0xFF, 0x00, 0xFF, 0xFF, 0xFF, 0x00,
        0xFF, 0xFF, 0xFF, 0x00, 0xFF, 0xFF, 0xFF, 0x00, 0xFF, 0xFF, 0xFF, 0x00,
        0xFF, 0xFF, 0xFF, 0x00, 0xFF, 0xFF, 0xFF, 0x00, 0xFF, 0xFF, 0xFF, 0x00,
        0xFF, 0xFF, 0xFF, 0x00, 0xFF, 0xFF, 0xFF, 0x00, 0xFF, 0xFF, 0xFF, 0x00,
        0xFF, 0xFF, 0xFF, 0x00, 0xFF, 0xFF, 0xFF, 0x00, 0xFF, 0xFF, 0xFF, 0x00,
        0xFF, 0xFF, 0xFF, 0x00, 0xFF, 0xFF, 0xFF, 0x00, 0xFF, 0xFF, 0xFF, 0x00,
        0xFF, 0xFF, 0xFF, 0x00, 0x56, 0x56, 0x56, 0xFF, 0x56, 0x56, 0x56, 0xFF,
        0x5D, 0x5D, 0x5D, 0xFF, 0x5F, 0x5F, 0x5F, 0xFF, 0x5E, 0x5E, 0x5E, 0xFF,
        0x5E, 0x5E, 0x5E, 0xFF, 0x5E, 0x5E, 0x5E, 0xFF, 0x5E, 0x5E, 0x5E, 0xFF,
        0x5E, 0x5E, 0x5E, 0xFF, 0x5E, 0x5E, 0x5E, 0xFF, 0x5F, 0x5F, 0x5F, 0xFF,
        0x5C, 0x5C, 0x5C, 0xFF, 0x56, 0x56, 0x56, 0xFF, 0x56, 0x56, 0x56, 0xFF,
        0xFF, 0xFF, 0xFF, 0x00, 0xFF, 0xFF, 0xFF, 0x00, 0xFF, 0xFF, 0xFF, 0x00,
        0xFF, 0xFF, 0xFF, 0x00, 0xFF, 0xFF, 0xFF, 0x00, 0xFF, 0xFF, 0xFF, 0x00,
        0xFF, 0xFF, 0xFF, 0x00, 0xFF, 0xFF, 0xFF, 0x00, 0xFF, 0xFF, 0xFF, 0x00,
        0xFF, 0xFF, 0xFF, 0x00, 0xFF, 0xFF, 0xFF, 0x00, 0xFF, 0xFF, 0xFF, 0x00,
        0xFF, 0xFF, 0xFF, 0x00, 0xFF, 0xFF, 0xFF, 0x00, 0xFF, 0xFF, 0xFF, 0x00,
        0xFF, 0xFF, 0xFF, 0x00, 0xFF, 0xFF, 0xFF, 0x00, 0xFF, 0xFF, 0xFF, 0x00,
        0xFF, 0xFF, 0xFF, 0x00, 0xFF, 0xFF, 0xFF, 0x00, 0xFF, 0xFF, 0xFF, 0x00,
        0xFF, 0xFF, 0xFF, 0x00, 0xFF, 0xFF, 0xFF, 0x00, 0xFF, 0xFF, 0xFF, 0x00,
        0xFF, 0xFF, 0xFF, 0x00, 0xFF, 0xFF, 0xFF, 0x00, 0xFF, 0xFF, 0xFF, 0x00,
        0xFF, 0xFF, 0xFF, 0x00, 0xFF, 0xFF, 0xFF, 0x00, 0xFF, 0xFF, 0xFF, 0x00,
        0xFF, 0xFF, 0xFF, 0x00, 0xFF, 0xFF, 0xFF, 0x00, 0xFF, 0xFF, 0xFF, 0x00,
        0xFF, 0xFF, 0xFF, 0x00, 0xFF, 0xFF, 0xFF, 0x00, 0xFF, 0xFF, 0xFF, 0x00,
        0xFF, 0xFF, 0xFF, 0x00, 0xFF, 0xFF, 0xFF, 0x00, 0xFF, 0xFF, 0xFF, 0x00,
        0xFF, 0xFF, 0xFF, 0x00, 0xFF, 0xFF, 0xFF, 0x00, 0xFF, 0xFF, 0xFF, 0x00,
        0xFF, 0xFF, 0xFF, 0x00, 0xFF, 0xFF, 0xFF, 0x00, 0xFF, 0xFF, 0xFF, 0x00,
        0xFF, 0xFF, 0xFF, 0x00, 0xFF, 0xFF, 0xFF, 0x00, 0xFF, 0xFF, 0xFF, 0x00,
        0xFF, 0xFF, 0xFF, 0x00, 0xFF, 0xFF, 0xFF, 0x00, 0x7A, 0x7A, 0x7A, 0xFF,
        0x78, 0x78, 0x78, 0xFF, 0x7D, 0x7D, 0x7D, 0xFF, 0x7D, 0x7D, 0x7D, 0xFF,
        0x79, 0x79, 0x79, 0xFF, 0x77, 0x77, 0x77, 0xFF, 0x77, 0x77, 0x77, 0xFF,
        0x77, 0x77, 0x77, 0xFF, 0x78, 0x78, 0x78, 0xFF, 0x79, 0x79, 0x79, 0xFF,
        0x7D, 0x7D, 0x7D, 0xFF, 0x7D, 0x7D, 0x7D, 0xFF, 0x78, 0x78, 0x78, 0xFF,
        0x7A, 0x7A, 0x7A, 0xFF, 0xFF, 0xFF, 0xFF, 0x00, 0xFF, 0xFF, 0xFF, 0x00,
        0xFF, 0xFF, 0xFF, 0x00, 0xFF, 0xFF, 0xFF, 0x00, 0xFF, 0xFF, 0xFF, 0x00,
        0xFF, 0xFF, 0xFF, 0x00, 0xFF, 0xFF, 0xFF, 0x00, 0xFF, 0xFF, 0xFF, 0x00,
        0xFF, 0xFF, 0xFF, 0x00, 0xFF, 0xFF, 0xFF, 0x00, 0xFF, 0xFF, 0xFF, 0x00,
        0xFF, 0xFF, 0xFF, 0x00, 0xFF, 0xFF, 0xFF, 0x00, 0xFF, 0xFF, 0xFF, 0x00,
        0xFF, 0xFF, 0xFF, 0x00, 0xFF, 0xFF, 0xFF, 0x00, 0xFF, 0xFF, 0xFF, 0x00,
        0xFF, 0xFF, 0xFF, 0x00, 0xFF, 0xFF, 0xFF, 0x00, 0xFF, 0xFF, 0xFF, 0x00,
        0xFF, 0xFF, 0xFF, 0x00, 0xFF, 0xFF, 0xFF, 0x00, 0xFF, 0xFF, 0xFF, 0x00,
        0xFF, 0xFF, 0xFF, 0x00, 0xFF, 0xFF, 0xFF, 0x00, 0xFF, 0xFF, 0xFF, 0x00,
        0xFF, 0xFF, 0xFF, 0x00, 0xFF, 0xFF, 0xFF, 0x00, 0xFF, 0xFF, 0xFF, 0x00,
        0xFF, 0xFF, 0xFF, 0x00, 0xFF, 0xFF, 0xFF, 0x00, 0xFF, 0xFF, 0xFF, 0x00,
        0xFF, 0xFF, 0xFF, 0x00, 0xFF, 0xFF, 0xFF, 0x00, 0xFF, 0xFF, 0xFF, 0x00,
        0xFF, 0xFF, 0xFF, 0x00, 0xFF, 0xFF, 0xFF, 0x00, 0xFF, 0xFF, 0xFF, 0x00,
        0xFF, 0xFF, 0xFF, 0x00, 0xFF, 0xFF, 0xFF, 0x00, 0xFF, 0xFF, 0xFF, 0x00,
        0xFF, 0xFF, 0xFF, 0x00, 0xFF, 0xFF, 0xFF, 0x00, 0xFF, 0xFF, 0xFF, 0x00,
        0xFF, 0xFF, 0xFF, 0x00, 0xFF, 0xFF, 0xFF, 0x00, 0xFF, 0xFF, 0xFF, 0x00,
        0xFF, 0xFF, 0xFF, 0x00, 0xFF, 0xFF, 0xFF, 0x00, 0xFF, 0xFF, 0xFF, 0x00,
        0x5C, 0x5C, 0x5C, 0xF8, 0x59, 0x59, 0x59, 0xFF, 0x5C, 0x5C, 0x5C, 0xFF,
        0x60, 0x60, 0x60, 0xFF, 0x5F, 0x5F, 0x5F, 0xFF, 0x5F, 0x5F, 0x5F, 0xFF,
        0x5F, 0x5F, 0x5F, 0xFF, 0x5F, 0x5F, 0x5F, 0xFF, 0x5F, 0x5F, 0x5F, 0xFF,
        0x5F, 0x5F, 0x5F, 0xFF, 0x5F, 0x5F, 0x5F, 0xFF, 0x5C, 0x5C, 0x5C, 0xFF,
        0x59, 0x59, 0x59, 0xFF, 0x5C, 0x5C, 0x5C, 0xF3, 0xFF, 0xFF, 0xFF, 0x00,
        0xFF, 0xFF, 0xFF, 0x00, 0xFF, 0xFF, 0xFF, 0x00, 0xFF, 0xFF, 0xFF, 0x00,
        0xFF, 0xFF, 0xFF, 0x00, 0xFF, 0xFF, 0xFF, 0x00, 0xFF, 0xFF, 0xFF, 0x00,
        0xFF, 0xFF, 0xFF, 0x00, 0xFF, 0xFF, 0xFF, 0x00, 0xFF, 0xFF, 0xFF, 0x00,
        0xFF, 0xFF, 0xFF, 0x00, 0xFF, 0xFF, 0xFF, 0x00, 0xFF, 0xFF, 0xFF, 0x00,
        0xFF, 0xFF, 0xFF, 0x00, 0xFF, 0xFF, 0xFF, 0x00, 0xFF, 0xFF, 0xFF, 0x00,
        0xFF, 0xFF, 0xFF, 0x00, 0xFF, 0xFF, 0xFF, 0x00, 0xFF, 0xFF, 0xFF, 0x00,
        0xFF, 0xFF, 0xFF, 0x00, 0xFF, 0xFF, 0xFF, 0x00, 0xFF, 0xFF, 0xFF, 0x00,
        0xFF, 0xFF, 0xFF, 0x00, 0xFF, 0xFF, 0xFF, 0x00, 0xFF, 0xFF, 0xFF, 0x00,
        0xFF, 0xFF, 0xFF, 0x00, 0xFF, 0xFF, 0xFF, 0x00, 0xFF, 0xFF, 0xFF, 0x00,
        0xFF, 0xFF, 0xFF, 0x00, 0xFF, 0xFF, 0xFF, 0x00, 0xFF, 0xFF, 0xFF, 0x00,
        0xFF, 0xFF, 0xFF, 0x00, 0xFF, 0xFF, 0xFF, 0x00, 0xFF, 0xFF, 0xFF, 0x00,
        0xFF, 0xFF, 0xFF, 0x00, 0xFF, 0xFF, 0xFF, 0x00, 0xFF, 0xFF, 0xFF, 0x00,
        0xFF, 0xFF, 0xFF, 0x00, 0xFF, 0xFF, 0xFF, 0x00, 0xFF, 0xFF, 0xFF, 0x00,
        0xFF, 0xFF, 0xFF, 0x00, 0xFF, 0xFF, 0xFF, 0x00, 0xFF, 0xFF, 0xFF, 0x00,
        0xFF, 0xFF, 0xFF, 0x00, 0xFF, 0xFF, 0xFF, 0x00, 0xFF, 0xFF, 0xFF, 0x00,
        0xFF, 0xFF, 0xFF, 0x00, 0xFF, 0xFF, 0xFF, 0x00, 0xFF, 0xFF, 0xFF, 0x00,
        0xFF, 0xFF, 0xFF, 0x00, 0x80, 0x80, 0x80, 0xF8, 0x7D, 0x7D, 0x7D, 0xFF,
        0x7E, 0x7E, 0x7E, 0xFF, 0x80, 0x80, 0x80, 0xFF, 0x7C, 0x7C, 0x7C, 0xFF,
        0x7B, 0x7B, 0x7B, 0xFF, 0x7A, 0x7A, 0x7A, 0xFF, 0x7A, 0x7A, 0x7A, 0xFF,
        0x7B, 0x7B, 0x7B, 0xFF, 0x7C, 0x7C, 0x7C, 0xFF, 0x7F, 0x7F, 0x7F, 0xFF,
        0x7E, 0x7E, 0x7E, 0xFF, 0x7C, 0x7C, 0x7C, 0xFF, 0x80, 0x80, 0x80, 0xF3,
        0xFF, 0xFF, 0xFF, 0x00, 0xFF, 0xFF, 0xFF, 0x00, 0xFF, 0xFF, 0xFF, 0x00,
        0xFF, 0xFF, 0xFF, 0x00, 0xFF, 0xFF, 0xFF, 0x00, 0xFF, 0xFF, 0xFF, 0x00,
        0xFF, 0xFF, 0xFF, 0x00, 0xFF, 0xFF, 0xFF, 0x00, 0xFF, 0xFF, 0xFF, 0x00,
        0xFF, 0xFF, 0xFF, 0x00, 0xFF, 0xFF, 0xFF, 0x00, 0xFF, 0xFF, 0xFF, 0x00,
        0xFF, 0xFF, 0xFF, 0x00, 0xFF, 0xFF, 0xFF, 0x00, 0xFF, 0xFF, 0xFF, 0x00,
        0xFF, 0xFF, 0xFF, 0x00, 0xFF, 0xFF, 0xFF, 0x00, 0xFF, 0xFF, 0xFF, 0x00,
        0xFF, 0xFF, 0xFF, 0x00, 0xFF, 0xFF, 0xFF, 0x00, 0xFF, 0xFF, 0xFF, 0x00,
        0xFF, 0xFF, 0xFF, 0x00, 0xFF, 0xFF, 0xFF, 0x00, 0xFF, 0xFF, 0xFF, 0x00,
        0xFF, 0xFF, 0xFF, 0x00, 0xFF, 0xFF, 0xFF, 0x00, 0xFF, 0xFF, 0xFF, 0x00,
        0xFF, 0xFF, 0xFF, 0x00, 0xFF, 0xFF, 0xFF, 0x00, 0xFF, 0xFF, 0xFF, 0x00,
        0xFF, 0xFF, 0xFF, 0x00, 0xFF, 0xFF, 0xFF, 0x00, 0xFF, 0xFF, 0xFF, 0x00,
        0xFF, 0xFF, 0xFF, 0x00, 0xFF, 0xFF, 0xFF, 0x00, 0xFF, 0xFF, 0xFF, 0x00,
        0xFF, 0xFF, 0xFF, 0x00, 0xFF, 0xFF, 0xFF, 0x00, 0xFF, 0xFF, 0xFF, 0x00,
        0xFF, 0xFF, 0xFF, 0x00, 0xFF, 0xFF, 0xFF, 0x00, 0xFF, 0xFF, 0xFF, 0x00,
        0xFF, 0xFF, 0xFF, 0x00, 0xFF, 0xFF, 0xFF, 0x00, 0xFF, 0xFF, 0xFF, 0x00,
        0xFF, 0xFF, 0xFF, 0x00, 0xFF, 0xFF, 0xFF, 0x00, 0xFF, 0xFF, 0xFF, 0x00,
        0xFF, 0xFF, 0xFF, 0x00, 0xFF, 0xFF, 0xFF, 0x00, 0x60, 0x60, 0x60, 0xD0,
        0x5B, 0x5B, 0x5B, 0xFF, 0x5D, 0x5D, 0x5D, 0xFF, 0x61, 0x61, 0x61, 0xFF,
        0x60, 0x60, 0x60, 0xFF, 0x5F, 0x5F, 0x5F, 0xFF, 0x5F, 0x5F, 0x5F, 0xFF,
        0x5F, 0x5F, 0x5F, 0xFF, 0x5F, 0x5F, 0x5F, 0xFF, 0x60, 0x60, 0x60, 0xFF,
        0x61, 0x61, 0x61, 0xFF, 0x5D, 0x5D, 0x5D, 0xFF, 0x5B, 0x5B, 0x5B, 0xFF,
        0x60, 0x60, 0x60, 0xD1, 0xFF, 0xFF, 0xFF, 0x00, 0xFF, 0xFF, 0xFF, 0x00,
        0xFF, 0xFF, 0xFF, 0x00, 0xFF, 0xFF, 0xFF, 0x00, 0xFF, 0xFF, 0xFF, 0x00,
        0xFF, 0xFF, 0xFF, 0x00, 0xFF, 0xFF, 0xFF, 0x00, 0xFF, 0xFF, 0xFF, 0x00,
        0xFF, 0xFF, 0xFF, 0x00, 0xFF, 0xFF, 0xFF, 0x00, 0xFF, 0xFF, 0xFF, 0x00,
        0xFF, 0xFF, 0xFF, 0x00, 0xFF, 0xFF, 0xFF, 0x00, 0xFF, 0xFF, 0xFF, 0x00,
        0xFF, 0xFF, 0xFF, 0x00, 0xFF, 0xFF, 0xFF, 0x00, 0xFF, 0xFF, 0xFF, 0x00,
        0xFF, 0xFF, 0xFF, 0x00, 0xFF, 0xFF, 0xFF, 0x00, 0xFF, 0xFF, 0xFF, 0x00,
        0xFF, 0xFF, 0xFF, 0x00, 0xFF, 0xFF, 0xFF, 0x00, 0xFF, 0xFF, 0xFF, 0x00,
        0xFF, 0xFF, 0xFF, 0x00, 0xFF, 0xFF, 0xFF, 0x00, 0xFF, 0xFF, 0xFF, 0x00,
        0xFF, 0xFF, 0xFF, 0x00, 0xFF, 0xFF, 0xFF, 0x00, 0xFF, 0xFF, 0xFF, 0x00,
        0xFF, 0xFF, 0xFF, 0x00, 0xFF, 0xFF, 0xFF, 0x00, 0xFF, 0xFF, 0xFF, 0x00,
        0xFF, 0xFF, 0xFF, 0x00, 0xFF, 0xFF, 0xFF, 0x00, 0xFF, 0xFF, 0xFF, 0x00,
        0xFF, 0xFF, 0xFF, 0x00, 0xFF, 0xFF, 0xFF, 0x00, 0xFF, 0xFF, 0xFF, 0x00,
        0xFF, 0xFF, 0xFF, 0x00, 0xFF, 0xFF, 0xFF, 0x00, 0xFF, 0xFF, 0xFF, 0x00,
        0xFF, 0xFF, 0xFF, 0x00, 0xFF, 0xFF, 0xFF, 0x00, 0xFF, 0xFF, 0xFF, 0x00,
        0xFF, 0xFF, 0xFF, 0x00, 0xFF, 0xFF, 0xFF, 0x00, 0xFF, 0xFF, 0xFF, 0x00,
        0xFF, 0xFF, 0xFF, 0x00, 0xFF, 0xFF, 0xFF, 0x00, 0xFF, 0xFF, 0xFF, 0x00,
        0x86, 0x86, 0x86, 0xD0, 0x80, 0x80, 0x80, 0xFF, 0x82, 0x82, 0x82, 0xFF,
        0x83, 0x83, 0x83, 0xFF, 0x81, 0x81, 0x81, 0xFF, 0x7E, 0x7E, 0x7E, 0xFF,
        0x7D, 0x7D, 0x7D, 0xFF, 0x7D, 0x7D, 0x7D, 0xFF, 0x7E, 0x7E, 0x7E, 0xFF,
        0x81, 0x81, 0x81, 0xFF, 0x83, 0x83, 0x83, 0xFF, 0x82, 0x82, 0x82, 0xFF,
        0x80, 0x80, 0x80, 0xFF, 0x86, 0x86, 0x86, 0xD1, 0xFF, 0xFF, 0xFF, 0x00,
        0xFF, 0xFF, 0xFF, 0x00, 0xFF, 0xFF, 0xFF, 0x00, 0xFF, 0xFF, 0xFF, 0x00,
        0xFF, 0xFF, 0xFF, 0x00, 0xFF, 0xFF, 0xFF, 0x00, 0xFF, 0xFF, 0xFF, 0x00,
        0xFF, 0xFF, 0xFF, 0x00, 0xFF, 0xFF, 0xFF, 0x00, 0xFF, 0xFF, 0xFF, 0x00,
        0xFF, 0xFF, 0xFF, 0x00, 0xFF, 0xFF, 0xFF, 0x00, 0xFF, 0xFF, 0xFF, 0x00,
        0xFF, 0xFF, 0xFF, 0x00, 0xFF, 0xFF, 0xFF, 0x00, 0xFF, 0xFF, 0xFF, 0x00,
        0xFF, 0xFF, 0xFF, 0x00, 0xFF, 0xFF, 0xFF, 0x00, 0xFF, 0xFF, 0xFF, 0x00,
        0xFF, 0xFF, 0xFF, 0x00, 0xFF, 0xFF, 0xFF, 0x00, 0xFF, 0xFF, 0xFF, 0x00,
        0xFF, 0xFF, 0xFF, 0x00, 0xFF, 0xFF, 0xFF, 0x00, 0xFF, 0xFF, 0xFF, 0x00,
        0xFF, 0xFF, 0xFF, 0x00, 0xFF, 0xFF, 0xFF, 0x00, 0xFF, 0xFF, 0xFF, 0x00,
        0xFF, 0xFF, 0xFF, 0x00, 0xFF, 0xFF, 0xFF, 0x00, 0xFF, 0xFF, 0xFF, 0x00,
        0xFF, 0xFF, 0xFF, 0x00, 0xFF, 0xFF, 0xFF, 0x00, 0xFF, 0xFF, 0xFF, 0x00,
        0xFF, 0xFF, 0xFF, 0x00, 0xFF, 0xFF, 0xFF, 0x00, 0xFF, 0xFF, 0xFF, 0x00,
        0xFF, 0xFF, 0xFF, 0x00, 0xFF, 0xFF, 0xFF, 0x00, 0xFF, 0xFF, 0xFF, 0x00,
        0xFF, 0xFF, 0xFF, 0x00, 0xFF, 0xFF, 0xFF, 0x00, 0xFF, 0xFF, 0xFF, 0x00,
        0xFF, 0xFF, 0xFF, 0x00, 0xFF, 0xFF, 0xFF, 0x00, 0xFF, 0xFF, 0xFF, 0x00,
        0xFF, 0xFF, 0xFF, 0x00, 0xFF, 0xFF, 0xFF, 0x00, 0xFF, 0xFF, 0xFF, 0x00,
        0xFF, 0xFF, 0xFF, 0x00, 0x66, 0x66, 0x66, 0x82, 0x63, 0x63, 0x63, 0xFF,
        0x65, 0x65, 0x65, 0xFF, 0x69, 0x69, 0x69, 0xFF, 0x66, 0x66, 0x66, 0xFF,
        0x60, 0x60, 0x60, 0xFF, 0x5F, 0x5F, 0x5F, 0xFF, 0x5F, 0x5F, 0x5F, 0xFF,
        0x60, 0x60, 0x60, 0xFF, 0x66, 0x66, 0x66, 0xFF, 0x69, 0x69, 0x69, 0xFF,
        0x65, 0x65, 0x65, 0xFF, 0x63, 0x63, 0x63, 0xFF, 0x66, 0x66, 0x66, 0x86,
        0xFF, 0xFF, 0xFF, 0x00, 0xFF, 0xFF, 0xFF, 0x00, 0xFF, 0xFF, 0xFF, 0x00,
        0xFF, 0xFF, 0xFF, 0x00, 0xFF, 0xFF, 0xFF, 0x00, 0xFF, 0xFF, 0xFF, 0x00,
        0xFF, 0xFF, 0xFF, 0x00, 0xFF, 0xFF, 0xFF, 0x00, 0xFF, 0xFF, 0xFF, 0x00,
        0xFF, 0xFF, 0xFF, 0x00, 0xFF, 0xFF, 0xFF, 0x00, 0xFF, 0xFF, 0xFF, 0x00,
        0xFF, 0xFF, 0xFF, 0x00, 0xFF, 0xFF, 0xFF, 0x00, 0xFF, 0xFF, 0xFF, 0x00,
        0xFF, 0xFF, 0xFF, 0x00, 0xFF, 0xFF, 0xFF, 0x00, 0xFF, 0xFF, 0xFF, 0x00,
        0xFF, 0xFF, 0xFF, 0x00, 0xFF, 0xFF, 0xFF, 0x00, 0xFF, 0xFF, 0xFF, 0x00,
        0xFF, 0xFF, 0xFF, 0x00, 0xFF, 0xFF, 0xFF, 0x00, 0xFF, 0xFF, 0xFF, 0x00,
        0xFF, 0xFF, 0xFF, 0x00, 0xFF, 0xFF, 0xFF, 0x00, 0xFF, 0xFF, 0xFF, 0x00,
        0xFF, 0xFF, 0xFF, 0x00, 0xFF, 0xFF, 0xFF, 0x00, 0xFF, 0xFF, 0xFF, 0x00,
        0xFF, 0xFF, 0xFF, 0x00, 0xFF, 0xFF, 0xFF, 0x00, 0xFF, 0xFF, 0xFF, 0x00,
        0xFF, 0xFF, 0xFF, 0x00, 0xFF, 0xFF, 0xFF, 0x00, 0xFF, 0xFF, 0xFF, 0x00,
        0xFF, 0xFF, 0xFF, 0x00, 0xFF, 0xFF, 0xFF, 0x00, 0xFF, 0xFF, 0xFF, 0x00,
        0xFF, 0xFF, 0xFF, 0x00, 0xFF, 0xFF, 0xFF, 0x00, 0xFF, 0xFF, 0xFF, 0x00,
        0xFF, 0xFF, 0xFF, 0x00, 0xFF, 0xFF, 0xFF, 0x00, 0xFF, 0xFF, 0xFF, 0x00,
        0xFF, 0xFF, 0xFF, 0x00, 0xFF, 0xFF, 0xFF, 0x00, 0xFF, 0xFF, 0xFF, 0x00,
        0xFF, 0xFF, 0xFF, 0x00, 0xFF, 0xFF, 0xFF, 0x00, 0x8A, 0x8A, 0x8A, 0x82,
        0x88, 0x88, 0x88, 0xFF, 0x89, 0x89, 0x89, 0xFF, 0x8D, 0x8D, 0x8D, 0xFF,
        0x87, 0x87, 0x87, 0xFF, 0x82, 0x82, 0x82, 0xFF, 0x80, 0x80, 0x80, 0xFF,
        0x80, 0x80, 0x80, 0xFF, 0x82, 0x82, 0x82, 0xFF, 0x87, 0x87, 0x87, 0xFF,
        0x8D, 0x8D, 0x8D, 0xFF, 0x89, 0x89, 0x89, 0xFF, 0x88, 0x88, 0x88, 0xFF,
        0x8A, 0x8A, 0x8A, 0x86, 0xFF, 0xFF, 0xFF, 0x00, 0xFF, 0xFF, 0xFF, 0x00,
        0xFF, 0xFF, 0xFF, 0x00, 0xFF, 0xFF, 0xFF, 0x00, 0xFF, 0xFF, 0xFF, 0x00,
        0xFF, 0xFF, 0xFF, 0x00, 0xFF, 0xFF, 0xFF, 0x00, 0xFF, 0xFF, 0xFF, 0x00,
        0xFF, 0xFF, 0xFF, 0x00, 0xFF, 0xFF, 0xFF, 0x00, 0xFF, 0xFF, 0xFF, 0x00,
        0xFF, 0xFF, 0xFF, 0x00, 0xFF, 0xFF, 0xFF, 0x00, 0xFF, 0xFF, 0xFF, 0x00,
        0xFF, 0xFF, 0xFF, 0x00, 0xFF, 0xFF, 0xFF, 0x00, 0xFF, 0xFF, 0xFF, 0x00,
        0xFF, 0xFF, 0xFF, 0x00, 0xFF, 0xFF, 0xFF, 0x00, 0xFF, 0xFF, 0xFF, 0x00,
        0xFF, 0xFF, 0xFF, 0x00, 0xFF, 0xFF, 0xFF, 0x00, 0xFF, 0xFF, 0xFF, 0x00,
        0xFF, 0xFF, 0xFF, 0x00, 0xFF, 0xFF, 0xFF, 0x00, 0xFF, 0xFF, 0xFF, 0x00,
        0xFF, 0xFF, 0xFF, 0x00, 0xFF, 0xFF, 0xFF, 0x00, 0xFF, 0xFF, 0xFF, 0x00,
        0xFF, 0xFF, 0xFF, 0x00, 0xFF, 0xFF, 0xFF, 0x00, 0xFF, 0xFF, 0xFF, 0x00,
        0xFF, 0xFF, 0xFF, 0x00, 0xFF, 0xFF, 0xFF, 0x00, 0xFF, 0xFF, 0xFF, 0x00,
        0xFF, 0xFF, 0xFF, 0x00, 0xFF, 0xFF, 0xFF, 0x00, 0xFF, 0xFF, 0xFF, 0x00,
        0xFF, 0xFF, 0xFF, 0x00, 0xFF, 0xFF, 0xFF, 0x00, 0xFF, 0xFF, 0xFF, 0x00,
        0xFF, 0xFF, 0xFF, 0x00, 0xFF, 0xFF, 0xFF, 0x00, 0xFF, 0xFF, 0xFF, 0x00,
        0xFF, 0xFF, 0xFF, 0x00, 0xFF, 0xFF, 0xFF, 0x00, 0xFF, 0xFF, 0xFF, 0x00,
        0xFF, 0xFF, 0xFF, 0x00, 0xFF, 0xFF, 0xFF, 0x00, 0xFF, 0xFF, 0xFF, 0x00,
        0x68, 0x68, 0x68, 0x16, 0x6C, 0x6C, 0x6C, 0xF1, 0x6F, 0x6F, 0x6F, 0xFF,
        0x73, 0x73, 0x73, 0xFF, 0x71, 0x71, 0x71, 0xFF, 0x6C, 0x6C, 0x6C, 0xFF,
        0x69, 0x69, 0x69, 0xFF, 0x69, 0x69, 0x69, 0xFF, 0x6C, 0x6C, 0x6C, 0xFF,
        0x71, 0x71, 0x71, 0xFF, 0x73, 0x73, 0x73, 0xFF, 0x6F, 0x6F, 0x6F, 0xFF,
        0x6C, 0x6C, 0x6C, 0xF1, 0x68, 0x68, 0x68, 0x16, 0xFF, 0xFF, 0xFF, 0x00,
        0xFF, 0xFF, 0xFF, 0x00, 0xFF, 0xFF, 0xFF, 0x00, 0xFF, 0xFF, 0xFF, 0x00,
        0xFF, 0xFF, 0xFF, 0x00, 0xFF, 0xFF, 0xFF, 0x00, 0xFF, 0xFF, 0xFF, 0x00,
        0xFF, 0xFF, 0xFF, 0x00, 0xFF, 0xFF, 0xFF, 0x00, 0xFF, 0xFF, 0xFF, 0x00,
        0xFF, 0xFF, 0xFF, 0x00, 0xFF, 0xFF, 0xFF, 0x00, 0xFF, 0xFF, 0xFF, 0x00,
        0xFF, 0xFF, 0xFF, 0x00, 0xFF, 0xFF, 0xFF, 0x00, 0xFF, 0xFF, 0xFF, 0x00,
        0xFF, 0xFF, 0xFF, 0x00, 0xFF, 0xFF, 0xFF, 0x00, 0xFF, 0xFF, 0xFF, 0x00,
        0xFF, 0xFF, 0xFF, 0x00, 0xFF, 0xFF, 0xFF, 0x00, 0xFF, 0xFF, 0xFF, 0x00,
        0xFF, 0xFF, 0xFF, 0x00, 0xFF, 0xFF, 0xFF, 0x00, 0xFF, 0xFF, 0xFF, 0x00,
        0xFF, 0xFF, 0xFF, 0x00, 0xFF, 0xFF, 0xFF, 0x00, 0xFF, 0xFF, 0xFF, 0x00,
        0xFF, 0xFF, 0xFF, 0x00, 0xFF, 0xFF, 0xFF, 0x00, 0xFF, 0xFF, 0xFF, 0x00,
        0xFF, 0xFF, 0xFF, 0x00, 0xFF, 0xFF, 0xFF, 0x00, 0xFF, 0xFF, 0xFF, 0x00,
        0xFF, 0xFF, 0xFF, 0x00, 0xFF, 0xFF, 0xFF, 0x00, 0xFF, 0xFF, 0xFF, 0x00,
        0xFF, 0xFF, 0xFF, 0x00, 0xFF, 0xFF, 0xFF, 0x00, 0xFF, 0xFF, 0xFF, 0x00,
        0xFF, 0xFF, 0xFF, 0x00, 0xFF, 0xFF, 0xFF, 0x00, 0xFF, 0xFF, 0xFF, 0x00,
        0xFF, 0xFF, 0xFF, 0x00, 0xFF, 0xFF, 0xFF, 0x00, 0xFF, 0xFF, 0xFF, 0x00,
        0xFF, 0xFF, 0xFF, 0x00, 0xFF, 0xFF, 0xFF, 0x00, 0xFF, 0xFF, 0xFF, 0x00,
        0xFF, 0xFF, 0xFF, 0x00, 0x8C, 0x8C, 0x8C, 0x16, 0x8F, 0x8F, 0x8F, 0xF1,
        0x91, 0x91, 0x91, 0xFF, 0x94, 0x94, 0x94, 0xFF, 0x93, 0x93, 0x93, 0xFF,
        0x8F, 0x8F, 0x8F, 0xFF, 0x8C, 0x8C, 0x8C, 0xFF, 0x8C, 0x8C, 0x8C, 0xFF,
        0x8F, 0x8F, 0x8F, 0xFF, 0x93, 0x93, 0x93, 0xFF, 0x94, 0x94, 0x94, 0xFF,
        0x91, 0x91, 0x91, 0xFF, 0x8F, 0x8F, 0x8F, 0xF1, 0x8C, 0x8C, 0x8C, 0x16,
        0xFF, 0xFF, 0xFF, 0x00, 0xFF, 0xFF, 0xFF, 0x00, 0xFF, 0xFF, 0xFF, 0x00,
        0xFF, 0xFF, 0xFF, 0x00, 0xFF, 0xFF, 0xFF, 0x00, 0xFF, 0xFF, 0xFF, 0x00,
        0xFF, 0xFF, 0xFF, 0x00, 0xFF, 0xFF, 0xFF, 0x00, 0xFF, 0xFF, 0xFF, 0x00,
        0xFF, 0xFF, 0xFF, 0x00, 0xFF, 0xFF, 0xFF, 0x00, 0xFF, 0xFF, 0xFF, 0x00,
        0xFF, 0xFF, 0xFF, 0x00, 0xFF, 0xFF, 0xFF, 0x00, 0xFF, 0xFF, 0xFF, 0x00,
        0xFF, 0xFF, 0xFF, 0x00, 0xFF, 0xFF, 0xFF, 0x00, 0xFF, 0xFF, 0xFF, 0x00,
        0xFF, 0xFF, 0xFF, 0x00, 0xFF, 0xFF, 0xFF, 0x00, 0xFF, 0xFF, 0xFF, 0x00,
        0xFF, 0xFF, 0xFF, 0x00, 0xFF, 0xFF, 0xFF, 0x00, 0xFF, 0xFF, 0xFF, 0x00,
        0xFF, 0xFF, 0xFF, 0x00, 0xFF, 0xFF, 0xFF, 0x00, 0xFF, 0xFF, 0xFF, 0x00,
        0xFF, 0xFF, 0xFF, 0x00, 0xFF, 0xFF, 0xFF, 0x00, 0xFF, 0xFF, 0xFF, 0x00,
        0xFF, 0xFF, 0xFF, 0x00, 0xFF, 0xFF, 0xFF, 0x00, 0xFF, 0xFF, 0xFF, 0x00,
        0xFF, 0xFF, 0xFF, 0x00, 0xFF, 0xFF, 0xFF, 0x00, 0xFF, 0xFF, 0xFF, 0x00,
        0xFF, 0xFF, 0xFF, 0x00, 0xFF, 0xFF, 0xFF, 0x00, 0xFF, 0xFF, 0xFF, 0x00,
        0xFF, 0xFF, 0xFF, 0x00, 0xFF, 0xFF, 0xFF, 0x00, 0xFF, 0xFF, 0xFF, 0x00,
        0xFF, 0xFF, 0xFF, 0x00, 0xFF, 0xFF, 0xFF, 0x00, 0xFF, 0xFF, 0xFF, 0x00,
        0xFF, 0xFF, 0xFF, 0x00, 0xFF, 0xFF, 0xFF, 0x00, 0xFF, 0xFF, 0xFF, 0x00,
        0xFF, 0xFF, 0xFF, 0x00, 0xFF, 0xFF, 0xFF, 0x00, 0xFF, 0xFF, 0xFF, 0x00,
        0x6D, 0x6D, 0x6D, 0x53, 0x73, 0x73, 0x73, 0xFE, 0x78, 0x78, 0x78, 0xFF,
        0x7C, 0x7C, 0x7C, 0xFF, 0x7D, 0x7D, 0x7D, 0xFF, 0x7C, 0x7C, 0x7C, 0xFF,
        0x7C, 0x7C, 0x7C, 0xFF, 0x7D, 0x7D, 0x7D, 0xFF, 0x7C, 0x7C, 0x7C, 0xFF,
        0x78, 0x78, 0x78, 0xFF, 0x73, 0x73, 0x73, 0xFE, 0x6E, 0x6E, 0x6E, 0x53,
        0xFF, 0xFF, 0xFF, 0x00, 0xFF, 0xFF, 0xFF, 0x00, 0xFF, 0xFF, 0xFF, 0x00,
        0xFF, 0xFF, 0xFF, 0x00, 0xFF, 0xFF, 0xFF, 0x00, 0xFF, 0xFF, 0xFF, 0x00,
        0xFF, 0xFF, 0xFF, 0x00, 0xFF, 0xFF, 0xFF, 0x00, 0xFF, 0xFF, 0xFF, 0x00,
        0xFF, 0xFF, 0xFF, 0x00, 0xFF, 0xFF, 0xFF, 0x00, 0xFF, 0xFF, 0xFF, 0x00,
        0xFF, 0xFF, 0xFF, 0x00, 0xFF, 0xFF, 0xFF, 0x00, 0xFF, 0xFF, 0xFF, 0x00,
        0xFF, 0xFF, 0xFF, 0x00, 0xFF, 0xFF, 0xFF, 0x00, 0xFF, 0xFF, 0xFF, 0x00,
        0xFF, 0xFF, 0xFF, 0x00, 0xFF, 0xFF, 0xFF, 0x00, 0xFF, 0xFF, 0xFF, 0x00,
        0xFF, 0xFF, 0xFF, 0x00, 0xFF, 0xFF, 0xFF, 0x00, 0xFF, 0xFF, 0xFF, 0x00,
        0xFF, 0xFF, 0xFF, 0x00, 0xFF, 0xFF, 0xFF, 0x00, 0xFF, 0xFF, 0xFF, 0x00,
        0xFF, 0xFF, 0xFF, 0x00, 0xFF, 0xFF, 0xFF, 0x00, 0xFF, 0xFF, 0xFF, 0x00,
        0xFF, 0xFF, 0xFF, 0x00, 0xFF, 0xFF, 0xFF, 0x00, 0xFF, 0xFF, 0xFF, 0x00,
        0xFF, 0xFF, 0xFF, 0x00, 0xFF, 0xFF, 0xFF, 0x00, 0xFF, 0xFF, 0xFF, 0x00,
        0xFF, 0xFF, 0xFF, 0x00, 0xFF, 0xFF, 0xFF, 0x00, 0xFF, 0xFF, 0xFF, 0x00,
        0xFF, 0xFF, 0xFF, 0x00, 0xFF, 0xFF, 0xFF, 0x00, 0xFF, 0xFF, 0xFF, 0x00,
        0xFF, 0xFF, 0xFF, 0x00, 0xFF, 0xFF, 0xFF, 0x00, 0xFF, 0xFF, 0xFF, 0x00,
        0xFF, 0xFF, 0xFF, 0x00, 0xFF, 0xFF, 0xFF, 0x00, 0xFF, 0xFF, 0xFF, 0x00,
        0xFF, 0xFF, 0xFF, 0x00, 0xFF, 0xFF, 0xFF, 0x00, 0xFF, 0xFF, 0xFF, 0x00,
        0xFF, 0xFF, 0xFF, 0x00, 0x90, 0x90, 0x90, 0x53, 0x94, 0x94, 0x94, 0xFE,
        0x98, 0x98, 0x98, 0xFF, 0x9B, 0x9B, 0x9B, 0xFF, 0x9C, 0x9C, 0x9C, 0xFF,
        0x9B, 0x9B, 0x9B, 0xFF, 0x9B, 0x9B, 0x9B, 0xFF, 0x9C, 0x9C, 0x9C, 0xFF,
        0x9B, 0x9B, 0x9B, 0xFF, 0x98, 0x98, 0x98, 0xFF, 0x94, 0x94, 0x94, 0xFE,
        0x90, 0x90, 0x90, 0x53, 0xFF, 0xFF, 0xFF, 0x00, 0xFF, 0xFF, 0xFF, 0x00,
        0xFF, 0xFF, 0xFF, 0x00, 0xFF, 0xFF, 0xFF, 0x00, 0xFF, 0xFF, 0xFF, 0x00,
        0xFF, 0xFF, 0xFF, 0x00, 0xFF, 0xFF, 0xFF, 0x00, 0xFF, 0xFF, 0xFF, 0x00,
        0xFF, 0xFF, 0xFF, 0x00, 0xFF, 0xFF, 0xFF, 0x00, 0xFF, 0xFF, 0xFF, 0x00,
        0xFF, 0xFF, 0xFF, 0x00, 0xFF, 0xFF, 0xFF, 0x00, 0xFF, 0xFF, 0xFF, 0x00,
        0xFF, 0xFF, 0xFF, 0x00, 0xFF, 0xFF, 0xFF, 0x00, 0xFF, 0xFF, 0xFF, 0x00,
        0xFF, 0xFF, 0xFF, 0x00, 0xFF, 0xFF, 0xFF, 0x00, 0xFF, 0xFF, 0xFF, 0x00,
        0xFF, 0xFF, 0xFF, 0x00, 0xFF, 0xFF, 0xFF, 0x00, 0xFF, 0xFF, 0xFF, 0x00,
        0xFF, 0xFF, 0xFF, 0x00, 0xFF, 0xFF, 0xFF, 0x00, 0xFF, 0xFF, 0xFF, 0x00,
        0xFF, 0xFF, 0xFF, 0x00, 0xFF, 0xFF, 0xFF, 0x00, 0xFF, 0xFF, 0xFF, 0x00,
        0xFF, 0xFF, 0xFF, 0x00, 0xFF, 0xFF, 0xFF, 0x00, 0xFF, 0xFF, 0xFF, 0x00,
        0xFF, 0xFF, 0xFF, 0x00, 0xFF, 0xFF, 0xFF, 0x00, 0xFF, 0xFF, 0xFF, 0x00,
        0xFF, 0xFF, 0xFF, 0x00, 0xFF, 0xFF, 0xFF, 0x00, 0xFF, 0xFF, 0xFF, 0x00,
        0xFF, 0xFF, 0xFF, 0x00, 0xFF, 0xFF, 0xFF, 0x00, 0xFF, 0xFF, 0xFF, 0x00,
        0xFF, 0xFF, 0xFF, 0x00, 0xFF, 0xFF, 0xFF, 0x00, 0xFF, 0xFF, 0xFF, 0x00,
        0xFF, 0xFF, 0xFF, 0x00, 0xFF, 0xFF, 0xFF, 0x00, 0xFF, 0xFF, 0xFF, 0x00,
        0xFF, 0xFF, 0xFF, 0x00, 0xFF, 0xFF, 0xFF, 0x00, 0xFF, 0xFF, 0xFF, 0x00,
        0xFF, 0xFF, 0xFF, 0x00, 0xFF, 0xFF, 0xFF, 0x00, 0xFF, 0xFF, 0xFF, 0x00,
        0x71, 0x71, 0x71, 0x54, 0x77, 0x77, 0x77, 0xF2, 0x7F, 0x7F, 0x7F, 0xFF,
        0x84, 0x84, 0x84, 0xFF, 0x86, 0x86, 0x86, 0xFF, 0x86, 0x86, 0x86, 0xFF,
        0x84, 0x84, 0x84, 0xFF, 0x7E, 0x7E, 0x7E, 0xFF, 0x77, 0x77, 0x77, 0xF2,
        0x71, 0x71, 0x71, 0x53, 0xFF, 0xFF, 0xFF, 0x00, 0xFF, 0xFF, 0xFF, 0x00,
        0xFF, 0xFF, 0xFF, 0x00, 0xFF, 0xFF, 0xFF, 0x00, 0xFF, 0xFF, 0xFF, 0x00,
        0xFF, 0xFF, 0xFF, 0x00, 0xFF, 0xFF, 0xFF, 0x00, 0xFF, 0xFF, 0xFF, 0x00,
        0xFF, 0xFF, 0xFF, 0x00, 0xFF, 0xFF, 0xFF, 0x00, 0xFF, 0xFF, 0xFF, 0x00,
        0xFF, 0xFF, 0xFF, 0x00, 0xFF, 0xFF, 0xFF, 0x00, 0xFF, 0xFF, 0xFF, 0x00,
        0xFF, 0xFF, 0xFF, 0x00, 0xFF, 0xFF, 0xFF, 0x00, 0xFF, 0xFF, 0xFF, 0x00,
        0xFF, 0xFF, 0xFF, 0x00, 0xFF, 0xFF, 0xFF, 0x00, 0xFF, 0xFF, 0xFF, 0x00,
        0xFF, 0xFF, 0xFF, 0x00, 0xFF, 0xFF, 0xFF, 0x00, 0xFF, 0xFF, 0xFF, 0x00,
        0xFF, 0xFF, 0xFF, 0x00, 0xFF, 0xFF, 0xFF, 0x00, 0xFF, 0xFF, 0xFF, 0x00,
        0xFF, 0xFF, 0xFF, 0x00, 0xFF, 0xFF, 0xFF, 0x00, 0xFF, 0xFF, 0xFF, 0x00,
        0xFF, 0xFF, 0xFF, 0x00, 0xFF, 0xFF, 0xFF, 0x00, 0xFF, 0xFF, 0xFF, 0x00,
        0xFF, 0xFF, 0xFF, 0x00, 0xFF, 0xFF, 0xFF, 0x00, 0xFF, 0xFF, 0xFF, 0x00,
        0xFF, 0xFF, 0xFF, 0x00, 0xFF, 0xFF, 0xFF, 0x00, 0xFF, 0xFF, 0xFF, 0x00,
        0xFF, 0xFF, 0xFF, 0x00, 0xFF, 0xFF, 0xFF, 0x00, 0xFF, 0xFF, 0xFF, 0x00,
        0xFF, 0xFF, 0xFF, 0x00, 0xFF, 0xFF, 0xFF, 0x00, 0xFF, 0xFF, 0xFF, 0x00,
        0xFF, 0xFF, 0xFF, 0x00, 0xFF, 0xFF, 0xFF, 0x00, 0xFF, 0xFF, 0xFF, 0x00,
        0xFF, 0xFF, 0xFF, 0x00, 0xFF, 0xFF, 0xFF, 0x00, 0xFF, 0xFF, 0xFF, 0x00,
        0xFF, 0xFF, 0xFF, 0x00, 0xFF, 0xFF, 0xFF, 0x00, 0xFF, 0xFF, 0xFF, 0x00,
        0xFF, 0xFF, 0xFF, 0x00, 0x92, 0x92, 0x92, 0x54, 0x98, 0x98, 0x98, 0xF2,
        0x9D, 0x9D, 0x9D, 0xFF, 0xA1, 0xA1, 0xA1, 0xFF, 0xA3, 0xA3, 0xA3, 0xFF,
        0xA3, 0xA3, 0xA3, 0xFF, 0xA1, 0xA1, 0xA1, 0xFF, 0x9D, 0x9D, 0x9D, 0xFF,
        0x98, 0x98, 0x98, 0xF2, 0x92, 0x92, 0x92, 0x53, 0xFF, 0xFF, 0xFF, 0x00,
        0xFF, 0xFF, 0xFF, 0x00, 0xFF, 0xFF, 0xFF, 0x00, 0xFF, 0xFF, 0xFF, 0x00,
        0xFF, 0xFF, 0xFF, 0x00, 0xFF, 0xFF, 0xFF, 0x00, 0xFF, 0xFF, 0xFF, 0x00,
        0xFF, 0xFF, 0xFF, 0x00, 0xFF, 0xFF, 0xFF, 0x00, 0xFF, 0xFF, 0xFF, 0x00,
        0xFF, 0xFF, 0xFF, 0x00, 0xFF, 0xFF, 0xFF, 0x00, 0xFF, 0xFF, 0xFF, 0x00,
        0xFF, 0xFF, 0xFF, 0x00, 0xFF, 0xFF, 0xFF, 0x00, 0xFF, 0xFF, 0xFF, 0x00,
        0xFF, 0xFF, 0xFF, 0x00, 0xFF, 0xFF, 0xFF, 0x00, 0xFF, 0xFF, 0xFF, 0x00,
        0xFF, 0xFF, 0xFF, 0x00, 0xFF, 0xFF, 0xFF, 0x00, 0xFF, 0xFF, 0xFF, 0x00,
        0xFF, 0xFF, 0xFF, 0x00, 0xFF, 0xFF, 0xFF, 0x00, 0xFF, 0xFF, 0xFF, 0x00,
        0xFF, 0xFF, 0xFF, 0x00, 0xFF, 0xFF, 0xFF, 0x00, 0xFF, 0xFF, 0xFF, 0x00,
        0xFF, 0xFF, 0xFF, 0x00, 0xFF, 0xFF, 0xFF, 0x00, 0xFF, 0xFF, 0xFF, 0x00,
        0xFF, 0xFF, 0xFF, 0x00, 0xFF, 0xFF, 0xFF, 0x00, 0xFF, 0xFF, 0xFF, 0x00,
        0xFF, 0xFF, 0xFF, 0x00, 0xFF, 0xFF, 0xFF, 0x00, 0xFF, 0xFF, 0xFF, 0x00,
        0xFF, 0xFF, 0xFF, 0x00, 0xFF, 0xFF, 0xFF, 0x00, 0xFF, 0xFF, 0xFF, 0x00,
        0xFF, 0xFF, 0xFF, 0x00, 0xFF, 0xFF, 0xFF, 0x00, 0xFF, 0xFF, 0xFF, 0x00,
        0xFF, 0xFF, 0xFF, 0x00, 0xFF, 0xFF, 0xFF, 0x00, 0xFF, 0xFF, 0xFF, 0x00,
        0xFF, 0xFF, 0xFF, 0x00, 0xFF, 0xFF, 0xFF, 0x00, 0xFF, 0xFF, 0xFF, 0x00,
        0xFF, 0xFF, 0xFF, 0x00, 0xFF, 0xFF, 0xFF, 0x00, 0xFF, 0xFF, 0xFF, 0x00,
        0xFF, 0xFF, 0xFF, 0x00, 0xFF, 0xFF, 0xFF, 0x00, 0xFF, 0xFF, 0xFF, 0x00,
        0x71, 0x71, 0x71, 0x14, 0x77, 0x77, 0x77, 0x86, 0x7C, 0x7C, 0x7C, 0xD3,
        0x7F, 0x7F, 0x7F, 0xFA, 0x7F, 0x7F, 0x7F, 0xF4, 0x7C, 0x7C, 0x7C, 0xCE,
        0x77, 0x77, 0x77, 0x83, 0x71, 0x71, 0x71, 0x14, 0xFF, 0xFF, 0xFF, 0x00,
        0xFF, 0xFF, 0xFF, 0x00, 0xFF, 0xFF, 0xFF, 0x00, 0xFF, 0xFF, 0xFF, 0x00,
        0xFF, 0xFF, 0xFF, 0x00, 0xFF, 0xFF, 0xFF, 0x00, 0xFF, 0xFF, 0xFF, 0x00,
        0xFF, 0xFF, 0xFF, 0x00, 0xFF, 0xFF, 0xFF, 0x00, 0xFF, 0xFF, 0xFF, 0x00,
        0xFF, 0xFF, 0xFF, 0x00, 0xFF, 0xFF, 0xFF, 0x00, 0xFF, 0xFF, 0xFF, 0x00,
        0xFF, 0xFF, 0xFF, 0x00, 0xFF, 0xFF, 0xFF, 0x00, 0xFF, 0xFF, 0xFF, 0x00,
        0xFF, 0xFF, 0xFF, 0x00, 0xFF, 0xFF, 0xFF, 0x00, 0xFF, 0xFF, 0xFF, 0x00,
        0xFF, 0xFF, 0xFF, 0x00, 0xFF, 0xFF, 0xFF, 0x00, 0xFF, 0xFF, 0xFF, 0x00,
        0xFF, 0xFF, 0xFF, 0x00, 0xFF, 0xFF, 0xFF, 0x00, 0xFF, 0xFF, 0xFF, 0x00,
        0xFF, 0xFF, 0xFF, 0x00, 0xFF, 0xFF, 0xFF, 0x00, 0xFF, 0xFF, 0xFF, 0x00,
        0xFF, 0xFF, 0xFF, 0x00, 0xFF, 0xFF, 0xFF, 0x00, 0xFF, 0xFF, 0xFF, 0x00,
        0xFF, 0xFF, 0xFF, 0x00, 0xFF, 0xFF, 0xFF, 0x00, 0xFF, 0xFF, 0xFF, 0x00,
        0xFF, 0xFF, 0xFF, 0x00, 0xFF, 0xFF, 0xFF, 0x00, 0xFF, 0xFF, 0xFF, 0x00,
        0xFF, 0xFF, 0xFF, 0x00, 0xFF, 0xFF, 0xFF, 0x00, 0xFF, 0xFF, 0xFF, 0x00,
        0xFF, 0xFF, 0xFF, 0x00, 0xFF, 0xFF, 0xFF, 0x00, 0xFF, 0xFF, 0xFF, 0x00,
        0xFF, 0xFF, 0xFF, 0x00, 0xFF, 0xFF, 0xFF, 0x00, 0xFF, 0xFF, 0xFF, 0x00,
        0xFF, 0xFF, 0xFF, 0x00, 0xFF, 0xFF, 0xFF, 0x00, 0xFF, 0xFF, 0xFF, 0x00,
        0xFF, 0xFF, 0xFF, 0x00, 0xFF, 0xFF, 0xFF, 0x00, 0xFF, 0xFF, 0xFF, 0x00,
        0xFF, 0xFF, 0xFF, 0x00, 0xFF, 0xFF, 0xFF, 0x00, 0xFF, 0xFF, 0xFF, 0x00,
        0xFF, 0xFF, 0xFF, 0x00, 0x92, 0x92, 0x92, 0x14, 0x97, 0x97, 0x97, 0x86,
        0x9B, 0x9B, 0x9B, 0xD3, 0x9D, 0x9D, 0x9D, 0xFA, 0x9D, 0x9D, 0x9D, 0xF4,
        0x9B, 0x9B, 0x9B, 0xCE, 0x97, 0x97, 0x97, 0x83, 0x92, 0x92, 0x92, 0x14,
        0xFF, 0xFF, 0xFF, 0x00, 0xFF, 0xFF, 0xFF, 0x00, 0xFF, 0xFF, 0xFF, 0x00,
        0xFF, 0xFF, 0xFF, 0x00, 0xFF, 0xFF, 0xFF, 0x00, 0xFF, 0xFF, 0xFF, 0x00,
        0xFF, 0xFF, 0xFF, 0x00, 0xFF, 0xFF, 0xFF, 0x00, 0xFF, 0xFF, 0xFF, 0x00,
        0xFF, 0xFF, 0xFF, 0x00, 0xFF, 0xFF, 0xFF, 0x00, 0xFF, 0xFF, 0xFF, 0x00,
        0xFF, 0xFF, 0xFF, 0x00, 0xFF, 0xFF, 0xFF, 0x00, 0xFF, 0xFF, 0xFF, 0x00,
        0xFF, 0xFF, 0xFF, 0x00, 0xFF, 0xFF, 0xFF, 0x00, 0xFF, 0xFF, 0xFF, 0x00,
        0xFF, 0xFF, 0xFF, 0x00, 0xFF, 0xFF, 0xFF, 0x00, 0xFF, 0xFF, 0xFF, 0x00,
        0xFF, 0xFF, 0xFF, 0x00, 0xFF, 0xFF, 0xFF, 0x00, 0xFF, 0xFF, 0xFF, 0x00,
        0xFF, 0xFF, 0xFF, 0x00, 0xFF, 0xFF, 0xFF, 0x00, 0xFF, 0xFF, 0xFF, 0x00,
        0xFF, 0xFF, 0xFF, 0x00, 0xFF, 0xFF, 0xFF, 0x00, 0xFF, 0xFF, 0xFF, 0x00,
        0xFF, 0xFF, 0xFF, 0x00, 0xFF, 0xFF, 0xFF, 0x00, 0xFF, 0xFF, 0xFF, 0x00,
        0xFF, 0xFF, 0xFF, 0x00, 0xFF, 0xFF, 0xFF, 0x00, 0xFF, 0xFF, 0xFF, 0x00,
        0xFF, 0xFF, 0xFF, 0x00, 0xFF, 0xFF, 0xFF, 0x00, 0xFF, 0xFF, 0xFF, 0x00,
        0xFF, 0xFF, 0xFF, 0x00, 0xFF, 0xFF, 0xFF, 0x00, 0xFF, 0xFF, 0xFF, 0x00,
        0xFF, 0xFF, 0xFF, 0x00, 0xFF, 0xFF, 0xFF, 0x00, 0xFF, 0xFF, 0xFF, 0x00,
        0xFF, 0xFF, 0xFF, 0x00, 0xFF, 0xFF, 0xFF, 0x00, 0xFF, 0xFF, 0xFF, 0x00,
        0xFF, 0xFF, 0xFF, 0x00, 0xFF, 0xFF, 0xFF, 0x00, 0xFF, 0xFF, 0xFF, 0x00,
        0xFF, 0xFF, 0xFF, 0x00, 0xFF, 0xFF, 0xFF, 0x00, 0xFF, 0xFF, 0xFF, 0x00,
        0xFF, 0xFF, 0xFF, 0x00, 0xFF, 0xFF, 0xFF, 0x00, 0xFF, 0xFF, 0xFF, 0x00,
        0xFF, 0xFF, 0xFF, 0x00, 0xFF, 0xFF, 0xFF, 0x00, 0xFF, 0xFF, 0xFF, 0x00,
        0xFF, 0xFF, 0xFF, 0x00, 0xFF, 0xFF, 0xFF, 0x00, 0xFF, 0xFF, 0xFF, 0x00,
        0xFF, 0xFF, 0xFF, 0x00, 0xFF, 0xFF, 0xFF, 0x00, 0xFF, 0xFF, 0xFF, 0x00,
        0xFF, 0xFF, 0xFF, 0x00, 0xFF, 0xFF, 0xFF, 0x00, 0xFF, 0xFF, 0xFF, 0x00,
        0xFF, 0xFF, 0xFF, 0x00, 0xFF, 0xFF, 0xFF, 0x00, 0xFF, 0xFF, 0xFF, 0x00,
        0xFF, 0xFF, 0xFF, 0x00, 0xFF, 0xFF, 0xFF, 0x00, 0xFF, 0xFF, 0xFF, 0x00,
        0xFF, 0xFF, 0xFF, 0x00, 0xFF, 0xFF, 0xFF, 0x00, 0xFF, 0xFF, 0xFF, 0x00,
        0xFF, 0xFF, 0xFF, 0x00, 0xFF, 0xFF, 0xFF, 0x00, 0xFF, 0xFF, 0xFF, 0x00,
        0xFF, 0xFF, 0xFF, 0x00, 0xFF, 0xFF, 0xFF, 0x00, 0xFF, 0xFF, 0xFF, 0x00,
        0xFF, 0xFF, 0xFF, 0x00, 0xFF, 0xFF, 0xFF, 0x00, 0xFF, 0xFF, 0xFF, 0x00,
        0xFF, 0xFF, 0xFF, 0x00, 0xFF, 0xFF, 0xFF, 0x00, 0xFF, 0xFF, 0xFF, 0x00,
        0xFF, 0xFF, 0xFF, 0x00, 0xFF, 0xFF, 0xFF, 0x00, 0xFF, 0xFF, 0xFF, 0x00,
        0xFF, 0xFF, 0xFF, 0x00, 0xFF, 0xFF, 0xFF, 0x00, 0xFF, 0xFF, 0xFF, 0x00,
        0xFF, 0xFF, 0xFF, 0x00, 0xFF, 0xFF, 0xFF, 0x00, 0xFF, 0xFF, 0xFF, 0x00,
        0xFF, 0xFF, 0xFF, 0x00, 0xFF, 0xFF, 0xFF, 0x00, 0xFF, 0xFF, 0xFF, 0x00,
        0xFF, 0xFF, 0xFF, 0x00, 0xFF, 0xFF, 0xFF, 0x00, 0xFF, 0xFF, 0xFF, 0x00,
        0xFF, 0xFF, 0xFF, 0x00, 0xFF, 0xFF, 0xFF, 0x00, 0xFF, 0xFF, 0xFF, 0x00,
        0xFF, 0xFF, 0xFF, 0x00, 0xFF, 0xFF, 0xFF, 0x00, 0xFF, 0xFF, 0xFF, 0x00,
        0xFF, 0xFF, 0xFF, 0x00, 0xFF, 0xFF, 0xFF, 0x00, 0xFF, 0xFF, 0xFF, 0x00,
        0xFF, 0xFF, 0xFF, 0x00, 0xFF, 0xFF, 0xFF, 0x00, 0xFF, 0xFF, 0xFF, 0x00,
        0xFF, 0xFF, 0xFF, 0x00, 0xFF, 0xFF, 0xFF, 0x00, 0xFF, 0xFF, 0xFF, 0x00,
        0xFF, 0xFF, 0xFF, 0x00, 0xFF, 0xFF, 0xFF, 0x00, 0xFF, 0xFF, 0xFF, 0x00,
        0xFF, 0xFF, 0xFF, 0x00, 0xFF, 0xFF, 0xFF, 0x00, 0xFF, 0xFF, 0xFF, 0x00,
        0xFF, 0xFF, 0xFF, 0x00, 0xFF, 0xFF, 0xFF, 0x00, 0xFF, 0xFF, 0xFF, 0x00,
        0xFF, 0xFF, 0xFF, 0x00, 0xFF, 0xFF, 0xFF, 0x00, 0xFF, 0xFF, 0xFF, 0x00,
        0xFF, 0xFF, 0xFF, 0x00, 0xFF, 0xFF, 0xFF, 0x00, 0xFF, 0xFF, 0xFF, 0x00,
        0xFF, 0xFF, 0xFF, 0x00, 0xFF, 0xFF, 0xFF, 0x00, 0xFF, 0xFF, 0xFF, 0x00,
        0xFF, 0xFF, 0xFF, 0x00, 0xFF, 0xFF, 0xFF, 0x00, 0xFF, 0xFF, 0xFF, 0x00,
        0xFF, 0xFF, 0xFF, 0x00, 0xFF, 0xFF, 0xFF, 0x00, 0xFF, 0xFF, 0xFF, 0x00,
        0xFF, 0xFF, 0xFF, 0x00, 0xFF, 0xFF, 0xFF, 0x00, 0xFF, 0xFF, 0xFF, 0x00,
        0xFF, 0xFF, 0xFF, 0x00, 0xFF, 0xFF, 0xFF, 0x00, 0xFF, 0xFF, 0xFF, 0x00,
        0xFF, 0xFF, 0xFF, 0x00, 0xFF, 0xFF, 0xFF, 0x00, 0xFF, 0xFF, 0xFF, 0x00,
        0xFF, 0xFF, 0xFF, 0x00, 0xFF, 0xFF, 0xFF, 0x00, 0xFF, 0xFF, 0xFF, 0x00,
        0xFF, 0xFF, 0xFF, 0x00, 0xFF, 0xFF, 0xFF, 0x00, 0xFF, 0xFF, 0xFF, 0x00,
        0xFF, 0xFF, 0xFF, 0x00, 0xFF, 0xFF, 0xFF, 0x00, 0xFF, 0xFF, 0xFF, 0x00,
        0xFF, 0xFF, 0xFF, 0x00, 0xFF, 0xFF, 0xFF, 0x00, 0xFF, 0xFF, 0xFF, 0x00,
        0xFF, 0xFF, 0xFF, 0x00, 0xFF, 0xFF, 0xFF, 0x00, 0xFF, 0xFF, 0xFF, 0x00,
        0xFF, 0xFF, 0xFF, 0x00, 0xFF, 0xFF, 0xFF, 0x00, 0xFF, 0xFF, 0xFF, 0x00,
        0xFF, 0xFF, 0xFF, 0x00, 0xFF, 0xFF, 0xFF, 0x00, 0xFF, 0xFF, 0xFF, 0x00,
        0xFF, 0xFF, 0xFF, 0x00, 0xFF, 0xFF, 0xFF, 0x00, 0xFF, 0xFF, 0xFF, 0x00,
        0xFF, 0xFF, 0xFF, 0x00, 0xFF, 0xFF, 0xFF, 0x00, 0xFF, 0xFF, 0xFF, 0x00,
        0xFF, 0xFF, 0xFF, 0x00, 0xFF, 0xFF, 0xFF, 0x00, 0xFF, 0xFF, 0xFF, 0x00,
        0xFF, 0xFF, 0xFF, 0x00, 0xFF, 0xFF, 0xFF, 0x00, 0xFF, 0xFF, 0xFF, 0x00,
        0xFF, 0xFF, 0xFF, 0x00, 0xFF, 0xFF, 0xFF, 0x00, 0xFF, 0xFF, 0xFF, 0x00,
        0xFF, 0xFF, 0xFF, 0x00, 0xFF, 0xFF, 0xFF, 0x00, 0xFF, 0xFF, 0xFF, 0x00,
        0xFF, 0xFF, 0xFF, 0x00, 0xFF, 0xFF, 0xFF, 0x00, 0xFF, 0xFF, 0xFF, 0x00,
        0xFF, 0xFF, 0xFF, 0x00, 0xFF, 0xFF, 0xFF, 0x00, 0xFF, 0xFF, 0xFF, 0x00,
        0xFF, 0xFF, 0xFF, 0x00, 0xFF, 0xFF, 0xFF, 0x00, 0xFF, 0xFF, 0xFF, 0x00,
        0xFF, 0xFF, 0xFF, 0x00, 0xFF, 0xFF, 0xFF, 0x00, 0xFF, 0xFF, 0xFF, 0x00,
        0xFF, 0xFF, 0xFF, 0x00, 0xFF, 0xFF, 0xFF, 0x00, 0xFF, 0xFF, 0xFF, 0x00,
        0xFF, 0xFF, 0xFF, 0x00, 0xFF, 0xFF, 0xFF, 0x00, 0xFF, 0xFF, 0xFF, 0x00,
        0xFF, 0xFF, 0xFF, 0x00, 0xFF, 0xFF, 0xFF, 0x00, 0xFF, 0xFF, 0xFF, 0x00,
        0xFF, 0xFF, 0xFF, 0x00, 0xFF, 0xFF, 0xFF, 0x00, 0xFF, 0xFF, 0xFF, 0x00,
        0xFF, 0xFF, 0xFF, 0x00, 0xFF, 0xFF, 0xFF, 0x00, 0xFF, 0xFF, 0xFF, 0x00,
        0xFF, 0xFF, 0xFF, 0x00, 0xFF, 0xFF, 0xFF, 0x00, 0xFF, 0xFF, 0xFF, 0x00,
        0xFF, 0xFF, 0xFF, 0x00, 0xFF, 0xFF, 0xFF, 0x00, 0xFF, 0xFF, 0xFF, 0x00,
        0xFF, 0xFF, 0xFF, 0x00, 0xFF, 0xFF, 0xFF, 0x00, 0xFF, 0xFF, 0xFF, 0x00,
        0xFF, 0xFF, 0xFF, 0x00, 0xFF, 0xFF, 0xFF, 0x00, 0xFF, 0xFF, 0xFF, 0x00,
        0xFF, 0xFF, 0xFF, 0x00, 0xFF, 0xFF, 0xFF, 0x00, 0xFF, 0xFF, 0xFF, 0x00,
        0xFF, 0xFF, 0xFF, 0x00, 0xFF, 0xFF, 0xFF, 0x00, 0xFF, 0xFF, 0xFF, 0x00,
        0xFF, 0xFF, 0xFF, 0x00, 0xFF, 0xFF, 0xFF, 0x00, 0xFF, 0xFF, 0xFF, 0x00,
        0xFF, 0xFF, 0xFF, 0x00, 0xFF, 0xFF, 0xFF, 0x00, 0xFF, 0xFF, 0xFF, 0x00,
        0xFF, 0xFF, 0xFF, 0x00, 0xFF, 0xFF, 0xFF, 0x00, 0xFF, 0xFF, 0xFF, 0x00,
        0xFF, 0xFF, 0xFF, 0x00, 0xFF, 0xFF, 0xFF, 0x00, 0xFF, 0xFF, 0xFF, 0x00,
        0xFF, 0xFF, 0xFF, 0x00, 0xFF, 0xFF, 0xFF, 0x00, 0xFF, 0xFF, 0xFF, 0x00,
        0xFF, 0xFF, 0xFF, 0x00, 0xFF, 0xFF, 0xFF, 0x00, 0xFF, 0xFF, 0xFF, 0x00,
        0xFF, 0xFF, 0xFF, 0x00, 0xFF, 0xFF, 0xFF, 0x00, 0xFF, 0xFF, 0xFF, 0x00,
        0xFF, 0xFF, 0xFF, 0x00, 0xFF, 0xFF, 0xFF, 0x00, 0xFF, 0xFF, 0xFF, 0x00,
        0xFF, 0xFF, 0xFF, 0x00, 0xFF, 0xFF, 0xFF, 0x00, 0xFF, 0xFF, 0xFF, 0x00,
        0xFF, 0xFF, 0xFF, 0x00, 0xFF, 0xFF, 0xFF, 0x00, 0xFF, 0xFF, 0xFF, 0x00,
        0xFF, 0xFF, 0xFF, 0x00, 0xFF, 0xFF, 0xFF, 0x00, 0xFF, 0xFF, 0xFF, 0x00,
        0xFF, 0xFF, 0xFF, 0x00, 0xFF, 0xFF, 0xFF, 0x00, 0xFF, 0xFF, 0xFF, 0x00,
        0xFF, 0xFF, 0xFF, 0x00, 0xFF, 0xFF, 0xFF, 0x00, 0xFF, 0xFF, 0xFF, 0x00,
        0xFF, 0xFF, 0xFF, 0x00, 0xFF, 0xFF, 0xFF, 0x00, 0xFF, 0xFF, 0xFF, 0x00,
        0xFF, 0xFF, 0xFF, 0x00, 0xFF, 0xFF, 0xFF, 0x00, 0xFF, 0xFF, 0xFF, 0x00,
        0xFF, 0xFF, 0xFF, 0x00, 0xFF, 0xFF, 0xFF, 0x00, 0xFF, 0xFF, 0xFF, 0x00,
        0xFF, 0xFF, 0xFF, 0x00, 0xFF, 0xFF, 0xFF, 0x00, 0xFF, 0xFF, 0xFF, 0x00,
        0xFF, 0xFF, 0xFF, 0x00, 0xFF, 0xFF, 0xFF, 0x00, 0xFF, 0xFF, 0xFF, 0x00,
        0xFF, 0xFF, 0xFF, 0x00, 0xFF, 0xFF, 0xFF, 0x00, 0xFF, 0xFF, 0xFF, 0x00,
        0xFF, 0xFF, 0xFF, 0x00, 0xFF, 0xFF, 0xFF, 0x00, 0xFF, 0xFF, 0xFF, 0x00,
        0xFF, 0xFF, 0xFF, 0x00, 0xFF, 0xFF, 0xFF, 0x00, 0xFF, 0xFF, 0xFF, 0x00,
        0xFF, 0xFF, 0xFF, 0x00, 0xFF, 0xFF, 0xFF, 0x00, 0xFF, 0xFF, 0xFF, 0x00,
        0xFF, 0xFF, 0xFF, 0x00, 0xFF, 0xFF, 0xFF, 0x00, 0xFF, 0xFF, 0xFF, 0x00,
        0xFF, 0xFF, 0xFF, 0x00, 0xFF, 0xFF, 0xFF, 0x00, 0xFF, 0xFF, 0xFF, 0x00,
        0xFF, 0xFF, 0xFF, 0x00, 0xFF, 0xFF, 0xFF, 0x00, 0xFF, 0xFF, 0xFF, 0x00,
        0xFF, 0xFF, 0xFF, 0x00, 0xFF, 0xFF, 0xFF, 0x00, 0xFF, 0xFF, 0xFF, 0x00,
        0xFF, 0xFF, 0xFF, 0x00, 0xFF, 0xFF, 0xFF, 0x00, 0xFF, 0xFF, 0xFF, 0x00,
        0xFF, 0xFF, 0xFF, 0x00, 0xFF, 0xFF, 0xFF, 0x00, 0xFF, 0xFF, 0xFF, 0x00,
        0xFF, 0xFF, 0xFF, 0x00, 0xFF, 0xFF, 0xFF, 0x00, 0xFF, 0xFF, 0xFF, 0x00,
        0xFF, 0xFF, 0xFF, 0x00, 0xFF, 0xFF, 0xFF, 0x00, 0xFF, 0xFF, 0xFF, 0x00,
        0xFF, 0xFF, 0xFF, 0x00, 0xFF, 0xFF, 0xFF, 0x00, 0xFF, 0xFF, 0xFF, 0x00,
        0xFF, 0xFF, 0xFF, 0x00, 0xFF, 0xFF, 0xFF, 0x00, 0xFF, 0xFF, 0xFF, 0x00,
        0xFF, 0xFF, 0xFF, 0x00, 0xFF, 0xFF, 0xFF, 0x00, 0xFF, 0xFF, 0xFF, 0x00,
        0xFF, 0xFF, 0xFF, 0x00, 0xFF, 0xFF, 0xFF, 0x00, 0xFF, 0xFF, 0xFF, 0x00,
        0xFF, 0xFF, 0xFF, 0x00, 0xFF, 0xFF, 0xFF, 0x00, 0xFF, 0xFF, 0xFF, 0x00,
        0xFF, 0xFF, 0xFF, 0x00, 0xFF, 0xFF, 0xFF, 0x00, 0xFF, 0xFF, 0xFF, 0x00,
        0xFF, 0xFF, 0xFF, 0x00, 0xFF, 0xFF, 0xFF, 0x00, 0xFF, 0xFF, 0xFF, 0x00,
        0xFF, 0xFF, 0xFF, 0x00, 0xFF, 0xFF, 0xFF, 0x00, 0xFF, 0xFF, 0xFF, 0x00,
        0xFF, 0xFF, 0xFF, 0x00, 0xFF, 0xFF, 0xFF, 0x00, 0xFF, 0xFF, 0xFF, 0x00,
        0xFF, 0xFF, 0xFF, 0x00, 0xFF, 0xFF, 0xFF, 0x00, 0xFF, 0xFF, 0xFF, 0x00,
        0xFF, 0xFF, 0xFF, 0x00, 0xFF, 0xFF, 0xFF, 0x00, 0xFF, 0xFF, 0xFF, 0x00,
        0xFF, 0xFF, 0xFF, 0x00, 0xFF, 0xFF, 0xFF, 0x00, 0xFF, 0xFF, 0xFF, 0x00,
        0xFF, 0xFF, 0xFF, 0x00, 0xFF, 0xFF, 0xFF, 0x00, 0xFF, 0xFF, 0xFF, 0x00,
        0xFF, 0xFF, 0xFF, 0x00, 0xFF, 0xFF, 0xFF, 0x00, 0xFF, 0xFF, 0xFF, 0x00,
        0xFF, 0xFF, 0xFF, 0x00, 0xFF, 0xFF, 0xFF, 0x00, 0xFF, 0xFF, 0xFF, 0x00,
        0xFF, 0xFF, 0xFF, 0x00, 0xFF, 0xFF, 0xFF, 0x00, 0xFF, 0xFF, 0xFF, 0x00,
        0xFF, 0xFF, 0xFF, 0x00, 0xFF, 0xFF, 0xFF, 0x00, 0xFF, 0xFF, 0xFF, 0x00,
        0xFF, 0xFF, 0xFF, 0x00, 0xFF, 0xFF, 0xFF, 0x00, 0xFF, 0xFF, 0xFF, 0x00,
        0xFF, 0xFF, 0xFF, 0x00, 0xFF, 0xFF, 0xFF, 0x00, 0xFF, 0xFF, 0xFF, 0x00,
        0xFF, 0xFF, 0xFF, 0x00, 0xFF, 0xFF, 0xFF, 0x00, 0xFF, 0xFF, 0xFF, 0x00,
        0xFF, 0xFF, 0xFF, 0x00, 0xFF, 0xFF, 0xFF, 0x00, 0xFF, 0xFF, 0xFF, 0x00,
        0xFF, 0xFF, 0xFF, 0x00, 0xFF, 0xFF, 0xFF, 0x00, 0xFF, 0xFF, 0xFF, 0x00,
        0xFF, 0xFF, 0xFF, 0x00, 0xFF, 0xFF, 0xFF, 0x00, 0xFF, 0xFF, 0xFF, 0x00,
        0xFF, 0xFF, 0xFF, 0x00, 0xFF, 0xFF, 0xFF, 0x00, 0xFF, 0xFF, 0xFF, 0x00,
        0xFF, 0xFF, 0xFF, 0x00, 0xFF, 0xFF, 0xFF, 0x00, 0xFF, 0xFF, 0xFF, 0x00,
        0xFF, 0xFF, 0xFF, 0x00, 0xFF, 0xFF, 0xFF, 0x00, 0xFF, 0xFF, 0xFF, 0x00,
        0xFF, 0xFF, 0xFF, 0x00, 0xFF, 0xFF, 0xFF, 0x00, 0xFF, 0xFF, 0xFF, 0x00,
        0xFF, 0xFF, 0xFF, 0x00, 0xFF, 0xFF, 0xFF, 0x00, 0xFF, 0xFF, 0xFF, 0x00,
        0xFF, 0xFF, 0xFF, 0x00, 0xFF, 0xFF, 0xFF, 0x00, 0xFF, 0xFF, 0xFF, 0x00,
        0xFF, 0xFF, 0xFF, 0x00, 0xFF, 0xFF, 0xFF, 0x00, 0xFF, 0xFF, 0xFF, 0x00,
        0xFF, 0xFF, 0xFF, 0x00, 0xFF, 0xFF, 0xFF, 0x00, 0xFF, 0xFF, 0xFF, 0x00,
        0xFF, 0xFF, 0xFF, 0x00, 0xFF, 0xFF, 0xFF, 0x00, 0xFF, 0xFF, 0xFF, 0x00,
        0xFF, 0xFF, 0xFF, 0x00, 0xFF, 0xFF, 0xFF, 0x00, 0xFF, 0xFF, 0xFF, 0x00,
        0xFF, 0xFF, 0xFF, 0x00, 0xFF, 0xFF, 0xFF, 0x00, 0xFF, 0xFF, 0xFF, 0x00,
        0xFF, 0xFF, 0xFF, 0x00, 0xFF, 0xFF, 0xFF, 0x00, 0xFF, 0xFF, 0xFF, 0x00,
        0xFF, 0xFF, 0xFF, 0x00, 0xFF, 0xFF, 0xFF, 0x00, 0xFF, 0xFF, 0xFF, 0x00,
        0xFF, 0xFF, 0xFF, 0x00, 0xFF, 0xFF, 0xFF, 0x00, 0xFF, 0xFF, 0xFF, 0x00,
        0xFF, 0xFF, 0xFF, 0x00, 0xFF, 0xFF, 0xFF, 0x00, 0xFF, 0xFF, 0xFF, 0x00,
        0xFF, 0xFF, 0xFF, 0x00, 0xFF, 0xFF, 0xFF, 0x00, 0xFF, 0xFF, 0xFF, 0x00,
        0xFF, 0xFF, 0xFF, 0x00, 0xFF, 0xFF, 0xFF, 0x00, 0xFF, 0xFF, 0xFF, 0x00,
        0xFF, 0xFF, 0xFF, 0x00, 0xFF, 0xFF, 0xFF, 0x00, 0xFF, 0xFF, 0xFF, 0x00,
        0xFF, 0xFF, 0xFF, 0x00, 0xFF, 0xFF, 0xFF, 0x00, 0xFF, 0xFF, 0xFF, 0x00,
        0xFF, 0xFF, 0xFF, 0x00, 0xFF, 0xFF, 0xFF, 0x00, 0xFF, 0xFF, 0xFF, 0x00,
        0xFF, 0xFF, 0xFF, 0x00, 0xFF, 0xFF, 0xFF, 0x00, 0xFF, 0xFF, 0xFF, 0x00,
        0xFF, 0xFF, 0xFF, 0x00, 0xFF, 0xFF, 0xFF, 0x00, 0xFF, 0xFF, 0xFF, 0x00,
        0xFF, 0xFF, 0xFF, 0x00, 0xFF, 0xFF, 0xFF, 0x00, 0xFF, 0xFF, 0xFF, 0x00,
        0xFF, 0xFF, 0xFF, 0x00, 0xFF, 0xFF, 0xFF, 0x00, 0xFF, 0xFF, 0xFF, 0x00,
        0xFF, 0xFF, 0xFF, 0x00, 0xFF, 0xFF, 0xFF, 0x00, 0xFF, 0xFF, 0xFF, 0x00,
        0xFF, 0xFF, 0xFF, 0x00, 0xFF, 0xFF, 0xFF, 0x00, 0xFF, 0xFF, 0xFF, 0x00,
        0xFF, 0xFF, 0xFF, 0x00, 0xFF, 0xFF, 0xFF, 0x00, 0xFF, 0xFF, 0xFF, 0x00,
        0xFF, 0xFF, 0xFF, 0x00, 0xFF, 0xFF, 0xFF, 0x00, 0xFF, 0xFF, 0xFF, 0x00,
        0xFF, 0xFF, 0xFF, 0x00, 0xFF, 0xFF, 0xFF, 0x00, 0xFF, 0xFF, 0xFF, 0x00,
        0xFF, 0xFF, 0xFF, 0x00, 0xFF, 0xFF, 0xFF, 0x00, 0xFF, 0xFF, 0xFF, 0x00,
        0xFF, 0xFF, 0xFF, 0x00, 0xFF, 0xFF, 0xFF, 0x00, 0xFF, 0xFF, 0xFF, 0x00,
        0xFF, 0xFF, 0xFF, 0x00, 0xFF, 0xFF, 0xFF, 0x00, 0xFF, 0xFF, 0xFF, 0x00,
        0xFF, 0xFF, 0xFF, 0x00, 0xFF, 0xFF, 0xFF, 0x00, 0xFF, 0xFF, 0xFF, 0x00,
        0xFF, 0xFF, 0xFF, 0x00, 0xFF, 0xFF, 0xFF, 0x00, 0xFF, 0xFF, 0xFF, 0x00,
        0xFF, 0xFF, 0xFF, 0x00, 0xFF, 0xFF, 0xFF, 0x00, 0xFF, 0xFF, 0xFF, 0x00,
        0xFF, 0xFF, 0xFF, 0x00, 0xFF, 0xFF, 0xFF, 0x00, 0xFF, 0xFF, 0xFF, 0x00,
        0xFF, 0xFF, 0xFF, 0x00, 0xFF, 0xFF, 0xFF, 0x00, 0xFF, 0xFF, 0xFF, 0x00,
        0xFF, 0xFF, 0xFF, 0x00, 0xFF, 0xFF, 0xFF, 0x00, 0xFF, 0xFF, 0xFF, 0x00,
        0xFF, 0xFF, 0xFF, 0x00, 0xFF, 0xFF, 0xFF, 0x00, 0xFF, 0xFF, 0xFF, 0x00,
        0xFF, 0xFF, 0xFF, 0x00, 0xFF, 0xFF, 0xFF, 0x00, 0xFF, 0xFF, 0xFF, 0x00,
        0xFF, 0xFF, 0xFF, 0x00, 0xFF, 0xFF, 0xFF, 0x00, 0xFF, 0xFF, 0xFF, 0x00,
        0xFF, 0xFF, 0xFF, 0x00, 0xFF, 0xFF, 0xFF, 0x00, 0xFF, 0xFF, 0xFF, 0x00,
        0xFF, 0xFF, 0xFF, 0x00, 0xFF, 0xFF, 0xFF, 0x00, 0xFF, 0xFF, 0xFF, 0x00,
        0xFF, 0xFF, 0xFF, 0x00, 0xFF, 0xFF, 0xFF, 0x00, 0xFF, 0xFF, 0xFF, 0x00,
        0xFF, 0xFF, 0xFF, 0x00, 0xFF, 0xFF, 0xFF, 0x00, 0xFF, 0xFF, 0xFF, 0x00,
        0xFF, 0xFF, 0xFF, 0x00, 0xFF, 0xFF, 0xFF, 0x00, 0xFF, 0xFF, 0xFF, 0x00,
        0xFF, 0xFF, 0xFF, 0x00, 0xFF, 0xFF, 0xFF, 0x00, 0xFF, 0xFF, 0xFF, 0x00,
        0xFF, 0xFF, 0xFF, 0x00, 0xFF, 0xFF, 0xFF, 0x00, 0xFF, 0xFF, 0xFF, 0x00,
        0xFF, 0xFF, 0xFF, 0x00, 0xFF, 0xFF, 0xFF, 0x00, 0xFF, 0xFF, 0xFF, 0x00,
        0xFF, 0xFF, 0xFF, 0x00, 0xFF, 0xFF, 0xFF, 0x00, 0xFF, 0xFF, 0xFF, 0x00,
        0xFF, 0xFF, 0xFF, 0x00, 0xFF, 0xFF, 0xFF, 0x00, 0xFF, 0xFF, 0xFF, 0x00,
        0xFF, 0xFF, 0xFF, 0x00, 0xFF, 0xFF, 0xFF, 0x00, 0xFF, 0xFF, 0xFF, 0x00,
        0xFF, 0xFF, 0xFF, 0x00, 0xFF, 0xFF, 0xFF, 0x00, 0xFF, 0xFF, 0xFF, 0x00,
        0xFF, 0xFF, 0xFF, 0x00, 0xFF, 0xFF, 0xFF, 0x00, 0xFF, 0xFF, 0xFF, 0x00,
        0xFF, 0xFF, 0xFF, 0x00, 0xFF, 0xFF, 0xFF, 0x00, 0xFF, 0xFF, 0xFF, 0x00,
        0xFF, 0xFF, 0xFF, 0x00, 0xFF, 0xFF, 0xFF, 0x00, 0xFF, 0xFF, 0xFF, 0x00,
        0xFF, 0xFF, 0xFF, 0x00, 0xFF, 0xFF, 0xFF, 0x00, 0xFF, 0xFF, 0xFF, 0x00,
        0xFF, 0xFF, 0xFF, 0x00, 0xFF, 0xFF, 0xFF, 0x00, 0xFF, 0xFF, 0xFF, 0x00,
        0xFF, 0xFF, 0xFF, 0x00, 0xFF, 0xFF, 0xFF, 0x00, 0xFF, 0xFF, 0xFF, 0x00,
        0xFF, 0xFF, 0xFF, 0x00, 0xFF, 0xFF, 0xFF, 0x00, 0xFF, 0xFF, 0xFF, 0x00,
        0xFF, 0xFF, 0xFF, 0x00, 0xFF, 0xFF, 0xFF, 0x00, 0xFF, 0xFF, 0xFF, 0x00,
        0xFF, 0xFF, 0xFF, 0x00, 0xFF, 0xFF, 0xFF, 0x00, 0xFF, 0xFF, 0xFF, 0x00,
        0xFF, 0xFF, 0xFF, 0x00, 0xFF, 0xFF, 0xFF, 0x00, 0xFF, 0xFF, 0xFF, 0x00,
        0xFF, 0xFF, 0xFF, 0x00, 0xFF, 0xFF, 0xFF, 0x00, 0xFF, 0xFF, 0xFF, 0x00,
        0xFF, 0xFF, 0xFF, 0x00, 0xFF, 0xFF, 0xFF, 0x00, 0xFF, 0xFF, 0xFF, 0x00,
        0xFF, 0xFF, 0xFF, 0x00, 0xFF, 0xFF, 0xFF, 0x00, 0xFF, 0xFF, 0xFF, 0x00,
        0xFF, 0xFF, 0xFF, 0x00, 0xFF, 0xFF, 0xFF, 0x00, 0xFF, 0xFF, 0xFF, 0x00,
        0xFF, 0xFF, 0xFF, 0x00, 0xFF, 0xFF, 0xFF, 0x00, 0xFF, 0xFF, 0xFF, 0x00,
        0xFF, 0xFF, 0xFF, 0x00, 0xFF, 0xFF, 0xFF, 0x00, 0xFF, 0xFF, 0xFF, 0x00,
        0xFF, 0xFF, 0xFF, 0x00, 0xFF, 0xFF, 0xFF, 0x00, 0xFF, 0xFF, 0xFF, 0x00,
        0xFF, 0xFF, 0xFF, 0x00, 0xFF, 0xFF, 0xFF, 0x00, 0xFF, 0xFF, 0xFF, 0x00,
        0xFF, 0xFF, 0xFF, 0x00, 0xFF, 0xFF, 0xFF, 0x00, 0xFF, 0xFF, 0xFF, 0x00,
        0xFF, 0xFF, 0xFF, 0x00, 0xFF, 0xFF, 0xFF, 0x00, 0xFF, 0xFF, 0xFF, 0x00,
        0xFF, 0xFF, 0xFF, 0x00, 0xFF, 0xFF, 0xFF, 0x00, 0xFF, 0xFF, 0xFF, 0x00,
        0xFF, 0xFF, 0xFF, 0x00, 0xFF, 0xFF, 0xFF, 0x00, 0xFF, 0xFF, 0xFF, 0x00,
        0xFF, 0xFF, 0xFF, 0x00, 0xFF, 0xFF, 0xFF, 0x00, 0xFF, 0xFF, 0xFF, 0x00,
        0xFF, 0xFF, 0xFF, 0x00, 0xFF, 0xFF, 0xFF, 0x00, 0xFF, 0xFF, 0xFF, 0x00,
        0xFF, 0xFF, 0xFF, 0x00, 0xFF, 0xFF, 0xFF, 0x00, 0xFF, 0xFF, 0xFF, 0x00,
        0xFF, 0xFF, 0xFF, 0x00, 0xFF, 0xFF, 0xFF, 0x00, 0xFF, 0xFF, 0xFF, 0x00,
        0xFF, 0xFF, 0xFF, 0x00, 0xFF, 0xFF, 0xFF, 0x00, 0xFF, 0xFF, 0xFF, 0x00,
        0xFF, 0xFF, 0xFF, 0x00, 0xFF, 0xFF, 0xFF, 0x00, 0xFF, 0xFF, 0xFF, 0x00,
        0xFF, 0xFF, 0xFF, 0x00, 0xFF, 0xFF, 0xFF, 0x00, 0xFF, 0xFF, 0xFF, 0x00,
        0xFF, 0xFF, 0xFF, 0x00, 0xFF, 0xFF, 0xFF, 0x00, 0xFF, 0xFF, 0xFF, 0x00,
        0xFF, 0xFF, 0xFF, 0x00, 0xFF, 0xFF, 0xFF, 0x00, 0xFF, 0xFF, 0xFF, 0x00,
        0xFF, 0xFF, 0xFF, 0x00, 0xFF, 0xFF, 0xFF, 0x00, 0xFF, 0xFF, 0xFF, 0x00,
        0xFF, 0xFF, 0xFF, 0x00, 0xFF, 0xFF, 0xFF, 0x00, 0xFF, 0xFF, 0xFF, 0x00,
        0xFF, 0xFF, 0xFF, 0x00, 0xFF, 0xFF, 0xFF, 0x00, 0xFF, 0xFF, 0xFF, 0x00,
        0xFF, 0xFF, 0xFF, 0x00, 0xFF, 0xFF, 0xFF, 0x00, 0xFF, 0xFF, 0xFF, 0x00,
        0xFF, 0xFF, 0xFF, 0x00, 0xFF, 0xFF, 0xFF, 0x00, 0xFF, 0xFF, 0xFF, 0x00,
        0xFF, 0xFF, 0xFF, 0x00, 0xFF, 0xFF, 0xFF, 0x00, 0xFF, 0xFF, 0xFF, 0x00,
        0xFF, 0xFF, 0xFF, 0x00, 0xFF, 0xFF, 0xFF, 0x00
    };


#endif // VOS_IMAGES_EMBEDDED_SLIDER_HEADER
